INFO:root:Starting the logger.
INFO:root:Using cuda.
INFO:root:: mem (CPU python)=581.71875MB; mem (CPU total)=31568.73046875MB
INFO:root:############### Starting experiment with config file sswe/sfno_deterministic_2_2.ini ###############
INFO:root:###1 out of 1 data set parameter combinations ###
INFO:root:Data parameters: {'dataset_name': 'SSWE', 'max_training_set_size': 5000, 'pred_horizon': 1, 'train_horizon': 2, 'stepwise_evaluation': False}
INFO:root:After loading the datasets: mem (CPU python)=593.16015625MB; mem (CPU total)=31578.55078125MB
INFO:root:###1 out of 3 training parameter combinations ###
INFO:root:Training parameters: {'seed': 1234, 'model': 'SFNO', 'uncertainty_quantification': 'deterministic', 'batch_size': 32, 'n_epochs': 1000, 'early_stopping': 10, 'init': 'default', 'learning_rate': 0.005, 'lr_schedule': 'step', 'optimizer': 'adam', 'gradient_clipping': 1, 'layer_normalization': True, 'data_loader_pin_memory': False, 'data_loader_num_workers': 0, 'distributed_training': False, 'alpha': 0.05, 'n_samples_uq': 100, 'weight_decay': 0, 'dropout': 0.001, 'fourier_dropout': None, 'hidden_channels': 32, 'projection_channels': 256, 'lifting_channels': 256, 'n_modes': (32, 32), 'n_samples': 3}
INFO:root:After creating the dataloaders: mem (CPU python)=594.62890625MB; mem (CPU total)=31578.3515625MB
INFO:root:NumberParameters: 284835
INFO:root:GPU memory allocated: 2097152
INFO:root:After setting up the model: mem (CPU python)=2115.08203125MB; mem (CPU total)=32859.43359375MB
INFO:root:Training starts now.
INFO:root:At the start of the epoch: mem (CPU python)=2124.6171875MB; mem (CPU total)=32869.484375MB
INFO:root:[    1] Training loss: 0.82630904, Validation loss: 0.73342917, Gradient norm: 0.51930532
INFO:root:At the start of the epoch: mem (CPU python)=3091.48046875MB; mem (CPU total)=33587.23828125MB
INFO:root:[    2] Training loss: 0.73328548, Validation loss: 0.73271093, Gradient norm: 0.29872197
INFO:root:At the start of the epoch: mem (CPU python)=3114.3828125MB; mem (CPU total)=33677.4375MB
INFO:root:[    3] Training loss: 0.73092059, Validation loss: 0.72913828, Gradient norm: 0.22092875
INFO:root:At the start of the epoch: mem (CPU python)=3136.375MB; mem (CPU total)=33724.1640625MB
INFO:root:[    4] Training loss: 0.71972152, Validation loss: 0.70654718, Gradient norm: 0.27560277
INFO:root:At the start of the epoch: mem (CPU python)=3157.80078125MB; mem (CPU total)=33782.859375MB
INFO:root:[    5] Training loss: 0.67715894, Validation loss: 0.64063100, Gradient norm: 0.39599615
INFO:root:At the start of the epoch: mem (CPU python)=3178.87109375MB; mem (CPU total)=33823.046875MB
INFO:root:[    6] Training loss: 0.61099466, Validation loss: 0.58110488, Gradient norm: 0.46735260
INFO:root:At the start of the epoch: mem (CPU python)=3199.953125MB; mem (CPU total)=33871.0078125MB
INFO:root:[    7] Training loss: 0.57350963, Validation loss: 0.55769940, Gradient norm: 0.43803846
INFO:root:At the start of the epoch: mem (CPU python)=3221.4609375MB; mem (CPU total)=33929.16015625MB
INFO:root:[    8] Training loss: 0.53640410, Validation loss: 0.51452935, Gradient norm: 0.53477817
INFO:root:At the start of the epoch: mem (CPU python)=3241.58984375MB; mem (CPU total)=33975.14453125MB
INFO:root:[    9] Training loss: 0.50353198, Validation loss: 0.48590836, Gradient norm: 0.54458055
INFO:root:At the start of the epoch: mem (CPU python)=3261.5234375MB; mem (CPU total)=34019.65625MB
INFO:root:[   10] Training loss: 0.48146878, Validation loss: 0.47345099, Gradient norm: 0.60515419
INFO:root:At the start of the epoch: mem (CPU python)=3285.203125MB; mem (CPU total)=34075.58203125MB
INFO:root:[   11] Training loss: 0.46434123, Validation loss: 0.45000242, Gradient norm: 0.61526585
INFO:root:At the start of the epoch: mem (CPU python)=3305.93359375MB; mem (CPU total)=34125.4140625MB
INFO:root:[   12] Training loss: 0.45086301, Validation loss: 0.44281906, Gradient norm: 0.61918368
INFO:root:At the start of the epoch: mem (CPU python)=3326.55859375MB; mem (CPU total)=34171.1875MB
INFO:root:[   13] Training loss: 0.44079766, Validation loss: 0.43384606, Gradient norm: 0.62993275
INFO:root:At the start of the epoch: mem (CPU python)=3347.80078125MB; mem (CPU total)=34223.24609375MB
INFO:root:[   14] Training loss: 0.43288215, Validation loss: 0.42873215, Gradient norm: 0.59193314
INFO:root:At the start of the epoch: mem (CPU python)=3368.76953125MB; mem (CPU total)=34277.59765625MB
INFO:root:[   15] Training loss: 0.42657652, Validation loss: 0.41759624, Gradient norm: 0.59803207
INFO:root:At the start of the epoch: mem (CPU python)=3390.9453125MB; mem (CPU total)=34320.87890625MB
INFO:root:[   16] Training loss: 0.42104975, Validation loss: 0.41454175, Gradient norm: 0.62150789
INFO:root:At the start of the epoch: mem (CPU python)=3411.53515625MB; mem (CPU total)=34374.00390625MB
INFO:root:[   17] Training loss: 0.41741100, Validation loss: 0.41168880, Gradient norm: 0.63990130
INFO:root:At the start of the epoch: mem (CPU python)=3433.76171875MB; mem (CPU total)=34427.16015625MB
INFO:root:[   18] Training loss: 0.41236331, Validation loss: 0.40582645, Gradient norm: 0.58655403
INFO:root:At the start of the epoch: mem (CPU python)=3455.08203125MB; mem (CPU total)=34476.625MB
INFO:root:[   19] Training loss: 0.40848517, Validation loss: 0.40394412, Gradient norm: 0.57760081
INFO:root:At the start of the epoch: mem (CPU python)=3476.40234375MB; mem (CPU total)=34526.70703125MB
INFO:root:[   20] Training loss: 0.40466531, Validation loss: 0.40124493, Gradient norm: 0.60966046
INFO:root:At the start of the epoch: mem (CPU python)=3498.09765625MB; mem (CPU total)=34577.6953125MB
INFO:root:[   21] Training loss: 0.40151052, Validation loss: 0.39464633, Gradient norm: 0.61277354
INFO:root:At the start of the epoch: mem (CPU python)=3517.890625MB; mem (CPU total)=34629.1328125MB
INFO:root:[   22] Training loss: 0.39711439, Validation loss: 0.39862051, Gradient norm: 0.57704311
INFO:root:At the start of the epoch: mem (CPU python)=3540.98828125MB; mem (CPU total)=34676.4296875MB
INFO:root:[   23] Training loss: 0.39433588, Validation loss: 0.38874577, Gradient norm: 0.60236256
INFO:root:At the start of the epoch: mem (CPU python)=3563.9921875MB; mem (CPU total)=34730.5703125MB
INFO:root:[   24] Training loss: 0.39202591, Validation loss: 0.39348566, Gradient norm: 0.64838484
INFO:root:At the start of the epoch: mem (CPU python)=3585.671875MB; mem (CPU total)=34783.015625MB
INFO:root:[   25] Training loss: 0.38637338, Validation loss: 0.37987132, Gradient norm: 0.59266647
INFO:root:At the start of the epoch: mem (CPU python)=3607.0390625MB; mem (CPU total)=34830.50390625MB
INFO:root:[   26] Training loss: 0.38335124, Validation loss: 0.37977445, Gradient norm: 0.63951575
INFO:root:At the start of the epoch: mem (CPU python)=3628.21875MB; mem (CPU total)=34882.359375MB
INFO:root:[   27] Training loss: 0.37963137, Validation loss: 0.37339232, Gradient norm: 0.65682856
INFO:root:At the start of the epoch: mem (CPU python)=3649.7109375MB; mem (CPU total)=34932.1171875MB
INFO:root:[   28] Training loss: 0.37517687, Validation loss: 0.36955830, Gradient norm: 0.66408872
INFO:root:At the start of the epoch: mem (CPU python)=3671.0078125MB; mem (CPU total)=34980.3046875MB
INFO:root:[   29] Training loss: 0.37011044, Validation loss: 0.36730554, Gradient norm: 0.64588674
INFO:root:At the start of the epoch: mem (CPU python)=3692.48046875MB; mem (CPU total)=35033.453125MB
INFO:root:[   30] Training loss: 0.36743959, Validation loss: 0.36623275, Gradient norm: 0.66492800
INFO:root:At the start of the epoch: mem (CPU python)=3713.64453125MB; mem (CPU total)=35080.61328125MB
INFO:root:[   31] Training loss: 0.36383249, Validation loss: 0.36310109, Gradient norm: 0.64781181
INFO:root:At the start of the epoch: mem (CPU python)=3734.88671875MB; mem (CPU total)=35131.30859375MB
INFO:root:[   32] Training loss: 0.35972640, Validation loss: 0.35608802, Gradient norm: 0.62128377
INFO:root:At the start of the epoch: mem (CPU python)=3757.12109375MB; mem (CPU total)=35184.953125MB
INFO:root:[   33] Training loss: 0.35771236, Validation loss: 0.35400517, Gradient norm: 0.68862568
INFO:root:At the start of the epoch: mem (CPU python)=3778.52734375MB; mem (CPU total)=35231.50390625MB
INFO:root:[   34] Training loss: 0.35444058, Validation loss: 0.35328937, Gradient norm: 0.63463196
INFO:root:At the start of the epoch: mem (CPU python)=3799.74609375MB; mem (CPU total)=35281.92578125MB
INFO:root:[   35] Training loss: 0.35118250, Validation loss: 0.34741035, Gradient norm: 0.66716934
INFO:root:At the start of the epoch: mem (CPU python)=3820.9140625MB; mem (CPU total)=35336.06640625MB
INFO:root:[   36] Training loss: 0.34900990, Validation loss: 0.35086536, Gradient norm: 0.70525452
INFO:root:At the start of the epoch: mem (CPU python)=3842.4296875MB; mem (CPU total)=35380.39453125MB
INFO:root:[   37] Training loss: 0.34620051, Validation loss: 0.34969647, Gradient norm: 0.66473978
INFO:root:At the start of the epoch: mem (CPU python)=3863.6015625MB; mem (CPU total)=35429.859375MB
INFO:root:[   38] Training loss: 0.34366552, Validation loss: 0.34439605, Gradient norm: 0.69696455
INFO:root:At the start of the epoch: mem (CPU python)=3884.77734375MB; mem (CPU total)=35484.73828125MB
INFO:root:[   39] Training loss: 0.33976596, Validation loss: 0.34230769, Gradient norm: 0.71532318
INFO:root:At the start of the epoch: mem (CPU python)=3905.9453125MB; mem (CPU total)=35529.51171875MB
INFO:root:[   40] Training loss: 0.33737030, Validation loss: 0.34145609, Gradient norm: 0.68977419
INFO:root:At the start of the epoch: mem (CPU python)=3927.12109375MB; mem (CPU total)=35577.984375MB
INFO:root:[   41] Training loss: 0.33482004, Validation loss: 0.33596221, Gradient norm: 0.70272042
INFO:root:At the start of the epoch: mem (CPU python)=3948.2890625MB; mem (CPU total)=35632.53125MB
INFO:root:[   42] Training loss: 0.33278857, Validation loss: 0.33058170, Gradient norm: 0.72345071
INFO:root:At the start of the epoch: mem (CPU python)=3969.5078125MB; mem (CPU total)=35679.2890625MB
INFO:root:[   43] Training loss: 0.33060513, Validation loss: 0.33497131, Gradient norm: 0.74956654
INFO:root:At the start of the epoch: mem (CPU python)=3991.0078125MB; mem (CPU total)=35728.65234375MB
INFO:root:[   44] Training loss: 0.32702130, Validation loss: 0.32861973, Gradient norm: 0.69967389
INFO:root:At the start of the epoch: mem (CPU python)=4012.25390625MB; mem (CPU total)=35784.24609375MB
INFO:root:[   45] Training loss: 0.32472524, Validation loss: 0.32808658, Gradient norm: 0.73046446
INFO:root:At the start of the epoch: mem (CPU python)=4033.73046875MB; mem (CPU total)=35829.5390625MB
INFO:root:[   46] Training loss: 0.32450585, Validation loss: 0.32918125, Gradient norm: 0.79447446
INFO:root:At the start of the epoch: mem (CPU python)=4054.90625MB; mem (CPU total)=35879.24609375MB
INFO:root:[   47] Training loss: 0.31998250, Validation loss: 0.32773212, Gradient norm: 0.71677436
INFO:root:At the start of the epoch: mem (CPU python)=4076.16796875MB; mem (CPU total)=35931.6640625MB
INFO:root:[   48] Training loss: 0.31951442, Validation loss: 0.32709504, Gradient norm: 0.75890619
INFO:root:At the start of the epoch: mem (CPU python)=4096.9453125MB; mem (CPU total)=35979.15625MB
INFO:root:[   49] Training loss: 0.31819714, Validation loss: 0.32705392, Gradient norm: 0.74254906
INFO:root:At the start of the epoch: mem (CPU python)=4118.9375MB; mem (CPU total)=36032.06640625MB
INFO:root:[   50] Training loss: 0.31507655, Validation loss: 0.32002386, Gradient norm: 0.74337908
INFO:root:At the start of the epoch: mem (CPU python)=4139.4765625MB; mem (CPU total)=36084.609375MB
INFO:root:[   51] Training loss: 0.31341642, Validation loss: 0.32548274, Gradient norm: 0.77253291
INFO:root:At the start of the epoch: mem (CPU python)=4160.0078125MB; mem (CPU total)=36130.125MB
INFO:root:[   52] Training loss: 0.31332538, Validation loss: 0.32136053, Gradient norm: 0.78684919
INFO:root:At the start of the epoch: mem (CPU python)=4182.15234375MB; mem (CPU total)=36184.4375MB
INFO:root:[   53] Training loss: 0.31106692, Validation loss: 0.32187596, Gradient norm: 0.73563598
INFO:root:At the start of the epoch: mem (CPU python)=4202.9765625MB; mem (CPU total)=36234.73046875MB
INFO:root:[   54] Training loss: 0.30908895, Validation loss: 0.31748165, Gradient norm: 0.78268520
INFO:root:At the start of the epoch: mem (CPU python)=4225.68359375MB; mem (CPU total)=36284.41796875MB
INFO:root:[   55] Training loss: 0.30800447, Validation loss: 0.31570553, Gradient norm: 0.76590224
INFO:root:At the start of the epoch: mem (CPU python)=4245.6328125MB; mem (CPU total)=36333.53125MB
INFO:root:[   56] Training loss: 0.30567280, Validation loss: 0.31723416, Gradient norm: 0.78580177
INFO:root:At the start of the epoch: mem (CPU python)=4266.734375MB; mem (CPU total)=36386.83984375MB
INFO:root:[   57] Training loss: 0.30414866, Validation loss: 0.31444535, Gradient norm: 0.77468735
INFO:root:At the start of the epoch: mem (CPU python)=4288.3359375MB; mem (CPU total)=36434.69140625MB
INFO:root:[   58] Training loss: 0.30357965, Validation loss: 0.31531746, Gradient norm: 0.78970365
INFO:root:At the start of the epoch: mem (CPU python)=4308.54296875MB; mem (CPU total)=36482.19921875MB
INFO:root:[   59] Training loss: 0.30118228, Validation loss: 0.31753830, Gradient norm: 0.76778001
INFO:root:At the start of the epoch: mem (CPU python)=4330.90625MB; mem (CPU total)=36537.58203125MB
INFO:root:[   60] Training loss: 0.30021077, Validation loss: 0.31052092, Gradient norm: 0.83837396
INFO:root:At the start of the epoch: mem (CPU python)=4350.66015625MB; mem (CPU total)=36587.19921875MB
INFO:root:[   61] Training loss: 0.29875748, Validation loss: 0.31281450, Gradient norm: 0.79472333
INFO:root:At the start of the epoch: mem (CPU python)=4374.546875MB; mem (CPU total)=36635.9921875MB
INFO:root:[   62] Training loss: 0.29807114, Validation loss: 0.31611316, Gradient norm: 0.78696267
INFO:root:At the start of the epoch: mem (CPU python)=4394.79296875MB; mem (CPU total)=36692.7890625MB
INFO:root:[   63] Training loss: 0.29670048, Validation loss: 0.30977229, Gradient norm: 0.78451151
INFO:root:At the start of the epoch: mem (CPU python)=4415.66015625MB; mem (CPU total)=36739.8046875MB
INFO:root:[   64] Training loss: 0.29678965, Validation loss: 0.31054154, Gradient norm: 0.84062740
INFO:root:At the start of the epoch: mem (CPU python)=4438.0390625MB; mem (CPU total)=36790.66015625MB
INFO:root:[   65] Training loss: 0.29396398, Validation loss: 0.31368069, Gradient norm: 0.80719179
INFO:root:At the start of the epoch: mem (CPU python)=4459.44140625MB; mem (CPU total)=36841.8515625MB
INFO:root:[   66] Training loss: 0.29288709, Validation loss: 0.30672358, Gradient norm: 0.82357533
INFO:root:At the start of the epoch: mem (CPU python)=4479.93359375MB; mem (CPU total)=36898.703125MB
INFO:root:[   67] Training loss: 0.29213528, Validation loss: 0.30946041, Gradient norm: 0.84578206
INFO:root:At the start of the epoch: mem (CPU python)=4501.47265625MB; mem (CPU total)=36943.54296875MB
INFO:root:[   68] Training loss: 0.29015546, Validation loss: 0.31154767, Gradient norm: 0.80515449
INFO:root:At the start of the epoch: mem (CPU python)=4524.12109375MB; mem (CPU total)=36992.7734375MB
INFO:root:[   69] Training loss: 0.28998783, Validation loss: 0.30849918, Gradient norm: 0.85761863
INFO:root:At the start of the epoch: mem (CPU python)=4545.796875MB; mem (CPU total)=37054.5546875MB
INFO:root:[   70] Training loss: 0.28969440, Validation loss: 0.31654548, Gradient norm: 0.89587824
INFO:root:At the start of the epoch: mem (CPU python)=4567.30078125MB; mem (CPU total)=37098.37109375MB
INFO:root:[   71] Training loss: 0.28816633, Validation loss: 0.30826042, Gradient norm: 0.81987033
INFO:root:At the start of the epoch: mem (CPU python)=4588.828125MB; mem (CPU total)=37144.03125MB
INFO:root:[   72] Training loss: 0.28882456, Validation loss: 0.30515171, Gradient norm: 0.84649446
INFO:root:At the start of the epoch: mem (CPU python)=4610.0MB; mem (CPU total)=37204.3359375MB
INFO:root:[   73] Training loss: 0.28535728, Validation loss: 0.30735765, Gradient norm: 0.82371618
INFO:root:At the start of the epoch: mem (CPU python)=4631.16796875MB; mem (CPU total)=37251.10546875MB
INFO:root:[   74] Training loss: 0.28638762, Validation loss: 0.30467648, Gradient norm: 0.84454133
INFO:root:At the start of the epoch: mem (CPU python)=4652.33984375MB; mem (CPU total)=37297.37890625MB
INFO:root:[   75] Training loss: 0.28416575, Validation loss: 0.31159125, Gradient norm: 0.84619756
INFO:root:At the start of the epoch: mem (CPU python)=4673.890625MB; mem (CPU total)=37353.890625MB
INFO:root:[   76] Training loss: 0.28368411, Validation loss: 0.31786374, Gradient norm: 0.84394277
INFO:root:At the start of the epoch: mem (CPU python)=4695.72265625MB; mem (CPU total)=37405.828125MB
INFO:root:[   77] Training loss: 0.28260161, Validation loss: 0.31657704, Gradient norm: 0.84440239
INFO:root:At the start of the epoch: mem (CPU python)=4717.3515625MB; mem (CPU total)=37452.19921875MB
INFO:root:[   78] Training loss: 0.28324631, Validation loss: 0.31454703, Gradient norm: 0.91151086
INFO:root:At the start of the epoch: mem (CPU python)=4738.52734375MB; mem (CPU total)=37504.13671875MB
INFO:root:[   79] Training loss: 0.28120901, Validation loss: 0.30556954, Gradient norm: 0.80165688
INFO:root:At the start of the epoch: mem (CPU python)=4759.6953125MB; mem (CPU total)=37560.99609375MB
INFO:root:[   80] Training loss: 0.28025836, Validation loss: 0.30484237, Gradient norm: 0.83510660
INFO:root:At the start of the epoch: mem (CPU python)=4780.87109375MB; mem (CPU total)=37604.80859375MB
INFO:root:Learning rate reduced to: 0.0025
INFO:root:[   81] Training loss: 0.28025631, Validation loss: 0.30386185, Gradient norm: 0.85795704
INFO:root:At the start of the epoch: mem (CPU python)=4802.046875MB; mem (CPU total)=37654.80859375MB
INFO:root:[   82] Training loss: 0.26866963, Validation loss: 0.29642310, Gradient norm: 0.49608205
INFO:root:At the start of the epoch: mem (CPU python)=4823.3515625MB; mem (CPU total)=37712.16015625MB
INFO:root:[   83] Training loss: 0.26500392, Validation loss: 0.29387439, Gradient norm: 0.51555859
INFO:root:At the start of the epoch: mem (CPU python)=4845.48046875MB; mem (CPU total)=37759.9140625MB
INFO:root:[   84] Training loss: 0.26534382, Validation loss: 0.29564847, Gradient norm: 0.59771222
INFO:root:At the start of the epoch: mem (CPU python)=4867.05859375MB; mem (CPU total)=37807.51171875MB
INFO:root:[   85] Training loss: 0.26493848, Validation loss: 0.29752001, Gradient norm: 0.59190012
INFO:root:At the start of the epoch: mem (CPU python)=4888.2265625MB; mem (CPU total)=37864.1171875MB
INFO:root:[   86] Training loss: 0.26459031, Validation loss: 0.29774820, Gradient norm: 0.60347395
INFO:root:At the start of the epoch: mem (CPU python)=4909.39453125MB; mem (CPU total)=37914.0859375MB
INFO:root:[   87] Training loss: 0.26443018, Validation loss: 0.29600753, Gradient norm: 0.65890842
INFO:root:At the start of the epoch: mem (CPU python)=4930.57421875MB; mem (CPU total)=37960.36328125MB
INFO:root:[   88] Training loss: 0.26529159, Validation loss: 0.29820746, Gradient norm: 0.68887374
INFO:root:At the start of the epoch: mem (CPU python)=4951.75MB; mem (CPU total)=38016.6328125MB
INFO:root:[   89] Training loss: 0.26325389, Validation loss: 0.29541860, Gradient norm: 0.61998296
INFO:root:At the start of the epoch: mem (CPU python)=4972.921875MB; mem (CPU total)=38068.32421875MB
INFO:root:Learning rate reduced to: 0.00125
INFO:root:[   90] Training loss: 0.26308755, Validation loss: 0.29850741, Gradient norm: 0.69687305
INFO:root:At the start of the epoch: mem (CPU python)=4994.09375MB; mem (CPU total)=38113.68359375MB
INFO:root:Learning rate reduced to: 0.000625
INFO:root:[   91] Training loss: 0.25682989, Validation loss: 0.29001914, Gradient norm: 0.41259938
INFO:root:At the start of the epoch: mem (CPU python)=5015.26171875MB; mem (CPU total)=38168.7734375MB
INFO:root:[   92] Training loss: 0.25378957, Validation loss: 0.29033618, Gradient norm: 0.29895585
INFO:root:At the start of the epoch: mem (CPU python)=5036.43359375MB; mem (CPU total)=38217.74609375MB
INFO:root:[   93] Training loss: 0.25391341, Validation loss: 0.29039080, Gradient norm: 0.29033886
INFO:root:At the start of the epoch: mem (CPU python)=5057.60546875MB; mem (CPU total)=38268.65625MB
INFO:root:[   94] Training loss: 0.25367535, Validation loss: 0.29061512, Gradient norm: 0.33010014
INFO:root:At the start of the epoch: mem (CPU python)=5078.78515625MB; mem (CPU total)=38320.546875MB
INFO:root:[   95] Training loss: 0.25335244, Validation loss: 0.29292948, Gradient norm: 0.29891331
INFO:root:At the start of the epoch: mem (CPU python)=5099.94921875MB; mem (CPU total)=38369.51953125MB
INFO:root:[   96] Training loss: 0.25400851, Validation loss: 0.29244748, Gradient norm: 0.31773623
INFO:root:At the start of the epoch: mem (CPU python)=5121.125MB; mem (CPU total)=38421.9375MB
INFO:root:[   97] Training loss: 0.25326671, Validation loss: 0.29134313, Gradient norm: 0.34698017
INFO:root:At the start of the epoch: mem (CPU python)=5142.296875MB; mem (CPU total)=38471.40234375MB
INFO:root:Learning rate reduced to: 0.0003125
INFO:root:[   98] Training loss: 0.25299608, Validation loss: 0.29126838, Gradient norm: 0.35449342
INFO:root:At the start of the epoch: mem (CPU python)=5163.84375MB; mem (CPU total)=38523.328125MB
INFO:root:Learning rate reduced to: 0.00015625
INFO:root:[   99] Training loss: 0.25215727, Validation loss: 0.28958631, Gradient norm: 0.26418014
INFO:root:At the start of the epoch: mem (CPU python)=5185.015625MB; mem (CPU total)=38573.984375MB
INFO:root:[  100] Training loss: 0.25038236, Validation loss: 0.28912420, Gradient norm: 0.21345488
INFO:root:At the start of the epoch: mem (CPU python)=5206.1875MB; mem (CPU total)=38625.4296875MB
INFO:root:[  101] Training loss: 0.25046748, Validation loss: 0.29102747, Gradient norm: 0.21338213
INFO:root:At the start of the epoch: mem (CPU python)=5226.69921875MB; mem (CPU total)=38681.58203125MB
INFO:root:[  102] Training loss: 0.25043677, Validation loss: 0.28996537, Gradient norm: 0.21556801
INFO:root:At the start of the epoch: mem (CPU python)=5248.52734375MB; mem (CPU total)=38726.16796875MB
INFO:root:[  103] Training loss: 0.25146245, Validation loss: 0.29125125, Gradient norm: 0.23340752
INFO:root:At the start of the epoch: mem (CPU python)=5270.0703125MB; mem (CPU total)=38778.875MB
INFO:root:[  104] Training loss: 0.24930641, Validation loss: 0.28931259, Gradient norm: 0.22051271
INFO:root:At the start of the epoch: mem (CPU python)=5291.09375MB; mem (CPU total)=38835.234375MB
INFO:root:[  105] Training loss: 0.25154679, Validation loss: 0.28905591, Gradient norm: 0.23739714
INFO:root:At the start of the epoch: mem (CPU python)=5313.6171875MB; mem (CPU total)=38882.98828125MB
INFO:root:[  106] Training loss: 0.25098493, Validation loss: 0.29079266, Gradient norm: 0.23955111
INFO:root:At the start of the epoch: mem (CPU python)=5333.4765625MB; mem (CPU total)=38929.01953125MB
INFO:root:[  107] Training loss: 0.25046142, Validation loss: 0.28950062, Gradient norm: 0.23964980
INFO:root:At the start of the epoch: mem (CPU python)=5353.875MB; mem (CPU total)=38986.37109375MB
INFO:root:[  108] Training loss: 0.25096958, Validation loss: 0.28939067, Gradient norm: 0.23466118
INFO:root:At the start of the epoch: mem (CPU python)=5375.13671875MB; mem (CPU total)=39034.6171875MB
INFO:root:[  109] Training loss: 0.25058401, Validation loss: 0.28972709, Gradient norm: 0.25524321
INFO:root:At the start of the epoch: mem (CPU python)=5397.01171875MB; mem (CPU total)=39082.50390625MB
INFO:root:[  110] Training loss: 0.25081720, Validation loss: 0.29090266, Gradient norm: 0.25260835
INFO:root:At the start of the epoch: mem (CPU python)=5416.765625MB; mem (CPU total)=39138.19921875MB
INFO:root:[  111] Training loss: 0.24922488, Validation loss: 0.28968656, Gradient norm: 0.24614926
INFO:root:At the start of the epoch: mem (CPU python)=5438.57421875MB; mem (CPU total)=39189.890625MB
INFO:root:Learning rate reduced to: 7.8125e-05
INFO:root:[  112] Training loss: 0.24948079, Validation loss: 0.29219318, Gradient norm: 0.25508714
INFO:root:At the start of the epoch: mem (CPU python)=5460.578125MB; mem (CPU total)=39236.66015625MB
INFO:root:[  113] Training loss: 0.24988268, Validation loss: 0.29026860, Gradient norm: 0.19727122
INFO:root:At the start of the epoch: mem (CPU python)=5482.5390625MB; mem (CPU total)=39288.83984375MB
INFO:root:[  114] Training loss: 0.24965772, Validation loss: 0.28906838, Gradient norm: 0.20708922
INFO:root:At the start of the epoch: mem (CPU python)=5502.23046875MB; mem (CPU total)=39347.91015625MB
INFO:root:EP 114: Early stopping
INFO:root:Training for autoregressive step 2 starts now.
INFO:root:Learning rate reduced to: [3.90625e-05]
INFO:root:At the start of the epoch: mem (CPU python)=5524.05078125MB; mem (CPU total)=39391.4453125MB
INFO:root:[  116] Training loss: 0.33363751, Validation loss: 0.36005154, Gradient norm: 0.66833615
INFO:root:At the start of the epoch: mem (CPU python)=5544.55859375MB; mem (CPU total)=39464.890625MB
INFO:root:[  117] Training loss: 0.33053332, Validation loss: 0.35657833, Gradient norm: 0.62060828
INFO:root:At the start of the epoch: mem (CPU python)=5565.72265625MB; mem (CPU total)=39539.20703125MB
INFO:root:[  118] Training loss: 0.33051438, Validation loss: 0.35617385, Gradient norm: 0.57230496
INFO:root:At the start of the epoch: mem (CPU python)=5586.88671875MB; mem (CPU total)=39604.4453125MB
INFO:root:[  119] Training loss: 0.32947741, Validation loss: 0.35551806, Gradient norm: 0.56633251
INFO:root:At the start of the epoch: mem (CPU python)=5608.046875MB; mem (CPU total)=39670.9296875MB
INFO:root:[  120] Training loss: 0.32892676, Validation loss: 0.35538799, Gradient norm: 0.56688275
INFO:root:At the start of the epoch: mem (CPU python)=5629.21484375MB; mem (CPU total)=39740.8515625MB
INFO:root:[  121] Training loss: 0.32806536, Validation loss: 0.35559570, Gradient norm: 0.52777450
INFO:root:At the start of the epoch: mem (CPU python)=5650.375MB; mem (CPU total)=39813.66796875MB
INFO:root:[  122] Training loss: 0.32826829, Validation loss: 0.35490291, Gradient norm: 0.55143198
INFO:root:At the start of the epoch: mem (CPU python)=5671.54296875MB; mem (CPU total)=39885.7734375MB
INFO:root:[  123] Training loss: 0.32704781, Validation loss: 0.35364188, Gradient norm: 0.49359745
INFO:root:At the start of the epoch: mem (CPU python)=5692.703125MB; mem (CPU total)=39959.35546875MB
INFO:root:[  124] Training loss: 0.32678475, Validation loss: 0.35439539, Gradient norm: 0.50649823
INFO:root:At the start of the epoch: mem (CPU python)=5713.8671875MB; mem (CPU total)=40028.015625MB
INFO:root:[  125] Training loss: 0.32584492, Validation loss: 0.35361985, Gradient norm: 0.50420260
INFO:root:At the start of the epoch: mem (CPU python)=5735.03515625MB; mem (CPU total)=40092.65625MB
INFO:root:[  126] Training loss: 0.32596923, Validation loss: 0.35293815, Gradient norm: 0.52308013
INFO:root:At the start of the epoch: mem (CPU python)=5756.19921875MB; mem (CPU total)=40160.32421875MB
INFO:root:[  127] Training loss: 0.32649555, Validation loss: 0.35401067, Gradient norm: 0.51612105
INFO:root:At the start of the epoch: mem (CPU python)=5777.36328125MB; mem (CPU total)=40232.7265625MB
INFO:root:[  128] Training loss: 0.32637332, Validation loss: 0.35478608, Gradient norm: 0.50302806
INFO:root:At the start of the epoch: mem (CPU python)=5798.52734375MB; mem (CPU total)=40305.76171875MB
INFO:root:[  129] Training loss: 0.32494626, Validation loss: 0.35333513, Gradient norm: 0.50143564
INFO:root:At the start of the epoch: mem (CPU python)=5819.69140625MB; mem (CPU total)=40379.08984375MB
INFO:root:[  130] Training loss: 0.32506633, Validation loss: 0.35241860, Gradient norm: 0.49572383
INFO:root:At the start of the epoch: mem (CPU python)=5840.85546875MB; mem (CPU total)=40451.72265625MB
INFO:root:[  131] Training loss: 0.32511565, Validation loss: 0.35271948, Gradient norm: 0.45810994
INFO:root:At the start of the epoch: mem (CPU python)=5862.01953125MB; mem (CPU total)=40516.71484375MB
INFO:root:[  132] Training loss: 0.32518991, Validation loss: 0.35307779, Gradient norm: 0.47372010
INFO:root:At the start of the epoch: mem (CPU python)=5883.1796875MB; mem (CPU total)=40584.8046875MB
INFO:root:[  133] Training loss: 0.32520673, Validation loss: 0.35321313, Gradient norm: 0.45852334
INFO:root:At the start of the epoch: mem (CPU python)=5904.34765625MB; mem (CPU total)=40654.4765625MB
INFO:root:[  134] Training loss: 0.32484173, Validation loss: 0.35242768, Gradient norm: 0.48662124
INFO:root:At the start of the epoch: mem (CPU python)=5925.5078125MB; mem (CPU total)=40728.0390625MB
INFO:root:[  135] Training loss: 0.32537987, Validation loss: 0.35171606, Gradient norm: 0.47366358
INFO:root:At the start of the epoch: mem (CPU python)=5946.6796875MB; mem (CPU total)=40802.390625MB
INFO:root:[  136] Training loss: 0.32459677, Validation loss: 0.35161849, Gradient norm: 0.45433146
INFO:root:At the start of the epoch: mem (CPU python)=5967.83984375MB; mem (CPU total)=40870.55859375MB
INFO:root:[  137] Training loss: 0.32371755, Validation loss: 0.35348893, Gradient norm: 0.46132284
INFO:root:At the start of the epoch: mem (CPU python)=5989.00390625MB; mem (CPU total)=40942.6640625MB
INFO:root:[  138] Training loss: 0.32447774, Validation loss: 0.35156618, Gradient norm: 0.45520628
INFO:root:At the start of the epoch: mem (CPU python)=6010.171875MB; mem (CPU total)=41008.25MB
INFO:root:[  139] Training loss: 0.32438762, Validation loss: 0.35250578, Gradient norm: 0.49838811
INFO:root:At the start of the epoch: mem (CPU python)=6031.3359375MB; mem (CPU total)=41067.51171875MB
INFO:root:[  140] Training loss: 0.32521270, Validation loss: 0.35153807, Gradient norm: 0.49473430
INFO:root:At the start of the epoch: mem (CPU python)=6052.5MB; mem (CPU total)=41131.7578125MB
INFO:root:[  141] Training loss: 0.32435002, Validation loss: 0.35242124, Gradient norm: 0.46414985
INFO:root:At the start of the epoch: mem (CPU python)=6073.6640625MB; mem (CPU total)=41193.55859375MB
INFO:root:[  142] Training loss: 0.32434769, Validation loss: 0.35138980, Gradient norm: 0.51137383
INFO:root:At the start of the epoch: mem (CPU python)=6094.828125MB; mem (CPU total)=41256.359375MB
INFO:root:[  143] Training loss: 0.32415228, Validation loss: 0.35134778, Gradient norm: 0.50524285
INFO:root:At the start of the epoch: mem (CPU python)=6115.9921875MB; mem (CPU total)=41318.59765625MB
INFO:root:[  144] Training loss: 0.32432457, Validation loss: 0.35241336, Gradient norm: 0.48077415
INFO:root:At the start of the epoch: mem (CPU python)=6137.15234375MB; mem (CPU total)=41385.53515625MB
INFO:root:[  145] Training loss: 0.32332312, Validation loss: 0.35124551, Gradient norm: 0.46036729
INFO:root:At the start of the epoch: mem (CPU python)=6158.3203125MB; mem (CPU total)=41442.35546875MB
INFO:root:[  146] Training loss: 0.32275999, Validation loss: 0.35197990, Gradient norm: 0.46681865
INFO:root:At the start of the epoch: mem (CPU python)=6179.484375MB; mem (CPU total)=41501.375MB
INFO:root:[  147] Training loss: 0.32219376, Validation loss: 0.35137222, Gradient norm: 0.45417767
INFO:root:At the start of the epoch: mem (CPU python)=6200.6484375MB; mem (CPU total)=41564.390625MB
INFO:root:[  148] Training loss: 0.32279277, Validation loss: 0.35171521, Gradient norm: 0.46952140
INFO:root:At the start of the epoch: mem (CPU python)=6221.8125MB; mem (CPU total)=41629.37890625MB
INFO:root:[  149] Training loss: 0.32376393, Validation loss: 0.35098771, Gradient norm: 0.49264271
INFO:root:At the start of the epoch: mem (CPU python)=6242.98046875MB; mem (CPU total)=41692.328125MB
INFO:root:[  150] Training loss: 0.32377989, Validation loss: 0.35081672, Gradient norm: 0.51708274
INFO:root:At the start of the epoch: mem (CPU python)=6264.14453125MB; mem (CPU total)=41755.578125MB
INFO:root:[  151] Training loss: 0.32328937, Validation loss: 0.35142514, Gradient norm: 0.45495162
INFO:root:At the start of the epoch: mem (CPU python)=6285.30078125MB; mem (CPU total)=41816.05078125MB
INFO:root:[  152] Training loss: 0.32368750, Validation loss: 0.35200041, Gradient norm: 0.47462150
INFO:root:At the start of the epoch: mem (CPU python)=6306.46484375MB; mem (CPU total)=41874.34375MB
INFO:root:[  153] Training loss: 0.32256362, Validation loss: 0.35092141, Gradient norm: 0.45110162
INFO:root:At the start of the epoch: mem (CPU python)=6327.62890625MB; mem (CPU total)=41938.59375MB
INFO:root:[  154] Training loss: 0.32343994, Validation loss: 0.35106281, Gradient norm: 0.48531616
INFO:root:At the start of the epoch: mem (CPU python)=6348.79296875MB; mem (CPU total)=42000.390625MB
INFO:root:[  155] Training loss: 0.32334314, Validation loss: 0.35101566, Gradient norm: 0.48611352
INFO:root:At the start of the epoch: mem (CPU python)=6369.95703125MB; mem (CPU total)=42063.40625MB
INFO:root:[  156] Training loss: 0.32181430, Validation loss: 0.34978779, Gradient norm: 0.43779720
INFO:root:At the start of the epoch: mem (CPU python)=6391.125MB; mem (CPU total)=42125.93359375MB
INFO:root:[  157] Training loss: 0.32287939, Validation loss: 0.35007337, Gradient norm: 0.50389461
INFO:root:At the start of the epoch: mem (CPU python)=6412.2890625MB; mem (CPU total)=42192.99609375MB
INFO:root:[  158] Training loss: 0.32315482, Validation loss: 0.34961645, Gradient norm: 0.49325526
INFO:root:At the start of the epoch: mem (CPU python)=6433.453125MB; mem (CPU total)=42252.078125MB
INFO:root:[  159] Training loss: 0.32227480, Validation loss: 0.35060292, Gradient norm: 0.45680194
INFO:root:At the start of the epoch: mem (CPU python)=6454.6171875MB; mem (CPU total)=42310.3515625MB
INFO:root:[  160] Training loss: 0.32281181, Validation loss: 0.35049987, Gradient norm: 0.49043461
INFO:root:At the start of the epoch: mem (CPU python)=6475.78125MB; mem (CPU total)=42371.13671875MB
INFO:root:[  161] Training loss: 0.32226437, Validation loss: 0.35024211, Gradient norm: 0.47669713
INFO:root:At the start of the epoch: mem (CPU python)=6496.94140625MB; mem (CPU total)=42434.90625MB
INFO:root:[  162] Training loss: 0.32246883, Validation loss: 0.34984608, Gradient norm: 0.44651529
INFO:root:At the start of the epoch: mem (CPU python)=6518.109375MB; mem (CPU total)=42502.01953125MB
INFO:root:[  163] Training loss: 0.32219612, Validation loss: 0.34996262, Gradient norm: 0.47782951
INFO:root:At the start of the epoch: mem (CPU python)=6539.2734375MB; mem (CPU total)=42564.03515625MB
INFO:root:[  164] Training loss: 0.32176336, Validation loss: 0.34960388, Gradient norm: 0.43463904
INFO:root:At the start of the epoch: mem (CPU python)=6560.4375MB; mem (CPU total)=42626.046875MB
INFO:root:[  165] Training loss: 0.32210245, Validation loss: 0.35008757, Gradient norm: 0.45509722
INFO:root:At the start of the epoch: mem (CPU python)=6581.6015625MB; mem (CPU total)=42683.56640625MB
INFO:root:[  166] Training loss: 0.32227503, Validation loss: 0.34947140, Gradient norm: 0.44489743
INFO:root:At the start of the epoch: mem (CPU python)=6602.765625MB; mem (CPU total)=42746.12109375MB
INFO:root:[  167] Training loss: 0.32249949, Validation loss: 0.35035177, Gradient norm: 0.46292300
INFO:root:At the start of the epoch: mem (CPU python)=6623.9296875MB; mem (CPU total)=42807.12109375MB
INFO:root:[  168] Training loss: 0.32217327, Validation loss: 0.34941060, Gradient norm: 0.44749257
INFO:root:At the start of the epoch: mem (CPU python)=6645.09765625MB; mem (CPU total)=42870.4296875MB
INFO:root:[  169] Training loss: 0.32086160, Validation loss: 0.34978502, Gradient norm: 0.43972026
INFO:root:At the start of the epoch: mem (CPU python)=6666.2578125MB; mem (CPU total)=42932.921875MB
INFO:root:[  170] Training loss: 0.32282516, Validation loss: 0.35001734, Gradient norm: 0.48624701
INFO:root:At the start of the epoch: mem (CPU python)=6687.41796875MB; mem (CPU total)=42995.875MB
INFO:root:[  171] Training loss: 0.32155090, Validation loss: 0.35031371, Gradient norm: 0.48242506
INFO:root:At the start of the epoch: mem (CPU python)=6708.58203125MB; mem (CPU total)=43062.8125MB
INFO:root:[  172] Training loss: 0.32062709, Validation loss: 0.34868873, Gradient norm: 0.43959860
INFO:root:At the start of the epoch: mem (CPU python)=6729.75390625MB; mem (CPU total)=43120.4296875MB
INFO:root:[  173] Training loss: 0.32147902, Validation loss: 0.34957009, Gradient norm: 0.43622336
INFO:root:At the start of the epoch: mem (CPU python)=6750.9140625MB; mem (CPU total)=43175.21875MB
INFO:root:[  174] Training loss: 0.32091690, Validation loss: 0.35010536, Gradient norm: 0.44999691
INFO:root:At the start of the epoch: mem (CPU python)=6772.08203125MB; mem (CPU total)=43227.140625MB
INFO:root:[  175] Training loss: 0.32174481, Validation loss: 0.34877344, Gradient norm: 0.47583276
INFO:root:At the start of the epoch: mem (CPU python)=6793.24609375MB; mem (CPU total)=43283.25MB
INFO:root:[  176] Training loss: 0.32100649, Validation loss: 0.35013796, Gradient norm: 0.47293479
INFO:root:At the start of the epoch: mem (CPU python)=6814.41015625MB; mem (CPU total)=43336.546875MB
INFO:root:[  177] Training loss: 0.32169933, Validation loss: 0.34936023, Gradient norm: 0.45646374
INFO:root:At the start of the epoch: mem (CPU python)=6835.57421875MB; mem (CPU total)=43394.59375MB
INFO:root:[  178] Training loss: 0.32160873, Validation loss: 0.35028517, Gradient norm: 0.44839351
INFO:root:At the start of the epoch: mem (CPU python)=6856.73828125MB; mem (CPU total)=43446.48828125MB
INFO:root:[  179] Training loss: 0.32172145, Validation loss: 0.34851056, Gradient norm: 0.47064048
INFO:root:At the start of the epoch: mem (CPU python)=6877.90234375MB; mem (CPU total)=43500.625MB
INFO:root:[  180] Training loss: 0.32204782, Validation loss: 0.34897965, Gradient norm: 0.46205530
INFO:root:At the start of the epoch: mem (CPU python)=6899.06640625MB; mem (CPU total)=43556.2421875MB
INFO:root:[  181] Training loss: 0.32142207, Validation loss: 0.34999805, Gradient norm: 0.44199538
INFO:root:At the start of the epoch: mem (CPU python)=6920.23046875MB; mem (CPU total)=43609.3984375MB
INFO:root:[  182] Training loss: 0.32109785, Validation loss: 0.34909098, Gradient norm: 0.46293603
INFO:root:At the start of the epoch: mem (CPU python)=6941.39453125MB; mem (CPU total)=43667.23046875MB
INFO:root:[  183] Training loss: 0.32083930, Validation loss: 0.34947387, Gradient norm: 0.46118674
INFO:root:At the start of the epoch: mem (CPU python)=6962.55859375MB; mem (CPU total)=43717.70703125MB
INFO:root:[  184] Training loss: 0.32021447, Validation loss: 0.34850486, Gradient norm: 0.45910663
INFO:root:At the start of the epoch: mem (CPU python)=6983.7265625MB; mem (CPU total)=43774.5234375MB
INFO:root:[  185] Training loss: 0.32179758, Validation loss: 0.34849233, Gradient norm: 0.44667431
INFO:root:At the start of the epoch: mem (CPU python)=7004.890625MB; mem (CPU total)=43826.015625MB
INFO:root:[  186] Training loss: 0.32127263, Validation loss: 0.35011435, Gradient norm: 0.45063240
INFO:root:At the start of the epoch: mem (CPU python)=7026.05078125MB; mem (CPU total)=43882.37109375MB
INFO:root:[  187] Training loss: 0.32102395, Validation loss: 0.34947147, Gradient norm: 0.47533822
INFO:root:At the start of the epoch: mem (CPU python)=7047.21484375MB; mem (CPU total)=43935.8203125MB
INFO:root:[  188] Training loss: 0.32096676, Validation loss: 0.34821299, Gradient norm: 0.48563154
INFO:root:At the start of the epoch: mem (CPU python)=7068.37890625MB; mem (CPU total)=43990.69921875MB
INFO:root:[  189] Training loss: 0.32197314, Validation loss: 0.34890994, Gradient norm: 0.46743684
INFO:root:At the start of the epoch: mem (CPU python)=7089.5390625MB; mem (CPU total)=44044.1015625MB
INFO:root:[  190] Training loss: 0.32087682, Validation loss: 0.35006268, Gradient norm: 0.44171312
INFO:root:At the start of the epoch: mem (CPU python)=7110.70703125MB; mem (CPU total)=44096.2421875MB
INFO:root:[  191] Training loss: 0.32013850, Validation loss: 0.34885717, Gradient norm: 0.45703599
INFO:root:At the start of the epoch: mem (CPU python)=7131.87109375MB; mem (CPU total)=44154.296875MB
INFO:root:[  192] Training loss: 0.32075478, Validation loss: 0.34864954, Gradient norm: 0.45924803
INFO:root:At the start of the epoch: mem (CPU python)=7153.03515625MB; mem (CPU total)=44206.22265625MB
INFO:root:[  193] Training loss: 0.32132403, Validation loss: 0.34884348, Gradient norm: 0.45610603
INFO:root:At the start of the epoch: mem (CPU python)=7174.19921875MB; mem (CPU total)=44260.1171875MB
INFO:root:[  194] Training loss: 0.32017096, Validation loss: 0.34908421, Gradient norm: 0.45930313
INFO:root:At the start of the epoch: mem (CPU python)=7195.36328125MB; mem (CPU total)=44311.9765625MB
INFO:root:[  195] Training loss: 0.32065408, Validation loss: 0.34848335, Gradient norm: 0.47881036
INFO:root:At the start of the epoch: mem (CPU python)=7216.52734375MB; mem (CPU total)=44365.1328125MB
INFO:root:[  196] Training loss: 0.32028003, Validation loss: 0.34862865, Gradient norm: 0.44760939
INFO:root:At the start of the epoch: mem (CPU python)=7237.6953125MB; mem (CPU total)=44423.87890625MB
INFO:root:[  197] Training loss: 0.32030819, Validation loss: 0.34900498, Gradient norm: 0.43363791
INFO:root:At the start of the epoch: mem (CPU python)=7258.859375MB; mem (CPU total)=44473.359375MB
INFO:root:EP 197: Early stopping
INFO:root:After finishing all epochs: mem (CPU python)=7280.01953125MB; mem (CPU total)=44521.6328125MB
INFO:root:Training the model took 7976.129s.
INFO:root:Emptying the cuda cache took 0.049s.
INFO:root:Starting evaluation: model SFNO & uncertainty quantification deterministic
INFO:root:Evaluating the model on Validation data.
INFO:root:MSEValidation: 0.40501
INFO:root:EnergyScoreValidation: 0.40501
INFO:root:CRPSValidation: 0.16536
INFO:root:Gaussian NLLValidation: 27827202610.75863
INFO:root:CoverageValidation: 0.0
INFO:root:IntervalWidthValidation: 0.0
INFO:root:Evaluating the model on Test data.
INFO:root:MSETest: 0.32456
INFO:root:EnergyScoreTest: 0.3197
INFO:root:CRPSTest: 0.12876
INFO:root:Gaussian NLLTest: 18080139264.0
INFO:root:CoverageTest: 0.0
INFO:root:IntervalWidthTest: 0.0
INFO:root:After validation: mem (CPU python)=7294.6328125MB; mem (CPU total)=44862.234375MB
INFO:root:###2 out of 3 training parameter combinations ###
INFO:root:Training parameters: {'seed': 12345, 'model': 'SFNO', 'uncertainty_quantification': 'deterministic', 'batch_size': 32, 'n_epochs': 1000, 'early_stopping': 10, 'init': 'default', 'learning_rate': 0.005, 'lr_schedule': 'step', 'optimizer': 'adam', 'gradient_clipping': 1, 'layer_normalization': True, 'data_loader_pin_memory': False, 'data_loader_num_workers': 0, 'distributed_training': False, 'alpha': 0.05, 'n_samples_uq': 100, 'weight_decay': 0, 'dropout': 0.001, 'fourier_dropout': None, 'hidden_channels': 32, 'projection_channels': 256, 'lifting_channels': 256, 'n_modes': (32, 32), 'n_samples': 3}
INFO:root:After creating the dataloaders: mem (CPU python)=7294.6328125MB; mem (CPU total)=44865.4296875MB
INFO:root:NumberParameters: 284835
INFO:root:GPU memory allocated: 176160768
INFO:root:After setting up the model: mem (CPU python)=7294.79296875MB; mem (CPU total)=44865.4296875MB
INFO:root:Training starts now.
INFO:root:At the start of the epoch: mem (CPU python)=7294.79296875MB; mem (CPU total)=44866.66015625MB
INFO:root:[    1] Training loss: 0.81804442, Validation loss: 0.73379241, Gradient norm: 0.46907341
INFO:root:At the start of the epoch: mem (CPU python)=7321.37890625MB; mem (CPU total)=44907.7109375MB
INFO:root:[    2] Training loss: 0.73332211, Validation loss: 0.73136037, Gradient norm: 0.30342969
INFO:root:At the start of the epoch: mem (CPU python)=7339.90234375MB; mem (CPU total)=44952.74609375MB
INFO:root:[    3] Training loss: 0.72862089, Validation loss: 0.72314190, Gradient norm: 0.23552914
INFO:root:At the start of the epoch: mem (CPU python)=7359.72265625MB; mem (CPU total)=44986.65625MB
INFO:root:[    4] Training loss: 0.70033100, Validation loss: 0.66503280, Gradient norm: 0.38808551
INFO:root:At the start of the epoch: mem (CPU python)=7381.46875MB; mem (CPU total)=45032.51953125MB
INFO:root:[    5] Training loss: 0.63428083, Validation loss: 0.60635058, Gradient norm: 0.39237624
INFO:root:At the start of the epoch: mem (CPU python)=7404.1953125MB; mem (CPU total)=45069.98046875MB
INFO:root:[    6] Training loss: 0.59554004, Validation loss: 0.58394023, Gradient norm: 0.37038190
INFO:root:At the start of the epoch: mem (CPU python)=7423.2421875MB; mem (CPU total)=45113.015625MB
INFO:root:[    7] Training loss: 0.57779061, Validation loss: 0.56537708, Gradient norm: 0.37875846
INFO:root:At the start of the epoch: mem (CPU python)=7444.51171875MB; mem (CPU total)=45149.546875MB
INFO:root:[    8] Training loss: 0.55142581, Validation loss: 0.53426635, Gradient norm: 0.42643952
INFO:root:At the start of the epoch: mem (CPU python)=7466.02734375MB; mem (CPU total)=45196.3125MB
INFO:root:[    9] Training loss: 0.52866976, Validation loss: 0.51633408, Gradient norm: 0.42262770
INFO:root:At the start of the epoch: mem (CPU python)=7485.87109375MB; mem (CPU total)=45230.75390625MB
INFO:root:[   10] Training loss: 0.51658769, Validation loss: 0.50904770, Gradient norm: 0.39922216
INFO:root:At the start of the epoch: mem (CPU python)=7510.359375MB; mem (CPU total)=45280.7421875MB
INFO:root:[   11] Training loss: 0.50651358, Validation loss: 0.50049427, Gradient norm: 0.38444596
INFO:root:At the start of the epoch: mem (CPU python)=7529.84765625MB; mem (CPU total)=45313.53515625MB
INFO:root:[   12] Training loss: 0.49775429, Validation loss: 0.48394228, Gradient norm: 0.42532662
INFO:root:At the start of the epoch: mem (CPU python)=7549.55078125MB; mem (CPU total)=45360.4765625MB
INFO:root:[   13] Training loss: 0.47202249, Validation loss: 0.46072021, Gradient norm: 0.37536188
INFO:root:At the start of the epoch: mem (CPU python)=7570.859375MB; mem (CPU total)=45397.390625MB
INFO:root:[   14] Training loss: 0.46124371, Validation loss: 0.45074519, Gradient norm: 0.41016555
INFO:root:At the start of the epoch: mem (CPU python)=7593.04296875MB; mem (CPU total)=45441.90625MB
INFO:root:[   15] Training loss: 0.45165620, Validation loss: 0.44439059, Gradient norm: 0.41288257
INFO:root:At the start of the epoch: mem (CPU python)=7615.38671875MB; mem (CPU total)=45482.1875MB
INFO:root:[   16] Training loss: 0.44476002, Validation loss: 0.43797958, Gradient norm: 0.38217092
INFO:root:At the start of the epoch: mem (CPU python)=7639.21484375MB; mem (CPU total)=45531.81640625MB
INFO:root:[   17] Training loss: 0.43913694, Validation loss: 0.43238161, Gradient norm: 0.40466841
INFO:root:At the start of the epoch: mem (CPU python)=7658.58203125MB; mem (CPU total)=45569.7265625MB
INFO:root:[   18] Training loss: 0.43418180, Validation loss: 0.42893360, Gradient norm: 0.40910877
INFO:root:At the start of the epoch: mem (CPU python)=7679.046875MB; mem (CPU total)=45607.79296875MB
INFO:root:[   19] Training loss: 0.42986479, Validation loss: 0.42385707, Gradient norm: 0.39822868
INFO:root:At the start of the epoch: mem (CPU python)=7700.796875MB; mem (CPU total)=45654.1328125MB
INFO:root:[   20] Training loss: 0.42628874, Validation loss: 0.42041068, Gradient norm: 0.40121510
INFO:root:At the start of the epoch: mem (CPU python)=7720.828125MB; mem (CPU total)=45694.51953125MB
INFO:root:[   21] Training loss: 0.42277497, Validation loss: 0.41838703, Gradient norm: 0.39476326
INFO:root:At the start of the epoch: mem (CPU python)=7743.21875MB; mem (CPU total)=45738.25MB
INFO:root:[   22] Training loss: 0.41973833, Validation loss: 0.41506539, Gradient norm: 0.37072005
INFO:root:At the start of the epoch: mem (CPU python)=7763.1796875MB; mem (CPU total)=45777.5390625MB
INFO:root:[   23] Training loss: 0.41737571, Validation loss: 0.41090041, Gradient norm: 0.38909767
INFO:root:At the start of the epoch: mem (CPU python)=7784.76953125MB; mem (CPU total)=45819.140625MB
INFO:root:[   24] Training loss: 0.41437614, Validation loss: 0.40855958, Gradient norm: 0.37617607
INFO:root:At the start of the epoch: mem (CPU python)=7806.953125MB; mem (CPU total)=45862.56640625MB
INFO:root:[   25] Training loss: 0.41244471, Validation loss: 0.40867336, Gradient norm: 0.38889876
INFO:root:At the start of the epoch: mem (CPU python)=7826.765625MB; mem (CPU total)=45902.171875MB
INFO:root:[   26] Training loss: 0.40918773, Validation loss: 0.40593796, Gradient norm: 0.36627702
INFO:root:At the start of the epoch: mem (CPU python)=7849.5390625MB; mem (CPU total)=45959.44140625MB
INFO:root:[   27] Training loss: 0.40765470, Validation loss: 0.40673013, Gradient norm: 0.37410784
INFO:root:At the start of the epoch: mem (CPU python)=7871.65234375MB; mem (CPU total)=45991.1875MB
INFO:root:[   28] Training loss: 0.40594157, Validation loss: 0.40095237, Gradient norm: 0.40459060
INFO:root:At the start of the epoch: mem (CPU python)=7892.81640625MB; mem (CPU total)=46025.05078125MB
INFO:root:[   29] Training loss: 0.40354545, Validation loss: 0.39840656, Gradient norm: 0.40343504
INFO:root:At the start of the epoch: mem (CPU python)=7912.265625MB; mem (CPU total)=46049.90625MB
INFO:root:[   30] Training loss: 0.40071519, Validation loss: 0.39689443, Gradient norm: 0.37099275
INFO:root:At the start of the epoch: mem (CPU python)=7932.74609375MB; mem (CPU total)=46086.296875MB
INFO:root:[   31] Training loss: 0.39868665, Validation loss: 0.39443554, Gradient norm: 0.40960390
INFO:root:At the start of the epoch: mem (CPU python)=7954.40625MB; mem (CPU total)=46115.12109375MB
INFO:root:[   32] Training loss: 0.39624276, Validation loss: 0.39287407, Gradient norm: 0.38619777
INFO:root:At the start of the epoch: mem (CPU python)=7976.08984375MB; mem (CPU total)=46150.98046875MB
INFO:root:[   33] Training loss: 0.39445287, Validation loss: 0.39069334, Gradient norm: 0.38216921
INFO:root:At the start of the epoch: mem (CPU python)=7996.48828125MB; mem (CPU total)=46180.703125MB
INFO:root:[   34] Training loss: 0.39257870, Validation loss: 0.38983541, Gradient norm: 0.37014671
INFO:root:At the start of the epoch: mem (CPU python)=8017.80859375MB; mem (CPU total)=46212.82421875MB
INFO:root:[   35] Training loss: 0.39116476, Validation loss: 0.38638891, Gradient norm: 0.40979692
INFO:root:At the start of the epoch: mem (CPU python)=8039.56640625MB; mem (CPU total)=46245.0625MB
INFO:root:[   36] Training loss: 0.38922130, Validation loss: 0.38499369, Gradient norm: 0.37553367
INFO:root:At the start of the epoch: mem (CPU python)=8059.94140625MB; mem (CPU total)=46280.71484375MB
INFO:root:[   37] Training loss: 0.38789396, Validation loss: 0.38449659, Gradient norm: 0.38357498
INFO:root:At the start of the epoch: mem (CPU python)=8081.50390625MB; mem (CPU total)=46309.89453125MB
INFO:root:[   38] Training loss: 0.38602111, Validation loss: 0.38341366, Gradient norm: 0.37664379
INFO:root:At the start of the epoch: mem (CPU python)=8102.11328125MB; mem (CPU total)=46344.2578125MB
INFO:root:[   39] Training loss: 0.38551520, Validation loss: 0.38287697, Gradient norm: 0.39031918
INFO:root:At the start of the epoch: mem (CPU python)=8122.73046875MB; mem (CPU total)=46373.9609375MB
INFO:root:[   40] Training loss: 0.38386269, Validation loss: 0.38190120, Gradient norm: 0.37222742
INFO:root:At the start of the epoch: mem (CPU python)=8145.1796875MB; mem (CPU total)=46407.28515625MB
INFO:root:[   41] Training loss: 0.38233779, Validation loss: 0.38016188, Gradient norm: 0.38753179
INFO:root:At the start of the epoch: mem (CPU python)=8168.82421875MB; mem (CPU total)=46443.37890625MB
INFO:root:[   42] Training loss: 0.38197592, Validation loss: 0.37939615, Gradient norm: 0.38838264
INFO:root:At the start of the epoch: mem (CPU python)=8188.75390625MB; mem (CPU total)=46473.77734375MB
INFO:root:[   43] Training loss: 0.38030260, Validation loss: 0.37788111, Gradient norm: 0.40699122
INFO:root:At the start of the epoch: mem (CPU python)=8210.984375MB; mem (CPU total)=46506.2421875MB
INFO:root:[   44] Training loss: 0.37935218, Validation loss: 0.37514589, Gradient norm: 0.39563253
INFO:root:At the start of the epoch: mem (CPU python)=8230.0390625MB; mem (CPU total)=46540.36328125MB
INFO:root:[   45] Training loss: 0.37791193, Validation loss: 0.37569897, Gradient norm: 0.37678699
INFO:root:At the start of the epoch: mem (CPU python)=8253.2109375MB; mem (CPU total)=46569.890625MB
INFO:root:[   46] Training loss: 0.37674314, Validation loss: 0.37265745, Gradient norm: 0.36396191
INFO:root:At the start of the epoch: mem (CPU python)=8273.32421875MB; mem (CPU total)=46604.09765625MB
INFO:root:[   47] Training loss: 0.37567167, Validation loss: 0.37471070, Gradient norm: 0.37978114
INFO:root:At the start of the epoch: mem (CPU python)=8294.86328125MB; mem (CPU total)=46634.75MB
INFO:root:[   48] Training loss: 0.37449517, Validation loss: 0.37239992, Gradient norm: 0.36656481
INFO:root:At the start of the epoch: mem (CPU python)=8315.54296875MB; mem (CPU total)=46669.19921875MB
INFO:root:[   49] Training loss: 0.37328044, Validation loss: 0.37371857, Gradient norm: 0.38282657
INFO:root:At the start of the epoch: mem (CPU python)=8336.52734375MB; mem (CPU total)=46698.484375MB
INFO:root:[   50] Training loss: 0.37186394, Validation loss: 0.37006831, Gradient norm: 0.36541637
INFO:root:At the start of the epoch: mem (CPU python)=8358.48828125MB; mem (CPU total)=46734.890625MB
INFO:root:[   51] Training loss: 0.37095876, Validation loss: 0.36677027, Gradient norm: 0.38634908
INFO:root:At the start of the epoch: mem (CPU python)=8380.1484375MB; mem (CPU total)=46764.66015625MB
INFO:root:[   52] Training loss: 0.36868898, Validation loss: 0.36674329, Gradient norm: 0.37230271
INFO:root:At the start of the epoch: mem (CPU python)=8402.125MB; mem (CPU total)=46800.83203125MB
INFO:root:[   53] Training loss: 0.36710052, Validation loss: 0.36259934, Gradient norm: 0.35791594
INFO:root:At the start of the epoch: mem (CPU python)=8423.71484375MB; mem (CPU total)=46829.90234375MB
INFO:root:[   54] Training loss: 0.36512108, Validation loss: 0.36260419, Gradient norm: 0.36854066
INFO:root:At the start of the epoch: mem (CPU python)=8443.45703125MB; mem (CPU total)=46861.6484375MB
INFO:root:[   55] Training loss: 0.36435571, Validation loss: 0.35998849, Gradient norm: 0.40032851
INFO:root:At the start of the epoch: mem (CPU python)=8465.42578125MB; mem (CPU total)=46894.625MB
INFO:root:[   56] Training loss: 0.36250319, Validation loss: 0.35854023, Gradient norm: 0.37591054
INFO:root:At the start of the epoch: mem (CPU python)=8486.984375MB; mem (CPU total)=46930.3046875MB
INFO:root:[   57] Training loss: 0.36085829, Validation loss: 0.35693307, Gradient norm: 0.38350058
INFO:root:At the start of the epoch: mem (CPU python)=8506.6015625MB; mem (CPU total)=46958.11328125MB
INFO:root:[   58] Training loss: 0.35930450, Validation loss: 0.35648565, Gradient norm: 0.36677809
INFO:root:At the start of the epoch: mem (CPU python)=8528.890625MB; mem (CPU total)=46993.3046875MB
INFO:root:[   59] Training loss: 0.35804830, Validation loss: 0.35482567, Gradient norm: 0.37380610
INFO:root:At the start of the epoch: mem (CPU python)=8548.7734375MB; mem (CPU total)=46969.8671875MB
INFO:root:[   60] Training loss: 0.35670764, Validation loss: 0.35348038, Gradient norm: 0.40469531
INFO:root:At the start of the epoch: mem (CPU python)=8571.1328125MB; mem (CPU total)=46992.98046875MB
INFO:root:[   61] Training loss: 0.35457710, Validation loss: 0.35293216, Gradient norm: 0.36022487
INFO:root:At the start of the epoch: mem (CPU python)=8592.50390625MB; mem (CPU total)=47015.046875MB
INFO:root:[   62] Training loss: 0.35331746, Validation loss: 0.34925285, Gradient norm: 0.38829447
INFO:root:At the start of the epoch: mem (CPU python)=8614.9375MB; mem (CPU total)=47035.1796875MB
INFO:root:[   63] Training loss: 0.35145699, Validation loss: 0.34926073, Gradient norm: 0.35803434
INFO:root:At the start of the epoch: mem (CPU python)=8634.7734375MB; mem (CPU total)=47056.58984375MB
INFO:root:[   64] Training loss: 0.34950377, Validation loss: 0.34560181, Gradient norm: 0.39939770
INFO:root:At the start of the epoch: mem (CPU python)=8655.9140625MB; mem (CPU total)=47080.328125MB
INFO:root:[   65] Training loss: 0.34683392, Validation loss: 0.34191449, Gradient norm: 0.40538416
INFO:root:At the start of the epoch: mem (CPU python)=8678.890625MB; mem (CPU total)=47104.47265625MB
INFO:root:[   66] Training loss: 0.34459266, Validation loss: 0.34290693, Gradient norm: 0.42350717
INFO:root:At the start of the epoch: mem (CPU python)=8699.46484375MB; mem (CPU total)=47125.8515625MB
INFO:root:[   67] Training loss: 0.34143798, Validation loss: 0.34843674, Gradient norm: 0.41365683
INFO:root:At the start of the epoch: mem (CPU python)=8722.0MB; mem (CPU total)=47146.96875MB
INFO:root:[   68] Training loss: 0.33933266, Validation loss: 0.33583778, Gradient norm: 0.43873800
INFO:root:At the start of the epoch: mem (CPU python)=8742.77734375MB; mem (CPU total)=47168.9296875MB
INFO:root:[   69] Training loss: 0.33653752, Validation loss: 0.33210325, Gradient norm: 0.45465484
INFO:root:At the start of the epoch: mem (CPU python)=8765.43359375MB; mem (CPU total)=47192.9765625MB
INFO:root:[   70] Training loss: 0.33310791, Validation loss: 0.33048865, Gradient norm: 0.41961522
INFO:root:At the start of the epoch: mem (CPU python)=8785.8359375MB; mem (CPU total)=47214.23046875MB
INFO:root:[   71] Training loss: 0.33144460, Validation loss: 0.33008211, Gradient norm: 0.46085546
INFO:root:At the start of the epoch: mem (CPU python)=8807.3671875MB; mem (CPU total)=47236.41015625MB
INFO:root:[   72] Training loss: 0.32852529, Validation loss: 0.32564186, Gradient norm: 0.43681042
INFO:root:At the start of the epoch: mem (CPU python)=8827.56640625MB; mem (CPU total)=47257.31640625MB
INFO:root:[   73] Training loss: 0.32704896, Validation loss: 0.32268430, Gradient norm: 0.49310951
INFO:root:At the start of the epoch: mem (CPU python)=8848.76171875MB; mem (CPU total)=47279.03125MB
INFO:root:[   74] Training loss: 0.32474726, Validation loss: 0.31979514, Gradient norm: 0.47135300
INFO:root:At the start of the epoch: mem (CPU python)=8870.33203125MB; mem (CPU total)=47300.90234375MB
INFO:root:[   75] Training loss: 0.32323477, Validation loss: 0.32041084, Gradient norm: 0.52368019
INFO:root:At the start of the epoch: mem (CPU python)=8891.625MB; mem (CPU total)=47322.87109375MB
INFO:root:[   76] Training loss: 0.31986133, Validation loss: 0.32243664, Gradient norm: 0.47006071
INFO:root:At the start of the epoch: mem (CPU python)=8913.02734375MB; mem (CPU total)=47345.23046875MB
INFO:root:[   77] Training loss: 0.31850969, Validation loss: 0.31644979, Gradient norm: 0.49180164
INFO:root:At the start of the epoch: mem (CPU python)=8934.859375MB; mem (CPU total)=47366.63671875MB
INFO:root:[   78] Training loss: 0.31713109, Validation loss: 0.31113557, Gradient norm: 0.52172756
INFO:root:At the start of the epoch: mem (CPU python)=8956.3984375MB; mem (CPU total)=29398.53125MB
INFO:root:[   79] Training loss: 0.31551231, Validation loss: 0.31863345, Gradient norm: 0.55136384
INFO:root:At the start of the epoch: mem (CPU python)=8978.8515625MB; mem (CPU total)=29487.9140625MB
INFO:root:[   80] Training loss: 0.31296851, Validation loss: 0.30842219, Gradient norm: 0.54514399
INFO:root:At the start of the epoch: mem (CPU python)=9000.25390625MB; mem (CPU total)=29532.84765625MB
INFO:root:[   81] Training loss: 0.31011631, Validation loss: 0.30391154, Gradient norm: 0.49637980
INFO:root:At the start of the epoch: mem (CPU python)=9021.78125MB; mem (CPU total)=29578.0625MB
INFO:root:[   82] Training loss: 0.30875766, Validation loss: 0.30307368, Gradient norm: 0.52593785
INFO:root:At the start of the epoch: mem (CPU python)=9043.203125MB; mem (CPU total)=29623.49609375MB
INFO:root:[   83] Training loss: 0.30632362, Validation loss: 0.30239033, Gradient norm: 0.53990327
INFO:root:At the start of the epoch: mem (CPU python)=9064.37109375MB; mem (CPU total)=29670.4921875MB
INFO:root:[   84] Training loss: 0.30436861, Validation loss: 0.30296856, Gradient norm: 0.56636756
INFO:root:At the start of the epoch: mem (CPU python)=9086.05078125MB; mem (CPU total)=29725.16015625MB
INFO:root:[   85] Training loss: 0.30265368, Validation loss: 0.29769649, Gradient norm: 0.52717250
INFO:root:At the start of the epoch: mem (CPU python)=9103.3515625MB; mem (CPU total)=29758.65234375MB
INFO:root:[   86] Training loss: 0.30092147, Validation loss: 0.29594749, Gradient norm: 0.58027122
INFO:root:At the start of the epoch: mem (CPU python)=9116.12109375MB; mem (CPU total)=29808.046875MB
INFO:root:[   87] Training loss: 0.29966326, Validation loss: 0.29383731, Gradient norm: 0.53980721
INFO:root:At the start of the epoch: mem (CPU python)=9137.87109375MB; mem (CPU total)=29772.92578125MB
INFO:root:[   88] Training loss: 0.29905676, Validation loss: 0.29703685, Gradient norm: 0.57998254
INFO:root:At the start of the epoch: mem (CPU python)=9158.30859375MB; mem (CPU total)=29817.23046875MB
INFO:root:[   89] Training loss: 0.29634373, Validation loss: 0.29329864, Gradient norm: 0.56713953
INFO:root:At the start of the epoch: mem (CPU python)=9179.07421875MB; mem (CPU total)=14147.203125MB
INFO:root:[   90] Training loss: 0.29437555, Validation loss: 0.29299345, Gradient norm: 0.52632499
INFO:root:At the start of the epoch: mem (CPU python)=9199.95703125MB; mem (CPU total)=14213.3984375MB
INFO:root:[   91] Training loss: 0.29368118, Validation loss: 0.29107484, Gradient norm: 0.54655645
INFO:root:At the start of the epoch: mem (CPU python)=9221.62109375MB; mem (CPU total)=14282.35546875MB
INFO:root:[   92] Training loss: 0.29421747, Validation loss: 0.28819529, Gradient norm: 0.65501845
INFO:root:At the start of the epoch: mem (CPU python)=9244.55078125MB; mem (CPU total)=14351.43359375MB
INFO:root:[   93] Training loss: 0.29093668, Validation loss: 0.28721729, Gradient norm: 0.55406142
INFO:root:At the start of the epoch: mem (CPU python)=9264.6953125MB; mem (CPU total)=14416.46875MB
INFO:root:[   94] Training loss: 0.29025439, Validation loss: 0.28536977, Gradient norm: 0.61483815
INFO:root:At the start of the epoch: mem (CPU python)=9285.78515625MB; mem (CPU total)=14485.80859375MB
INFO:root:[   95] Training loss: 0.28917596, Validation loss: 0.28331091, Gradient norm: 0.58608801
INFO:root:At the start of the epoch: mem (CPU python)=9306.8359375MB; mem (CPU total)=14552.578125MB
INFO:root:[   96] Training loss: 0.28703280, Validation loss: 0.28267553, Gradient norm: 0.59031245
INFO:root:At the start of the epoch: mem (CPU python)=9328.71875MB; mem (CPU total)=14618.02734375MB
INFO:root:[   97] Training loss: 0.28692533, Validation loss: 0.28222471, Gradient norm: 0.59001660
INFO:root:At the start of the epoch: mem (CPU python)=9348.7265625MB; mem (CPU total)=14692.75MB
INFO:root:[   98] Training loss: 0.28510136, Validation loss: 0.28103447, Gradient norm: 0.61937717
INFO:root:At the start of the epoch: mem (CPU python)=9369.7578125MB; mem (CPU total)=14759.95703125MB
INFO:root:[   99] Training loss: 0.28457688, Validation loss: 0.27968600, Gradient norm: 0.61717645
INFO:root:At the start of the epoch: mem (CPU python)=9390.23046875MB; mem (CPU total)=14825.859375MB
INFO:root:[  100] Training loss: 0.28288525, Validation loss: 0.28289538, Gradient norm: 0.58973215
INFO:root:At the start of the epoch: mem (CPU python)=9412.3125MB; mem (CPU total)=14901.0859375MB
INFO:root:[  101] Training loss: 0.28175259, Validation loss: 0.28045035, Gradient norm: 0.58339777
INFO:root:At the start of the epoch: mem (CPU python)=9432.83203125MB; mem (CPU total)=14970.78125MB
INFO:root:[  102] Training loss: 0.28079643, Validation loss: 0.27825475, Gradient norm: 0.59363627
INFO:root:At the start of the epoch: mem (CPU python)=9454.01953125MB; mem (CPU total)=15041.9765625MB
INFO:root:[  103] Training loss: 0.28010599, Validation loss: 0.27637292, Gradient norm: 0.60868605
INFO:root:At the start of the epoch: mem (CPU python)=9474.921875MB; mem (CPU total)=15108.73828125MB
INFO:root:[  104] Training loss: 0.27870686, Validation loss: 0.27516228, Gradient norm: 0.59016848
INFO:root:At the start of the epoch: mem (CPU python)=9497.12890625MB; mem (CPU total)=15178.0546875MB
INFO:root:[  105] Training loss: 0.27875187, Validation loss: 0.27731037, Gradient norm: 0.65700529
INFO:root:At the start of the epoch: mem (CPU python)=9519.046875MB; mem (CPU total)=15248.3828125MB
INFO:root:[  106] Training loss: 0.27857409, Validation loss: 0.27184347, Gradient norm: 0.63215063
INFO:root:At the start of the epoch: mem (CPU python)=9541.05078125MB; mem (CPU total)=15318.8671875MB
INFO:root:[  107] Training loss: 0.27560318, Validation loss: 0.27527804, Gradient norm: 0.59292656
INFO:root:At the start of the epoch: mem (CPU python)=9560.15234375MB; mem (CPU total)=15388.51171875MB
INFO:root:[  108] Training loss: 0.27661538, Validation loss: 0.27303559, Gradient norm: 0.66636201
INFO:root:At the start of the epoch: mem (CPU python)=9581.37890625MB; mem (CPU total)=15458.41796875MB
INFO:root:[  109] Training loss: 0.27425638, Validation loss: 0.27259810, Gradient norm: 0.61055048
INFO:root:At the start of the epoch: mem (CPU python)=9603.4375MB; mem (CPU total)=15528.359375MB
INFO:root:[  110] Training loss: 0.27462940, Validation loss: 0.26912641, Gradient norm: 0.64794388
INFO:root:At the start of the epoch: mem (CPU python)=9624.203125MB; mem (CPU total)=15597.6953125MB
INFO:root:[  111] Training loss: 0.27187605, Validation loss: 0.26988356, Gradient norm: 0.59779562
INFO:root:At the start of the epoch: mem (CPU python)=9644.5859375MB; mem (CPU total)=15665.87890625MB
INFO:root:[  112] Training loss: 0.27334685, Validation loss: 0.26936188, Gradient norm: 0.66574123
INFO:root:At the start of the epoch: mem (CPU python)=9667.52734375MB; mem (CPU total)=15694.74609375MB
INFO:root:[  113] Training loss: 0.27160178, Validation loss: 0.26742376, Gradient norm: 0.62674336
INFO:root:At the start of the epoch: mem (CPU python)=9687.19921875MB; mem (CPU total)=15805.203125MB
INFO:root:[  114] Training loss: 0.27100226, Validation loss: 0.26623316, Gradient norm: 0.64686178
INFO:root:At the start of the epoch: mem (CPU python)=9708.4453125MB; mem (CPU total)=15876.3203125MB
INFO:root:[  115] Training loss: 0.27073470, Validation loss: 0.26576283, Gradient norm: 0.63936371
INFO:root:At the start of the epoch: mem (CPU python)=9729.8046875MB; mem (CPU total)=15943.21875MB
INFO:root:[  116] Training loss: 0.26864732, Validation loss: 0.26401028, Gradient norm: 0.67934457
INFO:root:At the start of the epoch: mem (CPU python)=9751.09765625MB; mem (CPU total)=16016.59765625MB
INFO:root:[  117] Training loss: 0.26803095, Validation loss: 0.26551517, Gradient norm: 0.65094627
INFO:root:At the start of the epoch: mem (CPU python)=9773.015625MB; mem (CPU total)=16083.765625MB
INFO:root:[  118] Training loss: 0.26786662, Validation loss: 0.26553912, Gradient norm: 0.64291703
INFO:root:At the start of the epoch: mem (CPU python)=9793.62890625MB; mem (CPU total)=16154.6484375MB
INFO:root:[  119] Training loss: 0.26603144, Validation loss: 0.26392515, Gradient norm: 0.63269311
INFO:root:At the start of the epoch: mem (CPU python)=9814.93359375MB; mem (CPU total)=16222.8828125MB
INFO:root:[  120] Training loss: 0.26555789, Validation loss: 0.26467377, Gradient norm: 0.64540011
INFO:root:At the start of the epoch: mem (CPU python)=9837.5078125MB; mem (CPU total)=16295.17578125MB
INFO:root:[  121] Training loss: 0.26656601, Validation loss: 0.26591624, Gradient norm: 0.69026512
INFO:root:At the start of the epoch: mem (CPU python)=9856.52734375MB; mem (CPU total)=16358.6796875MB
INFO:root:[  122] Training loss: 0.26576614, Validation loss: 0.26391568, Gradient norm: 0.66507481
INFO:root:At the start of the epoch: mem (CPU python)=9877.6171875MB; mem (CPU total)=16429.21484375MB
INFO:root:[  123] Training loss: 0.26466496, Validation loss: 0.26168528, Gradient norm: 0.63571277
INFO:root:At the start of the epoch: mem (CPU python)=9900.6015625MB; mem (CPU total)=16502.625MB
INFO:root:[  124] Training loss: 0.26405816, Validation loss: 0.26001314, Gradient norm: 0.61979212
INFO:root:At the start of the epoch: mem (CPU python)=9922.24609375MB; mem (CPU total)=16571.546875MB
INFO:root:[  125] Training loss: 0.26294954, Validation loss: 0.25941977, Gradient norm: 0.65446557
INFO:root:At the start of the epoch: mem (CPU python)=9942.921875MB; mem (CPU total)=16640.6484375MB
INFO:root:[  126] Training loss: 0.26204673, Validation loss: 0.25975735, Gradient norm: 0.62379442
INFO:root:At the start of the epoch: mem (CPU python)=9964.609375MB; mem (CPU total)=16714.4921875MB
INFO:root:[  127] Training loss: 0.26249784, Validation loss: 0.26036274, Gradient norm: 0.68963560
INFO:root:At the start of the epoch: mem (CPU python)=9985.30859375MB; mem (CPU total)=16781.44140625MB
INFO:root:[  128] Training loss: 0.26271842, Validation loss: 0.26047790, Gradient norm: 0.64137003
INFO:root:At the start of the epoch: mem (CPU python)=10007.2578125MB; mem (CPU total)=16852.296875MB
INFO:root:[  129] Training loss: 0.26202984, Validation loss: 0.25717202, Gradient norm: 0.65876807
INFO:root:At the start of the epoch: mem (CPU python)=10027.69140625MB; mem (CPU total)=16919.08203125MB
INFO:root:[  130] Training loss: 0.26115814, Validation loss: 0.26030281, Gradient norm: 0.66176853
INFO:root:At the start of the epoch: mem (CPU python)=10050.96484375MB; mem (CPU total)=16988.953125MB
INFO:root:[  131] Training loss: 0.26140911, Validation loss: 0.26273261, Gradient norm: 0.68433175
INFO:root:At the start of the epoch: mem (CPU python)=10069.94921875MB; mem (CPU total)=17057.66796875MB
INFO:root:[  132] Training loss: 0.26025535, Validation loss: 0.26118835, Gradient norm: 0.67532288
INFO:root:At the start of the epoch: mem (CPU python)=10092.90234375MB; mem (CPU total)=17132.07421875MB
INFO:root:[  133] Training loss: 0.25910749, Validation loss: 0.25777796, Gradient norm: 0.65263016
INFO:root:At the start of the epoch: mem (CPU python)=10112.1875MB; mem (CPU total)=17198.453125MB
INFO:root:[  134] Training loss: 0.25882268, Validation loss: 0.26249512, Gradient norm: 0.64962429
INFO:root:At the start of the epoch: mem (CPU python)=10133.390625MB; mem (CPU total)=17268.3515625MB
INFO:root:[  135] Training loss: 0.25950892, Validation loss: 0.25820561, Gradient norm: 0.69399711
INFO:root:At the start of the epoch: mem (CPU python)=10154.546875MB; mem (CPU total)=17338.12109375MB
INFO:root:Learning rate reduced to: 0.0025
INFO:root:[  136] Training loss: 0.25882245, Validation loss: 0.25691901, Gradient norm: 0.65141029
INFO:root:At the start of the epoch: mem (CPU python)=10176.98828125MB; mem (CPU total)=17408.71875MB
INFO:root:[  137] Training loss: 0.24879298, Validation loss: 0.24727434, Gradient norm: 0.29224006
INFO:root:At the start of the epoch: mem (CPU python)=10197.9140625MB; mem (CPU total)=17466.8828125MB
INFO:root:[  138] Training loss: 0.24853985, Validation loss: 0.24695803, Gradient norm: 0.32049634
INFO:root:At the start of the epoch: mem (CPU python)=10219.46875MB; mem (CPU total)=17539.79296875MB
INFO:root:[  139] Training loss: 0.24799083, Validation loss: 0.24788327, Gradient norm: 0.35790525
INFO:root:At the start of the epoch: mem (CPU python)=10240.23828125MB; mem (CPU total)=17607.87890625MB
INFO:root:[  140] Training loss: 0.24753405, Validation loss: 0.24815044, Gradient norm: 0.37247111
INFO:root:At the start of the epoch: mem (CPU python)=10262.18359375MB; mem (CPU total)=17677.5625MB
INFO:root:[  141] Training loss: 0.24761643, Validation loss: 0.24756766, Gradient norm: 0.41972775
INFO:root:At the start of the epoch: mem (CPU python)=10284.38671875MB; mem (CPU total)=17747.46484375MB
INFO:root:[  142] Training loss: 0.24800747, Validation loss: 0.24695807, Gradient norm: 0.48455410
INFO:root:At the start of the epoch: mem (CPU python)=10303.8359375MB; mem (CPU total)=17812.75390625MB
INFO:root:[  143] Training loss: 0.24735816, Validation loss: 0.24980426, Gradient norm: 0.44120826
INFO:root:At the start of the epoch: mem (CPU python)=10324.66796875MB; mem (CPU total)=17882.09765625MB
INFO:root:[  144] Training loss: 0.24677371, Validation loss: 0.24613049, Gradient norm: 0.49309455
INFO:root:At the start of the epoch: mem (CPU python)=10348.38671875MB; mem (CPU total)=17957.75MB
INFO:root:[  145] Training loss: 0.24731799, Validation loss: 0.24660584, Gradient norm: 0.47744656
INFO:root:At the start of the epoch: mem (CPU python)=10367.640625MB; mem (CPU total)=17978.65234375MB
INFO:root:[  146] Training loss: 0.24710455, Validation loss: 0.24689193, Gradient norm: 0.47387781
INFO:root:At the start of the epoch: mem (CPU python)=10390.71484375MB; mem (CPU total)=18099.14453125MB
INFO:root:[  147] Training loss: 0.24701635, Validation loss: 0.24623921, Gradient norm: 0.51310830
INFO:root:At the start of the epoch: mem (CPU python)=10409.61328125MB; mem (CPU total)=18161.76953125MB
INFO:root:[  148] Training loss: 0.24675761, Validation loss: 0.24564556, Gradient norm: 0.49327074
INFO:root:At the start of the epoch: mem (CPU python)=10432.296875MB; mem (CPU total)=18232.23828125MB
INFO:root:[  149] Training loss: 0.24717205, Validation loss: 0.24784723, Gradient norm: 0.53997902
INFO:root:At the start of the epoch: mem (CPU python)=10451.1796875MB; mem (CPU total)=18299.80078125MB
INFO:root:[  150] Training loss: 0.24635204, Validation loss: 0.24664271, Gradient norm: 0.51271032
INFO:root:At the start of the epoch: mem (CPU python)=10472.90625MB; mem (CPU total)=18328.62890625MB
INFO:root:[  151] Training loss: 0.24637585, Validation loss: 0.24543168, Gradient norm: 0.52332004
INFO:root:At the start of the epoch: mem (CPU python)=10494.9140625MB; mem (CPU total)=18441.32421875MB
INFO:root:[  152] Training loss: 0.24574018, Validation loss: 0.24562241, Gradient norm: 0.48611312
INFO:root:At the start of the epoch: mem (CPU python)=10516.7265625MB; mem (CPU total)=18512.28125MB
INFO:root:[  153] Training loss: 0.24568419, Validation loss: 0.24657954, Gradient norm: 0.49678202
INFO:root:At the start of the epoch: mem (CPU python)=10537.05859375MB; mem (CPU total)=18581.9609375MB
INFO:root:[  154] Training loss: 0.24507574, Validation loss: 0.24403271, Gradient norm: 0.52004694
INFO:root:At the start of the epoch: mem (CPU python)=10558.52734375MB; mem (CPU total)=18649.140625MB
INFO:root:[  155] Training loss: 0.24566575, Validation loss: 0.24620287, Gradient norm: 0.53641994
INFO:root:At the start of the epoch: mem (CPU python)=10579.60546875MB; mem (CPU total)=18721.3125MB
INFO:root:[  156] Training loss: 0.24495100, Validation loss: 0.24526358, Gradient norm: 0.59130282
INFO:root:At the start of the epoch: mem (CPU python)=10600.00390625MB; mem (CPU total)=18789.98046875MB
INFO:root:[  157] Training loss: 0.24454773, Validation loss: 0.24343607, Gradient norm: 0.57628320
INFO:root:At the start of the epoch: mem (CPU python)=10621.68359375MB; mem (CPU total)=18856.828125MB
INFO:root:[  158] Training loss: 0.24433226, Validation loss: 0.24461545, Gradient norm: 0.47972549
INFO:root:At the start of the epoch: mem (CPU python)=10644.41796875MB; mem (CPU total)=18925.25390625MB
INFO:root:[  159] Training loss: 0.24526754, Validation loss: 0.24507080, Gradient norm: 0.49752504
INFO:root:At the start of the epoch: mem (CPU python)=10664.8046875MB; mem (CPU total)=18997.40234375MB
INFO:root:[  160] Training loss: 0.24391092, Validation loss: 0.24301308, Gradient norm: 0.51881358
INFO:root:At the start of the epoch: mem (CPU python)=10685.125MB; mem (CPU total)=19062.6640625MB
INFO:root:[  161] Training loss: 0.24339611, Validation loss: 0.24353528, Gradient norm: 0.53295749
INFO:root:At the start of the epoch: mem (CPU python)=10705.8125MB; mem (CPU total)=19131.859375MB
INFO:root:[  162] Training loss: 0.24336029, Validation loss: 0.24397523, Gradient norm: 0.54107620
INFO:root:At the start of the epoch: mem (CPU python)=10729.0078125MB; mem (CPU total)=19202.6875MB
INFO:root:[  163] Training loss: 0.24370575, Validation loss: 0.24294286, Gradient norm: 0.51171675
INFO:root:At the start of the epoch: mem (CPU python)=10750.171875MB; mem (CPU total)=19271.703125MB
INFO:root:[  164] Training loss: 0.24349999, Validation loss: 0.24576519, Gradient norm: 0.52051577
INFO:root:At the start of the epoch: mem (CPU python)=10772.00390625MB; mem (CPU total)=19341.60546875MB
INFO:root:[  165] Training loss: 0.24372232, Validation loss: 0.24275838, Gradient norm: 0.55606416
INFO:root:At the start of the epoch: mem (CPU python)=10793.4765625MB; mem (CPU total)=19408.8203125MB
INFO:root:[  166] Training loss: 0.24229800, Validation loss: 0.24337041, Gradient norm: 0.49157224
INFO:root:At the start of the epoch: mem (CPU python)=10814.640625MB; mem (CPU total)=19483.890625MB
INFO:root:[  167] Training loss: 0.24268907, Validation loss: 0.24392404, Gradient norm: 0.58488828
INFO:root:At the start of the epoch: mem (CPU python)=10836.27734375MB; mem (CPU total)=19552.10546875MB
INFO:root:[  168] Training loss: 0.24298050, Validation loss: 0.24344986, Gradient norm: 0.51343283
INFO:root:At the start of the epoch: mem (CPU python)=10858.109375MB; mem (CPU total)=19616.0MB
INFO:root:[  169] Training loss: 0.24271044, Validation loss: 0.24547906, Gradient norm: 0.51613508
INFO:root:At the start of the epoch: mem (CPU python)=10879.26953125MB; mem (CPU total)=19686.390625MB
INFO:root:[  170] Training loss: 0.24243403, Validation loss: 0.24308226, Gradient norm: 0.56675570
INFO:root:At the start of the epoch: mem (CPU python)=10901.09375MB; mem (CPU total)=19757.52734375MB
INFO:root:[  171] Training loss: 0.24161782, Validation loss: 0.24242253, Gradient norm: 0.54791706
INFO:root:At the start of the epoch: mem (CPU python)=10922.390625MB; mem (CPU total)=19827.67578125MB
INFO:root:[  172] Training loss: 0.24247059, Validation loss: 0.24215193, Gradient norm: 0.56963517
INFO:root:At the start of the epoch: mem (CPU python)=10943.80078125MB; mem (CPU total)=19893.5625MB
INFO:root:[  173] Training loss: 0.24189820, Validation loss: 0.24098825, Gradient norm: 0.53574891
INFO:root:At the start of the epoch: mem (CPU python)=10964.96484375MB; mem (CPU total)=19961.25390625MB
INFO:root:[  174] Training loss: 0.24202926, Validation loss: 0.24297738, Gradient norm: 0.54281209
INFO:root:At the start of the epoch: mem (CPU python)=10986.1484375MB; mem (CPU total)=20030.78125MB
INFO:root:[  175] Training loss: 0.24118136, Validation loss: 0.24365805, Gradient norm: 0.52945136
INFO:root:At the start of the epoch: mem (CPU python)=11008.23046875MB; mem (CPU total)=20102.65234375MB
INFO:root:[  176] Training loss: 0.24143007, Validation loss: 0.24088240, Gradient norm: 0.55838989
INFO:root:At the start of the epoch: mem (CPU python)=11030.33203125MB; mem (CPU total)=20169.109375MB
INFO:root:[  177] Training loss: 0.24105214, Validation loss: 0.24326957, Gradient norm: 0.56756335
INFO:root:At the start of the epoch: mem (CPU python)=11051.4921875MB; mem (CPU total)=20239.50390625MB
INFO:root:[  178] Training loss: 0.24096497, Validation loss: 0.24284915, Gradient norm: 0.57565543
INFO:root:At the start of the epoch: mem (CPU python)=11072.66015625MB; mem (CPU total)=20304.98046875MB
INFO:root:[  179] Training loss: 0.24040053, Validation loss: 0.24037180, Gradient norm: 0.57127597
INFO:root:At the start of the epoch: mem (CPU python)=11093.82421875MB; mem (CPU total)=20376.73828125MB
INFO:root:[  180] Training loss: 0.24025755, Validation loss: 0.24365316, Gradient norm: 0.52010347
INFO:root:At the start of the epoch: mem (CPU python)=11114.98828125MB; mem (CPU total)=20446.7734375MB
INFO:root:[  181] Training loss: 0.24002108, Validation loss: 0.24138691, Gradient norm: 0.55985452
INFO:root:At the start of the epoch: mem (CPU python)=11136.8046875MB; mem (CPU total)=20515.01953125MB
INFO:root:[  182] Training loss: 0.23923150, Validation loss: 0.24129117, Gradient norm: 0.56538249
INFO:root:At the start of the epoch: mem (CPU python)=11157.96875MB; mem (CPU total)=20584.3359375MB
INFO:root:[  183] Training loss: 0.23983761, Validation loss: 0.24163711, Gradient norm: 0.56567107
INFO:root:At the start of the epoch: mem (CPU python)=11179.60546875MB; mem (CPU total)=20653.75MB
INFO:root:[  184] Training loss: 0.23920594, Validation loss: 0.24018001, Gradient norm: 0.54335457
INFO:root:At the start of the epoch: mem (CPU python)=11200.7734375MB; mem (CPU total)=20720.08203125MB
INFO:root:[  185] Training loss: 0.24038566, Validation loss: 0.23982831, Gradient norm: 0.54155377
INFO:root:At the start of the epoch: mem (CPU python)=11222.0MB; mem (CPU total)=20788.49609375MB
INFO:root:[  186] Training loss: 0.24007984, Validation loss: 0.24114755, Gradient norm: 0.52824675
INFO:root:At the start of the epoch: mem (CPU python)=11243.53515625MB; mem (CPU total)=20857.4140625MB
INFO:root:[  187] Training loss: 0.24038843, Validation loss: 0.24064105, Gradient norm: 0.57588161
INFO:root:At the start of the epoch: mem (CPU python)=11265.015625MB; mem (CPU total)=20924.1328125MB
INFO:root:[  188] Training loss: 0.23848505, Validation loss: 0.23990843, Gradient norm: 0.51429181
INFO:root:At the start of the epoch: mem (CPU python)=11286.17578125MB; mem (CPU total)=20990.55859375MB
INFO:root:[  189] Training loss: 0.23849907, Validation loss: 0.23913227, Gradient norm: 0.60295385
INFO:root:At the start of the epoch: mem (CPU python)=11307.34375MB; mem (CPU total)=21059.56640625MB
INFO:root:[  190] Training loss: 0.23962924, Validation loss: 0.23933590, Gradient norm: 0.60421205
INFO:root:At the start of the epoch: mem (CPU python)=11328.92578125MB; mem (CPU total)=21127.09375MB
INFO:root:[  191] Training loss: 0.23913232, Validation loss: 0.23884044, Gradient norm: 0.59100832
INFO:root:At the start of the epoch: mem (CPU python)=11350.08984375MB; mem (CPU total)=21193.05859375MB
INFO:root:[  192] Training loss: 0.23916824, Validation loss: 0.24027768, Gradient norm: 0.57268479
INFO:root:At the start of the epoch: mem (CPU python)=11371.9609375MB; mem (CPU total)=21259.88671875MB
INFO:root:[  193] Training loss: 0.23798247, Validation loss: 0.23853548, Gradient norm: 0.52548108
INFO:root:At the start of the epoch: mem (CPU python)=11393.125MB; mem (CPU total)=21328.41796875MB
INFO:root:[  194] Training loss: 0.23801663, Validation loss: 0.23841819, Gradient norm: 0.57110918
INFO:root:At the start of the epoch: mem (CPU python)=11414.2890625MB; mem (CPU total)=21397.734375MB
INFO:root:[  195] Training loss: 0.23830242, Validation loss: 0.23847373, Gradient norm: 0.51719478
INFO:root:At the start of the epoch: mem (CPU python)=11435.44921875MB; mem (CPU total)=21449.11328125MB
INFO:root:[  196] Training loss: 0.23787348, Validation loss: 0.23803069, Gradient norm: 0.58517729
INFO:root:At the start of the epoch: mem (CPU python)=11456.6171875MB; mem (CPU total)=21507.1015625MB
INFO:root:[  197] Training loss: 0.23730951, Validation loss: 0.23938272, Gradient norm: 0.51971157
INFO:root:At the start of the epoch: mem (CPU python)=11477.77734375MB; mem (CPU total)=21569.54296875MB
INFO:root:[  198] Training loss: 0.23823246, Validation loss: 0.24038922, Gradient norm: 0.56495814
INFO:root:At the start of the epoch: mem (CPU python)=11498.94140625MB; mem (CPU total)=21628.375MB
INFO:root:[  199] Training loss: 0.23804270, Validation loss: 0.23863919, Gradient norm: 0.59348574
INFO:root:At the start of the epoch: mem (CPU python)=11520.10546875MB; mem (CPU total)=21688.19140625MB
INFO:root:[  200] Training loss: 0.23706211, Validation loss: 0.23790042, Gradient norm: 0.59151677
INFO:root:At the start of the epoch: mem (CPU python)=11541.2734375MB; mem (CPU total)=21747.4765625MB
INFO:root:[  201] Training loss: 0.23800362, Validation loss: 0.24207898, Gradient norm: 0.64990276
INFO:root:At the start of the epoch: mem (CPU python)=11562.43359375MB; mem (CPU total)=21807.19140625MB
INFO:root:[  202] Training loss: 0.23752045, Validation loss: 0.23714367, Gradient norm: 0.55421853
INFO:root:At the start of the epoch: mem (CPU python)=11583.6015625MB; mem (CPU total)=21866.359375MB
INFO:root:[  203] Training loss: 0.23694344, Validation loss: 0.23822612, Gradient norm: 0.54029247
INFO:root:At the start of the epoch: mem (CPU python)=11603.78515625MB; mem (CPU total)=21927.15234375MB
INFO:root:[  204] Training loss: 0.23770790, Validation loss: 0.23847356, Gradient norm: 0.59012755
INFO:root:At the start of the epoch: mem (CPU python)=11625.5546875MB; mem (CPU total)=21988.8984375MB
INFO:root:[  205] Training loss: 0.23761841, Validation loss: 0.23778116, Gradient norm: 0.58985184
INFO:root:At the start of the epoch: mem (CPU python)=11647.0390625MB; mem (CPU total)=22046.140625MB
INFO:root:[  206] Training loss: 0.23588185, Validation loss: 0.23978517, Gradient norm: 0.54843077
INFO:root:At the start of the epoch: mem (CPU python)=11668.63671875MB; mem (CPU total)=22107.8515625MB
INFO:root:[  207] Training loss: 0.23743927, Validation loss: 0.23784133, Gradient norm: 0.62502322
INFO:root:At the start of the epoch: mem (CPU python)=11689.796875MB; mem (CPU total)=22167.76171875MB
INFO:root:[  208] Training loss: 0.23701170, Validation loss: 0.23703708, Gradient norm: 0.50619922
INFO:root:At the start of the epoch: mem (CPU python)=11710.9609375MB; mem (CPU total)=22225.54296875MB
INFO:root:[  209] Training loss: 0.23539211, Validation loss: 0.23668406, Gradient norm: 0.56643196
INFO:root:At the start of the epoch: mem (CPU python)=11732.28515625MB; mem (CPU total)=22287.13671875MB
INFO:root:[  210] Training loss: 0.23602488, Validation loss: 0.23778827, Gradient norm: 0.58981867
INFO:root:At the start of the epoch: mem (CPU python)=11753.78125MB; mem (CPU total)=22348.05078125MB
INFO:root:[  211] Training loss: 0.23567916, Validation loss: 0.23768155, Gradient norm: 0.55139163
INFO:root:At the start of the epoch: mem (CPU python)=11774.9140625MB; mem (CPU total)=22406.3828125MB
INFO:root:[  212] Training loss: 0.23605942, Validation loss: 0.23833834, Gradient norm: 0.60188745
INFO:root:At the start of the epoch: mem (CPU python)=11795.5546875MB; mem (CPU total)=22464.37890625MB
INFO:root:[  213] Training loss: 0.23619230, Validation loss: 0.23705683, Gradient norm: 0.58838363
INFO:root:At the start of the epoch: mem (CPU python)=11815.91015625MB; mem (CPU total)=22523.48046875MB
INFO:root:[  214] Training loss: 0.23525084, Validation loss: 0.23740840, Gradient norm: 0.55397474
INFO:root:At the start of the epoch: mem (CPU python)=11837.625MB; mem (CPU total)=22584.2421875MB
INFO:root:[  215] Training loss: 0.23570277, Validation loss: 0.23607335, Gradient norm: 0.61026506
INFO:root:At the start of the epoch: mem (CPU python)=11858.625MB; mem (CPU total)=22641.375MB
INFO:root:[  216] Training loss: 0.23569477, Validation loss: 0.23695349, Gradient norm: 0.60336297
INFO:root:At the start of the epoch: mem (CPU python)=11879.83203125MB; mem (CPU total)=22702.37109375MB
INFO:root:[  217] Training loss: 0.23532957, Validation loss: 0.23613645, Gradient norm: 0.52689662
INFO:root:At the start of the epoch: mem (CPU python)=11901.25MB; mem (CPU total)=22764.30859375MB
INFO:root:[  218] Training loss: 0.23642236, Validation loss: 0.23752558, Gradient norm: 0.61308466
INFO:root:At the start of the epoch: mem (CPU python)=11924.4765625MB; mem (CPU total)=22824.07421875MB
INFO:root:[  219] Training loss: 0.23482353, Validation loss: 0.23568271, Gradient norm: 0.55308812
INFO:root:At the start of the epoch: mem (CPU python)=11946.12109375MB; mem (CPU total)=22882.58984375MB
INFO:root:[  220] Training loss: 0.23529071, Validation loss: 0.23833447, Gradient norm: 0.61071503
INFO:root:At the start of the epoch: mem (CPU python)=11967.65625MB; mem (CPU total)=22944.5546875MB
INFO:root:[  221] Training loss: 0.23485033, Validation loss: 0.23594325, Gradient norm: 0.58399982
INFO:root:At the start of the epoch: mem (CPU python)=11989.1015625MB; mem (CPU total)=23003.984375MB
INFO:root:[  222] Training loss: 0.23405291, Validation loss: 0.23585764, Gradient norm: 0.55465191
INFO:root:At the start of the epoch: mem (CPU python)=12010.265625MB; mem (CPU total)=23062.84375MB
INFO:root:[  223] Training loss: 0.23496813, Validation loss: 0.23421369, Gradient norm: 0.66074522
INFO:root:At the start of the epoch: mem (CPU python)=12031.43359375MB; mem (CPU total)=23123.453125MB
INFO:root:[  224] Training loss: 0.23411183, Validation loss: 0.23673874, Gradient norm: 0.55691254
INFO:root:At the start of the epoch: mem (CPU python)=12052.59765625MB; mem (CPU total)=23183.32421875MB
INFO:root:[  225] Training loss: 0.23366548, Validation loss: 0.23665530, Gradient norm: 0.56627948
INFO:root:At the start of the epoch: mem (CPU python)=12073.7578125MB; mem (CPU total)=23242.53125MB
INFO:root:[  226] Training loss: 0.23400260, Validation loss: 0.23822636, Gradient norm: 0.66232874
INFO:root:At the start of the epoch: mem (CPU python)=12094.921875MB; mem (CPU total)=23301.70703125MB
INFO:root:[  227] Training loss: 0.23389694, Validation loss: 0.23930419, Gradient norm: 0.54044789
INFO:root:At the start of the epoch: mem (CPU python)=12116.08203125MB; mem (CPU total)=23360.99609375MB
INFO:root:[  228] Training loss: 0.23411453, Validation loss: 0.23600862, Gradient norm: 0.62876273
INFO:root:At the start of the epoch: mem (CPU python)=12137.5MB; mem (CPU total)=23418.14453125MB
INFO:root:[  229] Training loss: 0.23369444, Validation loss: 0.23516850, Gradient norm: 0.56497817
INFO:root:At the start of the epoch: mem (CPU python)=12158.7890625MB; mem (CPU total)=23482.5703125MB
INFO:root:Learning rate reduced to: 0.00125
INFO:root:[  230] Training loss: 0.23397893, Validation loss: 0.23637410, Gradient norm: 0.56210008
INFO:root:At the start of the epoch: mem (CPU python)=12179.953125MB; mem (CPU total)=23541.0MB
INFO:root:Learning rate reduced to: 0.000625
INFO:root:[  231] Training loss: 0.22876765, Validation loss: 0.23251035, Gradient norm: 0.31287988
INFO:root:At the start of the epoch: mem (CPU python)=12201.1171875MB; mem (CPU total)=23601.390625MB
INFO:root:[  232] Training loss: 0.22663400, Validation loss: 0.22963141, Gradient norm: 0.20792663
INFO:root:At the start of the epoch: mem (CPU python)=12222.65625MB; mem (CPU total)=23660.40234375MB
INFO:root:[  233] Training loss: 0.22621262, Validation loss: 0.22957827, Gradient norm: 0.22403537
INFO:root:At the start of the epoch: mem (CPU python)=12245.61328125MB; mem (CPU total)=23722.91796875MB
INFO:root:[  234] Training loss: 0.22581299, Validation loss: 0.22919786, Gradient norm: 0.22746561
INFO:root:At the start of the epoch: mem (CPU python)=12267.23828125MB; mem (CPU total)=23782.48828125MB
INFO:root:[  235] Training loss: 0.22631711, Validation loss: 0.22943861, Gradient norm: 0.23614689
INFO:root:At the start of the epoch: mem (CPU python)=12288.41015625MB; mem (CPU total)=23843.03515625MB
INFO:root:[  236] Training loss: 0.22655387, Validation loss: 0.22977375, Gradient norm: 0.23602445
INFO:root:At the start of the epoch: mem (CPU python)=12309.58203125MB; mem (CPU total)=23903.5859375MB
INFO:root:[  237] Training loss: 0.22654804, Validation loss: 0.23101050, Gradient norm: 0.25600650
INFO:root:At the start of the epoch: mem (CPU python)=12330.74609375MB; mem (CPU total)=23963.6015625MB
INFO:root:[  238] Training loss: 0.22544389, Validation loss: 0.22942077, Gradient norm: 0.25276054
INFO:root:At the start of the epoch: mem (CPU python)=12351.921875MB; mem (CPU total)=24021.94140625MB
INFO:root:[  239] Training loss: 0.22662535, Validation loss: 0.23031852, Gradient norm: 0.25539765
INFO:root:At the start of the epoch: mem (CPU python)=12373.15234375MB; mem (CPU total)=24079.9765625MB
INFO:root:[  240] Training loss: 0.22624998, Validation loss: 0.22923651, Gradient norm: 0.28605006
INFO:root:At the start of the epoch: mem (CPU python)=12394.65234375MB; mem (CPU total)=24130.9296875MB
INFO:root:Learning rate reduced to: 0.0003125
INFO:root:[  241] Training loss: 0.22541135, Validation loss: 0.22975884, Gradient norm: 0.25707780
INFO:root:At the start of the epoch: mem (CPU python)=12415.828125MB; mem (CPU total)=24181.3046875MB
INFO:root:Learning rate reduced to: 0.00015625
INFO:root:[  242] Training loss: 0.22494845, Validation loss: 0.22824723, Gradient norm: 0.19898412
INFO:root:At the start of the epoch: mem (CPU python)=12437.0MB; mem (CPU total)=24229.96875MB
INFO:root:[  243] Training loss: 0.22459800, Validation loss: 0.22790070, Gradient norm: 0.17732558
INFO:root:At the start of the epoch: mem (CPU python)=12458.1640625MB; mem (CPU total)=24282.81640625MB
INFO:root:[  244] Training loss: 0.22416284, Validation loss: 0.22767967, Gradient norm: 0.17499265
INFO:root:At the start of the epoch: mem (CPU python)=12479.3359375MB; mem (CPU total)=24330.796875MB
INFO:root:[  245] Training loss: 0.22425934, Validation loss: 0.22848497, Gradient norm: 0.17325363
INFO:root:At the start of the epoch: mem (CPU python)=12500.5078125MB; mem (CPU total)=24379.5234375MB
INFO:root:[  246] Training loss: 0.22425344, Validation loss: 0.22801646, Gradient norm: 0.17325910
INFO:root:At the start of the epoch: mem (CPU python)=12521.73828125MB; mem (CPU total)=24430.95703125MB
INFO:root:[  247] Training loss: 0.22384252, Validation loss: 0.22783913, Gradient norm: 0.18006989
INFO:root:At the start of the epoch: mem (CPU python)=12543.2265625MB; mem (CPU total)=24481.69921875MB
INFO:root:[  248] Training loss: 0.22458208, Validation loss: 0.22816957, Gradient norm: 0.18541299
INFO:root:At the start of the epoch: mem (CPU python)=12564.40234375MB; mem (CPU total)=24531.8984375MB
INFO:root:[  249] Training loss: 0.22429458, Validation loss: 0.22783998, Gradient norm: 0.17960305
INFO:root:At the start of the epoch: mem (CPU python)=12586.44140625MB; mem (CPU total)=24582.34375MB
INFO:root:[  250] Training loss: 0.22425892, Validation loss: 0.22811465, Gradient norm: 0.18730039
INFO:root:At the start of the epoch: mem (CPU python)=12607.7421875MB; mem (CPU total)=24632.546875MB
INFO:root:Learning rate reduced to: 7.8125e-05
INFO:root:[  251] Training loss: 0.22471890, Validation loss: 0.22803755, Gradient norm: 0.19245158
INFO:root:At the start of the epoch: mem (CPU python)=12628.921875MB; mem (CPU total)=24682.2265625MB
INFO:root:[  252] Training loss: 0.22321593, Validation loss: 0.22799335, Gradient norm: 0.16046047
INFO:root:At the start of the epoch: mem (CPU python)=12650.08984375MB; mem (CPU total)=24731.18359375MB
INFO:root:[  253] Training loss: 0.22359639, Validation loss: 0.22845631, Gradient norm: 0.15954210
INFO:root:At the start of the epoch: mem (CPU python)=12671.3203125MB; mem (CPU total)=24784.08984375MB
INFO:root:[  254] Training loss: 0.22334933, Validation loss: 0.22738589, Gradient norm: 0.16379490
INFO:root:At the start of the epoch: mem (CPU python)=12692.4921875MB; mem (CPU total)=24835.5234375MB
INFO:root:[  255] Training loss: 0.22361759, Validation loss: 0.22791331, Gradient norm: 0.16194161
INFO:root:At the start of the epoch: mem (CPU python)=12713.97265625MB; mem (CPU total)=24883.4765625MB
INFO:root:[  256] Training loss: 0.22363957, Validation loss: 0.22739871, Gradient norm: 0.16056233
INFO:root:At the start of the epoch: mem (CPU python)=12735.15234375MB; mem (CPU total)=24934.0625MB
INFO:root:[  257] Training loss: 0.22310118, Validation loss: 0.22764655, Gradient norm: 0.16572904
INFO:root:At the start of the epoch: mem (CPU python)=12756.5234375MB; mem (CPU total)=24985.00390625MB
INFO:root:[  258] Training loss: 0.22447152, Validation loss: 0.22775124, Gradient norm: 0.16790073
INFO:root:At the start of the epoch: mem (CPU python)=12778.2421875MB; mem (CPU total)=25034.74609375MB
INFO:root:[  259] Training loss: 0.22320591, Validation loss: 0.22819528, Gradient norm: 0.16269171
INFO:root:At the start of the epoch: mem (CPU python)=12799.41796875MB; mem (CPU total)=25085.71484375MB
INFO:root:[  260] Training loss: 0.22376309, Validation loss: 0.22778262, Gradient norm: 0.17177034
INFO:root:At the start of the epoch: mem (CPU python)=12820.59375MB; mem (CPU total)=25138.375MB
INFO:root:[  261] Training loss: 0.22312145, Validation loss: 0.22773254, Gradient norm: 0.16637729
INFO:root:At the start of the epoch: mem (CPU python)=12841.84375MB; mem (CPU total)=25186.36328125MB
INFO:root:[  262] Training loss: 0.22378862, Validation loss: 0.22798083, Gradient norm: 0.17027555
INFO:root:At the start of the epoch: mem (CPU python)=12864.80859375MB; mem (CPU total)=25239.08984375MB
INFO:root:[  263] Training loss: 0.22322661, Validation loss: 0.22743646, Gradient norm: 0.16748564
INFO:root:At the start of the epoch: mem (CPU python)=12885.97265625MB; mem (CPU total)=25289.9921875MB
INFO:root:EP 263: Early stopping
INFO:root:Training for autoregressive step 2 starts now.
INFO:root:Learning rate reduced to: [3.90625e-05]
INFO:root:At the start of the epoch: mem (CPU python)=12907.1484375MB; mem (CPU total)=25339.2109375MB
INFO:root:[  265] Training loss: 0.29025695, Validation loss: 0.28633443, Gradient norm: 0.40154294
INFO:root:At the start of the epoch: mem (CPU python)=12928.3203125MB; mem (CPU total)=25405.3515625MB
INFO:root:[  266] Training loss: 0.28778729, Validation loss: 0.28491495, Gradient norm: 0.34227601
INFO:root:At the start of the epoch: mem (CPU python)=12949.484375MB; mem (CPU total)=25473.1640625MB
INFO:root:[  267] Training loss: 0.28656118, Validation loss: 0.28521547, Gradient norm: 0.33121890
INFO:root:At the start of the epoch: mem (CPU python)=12970.6484375MB; mem (CPU total)=25537.82421875MB
INFO:root:[  268] Training loss: 0.28536020, Validation loss: 0.28414172, Gradient norm: 0.31709680
INFO:root:At the start of the epoch: mem (CPU python)=12991.81640625MB; mem (CPU total)=25604.34765625MB
INFO:root:[  269] Training loss: 0.28486922, Validation loss: 0.28340350, Gradient norm: 0.30000963
INFO:root:At the start of the epoch: mem (CPU python)=13012.98046875MB; mem (CPU total)=25669.78125MB
INFO:root:[  270] Training loss: 0.28420535, Validation loss: 0.28352361, Gradient norm: 0.30899347
INFO:root:At the start of the epoch: mem (CPU python)=13034.14453125MB; mem (CPU total)=25737.6015625MB
INFO:root:[  271] Training loss: 0.28364425, Validation loss: 0.28322608, Gradient norm: 0.34310903
INFO:root:At the start of the epoch: mem (CPU python)=13055.3203125MB; mem (CPU total)=25801.87890625MB
INFO:root:[  272] Training loss: 0.28455809, Validation loss: 0.28262640, Gradient norm: 0.34225161
INFO:root:At the start of the epoch: mem (CPU python)=13076.47265625MB; mem (CPU total)=25868.19140625MB
INFO:root:[  273] Training loss: 0.28418834, Validation loss: 0.28255632, Gradient norm: 0.32285843
INFO:root:At the start of the epoch: mem (CPU python)=13097.6328125MB; mem (CPU total)=25936.35546875MB
INFO:root:[  274] Training loss: 0.28521470, Validation loss: 0.28326152, Gradient norm: 0.30108188
INFO:root:At the start of the epoch: mem (CPU python)=13118.80078125MB; mem (CPU total)=26002.30078125MB
INFO:root:[  275] Training loss: 0.28431178, Validation loss: 0.28276861, Gradient norm: 0.29196015
INFO:root:At the start of the epoch: mem (CPU python)=13139.96484375MB; mem (CPU total)=26069.25390625MB
INFO:root:[  276] Training loss: 0.28403876, Validation loss: 0.28209675, Gradient norm: 0.30140103
INFO:root:At the start of the epoch: mem (CPU python)=13161.12890625MB; mem (CPU total)=26133.22265625MB
INFO:root:[  277] Training loss: 0.28493805, Validation loss: 0.28314586, Gradient norm: 0.30132060
INFO:root:At the start of the epoch: mem (CPU python)=13182.29296875MB; mem (CPU total)=26199.6640625MB
INFO:root:[  278] Training loss: 0.28367621, Validation loss: 0.28270050, Gradient norm: 0.29137117
INFO:root:At the start of the epoch: mem (CPU python)=13203.453125MB; mem (CPU total)=26265.29296875MB
INFO:root:[  279] Training loss: 0.28345044, Validation loss: 0.28232708, Gradient norm: 0.27539944
INFO:root:At the start of the epoch: mem (CPU python)=13224.6171875MB; mem (CPU total)=26332.75390625MB
INFO:root:[  280] Training loss: 0.28414346, Validation loss: 0.28177942, Gradient norm: 0.27982669
INFO:root:At the start of the epoch: mem (CPU python)=13245.78515625MB; mem (CPU total)=26398.19921875MB
INFO:root:[  281] Training loss: 0.28311850, Validation loss: 0.28179817, Gradient norm: 0.29424421
INFO:root:At the start of the epoch: mem (CPU python)=13266.94921875MB; mem (CPU total)=26418.7734375MB
INFO:root:[  282] Training loss: 0.28370176, Validation loss: 0.28222171, Gradient norm: 0.30815561
INFO:root:At the start of the epoch: mem (CPU python)=13288.109375MB; mem (CPU total)=26529.61328125MB
INFO:root:[  283] Training loss: 0.28348849, Validation loss: 0.28210987, Gradient norm: 0.30629493
INFO:root:At the start of the epoch: mem (CPU python)=13309.2734375MB; mem (CPU total)=26597.078125MB
INFO:root:[  284] Training loss: 0.28312557, Validation loss: 0.28208753, Gradient norm: 0.30455272
INFO:root:At the start of the epoch: mem (CPU python)=13330.4375MB; mem (CPU total)=26662.7890625MB
INFO:root:[  285] Training loss: 0.28276352, Validation loss: 0.28137004, Gradient norm: 0.29508675
INFO:root:At the start of the epoch: mem (CPU python)=13351.60546875MB; mem (CPU total)=26729.75MB
INFO:root:[  286] Training loss: 0.28368343, Validation loss: 0.28177122, Gradient norm: 0.29676999
INFO:root:At the start of the epoch: mem (CPU python)=13372.76953125MB; mem (CPU total)=26794.46484375MB
INFO:root:[  287] Training loss: 0.28370553, Validation loss: 0.28171320, Gradient norm: 0.29718118
INFO:root:At the start of the epoch: mem (CPU python)=13393.93359375MB; mem (CPU total)=26861.671875MB
INFO:root:[  288] Training loss: 0.28305171, Validation loss: 0.28118563, Gradient norm: 0.30657038
INFO:root:At the start of the epoch: mem (CPU python)=13415.09765625MB; mem (CPU total)=26928.15625MB
INFO:root:[  289] Training loss: 0.28284250, Validation loss: 0.28186663, Gradient norm: 0.30655690
INFO:root:At the start of the epoch: mem (CPU python)=13436.26171875MB; mem (CPU total)=26999.2734375MB
INFO:root:[  290] Training loss: 0.28230753, Validation loss: 0.28117832, Gradient norm: 0.28723685
INFO:root:At the start of the epoch: mem (CPU python)=13457.4296875MB; mem (CPU total)=27063.6328125MB
INFO:root:[  291] Training loss: 0.28278538, Validation loss: 0.28204427, Gradient norm: 0.29997020
INFO:root:At the start of the epoch: mem (CPU python)=13478.5859375MB; mem (CPU total)=27128.0546875MB
INFO:root:[  292] Training loss: 0.28391902, Validation loss: 0.28177881, Gradient norm: 0.29845721
INFO:root:At the start of the epoch: mem (CPU python)=13499.75390625MB; mem (CPU total)=27195.0234375MB
INFO:root:[  293] Training loss: 0.28259571, Validation loss: 0.28158903, Gradient norm: 0.31203023
INFO:root:At the start of the epoch: mem (CPU python)=13520.91796875MB; mem (CPU total)=27256.37890625MB
INFO:root:[  294] Training loss: 0.28238738, Validation loss: 0.28150539, Gradient norm: 0.28494403
INFO:root:At the start of the epoch: mem (CPU python)=13542.08203125MB; mem (CPU total)=27300.6875MB
INFO:root:[  295] Training loss: 0.28274674, Validation loss: 0.28134338, Gradient norm: 0.28992291
INFO:root:At the start of the epoch: mem (CPU python)=13563.2421875MB; mem (CPU total)=27346.20703125MB
INFO:root:[  296] Training loss: 0.28265576, Validation loss: 0.28089722, Gradient norm: 0.29101137
INFO:root:At the start of the epoch: mem (CPU python)=13584.41015625MB; mem (CPU total)=27389.54296875MB
INFO:root:[  297] Training loss: 0.28178788, Validation loss: 0.28102768, Gradient norm: 0.27934506
INFO:root:At the start of the epoch: mem (CPU python)=13605.5703125MB; mem (CPU total)=27468.01953125MB
INFO:root:[  298] Training loss: 0.28230678, Validation loss: 0.28046418, Gradient norm: 0.29330992
INFO:root:At the start of the epoch: mem (CPU python)=13626.7421875MB; mem (CPU total)=27490.71484375MB
INFO:root:[  299] Training loss: 0.28113382, Validation loss: 0.28050605, Gradient norm: 0.28435090
INFO:root:At the start of the epoch: mem (CPU python)=13647.90625MB; mem (CPU total)=27513.625MB
INFO:root:[  300] Training loss: 0.28244123, Validation loss: 0.28060459, Gradient norm: 0.29705121
INFO:root:At the start of the epoch: mem (CPU python)=13669.0703125MB; mem (CPU total)=27536.51953125MB
INFO:root:[  301] Training loss: 0.28173834, Validation loss: 0.28121847, Gradient norm: 0.28033981
INFO:root:At the start of the epoch: mem (CPU python)=13690.23046875MB; mem (CPU total)=27569.96875MB
INFO:root:[  302] Training loss: 0.28127391, Validation loss: 0.28029724, Gradient norm: 0.28559993
INFO:root:At the start of the epoch: mem (CPU python)=13711.3984375MB; mem (CPU total)=27591.18359375MB
INFO:root:[  303] Training loss: 0.28225270, Validation loss: 0.28224912, Gradient norm: 0.29960797
INFO:root:At the start of the epoch: mem (CPU python)=13732.55859375MB; mem (CPU total)=27620.12109375MB
INFO:root:[  304] Training loss: 0.28185647, Validation loss: 0.28073408, Gradient norm: 0.28457655
INFO:root:At the start of the epoch: mem (CPU python)=13753.7265625MB; mem (CPU total)=27681.78515625MB
INFO:root:[  305] Training loss: 0.28156486, Validation loss: 0.28053698, Gradient norm: 0.28262810
INFO:root:At the start of the epoch: mem (CPU python)=13774.890625MB; mem (CPU total)=27740.87109375MB
INFO:root:[  306] Training loss: 0.28073304, Validation loss: 0.28071561, Gradient norm: 0.29548710
INFO:root:At the start of the epoch: mem (CPU python)=13796.0546875MB; mem (CPU total)=27798.97265625MB
INFO:root:[  307] Training loss: 0.28220920, Validation loss: 0.28003957, Gradient norm: 0.29541151
INFO:root:At the start of the epoch: mem (CPU python)=13817.22265625MB; mem (CPU total)=27858.05859375MB
INFO:root:[  308] Training loss: 0.28278927, Validation loss: 0.28071699, Gradient norm: 0.28690954
INFO:root:At the start of the epoch: mem (CPU python)=13838.3828125MB; mem (CPU total)=27920.3125MB
INFO:root:[  309] Training loss: 0.28275899, Validation loss: 0.28061568, Gradient norm: 0.30227479
INFO:root:At the start of the epoch: mem (CPU python)=13859.55078125MB; mem (CPU total)=27979.12890625MB
INFO:root:[  310] Training loss: 0.28141508, Validation loss: 0.28081498, Gradient norm: 0.29051118
INFO:root:At the start of the epoch: mem (CPU python)=13880.7109375MB; mem (CPU total)=28037.72265625MB
INFO:root:[  311] Training loss: 0.28077627, Validation loss: 0.27997737, Gradient norm: 0.29482031
INFO:root:At the start of the epoch: mem (CPU python)=13901.875MB; mem (CPU total)=28097.30078125MB
INFO:root:[  312] Training loss: 0.28187625, Validation loss: 0.28036763, Gradient norm: 0.29967058
INFO:root:At the start of the epoch: mem (CPU python)=13923.03515625MB; mem (CPU total)=28158.6171875MB
INFO:root:[  313] Training loss: 0.28143168, Validation loss: 0.28004698, Gradient norm: 0.30379272
INFO:root:At the start of the epoch: mem (CPU python)=13944.19921875MB; mem (CPU total)=28216.2421875MB
INFO:root:[  314] Training loss: 0.28152242, Validation loss: 0.28006570, Gradient norm: 0.28526964
INFO:root:At the start of the epoch: mem (CPU python)=13965.3671875MB; mem (CPU total)=28274.3359375MB
INFO:root:[  315] Training loss: 0.28175923, Validation loss: 0.27985800, Gradient norm: 0.29742962
INFO:root:At the start of the epoch: mem (CPU python)=13986.53125MB; mem (CPU total)=28333.15625MB
INFO:root:[  316] Training loss: 0.28173859, Validation loss: 0.27991524, Gradient norm: 0.28917118
INFO:root:At the start of the epoch: mem (CPU python)=14007.6953125MB; mem (CPU total)=28394.88671875MB
INFO:root:[  317] Training loss: 0.28109244, Validation loss: 0.28021659, Gradient norm: 0.31440697
INFO:root:At the start of the epoch: mem (CPU python)=14028.859375MB; mem (CPU total)=28451.7734375MB
INFO:root:[  318] Training loss: 0.28193400, Validation loss: 0.27979504, Gradient norm: 0.29563822
INFO:root:At the start of the epoch: mem (CPU python)=14050.02734375MB; mem (CPU total)=28510.61328125MB
INFO:root:[  319] Training loss: 0.28162086, Validation loss: 0.28010205, Gradient norm: 0.27782232
INFO:root:At the start of the epoch: mem (CPU python)=14071.1875MB; mem (CPU total)=28568.94140625MB
INFO:root:[  320] Training loss: 0.28047078, Validation loss: 0.27996413, Gradient norm: 0.28748067
INFO:root:At the start of the epoch: mem (CPU python)=14092.3515625MB; mem (CPU total)=28747.8359375MB
INFO:root:[  321] Training loss: 0.28151433, Validation loss: 0.27990278, Gradient norm: 0.28390231
INFO:root:At the start of the epoch: mem (CPU python)=14113.515625MB; mem (CPU total)=28808.140625MB
INFO:root:[  322] Training loss: 0.28113997, Validation loss: 0.28057625, Gradient norm: 0.28068472
INFO:root:At the start of the epoch: mem (CPU python)=14134.6796875MB; mem (CPU total)=28866.734375MB
INFO:root:[  323] Training loss: 0.28253144, Validation loss: 0.28031030, Gradient norm: 0.29572576
INFO:root:At the start of the epoch: mem (CPU python)=14155.84375MB; mem (CPU total)=28926.9921875MB
INFO:root:[  324] Training loss: 0.28052792, Validation loss: 0.27978275, Gradient norm: 0.28090536
INFO:root:At the start of the epoch: mem (CPU python)=14177.01171875MB; mem (CPU total)=28986.30078125MB
INFO:root:[  325] Training loss: 0.28187381, Validation loss: 0.28077479, Gradient norm: 0.29747551
INFO:root:At the start of the epoch: mem (CPU python)=14198.17578125MB; mem (CPU total)=29044.125MB
INFO:root:[  326] Training loss: 0.28074747, Validation loss: 0.27992794, Gradient norm: 0.31659261
INFO:root:At the start of the epoch: mem (CPU python)=14219.34375MB; mem (CPU total)=29101.48828125MB
INFO:root:[  327] Training loss: 0.28081626, Validation loss: 0.27947047, Gradient norm: 0.27514027
INFO:root:At the start of the epoch: mem (CPU python)=14240.5078125MB; mem (CPU total)=29167.41796875MB
INFO:root:[  328] Training loss: 0.28115169, Validation loss: 0.27978561, Gradient norm: 0.29852709
INFO:root:At the start of the epoch: mem (CPU python)=14261.671875MB; mem (CPU total)=29224.2890625MB
INFO:root:[  329] Training loss: 0.28136189, Validation loss: 0.27955573, Gradient norm: 0.28891694
INFO:root:At the start of the epoch: mem (CPU python)=14282.828125MB; mem (CPU total)=29317.26953125MB
INFO:root:[  330] Training loss: 0.28179913, Validation loss: 0.28112822, Gradient norm: 0.28677593
INFO:root:At the start of the epoch: mem (CPU python)=14303.9921875MB; mem (CPU total)=29414.98828125MB
INFO:root:[  331] Training loss: 0.28026264, Validation loss: 0.27941072, Gradient norm: 0.27316665
INFO:root:At the start of the epoch: mem (CPU python)=14325.16015625MB; mem (CPU total)=29508.08203125MB
INFO:root:[  332] Training loss: 0.28058786, Validation loss: 0.27956499, Gradient norm: 0.28859972
INFO:root:At the start of the epoch: mem (CPU python)=14346.32421875MB; mem (CPU total)=29601.33984375MB
INFO:root:[  333] Training loss: 0.28188978, Validation loss: 0.27978136, Gradient norm: 0.28365549
INFO:root:At the start of the epoch: mem (CPU python)=14367.48828125MB; mem (CPU total)=29693.52734375MB
INFO:root:[  334] Training loss: 0.28016510, Validation loss: 0.27975724, Gradient norm: 0.26800636
INFO:root:At the start of the epoch: mem (CPU python)=14388.65234375MB; mem (CPU total)=29790.75390625MB
INFO:root:[  335] Training loss: 0.28092688, Validation loss: 0.27946313, Gradient norm: 0.28184309
INFO:root:At the start of the epoch: mem (CPU python)=14409.81640625MB; mem (CPU total)=29880.8984375MB
INFO:root:[  336] Training loss: 0.28151068, Validation loss: 0.27974258, Gradient norm: 0.28706547
INFO:root:At the start of the epoch: mem (CPU python)=14430.984375MB; mem (CPU total)=29972.45703125MB
INFO:root:[  337] Training loss: 0.28096663, Validation loss: 0.28032549, Gradient norm: 0.30611450
INFO:root:At the start of the epoch: mem (CPU python)=14452.1484375MB; mem (CPU total)=30067.671875MB
INFO:root:[  338] Training loss: 0.28056472, Validation loss: 0.27947605, Gradient norm: 0.29820586
INFO:root:At the start of the epoch: mem (CPU python)=14473.30859375MB; mem (CPU total)=30157.734375MB
INFO:root:[  339] Training loss: 0.28022322, Validation loss: 0.27976223, Gradient norm: 0.26368988
INFO:root:At the start of the epoch: mem (CPU python)=14494.47265625MB; mem (CPU total)=30249.2734375MB
INFO:root:[  340] Training loss: 0.28177766, Validation loss: 0.28025651, Gradient norm: 0.29971700
INFO:root:At the start of the epoch: mem (CPU python)=14515.63671875MB; mem (CPU total)=30345.2578125MB
INFO:root:EP 340: Early stopping
INFO:root:After finishing all epochs: mem (CPU python)=14536.8046875MB; mem (CPU total)=30420.0703125MB
INFO:root:Training the model took 14399.505s.
INFO:root:Emptying the cuda cache took 0.051s.
INFO:root:Starting evaluation: model SFNO & uncertainty quantification deterministic
INFO:root:Evaluating the model on Validation data.
INFO:root:MSEValidation: 0.32756
INFO:root:EnergyScoreValidation: 0.32756
INFO:root:CRPSValidation: 0.13674
INFO:root:Gaussian NLLValidation: 18078700293.11836
INFO:root:CoverageValidation: 0.0
INFO:root:IntervalWidthValidation: 0.0
INFO:root:Evaluating the model on Test data.
INFO:root:MSETest: 0.26873
INFO:root:EnergyScoreTest: 0.26387
INFO:root:CRPSTest: 0.10803
INFO:root:Gaussian NLLTest: 12185345687.552
INFO:root:CoverageTest: 0.0
INFO:root:IntervalWidthTest: 0.0
INFO:root:After validation: mem (CPU python)=14537.5MB; mem (CPU total)=30930.20703125MB
INFO:root:###3 out of 3 training parameter combinations ###
INFO:root:Training parameters: {'seed': 123456, 'model': 'SFNO', 'uncertainty_quantification': 'deterministic', 'batch_size': 32, 'n_epochs': 1000, 'early_stopping': 10, 'init': 'default', 'learning_rate': 0.005, 'lr_schedule': 'step', 'optimizer': 'adam', 'gradient_clipping': 1, 'layer_normalization': True, 'data_loader_pin_memory': False, 'data_loader_num_workers': 0, 'distributed_training': False, 'alpha': 0.05, 'n_samples_uq': 100, 'weight_decay': 0, 'dropout': 0.001, 'fourier_dropout': None, 'hidden_channels': 32, 'projection_channels': 256, 'lifting_channels': 256, 'n_modes': (32, 32), 'n_samples': 3}
INFO:root:After creating the dataloaders: mem (CPU python)=14537.5MB; mem (CPU total)=30945.25390625MB
INFO:root:NumberParameters: 284835
INFO:root:GPU memory allocated: 176160768
INFO:root:After setting up the model: mem (CPU python)=14537.5MB; mem (CPU total)=30977.16015625MB
INFO:root:Training starts now.
INFO:root:At the start of the epoch: mem (CPU python)=14537.5MB; mem (CPU total)=30992.15625MB
INFO:root:[    1] Training loss: 0.82436104, Validation loss: 0.73972686, Gradient norm: 0.54848200
INFO:root:At the start of the epoch: mem (CPU python)=14554.69921875MB; mem (CPU total)=31073.12890625MB
INFO:root:[    2] Training loss: 0.73341816, Validation loss: 0.73248820, Gradient norm: 0.30224459
INFO:root:At the start of the epoch: mem (CPU python)=14576.5625MB; mem (CPU total)=31137.1484375MB
INFO:root:[    3] Training loss: 0.73030238, Validation loss: 0.72810549, Gradient norm: 0.23630841
INFO:root:At the start of the epoch: mem (CPU python)=14597.73828125MB; mem (CPU total)=31202.1640625MB
INFO:root:[    4] Training loss: 0.70812322, Validation loss: 0.67784271, Gradient norm: 0.39648029
INFO:root:At the start of the epoch: mem (CPU python)=14618.90234375MB; mem (CPU total)=31269.1171875MB
INFO:root:[    5] Training loss: 0.63548813, Validation loss: 0.60474902, Gradient norm: 0.41895870
INFO:root:At the start of the epoch: mem (CPU python)=14640.06640625MB; mem (CPU total)=31335.578125MB
INFO:root:[    6] Training loss: 0.57470719, Validation loss: 0.55892625, Gradient norm: 0.53058662
INFO:root:At the start of the epoch: mem (CPU python)=14661.23046875MB; mem (CPU total)=31404.5MB
INFO:root:[    7] Training loss: 0.54360961, Validation loss: 0.53142603, Gradient norm: 0.43881398
INFO:root:At the start of the epoch: mem (CPU python)=14682.39453125MB; mem (CPU total)=31472.09765625MB
INFO:root:[    8] Training loss: 0.52813110, Validation loss: 0.51639807, Gradient norm: 0.50031668
INFO:root:At the start of the epoch: mem (CPU python)=14703.55859375MB; mem (CPU total)=31540.76953125MB
INFO:root:[    9] Training loss: 0.51449911, Validation loss: 0.50600454, Gradient norm: 0.44092326
INFO:root:At the start of the epoch: mem (CPU python)=14724.71875MB; mem (CPU total)=31598.45703125MB
INFO:root:[   10] Training loss: 0.50516637, Validation loss: 0.49719116, Gradient norm: 0.46737887
INFO:root:At the start of the epoch: mem (CPU python)=14745.8828125MB; mem (CPU total)=31665.5078125MB
INFO:root:[   11] Training loss: 0.48742111, Validation loss: 0.46975154, Gradient norm: 0.47108996
INFO:root:At the start of the epoch: mem (CPU python)=14767.046875MB; mem (CPU total)=31733.32421875MB
INFO:root:[   12] Training loss: 0.46819348, Validation loss: 0.45757340, Gradient norm: 0.53892462
INFO:root:At the start of the epoch: mem (CPU python)=14788.2109375MB; mem (CPU total)=31808.390625MB
INFO:root:[   13] Training loss: 0.46023070, Validation loss: 0.45709897, Gradient norm: 0.49516879
INFO:root:At the start of the epoch: mem (CPU python)=14809.37890625MB; mem (CPU total)=31875.4609375MB
INFO:root:[   14] Training loss: 0.45478068, Validation loss: 0.44684461, Gradient norm: 0.48926414
INFO:root:At the start of the epoch: mem (CPU python)=14830.54296875MB; mem (CPU total)=31941.64453125MB
INFO:root:[   15] Training loss: 0.45045838, Validation loss: 0.44470391, Gradient norm: 0.52180142
INFO:root:At the start of the epoch: mem (CPU python)=14851.70703125MB; mem (CPU total)=32005.58203125MB
INFO:root:[   16] Training loss: 0.44569863, Validation loss: 0.43825441, Gradient norm: 0.51614216
INFO:root:At the start of the epoch: mem (CPU python)=14872.8671875MB; mem (CPU total)=32073.20703125MB
INFO:root:[   17] Training loss: 0.43799559, Validation loss: 0.43243879, Gradient norm: 0.48827364
INFO:root:At the start of the epoch: mem (CPU python)=14894.03125MB; mem (CPU total)=32140.18359375MB
INFO:root:[   18] Training loss: 0.43103084, Validation loss: 0.42679153, Gradient norm: 0.50578031
INFO:root:At the start of the epoch: mem (CPU python)=14915.19921875MB; mem (CPU total)=32207.23046875MB
INFO:root:[   19] Training loss: 0.42446628, Validation loss: 0.41555832, Gradient norm: 0.53040104
INFO:root:At the start of the epoch: mem (CPU python)=14936.36328125MB; mem (CPU total)=32273.8671875MB
INFO:root:[   20] Training loss: 0.41753190, Validation loss: 0.41100344, Gradient norm: 0.53660211
INFO:root:At the start of the epoch: mem (CPU python)=14957.52734375MB; mem (CPU total)=32341.26953125MB
INFO:root:[   21] Training loss: 0.41252660, Validation loss: 0.40664427, Gradient norm: 0.50092503
INFO:root:At the start of the epoch: mem (CPU python)=14978.69140625MB; mem (CPU total)=32408.67578125MB
INFO:root:[   22] Training loss: 0.40821237, Validation loss: 0.40126512, Gradient norm: 0.51670113
INFO:root:At the start of the epoch: mem (CPU python)=14999.88671875MB; mem (CPU total)=32474.51953125MB
INFO:root:[   23] Training loss: 0.40555485, Validation loss: 0.40028853, Gradient norm: 0.49771352
INFO:root:At the start of the epoch: mem (CPU python)=15021.05859375MB; mem (CPU total)=32546.1171875MB
INFO:root:[   24] Training loss: 0.40235325, Validation loss: 0.39967688, Gradient norm: 0.47151308
INFO:root:At the start of the epoch: mem (CPU python)=15042.22265625MB; mem (CPU total)=32611.50390625MB
INFO:root:[   25] Training loss: 0.40047967, Validation loss: 0.39644927, Gradient norm: 0.47448041
INFO:root:At the start of the epoch: mem (CPU python)=15063.38671875MB; mem (CPU total)=32670.82421875MB
INFO:root:[   26] Training loss: 0.39955571, Validation loss: 0.39230371, Gradient norm: 0.49762621
INFO:root:At the start of the epoch: mem (CPU python)=15084.54296875MB; mem (CPU total)=32740.22265625MB
INFO:root:[   27] Training loss: 0.39696025, Validation loss: 0.39193460, Gradient norm: 0.47055988
INFO:root:At the start of the epoch: mem (CPU python)=15105.70703125MB; mem (CPU total)=32806.71484375MB
INFO:root:[   28] Training loss: 0.39560920, Validation loss: 0.39097052, Gradient norm: 0.46118651
INFO:root:At the start of the epoch: mem (CPU python)=15126.87109375MB; mem (CPU total)=32872.40234375MB
INFO:root:[   29] Training loss: 0.39502216, Validation loss: 0.38836347, Gradient norm: 0.48817453
INFO:root:At the start of the epoch: mem (CPU python)=15148.04296875MB; mem (CPU total)=32938.3671875MB
INFO:root:[   30] Training loss: 0.39315428, Validation loss: 0.38766824, Gradient norm: 0.45914406
INFO:root:At the start of the epoch: mem (CPU python)=15169.20703125MB; mem (CPU total)=33006.79296875MB
INFO:root:[   31] Training loss: 0.39154036, Validation loss: 0.38728422, Gradient norm: 0.43766215
INFO:root:At the start of the epoch: mem (CPU python)=15190.37109375MB; mem (CPU total)=33074.76171875MB
INFO:root:[   32] Training loss: 0.39128687, Validation loss: 0.38622543, Gradient norm: 0.49347533
INFO:root:At the start of the epoch: mem (CPU python)=15211.53515625MB; mem (CPU total)=33142.20703125MB
INFO:root:[   33] Training loss: 0.38927347, Validation loss: 0.39263642, Gradient norm: 0.44826451
INFO:root:At the start of the epoch: mem (CPU python)=15232.69921875MB; mem (CPU total)=33210.421875MB
INFO:root:[   34] Training loss: 0.38811740, Validation loss: 0.38372896, Gradient norm: 0.45265721
INFO:root:At the start of the epoch: mem (CPU python)=15253.8671875MB; mem (CPU total)=33278.60546875MB
INFO:root:[   35] Training loss: 0.38660121, Validation loss: 0.38257002, Gradient norm: 0.46420970
INFO:root:At the start of the epoch: mem (CPU python)=15275.02734375MB; mem (CPU total)=33343.85546875MB
INFO:root:[   36] Training loss: 0.38599812, Validation loss: 0.37993246, Gradient norm: 0.46891203
INFO:root:At the start of the epoch: mem (CPU python)=15296.19140625MB; mem (CPU total)=33410.8046875MB
INFO:root:[   37] Training loss: 0.38474457, Validation loss: 0.38256676, Gradient norm: 0.48573463
INFO:root:At the start of the epoch: mem (CPU python)=15317.35546875MB; mem (CPU total)=33478.49609375MB
INFO:root:[   38] Training loss: 0.38221113, Validation loss: 0.37894725, Gradient norm: 0.43376721
INFO:root:At the start of the epoch: mem (CPU python)=15338.67578125MB; mem (CPU total)=33546.26953125MB
INFO:root:[   39] Training loss: 0.38161980, Validation loss: 0.37840047, Gradient norm: 0.46454960
INFO:root:At the start of the epoch: mem (CPU python)=15359.84375MB; mem (CPU total)=33614.63671875MB
INFO:root:[   40] Training loss: 0.38062586, Validation loss: 0.37603176, Gradient norm: 0.49019459
INFO:root:At the start of the epoch: mem (CPU python)=15381.0078125MB; mem (CPU total)=33682.57421875MB
INFO:root:[   41] Training loss: 0.37947462, Validation loss: 0.37509195, Gradient norm: 0.46711861
INFO:root:At the start of the epoch: mem (CPU python)=15402.171875MB; mem (CPU total)=33748.02734375MB
INFO:root:[   42] Training loss: 0.37726396, Validation loss: 0.37476458, Gradient norm: 0.46474627
INFO:root:At the start of the epoch: mem (CPU python)=15423.3359375MB; mem (CPU total)=33813.453125MB
INFO:root:[   43] Training loss: 0.37638491, Validation loss: 0.37133039, Gradient norm: 0.48165979
INFO:root:At the start of the epoch: mem (CPU python)=15444.49609375MB; mem (CPU total)=33880.14453125MB
INFO:root:[   44] Training loss: 0.37551320, Validation loss: 0.37049415, Gradient norm: 0.49506703
INFO:root:At the start of the epoch: mem (CPU python)=15465.66015625MB; mem (CPU total)=33946.7265625MB
INFO:root:[   45] Training loss: 0.37375099, Validation loss: 0.37081677, Gradient norm: 0.44936270
INFO:root:At the start of the epoch: mem (CPU python)=15486.8203125MB; mem (CPU total)=34015.140625MB
INFO:root:[   46] Training loss: 0.37218718, Validation loss: 0.37163435, Gradient norm: 0.46062537
INFO:root:At the start of the epoch: mem (CPU python)=15507.98828125MB; mem (CPU total)=34082.3046875MB
INFO:root:[   47] Training loss: 0.37135969, Validation loss: 0.37299185, Gradient norm: 0.46453117
INFO:root:At the start of the epoch: mem (CPU python)=15529.15234375MB; mem (CPU total)=34147.75MB
INFO:root:[   48] Training loss: 0.37055446, Validation loss: 0.36650249, Gradient norm: 0.49471211
INFO:root:At the start of the epoch: mem (CPU python)=15550.31640625MB; mem (CPU total)=34215.1796875MB
INFO:root:[   49] Training loss: 0.36893358, Validation loss: 0.36662806, Gradient norm: 0.46804385
INFO:root:At the start of the epoch: mem (CPU python)=15571.48046875MB; mem (CPU total)=34282.16015625MB
INFO:root:[   50] Training loss: 0.36820056, Validation loss: 0.36537280, Gradient norm: 0.47298847
INFO:root:At the start of the epoch: mem (CPU python)=15592.6484375MB; mem (CPU total)=34351.8203125MB
INFO:root:[   51] Training loss: 0.36759634, Validation loss: 0.36168801, Gradient norm: 0.48303161
INFO:root:At the start of the epoch: mem (CPU python)=15613.8125MB; mem (CPU total)=34419.4921875MB
INFO:root:[   52] Training loss: 0.36567705, Validation loss: 0.36334075, Gradient norm: 0.46631937
INFO:root:At the start of the epoch: mem (CPU python)=15634.9765625MB; mem (CPU total)=34486.67578125MB
INFO:root:[   53] Training loss: 0.36505934, Validation loss: 0.36105577, Gradient norm: 0.46484834
INFO:root:At the start of the epoch: mem (CPU python)=15656.140625MB; mem (CPU total)=34553.62890625MB
INFO:root:[   54] Training loss: 0.36480943, Validation loss: 0.36190755, Gradient norm: 0.48953375
INFO:root:At the start of the epoch: mem (CPU python)=15677.30078125MB; mem (CPU total)=34622.0390625MB
INFO:root:[   55] Training loss: 0.36310561, Validation loss: 0.36116395, Gradient norm: 0.47842939
INFO:root:At the start of the epoch: mem (CPU python)=15698.46484375MB; mem (CPU total)=34691.03515625MB
INFO:root:[   56] Training loss: 0.36225870, Validation loss: 0.35708475, Gradient norm: 0.45597029
INFO:root:At the start of the epoch: mem (CPU python)=15719.6328125MB; mem (CPU total)=34758.51171875MB
INFO:root:[   57] Training loss: 0.36172354, Validation loss: 0.35796014, Gradient norm: 0.49321464
INFO:root:At the start of the epoch: mem (CPU python)=15740.796875MB; mem (CPU total)=34823.234375MB
INFO:root:[   58] Training loss: 0.36051609, Validation loss: 0.36138830, Gradient norm: 0.45201414
INFO:root:At the start of the epoch: mem (CPU python)=15761.95703125MB; mem (CPU total)=34886.84765625MB
INFO:root:[   59] Training loss: 0.35963999, Validation loss: 0.35580692, Gradient norm: 0.46600159
INFO:root:At the start of the epoch: mem (CPU python)=15783.125MB; mem (CPU total)=34953.984375MB
INFO:root:[   60] Training loss: 0.35932266, Validation loss: 0.35615764, Gradient norm: 0.49014301
INFO:root:At the start of the epoch: mem (CPU python)=15804.28515625MB; mem (CPU total)=35021.65625MB
INFO:root:[   61] Training loss: 0.35850168, Validation loss: 0.35501342, Gradient norm: 0.47752741
INFO:root:At the start of the epoch: mem (CPU python)=15825.453125MB; mem (CPU total)=35087.609375MB
INFO:root:[   62] Training loss: 0.35787045, Validation loss: 0.35409783, Gradient norm: 0.48194196
INFO:root:At the start of the epoch: mem (CPU python)=15846.6171875MB; mem (CPU total)=35155.53125MB
INFO:root:[   63] Training loss: 0.35656746, Validation loss: 0.35473051, Gradient norm: 0.48297992
INFO:root:At the start of the epoch: mem (CPU python)=15867.78125MB; mem (CPU total)=35222.66796875MB
INFO:root:[   64] Training loss: 0.35596061, Validation loss: 0.35188016, Gradient norm: 0.48542775
INFO:root:At the start of the epoch: mem (CPU python)=15888.94140625MB; mem (CPU total)=35287.9609375MB
INFO:root:[   65] Training loss: 0.35441204, Validation loss: 0.35203867, Gradient norm: 0.45706091
INFO:root:At the start of the epoch: mem (CPU python)=15910.10546875MB; mem (CPU total)=35356.07421875MB
INFO:root:[   66] Training loss: 0.35423129, Validation loss: 0.34937596, Gradient norm: 0.47524605
INFO:root:At the start of the epoch: mem (CPU python)=15931.2734375MB; mem (CPU total)=35422.54296875MB
INFO:root:[   67] Training loss: 0.35286564, Validation loss: 0.34870349, Gradient norm: 0.46817731
INFO:root:At the start of the epoch: mem (CPU python)=15952.4375MB; mem (CPU total)=35487.98828125MB
INFO:root:[   68] Training loss: 0.35269412, Validation loss: 0.34864826, Gradient norm: 0.49387849
INFO:root:At the start of the epoch: mem (CPU python)=15973.6015625MB; mem (CPU total)=35554.11328125MB
INFO:root:[   69] Training loss: 0.35159228, Validation loss: 0.34856634, Gradient norm: 0.47842823
INFO:root:At the start of the epoch: mem (CPU python)=15994.765625MB; mem (CPU total)=35622.3671875MB
INFO:root:[   70] Training loss: 0.35061479, Validation loss: 0.34992711, Gradient norm: 0.48889038
INFO:root:At the start of the epoch: mem (CPU python)=16015.9296875MB; mem (CPU total)=35690.109375MB
INFO:root:[   71] Training loss: 0.34949426, Validation loss: 0.34587742, Gradient norm: 0.46161219
INFO:root:At the start of the epoch: mem (CPU python)=16037.09765625MB; mem (CPU total)=35757.80078125MB
INFO:root:[   72] Training loss: 0.34793068, Validation loss: 0.34712606, Gradient norm: 0.47079144
INFO:root:At the start of the epoch: mem (CPU python)=16058.26171875MB; mem (CPU total)=35825.24609375MB
INFO:root:[   73] Training loss: 0.34763366, Validation loss: 0.34585459, Gradient norm: 0.48817575
INFO:root:At the start of the epoch: mem (CPU python)=16079.42578125MB; mem (CPU total)=35889.484375MB
INFO:root:[   74] Training loss: 0.34628325, Validation loss: 0.34768999, Gradient norm: 0.48027074
INFO:root:At the start of the epoch: mem (CPU python)=16100.58984375MB; mem (CPU total)=35953.484375MB
INFO:root:[   75] Training loss: 0.34529964, Validation loss: 0.34503096, Gradient norm: 0.45957066
INFO:root:At the start of the epoch: mem (CPU python)=16121.75390625MB; mem (CPU total)=36017.13671875MB
INFO:root:[   76] Training loss: 0.34420622, Validation loss: 0.34140891, Gradient norm: 0.45259741
INFO:root:At the start of the epoch: mem (CPU python)=16142.91796875MB; mem (CPU total)=36082.3671875MB
INFO:root:[   77] Training loss: 0.34347515, Validation loss: 0.34027096, Gradient norm: 0.50469923
INFO:root:At the start of the epoch: mem (CPU python)=16164.078125MB; mem (CPU total)=36151.01171875MB
INFO:root:[   78] Training loss: 0.34202808, Validation loss: 0.33964423, Gradient norm: 0.46676726
INFO:root:At the start of the epoch: mem (CPU python)=16185.24609375MB; mem (CPU total)=36218.59375MB
INFO:root:[   79] Training loss: 0.34055001, Validation loss: 0.33666125, Gradient norm: 0.44466950
INFO:root:At the start of the epoch: mem (CPU python)=16206.41015625MB; mem (CPU total)=36283.8671875MB
INFO:root:[   80] Training loss: 0.33994429, Validation loss: 0.34002306, Gradient norm: 0.49348647
INFO:root:At the start of the epoch: mem (CPU python)=16227.57421875MB; mem (CPU total)=36351.55078125MB
INFO:root:[   81] Training loss: 0.33948215, Validation loss: 0.33594773, Gradient norm: 0.49619454
INFO:root:At the start of the epoch: mem (CPU python)=16248.73828125MB; mem (CPU total)=36418.47265625MB
INFO:root:[   82] Training loss: 0.33797916, Validation loss: 0.33627702, Gradient norm: 0.50062500
INFO:root:At the start of the epoch: mem (CPU python)=16269.8984375MB; mem (CPU total)=36485.671875MB
INFO:root:[   83] Training loss: 0.33728408, Validation loss: 0.33403018, Gradient norm: 0.49552077
INFO:root:At the start of the epoch: mem (CPU python)=16291.06640625MB; mem (CPU total)=36555.0859375MB
INFO:root:[   84] Training loss: 0.33523315, Validation loss: 0.33205406, Gradient norm: 0.46854434
INFO:root:At the start of the epoch: mem (CPU python)=16312.23046875MB; mem (CPU total)=36621.7890625MB
INFO:root:[   85] Training loss: 0.33405466, Validation loss: 0.33140905, Gradient norm: 0.50339683
INFO:root:At the start of the epoch: mem (CPU python)=16333.39453125MB; mem (CPU total)=36688.7421875MB
INFO:root:[   86] Training loss: 0.33260681, Validation loss: 0.33056794, Gradient norm: 0.50151328
INFO:root:At the start of the epoch: mem (CPU python)=16355.68359375MB; mem (CPU total)=36761.03515625MB
INFO:root:[   87] Training loss: 0.33154657, Validation loss: 0.32816717, Gradient norm: 0.48827233
INFO:root:At the start of the epoch: mem (CPU python)=16376.84765625MB; mem (CPU total)=36826.4453125MB
INFO:root:[   88] Training loss: 0.33008089, Validation loss: 0.33064844, Gradient norm: 0.50876417
INFO:root:At the start of the epoch: mem (CPU python)=16398.01171875MB; mem (CPU total)=36889.70703125MB
INFO:root:[   89] Training loss: 0.32976738, Validation loss: 0.32885271, Gradient norm: 0.51900866
INFO:root:At the start of the epoch: mem (CPU python)=16419.17578125MB; mem (CPU total)=36953.44140625MB
INFO:root:[   90] Training loss: 0.32790381, Validation loss: 0.32707622, Gradient norm: 0.51417899
INFO:root:At the start of the epoch: mem (CPU python)=16440.34375MB; mem (CPU total)=37020.1484375MB
INFO:root:[   91] Training loss: 0.32695637, Validation loss: 0.32795049, Gradient norm: 0.52829704
INFO:root:At the start of the epoch: mem (CPU python)=16461.5078125MB; mem (CPU total)=37085.5625MB
INFO:root:[   92] Training loss: 0.32588717, Validation loss: 0.32260360, Gradient norm: 0.51491650
INFO:root:At the start of the epoch: mem (CPU python)=16482.66796875MB; mem (CPU total)=37153.03515625MB
INFO:root:[   93] Training loss: 0.32468610, Validation loss: 0.32284001, Gradient norm: 0.51995165
INFO:root:At the start of the epoch: mem (CPU python)=16503.828125MB; mem (CPU total)=37222.234375MB
INFO:root:[   94] Training loss: 0.32348091, Validation loss: 0.32141185, Gradient norm: 0.50071664
INFO:root:At the start of the epoch: mem (CPU python)=16524.99609375MB; mem (CPU total)=37289.34375MB
INFO:root:[   95] Training loss: 0.32260008, Validation loss: 0.31992697, Gradient norm: 0.49322590
INFO:root:At the start of the epoch: mem (CPU python)=16546.6484375MB; mem (CPU total)=37352.359375MB
INFO:root:[   96] Training loss: 0.32206770, Validation loss: 0.31970710, Gradient norm: 0.54608066
INFO:root:At the start of the epoch: mem (CPU python)=16568.44921875MB; mem (CPU total)=37425.45703125MB
INFO:root:[   97] Training loss: 0.32061370, Validation loss: 0.31785709, Gradient norm: 0.50685775
INFO:root:At the start of the epoch: mem (CPU python)=16589.61328125MB; mem (CPU total)=37490.1953125MB
INFO:root:[   98] Training loss: 0.31990613, Validation loss: 0.31757597, Gradient norm: 0.54996560
INFO:root:At the start of the epoch: mem (CPU python)=16610.77734375MB; mem (CPU total)=37559.33984375MB
INFO:root:[   99] Training loss: 0.31890453, Validation loss: 0.31800944, Gradient norm: 0.52288632
INFO:root:At the start of the epoch: mem (CPU python)=16631.94140625MB; mem (CPU total)=37629.84375MB
INFO:root:[  100] Training loss: 0.31781571, Validation loss: 0.31506963, Gradient norm: 0.51859263
INFO:root:At the start of the epoch: mem (CPU python)=16653.109375MB; mem (CPU total)=37697.9453125MB
INFO:root:[  101] Training loss: 0.31704279, Validation loss: 0.31831282, Gradient norm: 0.51259112
INFO:root:At the start of the epoch: mem (CPU python)=16674.26953125MB; mem (CPU total)=37765.58984375MB
INFO:root:[  102] Training loss: 0.31667701, Validation loss: 0.31609147, Gradient norm: 0.53915766
INFO:root:At the start of the epoch: mem (CPU python)=16696.18359375MB; mem (CPU total)=37829.390625MB
INFO:root:[  103] Training loss: 0.31523063, Validation loss: 0.31451102, Gradient norm: 0.52946608
INFO:root:At the start of the epoch: mem (CPU python)=16717.34765625MB; mem (CPU total)=37894.578125MB
INFO:root:[  104] Training loss: 0.31433946, Validation loss: 0.31189099, Gradient norm: 0.53122073
INFO:root:At the start of the epoch: mem (CPU python)=16738.51171875MB; mem (CPU total)=37960.30078125MB
INFO:root:[  105] Training loss: 0.31392816, Validation loss: 0.31254674, Gradient norm: 0.51540888
INFO:root:At the start of the epoch: mem (CPU python)=16759.67578125MB; mem (CPU total)=38027.39453125MB
INFO:root:[  106] Training loss: 0.31376071, Validation loss: 0.31302862, Gradient norm: 0.53267072
INFO:root:At the start of the epoch: mem (CPU python)=16780.84375MB; mem (CPU total)=38095.88671875MB
INFO:root:[  107] Training loss: 0.31227487, Validation loss: 0.31196042, Gradient norm: 0.52202003
INFO:root:At the start of the epoch: mem (CPU python)=16802.04296875MB; mem (CPU total)=38163.234375MB
INFO:root:[  108] Training loss: 0.31105095, Validation loss: 0.31134339, Gradient norm: 0.52120160
INFO:root:At the start of the epoch: mem (CPU python)=16823.546875MB; mem (CPU total)=38229.7890625MB
INFO:root:[  109] Training loss: 0.31127624, Validation loss: 0.30823469, Gradient norm: 0.54973110
INFO:root:At the start of the epoch: mem (CPU python)=16844.7109375MB; mem (CPU total)=38296.984375MB
INFO:root:[  110] Training loss: 0.30993729, Validation loss: 0.31293108, Gradient norm: 0.51996304
INFO:root:At the start of the epoch: mem (CPU python)=16865.87109375MB; mem (CPU total)=38366.890625MB
INFO:root:[  111] Training loss: 0.30926476, Validation loss: 0.30847845, Gradient norm: 0.52802063
INFO:root:At the start of the epoch: mem (CPU python)=16887.03515625MB; mem (CPU total)=38435.06640625MB
INFO:root:[  112] Training loss: 0.30855211, Validation loss: 0.30964847, Gradient norm: 0.51606121
INFO:root:At the start of the epoch: mem (CPU python)=16908.19921875MB; mem (CPU total)=38504.234375MB
INFO:root:[  113] Training loss: 0.30763335, Validation loss: 0.30656940, Gradient norm: 0.52963677
INFO:root:At the start of the epoch: mem (CPU python)=16929.36328125MB; mem (CPU total)=38572.171875MB
INFO:root:[  114] Training loss: 0.30753903, Validation loss: 0.30907702, Gradient norm: 0.53944851
INFO:root:At the start of the epoch: mem (CPU python)=16950.52734375MB; mem (CPU total)=38638.38671875MB
INFO:root:[  115] Training loss: 0.30730493, Validation loss: 0.30758920, Gradient norm: 0.52826295
INFO:root:At the start of the epoch: mem (CPU python)=16971.69140625MB; mem (CPU total)=38703.125MB
INFO:root:[  116] Training loss: 0.30553322, Validation loss: 0.30548423, Gradient norm: 0.51518346
INFO:root:At the start of the epoch: mem (CPU python)=16992.859375MB; mem (CPU total)=38767.12890625MB
INFO:root:[  117] Training loss: 0.30593395, Validation loss: 0.30605243, Gradient norm: 0.54480721
INFO:root:At the start of the epoch: mem (CPU python)=17014.20703125MB; mem (CPU total)=38833.30078125MB
INFO:root:[  118] Training loss: 0.30514642, Validation loss: 0.30565408, Gradient norm: 0.54095221
INFO:root:At the start of the epoch: mem (CPU python)=17035.66796875MB; mem (CPU total)=38900.74609375MB
INFO:root:[  119] Training loss: 0.30467822, Validation loss: 0.30504423, Gradient norm: 0.53564273
INFO:root:At the start of the epoch: mem (CPU python)=17057.10546875MB; mem (CPU total)=38968.9453125MB
INFO:root:[  120] Training loss: 0.30354406, Validation loss: 0.30325451, Gradient norm: 0.50289905
INFO:root:At the start of the epoch: mem (CPU python)=17078.265625MB; mem (CPU total)=39037.37109375MB
INFO:root:[  121] Training loss: 0.30302295, Validation loss: 0.30382659, Gradient norm: 0.51960119
INFO:root:At the start of the epoch: mem (CPU python)=17099.546875MB; mem (CPU total)=39107.0078125MB
INFO:root:[  122] Training loss: 0.30292690, Validation loss: 0.30495315, Gradient norm: 0.55071803
INFO:root:At the start of the epoch: mem (CPU python)=17121.51171875MB; mem (CPU total)=39176.9453125MB
INFO:root:[  123] Training loss: 0.30271162, Validation loss: 0.30228659, Gradient norm: 0.53911275
INFO:root:At the start of the epoch: mem (CPU python)=17143.26171875MB; mem (CPU total)=39245.109375MB
INFO:root:[  124] Training loss: 0.30232902, Validation loss: 0.30271358, Gradient norm: 0.52679984
INFO:root:At the start of the epoch: mem (CPU python)=17164.48046875MB; mem (CPU total)=39312.08984375MB
INFO:root:[  125] Training loss: 0.30249758, Validation loss: 0.30389257, Gradient norm: 0.55714246
INFO:root:At the start of the epoch: mem (CPU python)=17185.96484375MB; mem (CPU total)=39382.24609375MB
INFO:root:[  126] Training loss: 0.30074446, Validation loss: 0.30354400, Gradient norm: 0.53143178
INFO:root:At the start of the epoch: mem (CPU python)=17207.1484375MB; mem (CPU total)=39448.70703125MB
INFO:root:[  127] Training loss: 0.30134891, Validation loss: 0.30580858, Gradient norm: 0.54026697
INFO:root:At the start of the epoch: mem (CPU python)=17228.3125MB; mem (CPU total)=39515.4140625MB
INFO:root:[  128] Training loss: 0.30065010, Validation loss: 0.30478280, Gradient norm: 0.52257134
INFO:root:At the start of the epoch: mem (CPU python)=17249.8359375MB; mem (CPU total)=39580.48046875MB
INFO:root:[  129] Training loss: 0.30021603, Validation loss: 0.30180468, Gradient norm: 0.51380363
INFO:root:At the start of the epoch: mem (CPU python)=17271.3671875MB; mem (CPU total)=39646.23046875MB
INFO:root:[  130] Training loss: 0.30041761, Validation loss: 0.30141371, Gradient norm: 0.53447977
INFO:root:At the start of the epoch: mem (CPU python)=17292.53125MB; mem (CPU total)=39712.4765625MB
INFO:root:[  131] Training loss: 0.29979470, Validation loss: 0.30280647, Gradient norm: 0.54243526
INFO:root:At the start of the epoch: mem (CPU python)=17313.9453125MB; mem (CPU total)=39779.60546875MB
INFO:root:[  132] Training loss: 0.29930345, Validation loss: 0.30197951, Gradient norm: 0.53161608
INFO:root:At the start of the epoch: mem (CPU python)=17335.609375MB; mem (CPU total)=39846.80859375MB
INFO:root:[  133] Training loss: 0.29916418, Validation loss: 0.30317400, Gradient norm: 0.54811784
INFO:root:At the start of the epoch: mem (CPU python)=17356.7734375MB; mem (CPU total)=39914.74609375MB
INFO:root:[  134] Training loss: 0.29913005, Validation loss: 0.30469506, Gradient norm: 0.54127265
INFO:root:At the start of the epoch: mem (CPU python)=17378.06640625MB; mem (CPU total)=39982.68359375MB
INFO:root:[  135] Training loss: 0.29900524, Validation loss: 0.30193731, Gradient norm: 0.57856437
INFO:root:At the start of the epoch: mem (CPU python)=17399.71875MB; mem (CPU total)=40052.06640625MB
INFO:root:[  136] Training loss: 0.29799514, Validation loss: 0.30454004, Gradient norm: 0.53758955
INFO:root:At the start of the epoch: mem (CPU python)=17421.39453125MB; mem (CPU total)=40120.51953125MB
INFO:root:Learning rate reduced to: 0.0025
INFO:root:[  137] Training loss: 0.29838840, Validation loss: 0.30315617, Gradient norm: 0.55417683
INFO:root:At the start of the epoch: mem (CPU python)=17442.55859375MB; mem (CPU total)=40191.83203125MB
INFO:root:Learning rate reduced to: 0.00125
INFO:root:[  138] Training loss: 0.29059550, Validation loss: 0.29492898, Gradient norm: 0.26787313
INFO:root:At the start of the epoch: mem (CPU python)=17463.7265625MB; mem (CPU total)=40257.828125MB
INFO:root:[  139] Training loss: 0.28673057, Validation loss: 0.29306806, Gradient norm: 0.16624793
INFO:root:At the start of the epoch: mem (CPU python)=17485.19140625MB; mem (CPU total)=40323.5859375MB
INFO:root:[  140] Training loss: 0.28620737, Validation loss: 0.29301493, Gradient norm: 0.17455199
INFO:root:At the start of the epoch: mem (CPU python)=17506.80078125MB; mem (CPU total)=40391.0234375MB
INFO:root:[  141] Training loss: 0.28634980, Validation loss: 0.29306910, Gradient norm: 0.19666533
INFO:root:At the start of the epoch: mem (CPU python)=17527.96484375MB; mem (CPU total)=40455.84765625MB
INFO:root:[  142] Training loss: 0.28602893, Validation loss: 0.29383835, Gradient norm: 0.20047375
INFO:root:At the start of the epoch: mem (CPU python)=17549.12890625MB; mem (CPU total)=40521.05859375MB
INFO:root:[  143] Training loss: 0.28639628, Validation loss: 0.29243558, Gradient norm: 0.20819039
INFO:root:At the start of the epoch: mem (CPU python)=17570.29296875MB; mem (CPU total)=40586.05859375MB
INFO:root:[  144] Training loss: 0.28549101, Validation loss: 0.29241999, Gradient norm: 0.20254101
INFO:root:At the start of the epoch: mem (CPU python)=17591.45703125MB; mem (CPU total)=40651.3046875MB
INFO:root:[  145] Training loss: 0.28588896, Validation loss: 0.29231518, Gradient norm: 0.23777097
INFO:root:At the start of the epoch: mem (CPU python)=17612.62109375MB; mem (CPU total)=40716.796875MB
INFO:root:[  146] Training loss: 0.28527029, Validation loss: 0.29288642, Gradient norm: 0.24588875
INFO:root:At the start of the epoch: mem (CPU python)=17634.00390625MB; mem (CPU total)=40784.59375MB
INFO:root:[  147] Training loss: 0.28524535, Validation loss: 0.29194103, Gradient norm: 0.25612117
INFO:root:At the start of the epoch: mem (CPU python)=17655.703125MB; mem (CPU total)=40836.78515625MB
INFO:root:[  148] Training loss: 0.28502828, Validation loss: 0.29338325, Gradient norm: 0.25671747
INFO:root:At the start of the epoch: mem (CPU python)=17676.875MB; mem (CPU total)=40897.5703125MB
INFO:root:[  149] Training loss: 0.28473844, Validation loss: 0.29306749, Gradient norm: 0.25651010
INFO:root:At the start of the epoch: mem (CPU python)=17698.0390625MB; mem (CPU total)=40954.91015625MB
INFO:root:[  150] Training loss: 0.28509762, Validation loss: 0.29303696, Gradient norm: 0.30990921
INFO:root:At the start of the epoch: mem (CPU python)=17719.21484375MB; mem (CPU total)=41013.0078125MB
INFO:root:[  151] Training loss: 0.28394378, Validation loss: 0.29258144, Gradient norm: 0.27886972
INFO:root:At the start of the epoch: mem (CPU python)=17740.390625MB; mem (CPU total)=41070.7890625MB
INFO:root:[  152] Training loss: 0.28476219, Validation loss: 0.29220554, Gradient norm: 0.30330030
INFO:root:At the start of the epoch: mem (CPU python)=17761.5546875MB; mem (CPU total)=41130.8359375MB
INFO:root:[  153] Training loss: 0.28470597, Validation loss: 0.29240370, Gradient norm: 0.30607379
INFO:root:At the start of the epoch: mem (CPU python)=17782.73046875MB; mem (CPU total)=41188.203125MB
INFO:root:Learning rate reduced to: 0.000625
INFO:root:[  154] Training loss: 0.28365609, Validation loss: 0.29269050, Gradient norm: 0.29320810
INFO:root:At the start of the epoch: mem (CPU python)=17803.89453125MB; mem (CPU total)=41240.21484375MB
INFO:root:Learning rate reduced to: 0.0003125
INFO:root:[  155] Training loss: 0.28209718, Validation loss: 0.29113734, Gradient norm: 0.20457440
INFO:root:At the start of the epoch: mem (CPU python)=17825.375MB; mem (CPU total)=41280.7578125MB
INFO:root:[  156] Training loss: 0.28145803, Validation loss: 0.29121523, Gradient norm: 0.15263212
INFO:root:At the start of the epoch: mem (CPU python)=17846.5390625MB; mem (CPU total)=41330.25390625MB
INFO:root:[  157] Training loss: 0.28118105, Validation loss: 0.29079131, Gradient norm: 0.14920653
INFO:root:At the start of the epoch: mem (CPU python)=17867.90234375MB; mem (CPU total)=41380.02734375MB
INFO:root:[  158] Training loss: 0.28077679, Validation loss: 0.29129849, Gradient norm: 0.15721383
INFO:root:At the start of the epoch: mem (CPU python)=17889.72265625MB; mem (CPU total)=41432.19921875MB
INFO:root:[  159] Training loss: 0.28093710, Validation loss: 0.29050797, Gradient norm: 0.14707726
INFO:root:At the start of the epoch: mem (CPU python)=17910.88671875MB; mem (CPU total)=41484.34375MB
INFO:root:[  160] Training loss: 0.28096389, Validation loss: 0.29033584, Gradient norm: 0.15694251
INFO:root:At the start of the epoch: mem (CPU python)=17932.05078125MB; mem (CPU total)=41533.3125MB
INFO:root:[  161] Training loss: 0.28184731, Validation loss: 0.29096513, Gradient norm: 0.15568328
INFO:root:At the start of the epoch: mem (CPU python)=17952.1171875MB; mem (CPU total)=41582.59375MB
INFO:root:[  162] Training loss: 0.28073053, Validation loss: 0.29098646, Gradient norm: 0.16086512
INFO:root:At the start of the epoch: mem (CPU python)=17974.41015625MB; mem (CPU total)=41635.73046875MB
INFO:root:[  163] Training loss: 0.28064021, Validation loss: 0.29070985, Gradient norm: 0.17686864
INFO:root:At the start of the epoch: mem (CPU python)=17995.57421875MB; mem (CPU total)=41685.09375MB
INFO:root:[  164] Training loss: 0.28156424, Validation loss: 0.29113923, Gradient norm: 0.17883081
INFO:root:At the start of the epoch: mem (CPU python)=18016.75MB; mem (CPU total)=41733.9921875MB
INFO:root:[  165] Training loss: 0.28048442, Validation loss: 0.29064530, Gradient norm: 0.15883757
INFO:root:At the start of the epoch: mem (CPU python)=18037.921875MB; mem (CPU total)=41788.34765625MB
INFO:root:[  166] Training loss: 0.28037376, Validation loss: 0.29145932, Gradient norm: 0.16852169
INFO:root:At the start of the epoch: mem (CPU python)=18059.10546875MB; mem (CPU total)=41837.31640625MB
INFO:root:Learning rate reduced to: 0.00015625
INFO:root:[  167] Training loss: 0.28039400, Validation loss: 0.29060130, Gradient norm: 0.17343546
INFO:root:At the start of the epoch: mem (CPU python)=18080.265625MB; mem (CPU total)=41886.25MB
INFO:root:Learning rate reduced to: 7.8125e-05
INFO:root:[  168] Training loss: 0.28023486, Validation loss: 0.29089858, Gradient norm: 0.14405901
INFO:root:At the start of the epoch: mem (CPU python)=18101.76171875MB; mem (CPU total)=41940.4296875MB
INFO:root:[  169] Training loss: 0.27929173, Validation loss: 0.29004188, Gradient norm: 0.12108210
INFO:root:At the start of the epoch: mem (CPU python)=18122.76953125MB; mem (CPU total)=41991.1484375MB
INFO:root:[  170] Training loss: 0.27948241, Validation loss: 0.29032808, Gradient norm: 0.11993009
INFO:root:At the start of the epoch: mem (CPU python)=18143.96875MB; mem (CPU total)=42041.125MB
INFO:root:[  171] Training loss: 0.27952148, Validation loss: 0.29011625, Gradient norm: 0.12128447
INFO:root:At the start of the epoch: mem (CPU python)=18164.73046875MB; mem (CPU total)=42091.33984375MB
INFO:root:[  172] Training loss: 0.28001726, Validation loss: 0.29023090, Gradient norm: 0.13446625
INFO:root:At the start of the epoch: mem (CPU python)=18186.54296875MB; mem (CPU total)=42143.52734375MB
INFO:root:[  173] Training loss: 0.27932284, Validation loss: 0.29035957, Gradient norm: 0.11848661
INFO:root:At the start of the epoch: mem (CPU python)=18207.296875MB; mem (CPU total)=42192.49609375MB
INFO:root:[  174] Training loss: 0.27927350, Validation loss: 0.28995609, Gradient norm: 0.11725294
INFO:root:At the start of the epoch: mem (CPU python)=18228.59375MB; mem (CPU total)=42245.2109375MB
INFO:root:[  175] Training loss: 0.27950110, Validation loss: 0.29001085, Gradient norm: 0.12671539
INFO:root:At the start of the epoch: mem (CPU python)=18249.8125MB; mem (CPU total)=42294.375MB
INFO:root:[  176] Training loss: 0.27949925, Validation loss: 0.29051194, Gradient norm: 0.12721943
INFO:root:At the start of the epoch: mem (CPU python)=18271.15625MB; mem (CPU total)=42345.30078125MB
INFO:root:[  177] Training loss: 0.27936962, Validation loss: 0.29037396, Gradient norm: 0.12233291
INFO:root:At the start of the epoch: mem (CPU python)=18293.01171875MB; mem (CPU total)=42396.75MB
INFO:root:[  178] Training loss: 0.27921661, Validation loss: 0.29016596, Gradient norm: 0.13204765
INFO:root:At the start of the epoch: mem (CPU python)=18314.87890625MB; mem (CPU total)=42444.578125MB
INFO:root:[  179] Training loss: 0.27946602, Validation loss: 0.28990425, Gradient norm: 0.13085619
INFO:root:At the start of the epoch: mem (CPU python)=18334.50390625MB; mem (CPU total)=42498.51953125MB
INFO:root:[  180] Training loss: 0.27979136, Validation loss: 0.29059335, Gradient norm: 0.13047358
INFO:root:At the start of the epoch: mem (CPU python)=18356.19140625MB; mem (CPU total)=42547.53515625MB
INFO:root:[  181] Training loss: 0.27950169, Validation loss: 0.29036936, Gradient norm: 0.13730350
INFO:root:At the start of the epoch: mem (CPU python)=18379.6640625MB; mem (CPU total)=42600.9453125MB
INFO:root:[  182] Training loss: 0.27939509, Validation loss: 0.29006965, Gradient norm: 0.12564019
INFO:root:At the start of the epoch: mem (CPU python)=18398.46484375MB; mem (CPU total)=42650.3828125MB
INFO:root:[  183] Training loss: 0.27960570, Validation loss: 0.29018846, Gradient norm: 0.12673819
INFO:root:At the start of the epoch: mem (CPU python)=18420.0859375MB; mem (CPU total)=42701.36328125MB
INFO:root:[  184] Training loss: 0.27913411, Validation loss: 0.28972833, Gradient norm: 0.13509333
INFO:root:At the start of the epoch: mem (CPU python)=18442.359375MB; mem (CPU total)=42709.79296875MB
INFO:root:[  185] Training loss: 0.27902940, Validation loss: 0.29027683, Gradient norm: 0.13228611
INFO:root:At the start of the epoch: mem (CPU python)=18464.95703125MB; mem (CPU total)=42805.79296875MB
INFO:root:[  186] Training loss: 0.27951837, Validation loss: 0.29034030, Gradient norm: 0.13195977
INFO:root:At the start of the epoch: mem (CPU python)=18484.1953125MB; mem (CPU total)=42856.19921875MB
INFO:root:[  187] Training loss: 0.27936144, Validation loss: 0.29075339, Gradient norm: 0.13283744
INFO:root:At the start of the epoch: mem (CPU python)=18505.0703125MB; mem (CPU total)=42907.38671875MB
INFO:root:[  188] Training loss: 0.27915889, Validation loss: 0.29059883, Gradient norm: 0.13502942
INFO:root:At the start of the epoch: mem (CPU python)=18528.67578125MB; mem (CPU total)=42958.34375MB
INFO:root:[  189] Training loss: 0.27930979, Validation loss: 0.28997263, Gradient norm: 0.13322055
INFO:root:At the start of the epoch: mem (CPU python)=18549.96484375MB; mem (CPU total)=43009.79296875MB
INFO:root:[  190] Training loss: 0.27872025, Validation loss: 0.28999776, Gradient norm: 0.13037739
INFO:root:At the start of the epoch: mem (CPU python)=18571.3359375MB; mem (CPU total)=43063.2109375MB
INFO:root:[  191] Training loss: 0.27930933, Validation loss: 0.29077465, Gradient norm: 0.13325377
INFO:root:At the start of the epoch: mem (CPU python)=18592.5234375MB; mem (CPU total)=43112.19921875MB
INFO:root:[  192] Training loss: 0.27902861, Validation loss: 0.29033137, Gradient norm: 0.13360517
INFO:root:At the start of the epoch: mem (CPU python)=18614.1640625MB; mem (CPU total)=43161.67578125MB
INFO:root:[  193] Training loss: 0.27880116, Validation loss: 0.29039174, Gradient norm: 0.12956408
INFO:root:At the start of the epoch: mem (CPU python)=18635.78125MB; mem (CPU total)=43218.10546875MB
INFO:root:EP 193: Early stopping
INFO:root:Training for autoregressive step 2 starts now.
INFO:root:Learning rate reduced to: [3.90625e-05]
INFO:root:At the start of the epoch: mem (CPU python)=18657.15625MB; mem (CPU total)=43265.53515625MB
INFO:root:[  195] Training loss: 0.35292486, Validation loss: 0.35701104, Gradient norm: 0.29314182
INFO:root:At the start of the epoch: mem (CPU python)=18678.421875MB; mem (CPU total)=43330.8515625MB
INFO:root:[  196] Training loss: 0.35058899, Validation loss: 0.35559108, Gradient norm: 0.23178271
INFO:root:At the start of the epoch: mem (CPU python)=18695.01171875MB; mem (CPU total)=43379.41796875MB
INFO:root:[  197] Training loss: 0.35028861, Validation loss: 0.35528417, Gradient norm: 0.23257355
INFO:root:At the start of the epoch: mem (CPU python)=18704.1640625MB; mem (CPU total)=43444.734375MB
INFO:root:[  198] Training loss: 0.34985391, Validation loss: 0.35510811, Gradient norm: 0.24183322
INFO:root:At the start of the epoch: mem (CPU python)=18725.33203125MB; mem (CPU total)=43510.09765625MB
INFO:root:[  199] Training loss: 0.34993119, Validation loss: 0.35500112, Gradient norm: 0.24272904
INFO:root:At the start of the epoch: mem (CPU python)=18746.49609375MB; mem (CPU total)=43576.296875MB
INFO:root:[  200] Training loss: 0.34919291, Validation loss: 0.35495572, Gradient norm: 0.25142989
INFO:root:At the start of the epoch: mem (CPU python)=18767.6640625MB; mem (CPU total)=43640.73828125MB
INFO:root:[  201] Training loss: 0.34904133, Validation loss: 0.35416489, Gradient norm: 0.24042001
INFO:root:At the start of the epoch: mem (CPU python)=18788.828125MB; mem (CPU total)=43703.23046875MB
INFO:root:[  202] Training loss: 0.34845870, Validation loss: 0.35406742, Gradient norm: 0.21531063
INFO:root:At the start of the epoch: mem (CPU python)=18809.9921875MB; mem (CPU total)=43766.19140625MB
INFO:root:[  203] Training loss: 0.34903028, Validation loss: 0.35387073, Gradient norm: 0.22774536
INFO:root:At the start of the epoch: mem (CPU python)=18831.15625MB; mem (CPU total)=43828.94921875MB
INFO:root:[  204] Training loss: 0.34879204, Validation loss: 0.35346462, Gradient norm: 0.23046022
INFO:root:At the start of the epoch: mem (CPU python)=18852.3203125MB; mem (CPU total)=43893.125MB
INFO:root:[  205] Training loss: 0.34796250, Validation loss: 0.35331201, Gradient norm: 0.22181708
INFO:root:At the start of the epoch: mem (CPU python)=18873.48046875MB; mem (CPU total)=43957.140625MB
INFO:root:[  206] Training loss: 0.34825511, Validation loss: 0.35392862, Gradient norm: 0.22805226
INFO:root:At the start of the epoch: mem (CPU python)=18894.64453125MB; mem (CPU total)=44020.6328125MB
INFO:root:[  207] Training loss: 0.34781785, Validation loss: 0.35381164, Gradient norm: 0.21077689
INFO:root:At the start of the epoch: mem (CPU python)=18915.8125MB; mem (CPU total)=44084.58203125MB
INFO:root:[  208] Training loss: 0.34908476, Validation loss: 0.35332558, Gradient norm: 0.22402466
INFO:root:At the start of the epoch: mem (CPU python)=18936.9765625MB; mem (CPU total)=44148.3046875MB
INFO:root:[  209] Training loss: 0.34869839, Validation loss: 0.35315995, Gradient norm: 0.24588884
INFO:root:At the start of the epoch: mem (CPU python)=18958.140625MB; mem (CPU total)=44212.2421875MB
INFO:root:[  210] Training loss: 0.34789469, Validation loss: 0.35317458, Gradient norm: 0.23366562
INFO:root:At the start of the epoch: mem (CPU python)=18979.3046875MB; mem (CPU total)=44276.53515625MB
INFO:root:[  211] Training loss: 0.34778539, Validation loss: 0.35306397, Gradient norm: 0.22558491
INFO:root:At the start of the epoch: mem (CPU python)=19000.47265625MB; mem (CPU total)=44341.34765625MB
INFO:root:[  212] Training loss: 0.34757004, Validation loss: 0.35293132, Gradient norm: 0.21625482
INFO:root:At the start of the epoch: mem (CPU python)=19021.63671875MB; mem (CPU total)=44406.09765625MB
INFO:root:[  213] Training loss: 0.34879761, Validation loss: 0.35323416, Gradient norm: 0.23711023
INFO:root:At the start of the epoch: mem (CPU python)=19042.796875MB; mem (CPU total)=44470.55859375MB
INFO:root:[  214] Training loss: 0.34779150, Validation loss: 0.35294381, Gradient norm: 0.22937467
INFO:root:At the start of the epoch: mem (CPU python)=19063.95703125MB; mem (CPU total)=44522.546875MB
INFO:root:[  215] Training loss: 0.34756754, Validation loss: 0.35301164, Gradient norm: 0.22482323
INFO:root:At the start of the epoch: mem (CPU python)=19085.12109375MB; mem (CPU total)=44565.3359375MB
INFO:root:[  216] Training loss: 0.34694435, Validation loss: 0.35284361, Gradient norm: 0.21888497
INFO:root:At the start of the epoch: mem (CPU python)=19106.28515625MB; mem (CPU total)=44608.5859375MB
INFO:root:[  217] Training loss: 0.34755342, Validation loss: 0.35301346, Gradient norm: 0.22079601
INFO:root:At the start of the epoch: mem (CPU python)=19127.44921875MB; mem (CPU total)=44650.89453125MB
INFO:root:[  218] Training loss: 0.34746523, Validation loss: 0.35277718, Gradient norm: 0.23708821
INFO:root:At the start of the epoch: mem (CPU python)=19148.6171875MB; mem (CPU total)=44693.76171875MB
INFO:root:[  219] Training loss: 0.34742081, Validation loss: 0.35245392, Gradient norm: 0.22336079
INFO:root:At the start of the epoch: mem (CPU python)=19169.78125MB; mem (CPU total)=44738.8828125MB
INFO:root:[  220] Training loss: 0.34721774, Validation loss: 0.35281684, Gradient norm: 0.22343168
INFO:root:At the start of the epoch: mem (CPU python)=19190.9453125MB; mem (CPU total)=44781.234375MB
INFO:root:[  221] Training loss: 0.34737547, Validation loss: 0.35268168, Gradient norm: 0.22066314
INFO:root:At the start of the epoch: mem (CPU python)=19212.109375MB; mem (CPU total)=44825.0234375MB
INFO:root:[  222] Training loss: 0.34733296, Validation loss: 0.35268172, Gradient norm: 0.22417981
INFO:root:At the start of the epoch: mem (CPU python)=19233.2734375MB; mem (CPU total)=44869.45703125MB
INFO:root:[  223] Training loss: 0.34646816, Validation loss: 0.35228692, Gradient norm: 0.21186183
INFO:root:At the start of the epoch: mem (CPU python)=19254.44140625MB; mem (CPU total)=44935.12890625MB
INFO:root:[  224] Training loss: 0.34702995, Validation loss: 0.35249158, Gradient norm: 0.22137817
INFO:root:At the start of the epoch: mem (CPU python)=19275.59765625MB; mem (CPU total)=45016.1796875MB
INFO:root:[  225] Training loss: 0.34703772, Validation loss: 0.35249577, Gradient norm: 0.22455479
INFO:root:At the start of the epoch: mem (CPU python)=19296.765625MB; mem (CPU total)=45090.52734375MB
INFO:root:[  226] Training loss: 0.34707202, Validation loss: 0.35227838, Gradient norm: 0.21646165
INFO:root:At the start of the epoch: mem (CPU python)=19317.9296875MB; mem (CPU total)=45168.015625MB
INFO:root:[  227] Training loss: 0.34654404, Validation loss: 0.35192945, Gradient norm: 0.21635061
INFO:root:At the start of the epoch: mem (CPU python)=19339.09375MB; mem (CPU total)=45245.31640625MB
INFO:root:[  228] Training loss: 0.34634102, Validation loss: 0.35240115, Gradient norm: 0.20950016
INFO:root:At the start of the epoch: mem (CPU python)=19360.25390625MB; mem (CPU total)=45320.61328125MB
INFO:root:[  229] Training loss: 0.34704478, Validation loss: 0.35254047, Gradient norm: 0.22207980
INFO:root:At the start of the epoch: mem (CPU python)=19381.421875MB; mem (CPU total)=45401.84765625MB
INFO:root:[  230] Training loss: 0.34662299, Validation loss: 0.35258404, Gradient norm: 0.22925904
INFO:root:At the start of the epoch: mem (CPU python)=19402.5859375MB; mem (CPU total)=45474.9375MB
INFO:root:[  231] Training loss: 0.34675415, Validation loss: 0.35264434, Gradient norm: 0.21632143
INFO:root:At the start of the epoch: mem (CPU python)=19423.75MB; mem (CPU total)=45552.109375MB
INFO:root:[  232] Training loss: 0.34666081, Validation loss: 0.35237316, Gradient norm: 0.22398766
INFO:root:At the start of the epoch: mem (CPU python)=19444.9140625MB; mem (CPU total)=45630.37109375MB
INFO:root:[  233] Training loss: 0.34639200, Validation loss: 0.35213945, Gradient norm: 0.21450673
INFO:root:At the start of the epoch: mem (CPU python)=19466.07421875MB; mem (CPU total)=45704.47265625MB
INFO:root:[  234] Training loss: 0.34744512, Validation loss: 0.35246015, Gradient norm: 0.22399380
INFO:root:At the start of the epoch: mem (CPU python)=19487.2421875MB; mem (CPU total)=45786.203125MB
INFO:root:[  235] Training loss: 0.34672089, Validation loss: 0.35208745, Gradient norm: 0.22889927
INFO:root:At the start of the epoch: mem (CPU python)=19508.40625MB; mem (CPU total)=45859.3203125MB
INFO:root:[  236] Training loss: 0.34696594, Validation loss: 0.35212514, Gradient norm: 0.22469452
INFO:root:At the start of the epoch: mem (CPU python)=19529.5703125MB; mem (CPU total)=45936.125MB
INFO:root:[  237] Training loss: 0.34656386, Validation loss: 0.35185510, Gradient norm: 0.21657573
INFO:root:At the start of the epoch: mem (CPU python)=19550.734375MB; mem (CPU total)=46013.61328125MB
INFO:root:[  238] Training loss: 0.34619614, Validation loss: 0.35213803, Gradient norm: 0.21938649
INFO:root:At the start of the epoch: mem (CPU python)=19571.8984375MB; mem (CPU total)=46087.46484375MB
INFO:root:[  239] Training loss: 0.34614142, Validation loss: 0.35176508, Gradient norm: 0.22239974
INFO:root:At the start of the epoch: mem (CPU python)=19593.0625MB; mem (CPU total)=46168.4375MB
INFO:root:[  240] Training loss: 0.34668122, Validation loss: 0.35183029, Gradient norm: 0.21795022
INFO:root:At the start of the epoch: mem (CPU python)=19614.2265625MB; mem (CPU total)=46240.0625MB
INFO:root:[  241] Training loss: 0.34650926, Validation loss: 0.35199026, Gradient norm: 0.20336878
INFO:root:At the start of the epoch: mem (CPU python)=19635.3984375MB; mem (CPU total)=46315.62890625MB
INFO:root:[  242] Training loss: 0.34579413, Validation loss: 0.35185099, Gradient norm: 0.21534613
INFO:root:At the start of the epoch: mem (CPU python)=19656.55859375MB; mem (CPU total)=46392.55859375MB
INFO:root:[  243] Training loss: 0.34574492, Validation loss: 0.35185484, Gradient norm: 0.21393907
INFO:root:At the start of the epoch: mem (CPU python)=19677.72265625MB; mem (CPU total)=46465.9140625MB
INFO:root:[  244] Training loss: 0.34649422, Validation loss: 0.35162375, Gradient norm: 0.21860692
INFO:root:At the start of the epoch: mem (CPU python)=19698.890625MB; mem (CPU total)=46547.296875MB
INFO:root:[  245] Training loss: 0.34657405, Validation loss: 0.35196120, Gradient norm: 0.22461250
INFO:root:At the start of the epoch: mem (CPU python)=19720.046875MB; mem (CPU total)=46617.984375MB
INFO:root:[  246] Training loss: 0.34611839, Validation loss: 0.35162901, Gradient norm: 0.20709572
INFO:root:At the start of the epoch: mem (CPU python)=19741.21484375MB; mem (CPU total)=46693.5859375MB
INFO:root:[  247] Training loss: 0.34557878, Validation loss: 0.35177529, Gradient norm: 0.22085365
INFO:root:At the start of the epoch: mem (CPU python)=19762.37890625MB; mem (CPU total)=46770.3671875MB
INFO:root:[  248] Training loss: 0.34568193, Validation loss: 0.35179064, Gradient norm: 0.21207875
INFO:root:At the start of the epoch: mem (CPU python)=19783.54296875MB; mem (CPU total)=46842.5MB
INFO:root:[  249] Training loss: 0.34622613, Validation loss: 0.35237028, Gradient norm: 0.21418227
INFO:root:At the start of the epoch: mem (CPU python)=19804.70703125MB; mem (CPU total)=46923.96484375MB
INFO:root:[  250] Training loss: 0.34572581, Validation loss: 0.35166918, Gradient norm: 0.21465769
INFO:root:At the start of the epoch: mem (CPU python)=19825.87109375MB; mem (CPU total)=46996.97265625MB
INFO:root:[  251] Training loss: 0.34565043, Validation loss: 0.35176011, Gradient norm: 0.21134237
INFO:root:At the start of the epoch: mem (CPU python)=19847.0390625MB; mem (CPU total)=47074.30078125MB
INFO:root:[  252] Training loss: 0.34583944, Validation loss: 0.35161033, Gradient norm: 0.21864194
INFO:root:At the start of the epoch: mem (CPU python)=19868.19921875MB; mem (CPU total)=47150.890625MB
INFO:root:[  253] Training loss: 0.34584017, Validation loss: 0.35173151, Gradient norm: 0.23396627
INFO:root:At the start of the epoch: mem (CPU python)=19889.36328125MB; mem (CPU total)=47229.8125MB
INFO:root:[  254] Training loss: 0.34582608, Validation loss: 0.35180150, Gradient norm: 0.21741902
INFO:root:At the start of the epoch: mem (CPU python)=19910.52734375MB; mem (CPU total)=47309.42578125MB
INFO:root:[  255] Training loss: 0.34625860, Validation loss: 0.35170754, Gradient norm: 0.21937308
INFO:root:At the start of the epoch: mem (CPU python)=19931.69140625MB; mem (CPU total)=47383.25MB
INFO:root:[  256] Training loss: 0.34550146, Validation loss: 0.35214354, Gradient norm: 0.21187942
INFO:root:At the start of the epoch: mem (CPU python)=19952.85546875MB; mem (CPU total)=47463.04296875MB
INFO:root:[  257] Training loss: 0.34580551, Validation loss: 0.35171429, Gradient norm: 0.20671427
INFO:root:At the start of the epoch: mem (CPU python)=19974.0234375MB; mem (CPU total)=47538.6015625MB
INFO:root:[  258] Training loss: 0.34551335, Validation loss: 0.35122372, Gradient norm: 0.23006385
INFO:root:At the start of the epoch: mem (CPU python)=19995.1875MB; mem (CPU total)=47612.2109375MB
INFO:root:[  259] Training loss: 0.34595696, Validation loss: 0.35154602, Gradient norm: 0.21721630
INFO:root:At the start of the epoch: mem (CPU python)=20016.3515625MB; mem (CPU total)=47690.73828125MB
INFO:root:[  260] Training loss: 0.34552375, Validation loss: 0.35166661, Gradient norm: 0.21524869
INFO:root:At the start of the epoch: mem (CPU python)=20037.515625MB; mem (CPU total)=47763.7578125MB
INFO:root:[  261] Training loss: 0.34551829, Validation loss: 0.35155616, Gradient norm: 0.21013781
INFO:root:At the start of the epoch: mem (CPU python)=20058.67578125MB; mem (CPU total)=47845.84375MB
INFO:root:[  262] Training loss: 0.34549881, Validation loss: 0.35161188, Gradient norm: 0.21729445
INFO:root:At the start of the epoch: mem (CPU python)=20079.8359375MB; mem (CPU total)=47918.40625MB
INFO:root:[  263] Training loss: 0.34553419, Validation loss: 0.35145699, Gradient norm: 0.20715277
INFO:root:At the start of the epoch: mem (CPU python)=20101.00390625MB; mem (CPU total)=47996.1640625MB
INFO:root:[  264] Training loss: 0.34580033, Validation loss: 0.35114588, Gradient norm: 0.21020388
INFO:root:At the start of the epoch: mem (CPU python)=20122.16796875MB; mem (CPU total)=48071.48046875MB
INFO:root:[  265] Training loss: 0.34586114, Validation loss: 0.35166170, Gradient norm: 0.24498856
INFO:root:At the start of the epoch: mem (CPU python)=20143.33203125MB; mem (CPU total)=48145.87109375MB
INFO:root:[  266] Training loss: 0.34524828, Validation loss: 0.35110286, Gradient norm: 0.21384827
INFO:root:At the start of the epoch: mem (CPU python)=20164.49609375MB; mem (CPU total)=48225.05859375MB
INFO:root:[  267] Training loss: 0.34494989, Validation loss: 0.35145138, Gradient norm: 0.21521911
INFO:root:At the start of the epoch: mem (CPU python)=20185.66015625MB; mem (CPU total)=48298.796875MB
INFO:root:[  268] Training loss: 0.34566286, Validation loss: 0.35094249, Gradient norm: 0.22480283
INFO:root:At the start of the epoch: mem (CPU python)=20206.828125MB; mem (CPU total)=48380.49609375MB
INFO:root:[  269] Training loss: 0.34593147, Validation loss: 0.35142062, Gradient norm: 0.21286266
INFO:root:At the start of the epoch: mem (CPU python)=20227.9921875MB; mem (CPU total)=48453.05078125MB
INFO:root:[  270] Training loss: 0.34532686, Validation loss: 0.35147656, Gradient norm: 0.20976237
INFO:root:At the start of the epoch: mem (CPU python)=20249.15625MB; mem (CPU total)=48530.41796875MB
INFO:root:[  271] Training loss: 0.34555741, Validation loss: 0.35138439, Gradient norm: 0.21532675
INFO:root:At the start of the epoch: mem (CPU python)=20270.31640625MB; mem (CPU total)=48605.84765625MB
INFO:root:[  272] Training loss: 0.34570851, Validation loss: 0.35115855, Gradient norm: 0.21193230
INFO:root:At the start of the epoch: mem (CPU python)=20291.48046875MB; mem (CPU total)=48679.109375MB
INFO:root:[  273] Training loss: 0.34578629, Validation loss: 0.35135452, Gradient norm: 0.22783518
INFO:root:At the start of the epoch: mem (CPU python)=20312.64453125MB; mem (CPU total)=48757.90625MB
INFO:root:[  274] Training loss: 0.34483309, Validation loss: 0.35150397, Gradient norm: 0.20847408
INFO:root:At the start of the epoch: mem (CPU python)=20333.8125MB; mem (CPU total)=48831.12890625MB
INFO:root:[  275] Training loss: 0.34550767, Validation loss: 0.35187809, Gradient norm: 0.21942138
INFO:root:At the start of the epoch: mem (CPU python)=20354.9765625MB; mem (CPU total)=48911.4921875MB
INFO:root:[  276] Training loss: 0.34547287, Validation loss: 0.35111907, Gradient norm: 0.22242686
INFO:root:At the start of the epoch: mem (CPU python)=20376.140625MB; mem (CPU total)=48982.11328125MB
INFO:root:[  277] Training loss: 0.34477809, Validation loss: 0.35118547, Gradient norm: 0.20737056
INFO:root:At the start of the epoch: mem (CPU python)=20397.3046875MB; mem (CPU total)=49058.2109375MB
INFO:root:EP 277: Early stopping
INFO:root:After finishing all epochs: mem (CPU python)=20418.47265625MB; mem (CPU total)=49116.03125MB
INFO:root:Training the model took 13604.449s.
INFO:root:Emptying the cuda cache took 0.052s.
INFO:root:Starting evaluation: model SFNO & uncertainty quantification deterministic
INFO:root:Evaluating the model on Validation data.
INFO:root:MSEValidation: 0.41025
INFO:root:EnergyScoreValidation: 0.41025
INFO:root:CRPSValidation: 0.16389
INFO:root:Gaussian NLLValidation: 28144967174.77488
INFO:root:CoverageValidation: 0.0
INFO:root:IntervalWidthValidation: 0.0
INFO:root:Evaluating the model on Test data.
INFO:root:MSETest: 0.31835
INFO:root:EnergyScoreTest: 0.31349
INFO:root:CRPSTest: 0.12474
INFO:root:Gaussian NLLTest: 16984394399.744
INFO:root:CoverageTest: 0.0
INFO:root:IntervalWidthTest: 0.0
INFO:root:After validation: mem (CPU python)=20425.13671875MB; mem (CPU total)=49514.3828125MB
