,dropout,dropout,laplace,laplace,scoring-rule-dropout,scoring-rule-dropout,scoring-rule-reparam,scoring-rule-reparam
Statistic,Mean,Std,Mean,Std,Mean,Std,Mean,Std
MSETest,0.3022499978542328,0.020383134484291077,0.42622557282447815,0.05222669616341591,0.2969755530357361,0.023206468671560287,0.3870922327041626,0.012551556341350079
EnergyScoreTest,0.23676444590091705,0.019565822556614876,0.31592223048210144,0.02989821881055832,0.22164444625377655,0.014150758273899555,0.27398332953453064,0.008758016861975193
CRPSTest,0.09440222382545471,0.006565492134541273,0.14001333713531494,0.01197056658565998,0.09031888842582703,0.0056389919482171535,0.15613999962806702,0.005045159719884396
Gaussian NLLTest,0.8877955675125122,0.260825514793396,0.23736999928951263,0.22286047041416168,-0.4561111032962799,0.0446709506213665,22958231552.0,1632333952.0
