INFO:root:Starting the logger.
INFO:root:Using cuda.
INFO:root:: mem (CPU python)=580.3125MB; mem (CPU total)=15623.6640625MB
INFO:root:############### Starting experiment with config file sswe/sfno_sr_reparam_2_3.ini ###############
INFO:root:###1 out of 1 data set parameter combinations ###
INFO:root:Data parameters: {'dataset_name': 'SSWE', 'max_training_set_size': 5000, 'pred_horizon': 1, 'train_horizon': 2, 'stepwise_evaluation': False}
INFO:root:After loading the datasets: mem (CPU python)=591.4375MB; mem (CPU total)=15627.42578125MB
INFO:root:###1 out of 3 training parameter combinations ###
INFO:root:Training parameters: {'seed': 1234567, 'model': 'SFNO', 'uncertainty_quantification': 'scoring-rule-reparam', 'batch_size': 32, 'n_epochs': 1000, 'early_stopping': 10, 'init': 'default', 'learning_rate': 0.005, 'lr_schedule': 'step', 'optimizer': 'adam', 'gradient_clipping': 1, 'layer_normalization': True, 'data_loader_pin_memory': False, 'data_loader_num_workers': 0, 'distributed_training': False, 'alpha': 0.05, 'n_samples_uq': 100, 'weight_decay': 0, 'dropout': 0.005, 'fourier_dropout': None, 'hidden_channels': 32, 'projection_channels': 256, 'lifting_channels': 256, 'n_modes': (32, 32), 'n_samples': 3}
INFO:root:After creating the dataloaders: mem (CPU python)=592.8828125MB; mem (CPU total)=15628.41015625MB
INFO:root:NumberParameters: 294054
INFO:root:GPU memory allocated: 2097152
INFO:root:After setting up the model: mem (CPU python)=2300.99609375MB; mem (CPU total)=17039.796875MB
INFO:root:Training starts now.
INFO:root:At the start of the epoch: mem (CPU python)=2310.5546875MB; mem (CPU total)=17050.234375MB
INFO:root:[    1] Training loss: 0.58917618, Validation loss: 0.51989678, Gradient norm: 0.36959110
INFO:root:At the start of the epoch: mem (CPU python)=4532.375MB; mem (CPU total)=18775.12890625MB
INFO:root:[    2] Training loss: 0.52202017, Validation loss: 0.51984875, Gradient norm: 0.24606525
INFO:root:At the start of the epoch: mem (CPU python)=4554.890625MB; mem (CPU total)=18843.66015625MB
INFO:root:[    3] Training loss: 0.51930238, Validation loss: 0.51372071, Gradient norm: 0.24258476
INFO:root:At the start of the epoch: mem (CPU python)=4575.75MB; mem (CPU total)=18896.171875MB
INFO:root:[    4] Training loss: 0.50610441, Validation loss: 0.49342762, Gradient norm: 0.28563062
INFO:root:At the start of the epoch: mem (CPU python)=4595.95703125MB; mem (CPU total)=18916.546875MB
INFO:root:[    5] Training loss: 0.46995848, Validation loss: 0.42938772, Gradient norm: 0.48038055
INFO:root:At the start of the epoch: mem (CPU python)=4616.625MB; mem (CPU total)=18885.59375MB
INFO:root:[    6] Training loss: 0.41206891, Validation loss: 0.38377915, Gradient norm: 0.63115863
INFO:root:At the start of the epoch: mem (CPU python)=4637.515625MB; mem (CPU total)=18965.859375MB
INFO:root:[    7] Training loss: 0.37993411, Validation loss: 0.35346310, Gradient norm: 0.77886399
INFO:root:At the start of the epoch: mem (CPU python)=4659.03515625MB; mem (CPU total)=18933.75390625MB
INFO:root:[    8] Training loss: 0.36232262, Validation loss: 0.33841973, Gradient norm: 0.87124180
INFO:root:At the start of the epoch: mem (CPU python)=4679.5MB; mem (CPU total)=19033.390625MB
INFO:root:[    9] Training loss: 0.35682349, Validation loss: 0.32904740, Gradient norm: 1.12625611
INFO:root:At the start of the epoch: mem (CPU python)=4698.90625MB; mem (CPU total)=19019.13671875MB
INFO:root:[   10] Training loss: 0.34770372, Validation loss: 0.32339702, Gradient norm: 1.08948990
INFO:root:At the start of the epoch: mem (CPU python)=4721.44140625MB; mem (CPU total)=19050.2890625MB
INFO:root:[   11] Training loss: 0.34742832, Validation loss: 0.34415905, Gradient norm: 1.47368613
INFO:root:At the start of the epoch: mem (CPU python)=4743.25390625MB; mem (CPU total)=19126.00390625MB
INFO:root:[   12] Training loss: 0.33935152, Validation loss: 0.32099239, Gradient norm: 1.17186217
INFO:root:At the start of the epoch: mem (CPU python)=4760.43359375MB; mem (CPU total)=19150.76171875MB
INFO:root:[   13] Training loss: 0.33760368, Validation loss: 0.32240843, Gradient norm: 1.54394893
INFO:root:At the start of the epoch: mem (CPU python)=4786.19921875MB; mem (CPU total)=19183.17578125MB
INFO:root:[   14] Training loss: 0.33514400, Validation loss: 0.31749370, Gradient norm: 1.66207827
INFO:root:At the start of the epoch: mem (CPU python)=4807.1171875MB; mem (CPU total)=19209.734375MB
INFO:root:[   15] Training loss: 0.33241041, Validation loss: 0.32093103, Gradient norm: 1.64592131
INFO:root:At the start of the epoch: mem (CPU python)=4827.84375MB; mem (CPU total)=19200.29296875MB
INFO:root:[   16] Training loss: 0.32835274, Validation loss: 0.30423331, Gradient norm: 1.55449663
INFO:root:At the start of the epoch: mem (CPU python)=4851.71484375MB; mem (CPU total)=19236.51171875MB
INFO:root:[   17] Training loss: 0.32661846, Validation loss: 0.30733025, Gradient norm: 1.81117703
INFO:root:At the start of the epoch: mem (CPU python)=4871.484375MB; mem (CPU total)=19303.76171875MB
INFO:root:[   18] Training loss: 0.32508475, Validation loss: 0.30970212, Gradient norm: 1.70285572
INFO:root:At the start of the epoch: mem (CPU python)=4896.125MB; mem (CPU total)=19359.50390625MB
INFO:root:[   19] Training loss: 0.32221642, Validation loss: 0.30588993, Gradient norm: 1.87196048
INFO:root:At the start of the epoch: mem (CPU python)=4913.85546875MB; mem (CPU total)=19387.640625MB
INFO:root:[   20] Training loss: 0.32307892, Validation loss: 0.30660690, Gradient norm: 1.95926881
INFO:root:At the start of the epoch: mem (CPU python)=4932.51953125MB; mem (CPU total)=19397.06640625MB
INFO:root:[   21] Training loss: 0.31952247, Validation loss: 0.29594109, Gradient norm: 2.13311754
INFO:root:At the start of the epoch: mem (CPU python)=4955.046875MB; mem (CPU total)=19392.453125MB
INFO:root:[   22] Training loss: 0.32168777, Validation loss: 0.31336869, Gradient norm: 1.96573454
INFO:root:At the start of the epoch: mem (CPU python)=4979.13671875MB; mem (CPU total)=19464.578125MB
INFO:root:[   23] Training loss: 0.31756720, Validation loss: 0.30474548, Gradient norm: 1.98456774
INFO:root:At the start of the epoch: mem (CPU python)=5001.1953125MB; mem (CPU total)=19481.2109375MB
INFO:root:[   24] Training loss: 0.32037116, Validation loss: 0.30717506, Gradient norm: 2.23684825
INFO:root:At the start of the epoch: mem (CPU python)=5021.8125MB; mem (CPU total)=19549.80078125MB
INFO:root:[   25] Training loss: 0.31722242, Validation loss: 0.29721626, Gradient norm: 2.25429767
INFO:root:At the start of the epoch: mem (CPU python)=5045.09765625MB; mem (CPU total)=19584.28125MB
INFO:root:[   26] Training loss: 0.31845540, Validation loss: 0.30491897, Gradient norm: 2.39144639
INFO:root:At the start of the epoch: mem (CPU python)=5053.28515625MB; mem (CPU total)=19596.6796875MB
INFO:root:[   27] Training loss: 0.31863550, Validation loss: 0.29442437, Gradient norm: 2.31725252
INFO:root:At the start of the epoch: mem (CPU python)=5086.53125MB; mem (CPU total)=19573.73046875MB
INFO:root:[   28] Training loss: 0.31517854, Validation loss: 0.28620924, Gradient norm: 2.40414817
INFO:root:At the start of the epoch: mem (CPU python)=5109.2109375MB; mem (CPU total)=19674.3515625MB
INFO:root:[   29] Training loss: 0.31375423, Validation loss: 0.28712088, Gradient norm: 2.38842716
INFO:root:At the start of the epoch: mem (CPU python)=5131.05078125MB; mem (CPU total)=19697.78515625MB
INFO:root:[   30] Training loss: 0.31054577, Validation loss: 0.31531706, Gradient norm: 2.39796013
INFO:root:At the start of the epoch: mem (CPU python)=5151.04296875MB; mem (CPU total)=19765.8046875MB
INFO:root:[   31] Training loss: 0.31298825, Validation loss: 0.29079473, Gradient norm: 2.44627040
INFO:root:At the start of the epoch: mem (CPU python)=5172.3046875MB; mem (CPU total)=19771.54296875MB
INFO:root:[   32] Training loss: 0.31034549, Validation loss: 0.29549918, Gradient norm: 2.72778080
INFO:root:At the start of the epoch: mem (CPU python)=5192.94140625MB; mem (CPU total)=19739.11328125MB
INFO:root:[   33] Training loss: 0.31043249, Validation loss: 0.28666686, Gradient norm: 2.53033692
INFO:root:At the start of the epoch: mem (CPU python)=5215.1171875MB; mem (CPU total)=19834.15625MB
INFO:root:[   34] Training loss: 0.30764980, Validation loss: 0.31410897, Gradient norm: 2.76623016
INFO:root:At the start of the epoch: mem (CPU python)=5236.12890625MB; mem (CPU total)=19849.984375MB
INFO:root:[   35] Training loss: 0.30973313, Validation loss: 0.30329399, Gradient norm: 2.55925175
INFO:root:At the start of the epoch: mem (CPU python)=5257.9453125MB; mem (CPU total)=19876.7890625MB
INFO:root:[   36] Training loss: 0.30813050, Validation loss: 0.28989834, Gradient norm: 2.95682403
INFO:root:At the start of the epoch: mem (CPU python)=5279.85546875MB; mem (CPU total)=19915.84765625MB
INFO:root:[   37] Training loss: 0.30779250, Validation loss: 0.31549134, Gradient norm: 2.59888202
INFO:root:At the start of the epoch: mem (CPU python)=5302.1875MB; mem (CPU total)=19910.6328125MB
INFO:root:[   38] Training loss: 0.30778734, Validation loss: 0.28071546, Gradient norm: 3.21365545
INFO:root:At the start of the epoch: mem (CPU python)=5322.16015625MB; mem (CPU total)=19996.015625MB
INFO:root:[   39] Training loss: 0.30745332, Validation loss: 0.29627856, Gradient norm: 2.82744178
INFO:root:At the start of the epoch: mem (CPU python)=5345.50390625MB; mem (CPU total)=19994.578125MB
INFO:root:[   40] Training loss: 0.30654233, Validation loss: 0.28359628, Gradient norm: 3.07701263
INFO:root:At the start of the epoch: mem (CPU python)=5366.796875MB; mem (CPU total)=20006.45703125MB
INFO:root:[   41] Training loss: 0.30686365, Validation loss: 0.28763711, Gradient norm: 3.17655135
INFO:root:At the start of the epoch: mem (CPU python)=5389.05078125MB; mem (CPU total)=20033.453125MB
INFO:root:[   42] Training loss: 0.30491652, Validation loss: 0.28766962, Gradient norm: 3.16001892
INFO:root:At the start of the epoch: mem (CPU python)=5410.171875MB; mem (CPU total)=20106.82421875MB
INFO:root:[   43] Training loss: 0.30504533, Validation loss: 0.27955364, Gradient norm: 2.96076441
INFO:root:At the start of the epoch: mem (CPU python)=5429.3125MB; mem (CPU total)=20115.375MB
INFO:root:[   44] Training loss: 0.30602290, Validation loss: 0.27807573, Gradient norm: 2.94796133
INFO:root:At the start of the epoch: mem (CPU python)=5451.2421875MB; mem (CPU total)=20151.640625MB
INFO:root:[   45] Training loss: 0.30665957, Validation loss: 0.28171955, Gradient norm: 3.48366593
INFO:root:At the start of the epoch: mem (CPU python)=5473.0625MB; mem (CPU total)=20180.43359375MB
INFO:root:[   46] Training loss: 0.30541231, Validation loss: 0.27618270, Gradient norm: 3.25560844
INFO:root:At the start of the epoch: mem (CPU python)=5492.80078125MB; mem (CPU total)=20185.2734375MB
INFO:root:[   47] Training loss: 0.30870069, Validation loss: 0.32216678, Gradient norm: 3.11079318
INFO:root:At the start of the epoch: mem (CPU python)=5516.31640625MB; mem (CPU total)=20216.45703125MB
INFO:root:[   48] Training loss: 0.30540193, Validation loss: 0.29170994, Gradient norm: 3.14834297
INFO:root:At the start of the epoch: mem (CPU python)=5536.85546875MB; mem (CPU total)=20286.9296875MB
INFO:root:[   49] Training loss: 0.30522208, Validation loss: 0.28550471, Gradient norm: 3.63019257
INFO:root:At the start of the epoch: mem (CPU python)=5557.1171875MB; mem (CPU total)=20319.03125MB
INFO:root:[   50] Training loss: 0.31137372, Validation loss: 0.28645995, Gradient norm: 3.46147872
INFO:root:At the start of the epoch: mem (CPU python)=5578.82421875MB; mem (CPU total)=20353.8984375MB
INFO:root:[   51] Training loss: 0.30309699, Validation loss: 0.29162341, Gradient norm: 3.17401860
INFO:root:At the start of the epoch: mem (CPU python)=5601.45703125MB; mem (CPU total)=20378.33203125MB
INFO:root:[   52] Training loss: 0.30689417, Validation loss: 0.27873230, Gradient norm: 3.60244798
INFO:root:At the start of the epoch: mem (CPU python)=5621.2890625MB; mem (CPU total)=20378.98828125MB
INFO:root:[   53] Training loss: 0.30604422, Validation loss: 0.28767202, Gradient norm: 3.70177938
INFO:root:At the start of the epoch: mem (CPU python)=5640.58203125MB; mem (CPU total)=20441.48828125MB
INFO:root:[   54] Training loss: 0.30581505, Validation loss: 0.30957564, Gradient norm: 3.29485336
INFO:root:At the start of the epoch: mem (CPU python)=5663.47265625MB; mem (CPU total)=20459.234375MB
INFO:root:[   55] Training loss: 0.30293345, Validation loss: 0.29561200, Gradient norm: 3.48597689
INFO:root:At the start of the epoch: mem (CPU python)=5686.53125MB; mem (CPU total)=20497.94921875MB
INFO:root:[   56] Training loss: 0.30428356, Validation loss: 0.28627695, Gradient norm: 2.87098947
INFO:root:At the start of the epoch: mem (CPU python)=5705.4375MB; mem (CPU total)=20532.296875MB
INFO:root:[   57] Training loss: 0.30427599, Validation loss: 0.29802309, Gradient norm: 3.73121872
INFO:root:At the start of the epoch: mem (CPU python)=5728.6640625MB; mem (CPU total)=20549.84765625MB
INFO:root:[   58] Training loss: 0.30325635, Validation loss: 0.28996122, Gradient norm: 3.87451605
INFO:root:At the start of the epoch: mem (CPU python)=5747.26953125MB; mem (CPU total)=20587.3515625MB
INFO:root:Learning rate reduced to: 0.0025
INFO:root:[   59] Training loss: 0.30284582, Validation loss: 0.28648217, Gradient norm: 3.76875828
INFO:root:At the start of the epoch: mem (CPU python)=5771.4375MB; mem (CPU total)=20619.74609375MB
INFO:root:Learning rate reduced to: 0.00125
INFO:root:[   60] Training loss: 0.28464369, Validation loss: 0.26925828, Gradient norm: 2.88825008
INFO:root:At the start of the epoch: mem (CPU python)=5787.66015625MB; mem (CPU total)=20653.15234375MB
INFO:root:[   61] Training loss: 0.27853639, Validation loss: 0.25696635, Gradient norm: 2.30731983
INFO:root:At the start of the epoch: mem (CPU python)=5813.47265625MB; mem (CPU total)=20703.91015625MB
INFO:root:[   62] Training loss: 0.27704861, Validation loss: 0.25867478, Gradient norm: 2.39530904
INFO:root:At the start of the epoch: mem (CPU python)=5835.31640625MB; mem (CPU total)=20760.125MB
INFO:root:[   63] Training loss: 0.27578244, Validation loss: 0.25721027, Gradient norm: 2.80705453
INFO:root:At the start of the epoch: mem (CPU python)=5856.98828125MB; mem (CPU total)=20741.9765625MB
INFO:root:[   64] Training loss: 0.27508188, Validation loss: 0.25670158, Gradient norm: 3.07910318
INFO:root:At the start of the epoch: mem (CPU python)=5877.65625MB; mem (CPU total)=20782.625MB
INFO:root:[   65] Training loss: 0.27698176, Validation loss: 0.26091318, Gradient norm: 3.48736546
INFO:root:At the start of the epoch: mem (CPU python)=5899.53125MB; mem (CPU total)=20810.5859375MB
INFO:root:[   66] Training loss: 0.27637365, Validation loss: 0.25678225, Gradient norm: 3.64142519
INFO:root:At the start of the epoch: mem (CPU python)=5920.11328125MB; mem (CPU total)=20817.37109375MB
INFO:root:[   67] Training loss: 0.27648623, Validation loss: 0.25745804, Gradient norm: 4.15462949
INFO:root:At the start of the epoch: mem (CPU python)=5941.33984375MB; mem (CPU total)=20874.57421875MB
INFO:root:[   68] Training loss: 0.27775722, Validation loss: 0.25946933, Gradient norm: 4.33337944
INFO:root:At the start of the epoch: mem (CPU python)=5962.5234375MB; mem (CPU total)=20908.609375MB
INFO:root:[   69] Training loss: 0.27814765, Validation loss: 0.26415885, Gradient norm: 4.50789585
INFO:root:At the start of the epoch: mem (CPU python)=5992.7734375MB; mem (CPU total)=20940.21875MB
INFO:root:[   70] Training loss: 0.27811954, Validation loss: 0.25697493, Gradient norm: 4.91808161
INFO:root:At the start of the epoch: mem (CPU python)=6005.13671875MB; mem (CPU total)=20966.62109375MB
INFO:root:Learning rate reduced to: 0.000625
INFO:root:[   71] Training loss: 0.27907625, Validation loss: 0.25644112, Gradient norm: 5.05309543
INFO:root:At the start of the epoch: mem (CPU python)=6027.16796875MB; mem (CPU total)=21019.921875MB
INFO:root:[   72] Training loss: 0.27321421, Validation loss: 0.25451809, Gradient norm: 3.23508595
INFO:root:At the start of the epoch: mem (CPU python)=6047.203125MB; mem (CPU total)=21030.57421875MB
INFO:root:[   73] Training loss: 0.27285295, Validation loss: 0.25470869, Gradient norm: 3.61028879
INFO:root:At the start of the epoch: mem (CPU python)=6070.8515625MB; mem (CPU total)=21061.37890625MB
INFO:root:[   74] Training loss: 0.27229260, Validation loss: 0.25263545, Gradient norm: 4.21244154
INFO:root:At the start of the epoch: mem (CPU python)=6087.17578125MB; mem (CPU total)=21093.69140625MB
INFO:root:[   75] Training loss: 0.27291715, Validation loss: 0.25371639, Gradient norm: 4.31110024
INFO:root:At the start of the epoch: mem (CPU python)=6110.171875MB; mem (CPU total)=21124.61328125MB
INFO:root:[   76] Training loss: 0.27242233, Validation loss: 0.25295502, Gradient norm: 4.80113001
INFO:root:At the start of the epoch: mem (CPU python)=6131.875MB; mem (CPU total)=21144.625MB
INFO:root:[   77] Training loss: 0.27335836, Validation loss: 0.25327298, Gradient norm: 5.02950492
INFO:root:At the start of the epoch: mem (CPU python)=6155.32421875MB; mem (CPU total)=21202.18359375MB
INFO:root:[   78] Training loss: 0.27244782, Validation loss: 0.25260584, Gradient norm: 5.32516853
INFO:root:At the start of the epoch: mem (CPU python)=6175.16015625MB; mem (CPU total)=21212.79296875MB
INFO:root:[   79] Training loss: 0.27349341, Validation loss: 0.25405190, Gradient norm: 5.73341024
INFO:root:At the start of the epoch: mem (CPU python)=6195.703125MB; mem (CPU total)=21239.328125MB
INFO:root:[   80] Training loss: 0.27414718, Validation loss: 0.25478813, Gradient norm: 5.87701694
INFO:root:At the start of the epoch: mem (CPU python)=6217.2578125MB; mem (CPU total)=21271.94140625MB
INFO:root:[   81] Training loss: 0.27352516, Validation loss: 0.25558923, Gradient norm: 6.17786600
INFO:root:At the start of the epoch: mem (CPU python)=6235.98828125MB; mem (CPU total)=21304.515625MB
INFO:root:[   82] Training loss: 0.27378441, Validation loss: 0.25497976, Gradient norm: 6.21265338
INFO:root:At the start of the epoch: mem (CPU python)=6260.41015625MB; mem (CPU total)=21333.82421875MB
INFO:root:[   83] Training loss: 0.27316121, Validation loss: 0.25394348, Gradient norm: 6.46437174
INFO:root:At the start of the epoch: mem (CPU python)=6284.88671875MB; mem (CPU total)=21394.8125MB
INFO:root:[   84] Training loss: 0.27402409, Validation loss: 0.26507416, Gradient norm: 6.67826264
INFO:root:At the start of the epoch: mem (CPU python)=6302.90234375MB; mem (CPU total)=21399.22265625MB
INFO:root:Learning rate reduced to: 0.0003125
INFO:root:[   85] Training loss: 0.27503757, Validation loss: 0.25540849, Gradient norm: 7.30857689
INFO:root:At the start of the epoch: mem (CPU python)=6326.421875MB; mem (CPU total)=21436.65234375MB
INFO:root:Learning rate reduced to: 0.00015625
INFO:root:[   86] Training loss: 0.27105086, Validation loss: 0.25198901, Gradient norm: 4.73345587
INFO:root:At the start of the epoch: mem (CPU python)=6348.6640625MB; mem (CPU total)=21474.1953125MB
INFO:root:[   87] Training loss: 0.26993731, Validation loss: 0.25201942, Gradient norm: 3.63789033
INFO:root:At the start of the epoch: mem (CPU python)=6367.38671875MB; mem (CPU total)=21467.828125MB
INFO:root:[   88] Training loss: 0.26972806, Validation loss: 0.25085505, Gradient norm: 3.64994581
INFO:root:At the start of the epoch: mem (CPU python)=6389.81640625MB; mem (CPU total)=21551.8203125MB
INFO:root:[   89] Training loss: 0.26974513, Validation loss: 0.25083282, Gradient norm: 4.33044018
INFO:root:At the start of the epoch: mem (CPU python)=6411.1484375MB; mem (CPU total)=21524.03515625MB
INFO:root:[   90] Training loss: 0.26922863, Validation loss: 0.25091317, Gradient norm: 4.28445738
INFO:root:At the start of the epoch: mem (CPU python)=6432.81640625MB; mem (CPU total)=21592.61328125MB
INFO:root:[   91] Training loss: 0.26876694, Validation loss: 0.25039394, Gradient norm: 3.67343498
INFO:root:At the start of the epoch: mem (CPU python)=6453.83203125MB; mem (CPU total)=21651.43359375MB
INFO:root:[   92] Training loss: 0.26865286, Validation loss: 0.25058346, Gradient norm: 3.53432301
INFO:root:At the start of the epoch: mem (CPU python)=6475.515625MB; mem (CPU total)=21681.75390625MB
INFO:root:[   93] Training loss: 0.26883585, Validation loss: 0.25070358, Gradient norm: 4.03424420
INFO:root:At the start of the epoch: mem (CPU python)=6496.10546875MB; mem (CPU total)=21684.7265625MB
INFO:root:[   94] Training loss: 0.26890762, Validation loss: 0.25129753, Gradient norm: 5.11232959
INFO:root:At the start of the epoch: mem (CPU python)=6517.61328125MB; mem (CPU total)=21762.08203125MB
INFO:root:[   95] Training loss: 0.26918805, Validation loss: 0.25096552, Gradient norm: 6.07724557
INFO:root:At the start of the epoch: mem (CPU python)=6537.703125MB; mem (CPU total)=21770.05078125MB
INFO:root:[   96] Training loss: 0.26924296, Validation loss: 0.25006668, Gradient norm: 5.07265298
INFO:root:At the start of the epoch: mem (CPU python)=6559.37109375MB; mem (CPU total)=21802.57421875MB
INFO:root:[   97] Training loss: 0.26920167, Validation loss: 0.24940644, Gradient norm: 4.37123222
INFO:root:At the start of the epoch: mem (CPU python)=6580.81640625MB; mem (CPU total)=21827.5625MB
INFO:root:[   98] Training loss: 0.26880991, Validation loss: 0.24988311, Gradient norm: 4.41150958
INFO:root:At the start of the epoch: mem (CPU python)=6603.1953125MB; mem (CPU total)=21882.5234375MB
INFO:root:[   99] Training loss: 0.26931958, Validation loss: 0.24974734, Gradient norm: 4.47372807
INFO:root:At the start of the epoch: mem (CPU python)=6623.5546875MB; mem (CPU total)=21891.9375MB
INFO:root:[  100] Training loss: 0.27017234, Validation loss: 0.24996286, Gradient norm: 6.48849305
INFO:root:At the start of the epoch: mem (CPU python)=6644.08203125MB; mem (CPU total)=21907.36328125MB
INFO:root:[  101] Training loss: 0.26934590, Validation loss: 0.25093683, Gradient norm: 6.46522301
INFO:root:At the start of the epoch: mem (CPU python)=6665.5MB; mem (CPU total)=21940.9765625MB
INFO:root:[  102] Training loss: 0.26865512, Validation loss: 0.24996357, Gradient norm: 5.23311727
INFO:root:At the start of the epoch: mem (CPU python)=6688.44140625MB; mem (CPU total)=22001.359375MB
INFO:root:[  103] Training loss: 0.26919996, Validation loss: 0.25115660, Gradient norm: 6.17186930
INFO:root:At the start of the epoch: mem (CPU python)=6718.28125MB; mem (CPU total)=22025.8203125MB
INFO:root:Learning rate reduced to: 7.8125e-05
INFO:root:[  104] Training loss: 0.26926668, Validation loss: 0.25060326, Gradient norm: 8.03706819
INFO:root:At the start of the epoch: mem (CPU python)=6729.8671875MB; mem (CPU total)=22005.46484375MB
INFO:root:[  105] Training loss: 0.26793457, Validation loss: 0.24875115, Gradient norm: 4.00558271
INFO:root:At the start of the epoch: mem (CPU python)=6752.28125MB; mem (CPU total)=22067.2578125MB
INFO:root:[  106] Training loss: 0.26801761, Validation loss: 0.24912646, Gradient norm: 4.21524576
INFO:root:At the start of the epoch: mem (CPU python)=6769.3203125MB; mem (CPU total)=22098.07421875MB
INFO:root:[  107] Training loss: 0.26842848, Validation loss: 0.24927999, Gradient norm: 3.82687532
INFO:root:At the start of the epoch: mem (CPU python)=6793.69921875MB; mem (CPU total)=22129.4375MB
INFO:root:[  108] Training loss: 0.26815912, Validation loss: 0.24901625, Gradient norm: 4.41344143
INFO:root:At the start of the epoch: mem (CPU python)=6814.4765625MB; mem (CPU total)=22162.78125MB
INFO:root:[  109] Training loss: 0.26845414, Validation loss: 0.24935862, Gradient norm: 4.12436537
INFO:root:At the start of the epoch: mem (CPU python)=6834.8515625MB; mem (CPU total)=22185.90234375MB
INFO:root:[  110] Training loss: 0.26778884, Validation loss: 0.24929868, Gradient norm: 4.65152411
INFO:root:At the start of the epoch: mem (CPU python)=6859.0625MB; mem (CPU total)=22222.140625MB
INFO:root:[  111] Training loss: 0.26803065, Validation loss: 0.24964478, Gradient norm: 4.15231838
INFO:root:At the start of the epoch: mem (CPU python)=6881.16015625MB; mem (CPU total)=22254.68359375MB
INFO:root:[  112] Training loss: 0.26814902, Validation loss: 0.24976732, Gradient norm: 4.05787034
INFO:root:At the start of the epoch: mem (CPU python)=6901.84375MB; mem (CPU total)=22297.34765625MB
INFO:root:[  113] Training loss: 0.26826485, Validation loss: 0.24913883, Gradient norm: 4.74444442
INFO:root:At the start of the epoch: mem (CPU python)=6924.51171875MB; mem (CPU total)=22307.94140625MB
INFO:root:[  114] Training loss: 0.26830386, Validation loss: 0.24948508, Gradient norm: 4.81150931
INFO:root:At the start of the epoch: mem (CPU python)=6944.76171875MB; mem (CPU total)=22360.0234375MB
INFO:root:EP 114: Early stopping
INFO:root:Training for autoregressive step 2 starts now.
INFO:root:Learning rate reduced to: [3.90625e-05]
INFO:root:At the start of the epoch: mem (CPU python)=6965.35546875MB; mem (CPU total)=22381.87109375MB
INFO:root:[  116] Training loss: 0.34660850, Validation loss: 0.32173628, Gradient norm: 10.94800487
INFO:root:At the start of the epoch: mem (CPU python)=6986.33984375MB; mem (CPU total)=22444.2109375MB
INFO:root:[  117] Training loss: 0.34288541, Validation loss: 0.32086924, Gradient norm: 9.13330692
INFO:root:At the start of the epoch: mem (CPU python)=7007.50390625MB; mem (CPU total)=22493.13671875MB
INFO:root:[  118] Training loss: 0.34205031, Validation loss: 0.32037364, Gradient norm: 9.15891197
INFO:root:At the start of the epoch: mem (CPU python)=7028.6875MB; mem (CPU total)=22534.25390625MB
INFO:root:[  119] Training loss: 0.34155804, Validation loss: 0.31918315, Gradient norm: 8.40726448
INFO:root:At the start of the epoch: mem (CPU python)=7049.84375MB; mem (CPU total)=22587.13671875MB
INFO:root:[  120] Training loss: 0.34076698, Validation loss: 0.31903961, Gradient norm: 9.22345636
INFO:root:At the start of the epoch: mem (CPU python)=7071.0234375MB; mem (CPU total)=22606.30078125MB
INFO:root:[  121] Training loss: 0.34098117, Validation loss: 0.31899577, Gradient norm: 9.51270545
INFO:root:At the start of the epoch: mem (CPU python)=7092.1953125MB; mem (CPU total)=22645.77734375MB
INFO:root:[  122] Training loss: 0.34111045, Validation loss: 0.31953947, Gradient norm: 10.29923661
INFO:root:At the start of the epoch: mem (CPU python)=7113.35546875MB; mem (CPU total)=22679.9453125MB
INFO:root:[  123] Training loss: 0.34015179, Validation loss: 0.31914083, Gradient norm: 10.46213009
INFO:root:At the start of the epoch: mem (CPU python)=7134.5390625MB; mem (CPU total)=22723.046875MB
INFO:root:[  124] Training loss: 0.34029640, Validation loss: 0.31841467, Gradient norm: 12.04748617
INFO:root:At the start of the epoch: mem (CPU python)=7155.703125MB; mem (CPU total)=22754.921875MB
INFO:root:[  125] Training loss: 0.34102556, Validation loss: 0.31919673, Gradient norm: 13.87609087
INFO:root:At the start of the epoch: mem (CPU python)=7176.8828125MB; mem (CPU total)=22785.66015625MB
INFO:root:[  126] Training loss: 0.34054872, Validation loss: 0.31796723, Gradient norm: 13.28039787
INFO:root:At the start of the epoch: mem (CPU python)=7198.04296875MB; mem (CPU total)=22799.453125MB
INFO:root:[  127] Training loss: 0.33981240, Validation loss: 0.31802798, Gradient norm: 13.00639000
INFO:root:At the start of the epoch: mem (CPU python)=7219.21484375MB; mem (CPU total)=22826.49609375MB
INFO:root:[  128] Training loss: 0.33970788, Validation loss: 0.31944999, Gradient norm: 13.53454814
INFO:root:At the start of the epoch: mem (CPU python)=7240.39453125MB; mem (CPU total)=22865.05859375MB
INFO:root:[  129] Training loss: 0.33965690, Validation loss: 0.31778292, Gradient norm: 14.08948018
INFO:root:At the start of the epoch: mem (CPU python)=7261.55859375MB; mem (CPU total)=22882.8046875MB
INFO:root:[  130] Training loss: 0.33930785, Validation loss: 0.31762333, Gradient norm: 14.22529197
INFO:root:At the start of the epoch: mem (CPU python)=7282.73828125MB; mem (CPU total)=22904.35546875MB
INFO:root:[  131] Training loss: 0.33875571, Validation loss: 0.31579677, Gradient norm: 14.57804260
INFO:root:At the start of the epoch: mem (CPU python)=7303.90234375MB; mem (CPU total)=10994.828125MB
INFO:root:[  132] Training loss: 0.33770152, Validation loss: 0.31791053, Gradient norm: 13.95786660
INFO:root:At the start of the epoch: mem (CPU python)=7321.69140625MB; mem (CPU total)=14301.53125MB
INFO:root:[  133] Training loss: 0.33827382, Validation loss: 0.31895526, Gradient norm: 15.15490296
INFO:root:At the start of the epoch: mem (CPU python)=7342.31640625MB; mem (CPU total)=14336.04296875MB
INFO:root:[  134] Training loss: 0.33737408, Validation loss: 0.31567137, Gradient norm: 15.58508315
INFO:root:At the start of the epoch: mem (CPU python)=7363.19921875MB; mem (CPU total)=14366.67578125MB
INFO:root:[  135] Training loss: 0.33731182, Validation loss: 0.31680959, Gradient norm: 15.39619996
INFO:root:At the start of the epoch: mem (CPU python)=7384.65234375MB; mem (CPU total)=14448.421875MB
INFO:root:[  136] Training loss: 0.33648234, Validation loss: 0.32010458, Gradient norm: 14.73914739
INFO:root:At the start of the epoch: mem (CPU python)=7405.8203125MB; mem (CPU total)=14463.9921875MB
INFO:root:[  137] Training loss: 0.33687983, Validation loss: 0.31503464, Gradient norm: 14.97974763
INFO:root:At the start of the epoch: mem (CPU python)=7426.86328125MB; mem (CPU total)=14514.33203125MB
INFO:root:[  138] Training loss: 0.33550462, Validation loss: 0.31324969, Gradient norm: 13.90546295
INFO:root:At the start of the epoch: mem (CPU python)=7450.05078125MB; mem (CPU total)=14547.6953125MB
INFO:root:[  139] Training loss: 0.33603970, Validation loss: 0.31329858, Gradient norm: 14.58931659
INFO:root:At the start of the epoch: mem (CPU python)=7469.3203125MB; mem (CPU total)=14590.1015625MB
INFO:root:[  140] Training loss: 0.33574529, Validation loss: 0.31322451, Gradient norm: 13.07335376
INFO:root:At the start of the epoch: mem (CPU python)=7490.49609375MB; mem (CPU total)=14639.6328125MB
INFO:root:[  141] Training loss: 0.33632426, Validation loss: 0.31612245, Gradient norm: 14.82172084
INFO:root:At the start of the epoch: mem (CPU python)=7511.6484375MB; mem (CPU total)=14671.6796875MB
INFO:root:[  142] Training loss: 0.33640930, Validation loss: 0.31595885, Gradient norm: 14.78594155
INFO:root:At the start of the epoch: mem (CPU python)=7532.68359375MB; mem (CPU total)=14713.38671875MB
INFO:root:[  143] Training loss: 0.33607172, Validation loss: 0.31408007, Gradient norm: 13.78502849
INFO:root:At the start of the epoch: mem (CPU python)=7553.83203125MB; mem (CPU total)=14740.99609375MB
INFO:root:[  144] Training loss: 0.33620070, Validation loss: 0.31262381, Gradient norm: 14.40535880
INFO:root:At the start of the epoch: mem (CPU python)=7575.01171875MB; mem (CPU total)=14796.40625MB
INFO:root:[  145] Training loss: 0.33437488, Validation loss: 0.31201215, Gradient norm: 13.27544026
INFO:root:At the start of the epoch: mem (CPU python)=7596.1796875MB; mem (CPU total)=14839.8046875MB
INFO:root:[  146] Training loss: 0.33434048, Validation loss: 0.31185037, Gradient norm: 13.20438190
INFO:root:At the start of the epoch: mem (CPU python)=7621.3984375MB; mem (CPU total)=14874.3828125MB
INFO:root:[  147] Training loss: 0.33428139, Validation loss: 0.31191558, Gradient norm: 13.50679892
INFO:root:At the start of the epoch: mem (CPU python)=7641.203125MB; mem (CPU total)=14923.39453125MB
INFO:root:[  148] Training loss: 0.33423485, Validation loss: 0.31311807, Gradient norm: 13.25696604
INFO:root:At the start of the epoch: mem (CPU python)=7661.2890625MB; mem (CPU total)=14950.01953125MB
INFO:root:[  149] Training loss: 0.33392990, Validation loss: 0.31420323, Gradient norm: 12.90920317
INFO:root:At the start of the epoch: mem (CPU python)=7684.8984375MB; mem (CPU total)=14998.90234375MB
INFO:root:[  150] Training loss: 0.33362562, Validation loss: 0.31174417, Gradient norm: 13.27265277
INFO:root:At the start of the epoch: mem (CPU python)=7706.0546875MB; mem (CPU total)=15052.59765625MB
INFO:root:[  151] Training loss: 0.33314686, Validation loss: 0.31059583, Gradient norm: 13.35296569
INFO:root:At the start of the epoch: mem (CPU python)=7727.21875MB; mem (CPU total)=15092.9375MB
INFO:root:[  152] Training loss: 0.33340285, Validation loss: 0.31157405, Gradient norm: 12.95787360
INFO:root:At the start of the epoch: mem (CPU python)=7748.25390625MB; mem (CPU total)=15143.4140625MB
INFO:root:[  153] Training loss: 0.33260636, Validation loss: 0.31032473, Gradient norm: 12.87933698
INFO:root:At the start of the epoch: mem (CPU python)=7769.546875MB; mem (CPU total)=15177.54296875MB
INFO:root:[  154] Training loss: 0.33247017, Validation loss: 0.31058018, Gradient norm: 12.77022795
INFO:root:At the start of the epoch: mem (CPU python)=7790.71875MB; mem (CPU total)=15222.93359375MB
INFO:root:[  155] Training loss: 0.33316779, Validation loss: 0.31215197, Gradient norm: 12.99100097
INFO:root:At the start of the epoch: mem (CPU python)=7811.734375MB; mem (CPU total)=15253.44921875MB
INFO:root:[  156] Training loss: 0.33286516, Validation loss: 0.31143860, Gradient norm: 12.80517613
INFO:root:At the start of the epoch: mem (CPU python)=7832.09375MB; mem (CPU total)=15294.78515625MB
INFO:root:[  157] Training loss: 0.33293528, Validation loss: 0.31318588, Gradient norm: 13.72547800
INFO:root:At the start of the epoch: mem (CPU python)=7854.20703125MB; mem (CPU total)=15341.05859375MB
INFO:root:[  158] Training loss: 0.33344661, Validation loss: 0.31035303, Gradient norm: 14.60088196
INFO:root:At the start of the epoch: mem (CPU python)=7875.36328125MB; mem (CPU total)=15380.41796875MB
INFO:root:[  159] Training loss: 0.33292659, Validation loss: 0.31055239, Gradient norm: 13.99088932
INFO:root:At the start of the epoch: mem (CPU python)=7896.53515625MB; mem (CPU total)=15425.90625MB
INFO:root:[  160] Training loss: 0.33286785, Validation loss: 0.30976290, Gradient norm: 13.79349549
INFO:root:At the start of the epoch: mem (CPU python)=7917.69140625MB; mem (CPU total)=15468.71875MB
INFO:root:[  161] Training loss: 0.33207651, Validation loss: 0.31118476, Gradient norm: 12.63457980
INFO:root:At the start of the epoch: mem (CPU python)=7938.86328125MB; mem (CPU total)=15513.96484375MB
INFO:root:[  162] Training loss: 0.33292804, Validation loss: 0.31024163, Gradient norm: 13.25680446
INFO:root:At the start of the epoch: mem (CPU python)=7960.0234375MB; mem (CPU total)=15534.578125MB
INFO:root:[  163] Training loss: 0.33135319, Validation loss: 0.30939220, Gradient norm: 13.56413478
INFO:root:At the start of the epoch: mem (CPU python)=7981.05859375MB; mem (CPU total)=15247.9765625MB
INFO:root:[  164] Training loss: 0.33188334, Validation loss: 0.30916171, Gradient norm: 12.99558285
INFO:root:At the start of the epoch: mem (CPU python)=8002.359375MB; mem (CPU total)=15641.4765625MB
INFO:root:[  165] Training loss: 0.33247793, Validation loss: 0.30967375, Gradient norm: 13.61455242
INFO:root:At the start of the epoch: mem (CPU python)=8023.515625MB; mem (CPU total)=15648.5MB
INFO:root:[  166] Training loss: 0.33206577, Validation loss: 0.30964361, Gradient norm: 12.70271022
INFO:root:At the start of the epoch: mem (CPU python)=8044.68359375MB; mem (CPU total)=15711.70703125MB
INFO:root:[  167] Training loss: 0.33218914, Validation loss: 0.30992136, Gradient norm: 12.84380775
INFO:root:At the start of the epoch: mem (CPU python)=8065.84375MB; mem (CPU total)=15743.03125MB
INFO:root:[  168] Training loss: 0.33189642, Validation loss: 0.31035050, Gradient norm: 12.64468326
INFO:root:At the start of the epoch: mem (CPU python)=8087.015625MB; mem (CPU total)=15786.83203125MB
INFO:root:[  169] Training loss: 0.33155983, Validation loss: 0.31105843, Gradient norm: 13.29110872
INFO:root:At the start of the epoch: mem (CPU python)=8108.1796875MB; mem (CPU total)=15849.22265625MB
INFO:root:[  170] Training loss: 0.33151927, Validation loss: 0.31164745, Gradient norm: 12.69268273
INFO:root:At the start of the epoch: mem (CPU python)=8129.3359375MB; mem (CPU total)=15860.98046875MB
INFO:root:[  171] Training loss: 0.33131280, Validation loss: 0.30954810, Gradient norm: 12.09449396
INFO:root:At the start of the epoch: mem (CPU python)=8150.234375MB; mem (CPU total)=15916.66015625MB
INFO:root:[  172] Training loss: 0.33136535, Validation loss: 0.30869936, Gradient norm: 12.79620401
INFO:root:At the start of the epoch: mem (CPU python)=8171.5234375MB; mem (CPU total)=15950.86328125MB
INFO:root:[  173] Training loss: 0.33096451, Validation loss: 0.30835728, Gradient norm: 12.76859918
INFO:root:At the start of the epoch: mem (CPU python)=8192.83203125MB; mem (CPU total)=16001.31640625MB
INFO:root:[  174] Training loss: 0.33107492, Validation loss: 0.30970234, Gradient norm: 12.12524575
INFO:root:At the start of the epoch: mem (CPU python)=8213.9921875MB; mem (CPU total)=16049.671875MB
INFO:root:[  175] Training loss: 0.33122391, Validation loss: 0.30909088, Gradient norm: 11.88133352
INFO:root:At the start of the epoch: mem (CPU python)=8235.15234375MB; mem (CPU total)=16069.9296875MB
INFO:root:[  176] Training loss: 0.33130471, Validation loss: 0.30860417, Gradient norm: 12.37799002
INFO:root:At the start of the epoch: mem (CPU python)=8256.32421875MB; mem (CPU total)=16124.2734375MB
INFO:root:[  177] Training loss: 0.33040275, Validation loss: 0.30835623, Gradient norm: 12.45668063
INFO:root:At the start of the epoch: mem (CPU python)=8277.48046875MB; mem (CPU total)=16170.015625MB
INFO:root:[  178] Training loss: 0.33110607, Validation loss: 0.30832202, Gradient norm: 13.18354562
INFO:root:At the start of the epoch: mem (CPU python)=8298.65234375MB; mem (CPU total)=16210.828125MB
INFO:root:[  179] Training loss: 0.33107622, Validation loss: 0.30978330, Gradient norm: 13.30067896
INFO:root:At the start of the epoch: mem (CPU python)=8319.81640625MB; mem (CPU total)=16238.95703125MB
INFO:root:[  180] Training loss: 0.33129377, Validation loss: 0.30885659, Gradient norm: 12.72534323
INFO:root:At the start of the epoch: mem (CPU python)=8340.98828125MB; mem (CPU total)=16281.65625MB
INFO:root:[  181] Training loss: 0.33080005, Validation loss: 0.30859207, Gradient norm: 13.01129448
INFO:root:At the start of the epoch: mem (CPU python)=8362.0078125MB; mem (CPU total)=16326.69140625MB
INFO:root:[  182] Training loss: 0.33079109, Validation loss: 0.30977023, Gradient norm: 12.98107368
INFO:root:At the start of the epoch: mem (CPU python)=8383.30859375MB; mem (CPU total)=16350.66015625MB
INFO:root:[  183] Training loss: 0.33072706, Validation loss: 0.30781319, Gradient norm: 13.62205676
INFO:root:At the start of the epoch: mem (CPU python)=8404.2109375MB; mem (CPU total)=16406.2734375MB
INFO:root:[  184] Training loss: 0.33074382, Validation loss: 0.30912183, Gradient norm: 13.08417116
INFO:root:At the start of the epoch: mem (CPU python)=8425.50390625MB; mem (CPU total)=16446.40234375MB
INFO:root:[  185] Training loss: 0.33088908, Validation loss: 0.30991773, Gradient norm: 13.36649773
INFO:root:At the start of the epoch: mem (CPU python)=8446.80859375MB; mem (CPU total)=16458.43359375MB
INFO:root:[  186] Training loss: 0.33084298, Validation loss: 0.30820084, Gradient norm: 13.74202925
INFO:root:At the start of the epoch: mem (CPU python)=8467.96484375MB; mem (CPU total)=16550.5390625MB
INFO:root:[  187] Training loss: 0.33062454, Validation loss: 0.30827817, Gradient norm: 12.85727982
INFO:root:At the start of the epoch: mem (CPU python)=8489.0078125MB; mem (CPU total)=16584.3046875MB
INFO:root:[  188] Training loss: 0.33099867, Validation loss: 0.30824598, Gradient norm: 13.81558370
INFO:root:At the start of the epoch: mem (CPU python)=8510.30078125MB; mem (CPU total)=16628.68359375MB
INFO:root:[  189] Training loss: 0.33056837, Validation loss: 0.30812929, Gradient norm: 13.26762496
INFO:root:At the start of the epoch: mem (CPU python)=8531.31640625MB; mem (CPU total)=16666.43359375MB
INFO:root:[  190] Training loss: 0.33051940, Validation loss: 0.30789237, Gradient norm: 14.09143685
INFO:root:At the start of the epoch: mem (CPU python)=8552.62890625MB; mem (CPU total)=16707.80078125MB
INFO:root:[  191] Training loss: 0.33040996, Validation loss: 0.30881375, Gradient norm: 13.46610796
INFO:root:At the start of the epoch: mem (CPU python)=8573.6484375MB; mem (CPU total)=16739.11328125MB
INFO:root:[  192] Training loss: 0.33093698, Validation loss: 0.30703242, Gradient norm: 13.88438174
INFO:root:At the start of the epoch: mem (CPU python)=8594.95703125MB; mem (CPU total)=16781.03515625MB
INFO:root:[  193] Training loss: 0.33075213, Validation loss: 0.30808182, Gradient norm: 13.59944913
INFO:root:At the start of the epoch: mem (CPU python)=8615.9765625MB; mem (CPU total)=16819.73828125MB
INFO:root:[  194] Training loss: 0.33050252, Validation loss: 0.30858774, Gradient norm: 12.73356826
INFO:root:At the start of the epoch: mem (CPU python)=8637.2734375MB; mem (CPU total)=16865.84375MB
INFO:root:[  195] Training loss: 0.32991514, Validation loss: 0.30897481, Gradient norm: 11.55029242
INFO:root:At the start of the epoch: mem (CPU python)=8658.44921875MB; mem (CPU total)=16908.03125MB
INFO:root:[  196] Training loss: 0.32965536, Validation loss: 0.30814611, Gradient norm: 12.39335159
INFO:root:At the start of the epoch: mem (CPU python)=8679.60546875MB; mem (CPU total)=16946.328125MB
INFO:root:[  197] Training loss: 0.33036266, Validation loss: 0.30893764, Gradient norm: 12.79047237
INFO:root:At the start of the epoch: mem (CPU python)=8700.64453125MB; mem (CPU total)=16991.9453125MB
INFO:root:[  198] Training loss: 0.33017923, Validation loss: 0.30764476, Gradient norm: 11.65631392
INFO:root:At the start of the epoch: mem (CPU python)=8721.93359375MB; mem (CPU total)=17032.28515625MB
INFO:root:[  199] Training loss: 0.32981451, Validation loss: 0.30871436, Gradient norm: 12.51595303
INFO:root:At the start of the epoch: mem (CPU python)=8743.10546875MB; mem (CPU total)=17060.41015625MB
INFO:root:[  200] Training loss: 0.32971373, Validation loss: 0.30865575, Gradient norm: 12.37362102
INFO:root:At the start of the epoch: mem (CPU python)=8764.2734375MB; mem (CPU total)=17110.953125MB
INFO:root:[  201] Training loss: 0.32934773, Validation loss: 0.30816946, Gradient norm: 11.69832404
INFO:root:At the start of the epoch: mem (CPU python)=8785.4296875MB; mem (CPU total)=17154.9609375MB
INFO:root:[  202] Training loss: 0.32997094, Validation loss: 0.30697914, Gradient norm: 13.26253301
INFO:root:At the start of the epoch: mem (CPU python)=8806.6015625MB; mem (CPU total)=17213.2109375MB
INFO:root:[  203] Training loss: 0.33003464, Validation loss: 0.30664432, Gradient norm: 12.85616834
INFO:root:At the start of the epoch: mem (CPU python)=8827.75390625MB; mem (CPU total)=17256.92578125MB
INFO:root:[  204] Training loss: 0.33011146, Validation loss: 0.30854893, Gradient norm: 13.40056565
INFO:root:At the start of the epoch: mem (CPU python)=8848.92578125MB; mem (CPU total)=17284.47265625MB
INFO:root:[  205] Training loss: 0.33023124, Validation loss: 0.30708497, Gradient norm: 13.31643473
INFO:root:At the start of the epoch: mem (CPU python)=8870.08203125MB; mem (CPU total)=17329.44140625MB
INFO:root:[  206] Training loss: 0.32982418, Validation loss: 0.30775754, Gradient norm: 13.05654923
INFO:root:At the start of the epoch: mem (CPU python)=8891.24609375MB; mem (CPU total)=17361.26171875MB
INFO:root:[  207] Training loss: 0.32974132, Validation loss: 0.30688913, Gradient norm: 12.68418385
INFO:root:At the start of the epoch: mem (CPU python)=8912.41796875MB; mem (CPU total)=17398.63671875MB
INFO:root:[  208] Training loss: 0.32980038, Validation loss: 0.30877481, Gradient norm: 13.07578358
INFO:root:At the start of the epoch: mem (CPU python)=8933.57421875MB; mem (CPU total)=17442.1484375MB
INFO:root:[  209] Training loss: 0.33017973, Validation loss: 0.30829011, Gradient norm: 13.11919307
INFO:root:At the start of the epoch: mem (CPU python)=8954.74609375MB; mem (CPU total)=17484.1015625MB
INFO:root:[  210] Training loss: 0.33014818, Validation loss: 0.30897593, Gradient norm: 13.02446620
INFO:root:At the start of the epoch: mem (CPU python)=8975.765625MB; mem (CPU total)=17526.60546875MB
INFO:root:[  211] Training loss: 0.32976905, Validation loss: 0.30681301, Gradient norm: 14.08616153
INFO:root:At the start of the epoch: mem (CPU python)=8997.07421875MB; mem (CPU total)=17569.2734375MB
INFO:root:[  212] Training loss: 0.33004020, Validation loss: 0.30675655, Gradient norm: 12.76679271
INFO:root:At the start of the epoch: mem (CPU python)=9018.2421875MB; mem (CPU total)=17603.8125MB
INFO:root:EP 212: Early stopping
INFO:root:After finishing all epochs: mem (CPU python)=9039.39453125MB; mem (CPU total)=17648.8046875MB
INFO:root:Training the model took 8627.606s.
INFO:root:Emptying the cuda cache took 0.067s.
INFO:root:Starting evaluation: model SFNO & uncertainty quantification scoring-rule-reparam
INFO:root:Evaluating the model on Validation data.
INFO:root:MSEValidation: 0.50002
INFO:root:EnergyScoreValidation: 0.35293
INFO:root:CRPSValidation: 0.19003
INFO:root:Gaussian NLLValidation: 269.06483
INFO:root:CoverageValidation: 0.18703
INFO:root:IntervalWidthValidation: 0.23255
INFO:root:Evaluating the model on Test data.
INFO:root:MSETest: 0.38813
INFO:root:EnergyScoreTest: 0.27454
INFO:root:CRPSTest: 0.15579
INFO:root:Gaussian NLLTest: 23400593604.608
INFO:root:CoverageTest: 0.0156
INFO:root:IntervalWidthTest: 0.06578
INFO:root:After validation: mem (CPU python)=9039.39453125MB; mem (CPU total)=17832.7265625MB
INFO:root:###2 out of 3 training parameter combinations ###
INFO:root:Training parameters: {'seed': 12345678, 'model': 'SFNO', 'uncertainty_quantification': 'scoring-rule-reparam', 'batch_size': 32, 'n_epochs': 1000, 'early_stopping': 10, 'init': 'default', 'learning_rate': 0.005, 'lr_schedule': 'step', 'optimizer': 'adam', 'gradient_clipping': 1, 'layer_normalization': True, 'data_loader_pin_memory': False, 'data_loader_num_workers': 0, 'distributed_training': False, 'alpha': 0.05, 'n_samples_uq': 100, 'weight_decay': 0, 'dropout': 0.005, 'fourier_dropout': None, 'hidden_channels': 32, 'projection_channels': 256, 'lifting_channels': 256, 'n_modes': (32, 32), 'n_samples': 3}
INFO:root:After creating the dataloaders: mem (CPU python)=9039.39453125MB; mem (CPU total)=17840.97265625MB
INFO:root:NumberParameters: 294054
INFO:root:GPU memory allocated: 176160768
INFO:root:After setting up the model: mem (CPU python)=9039.39453125MB; mem (CPU total)=17840.97265625MB
INFO:root:Training starts now.
INFO:root:At the start of the epoch: mem (CPU python)=9039.39453125MB; mem (CPU total)=17864.16015625MB
INFO:root:[    1] Training loss: 0.59576411, Validation loss: 0.51992717, Gradient norm: 0.32771520
INFO:root:At the start of the epoch: mem (CPU python)=9076.7109375MB; mem (CPU total)=17894.984375MB
INFO:root:[    2] Training loss: 0.52236751, Validation loss: 0.51855246, Gradient norm: 0.22262755
INFO:root:At the start of the epoch: mem (CPU python)=9097.90234375MB; mem (CPU total)=17928.5703125MB
INFO:root:[    3] Training loss: 0.51640014, Validation loss: 0.50433866, Gradient norm: 0.24466391
INFO:root:At the start of the epoch: mem (CPU python)=9119.0625MB; mem (CPU total)=17958.03125MB
INFO:root:[    4] Training loss: 0.50305948, Validation loss: 0.49018921, Gradient norm: 0.28602161
INFO:root:At the start of the epoch: mem (CPU python)=9140.234375MB; mem (CPU total)=17989.21875MB
INFO:root:[    5] Training loss: 0.47602976, Validation loss: 0.43793175, Gradient norm: 0.43885509
INFO:root:At the start of the epoch: mem (CPU python)=9161.3984375MB; mem (CPU total)=18021.92578125MB
INFO:root:[    6] Training loss: 0.43189710, Validation loss: 0.41383810, Gradient norm: 0.48432192
INFO:root:At the start of the epoch: mem (CPU python)=9182.5625MB; mem (CPU total)=18054.03515625MB
INFO:root:[    7] Training loss: 0.41451974, Validation loss: 0.40126497, Gradient norm: 0.53392827
INFO:root:At the start of the epoch: mem (CPU python)=9203.7265625MB; mem (CPU total)=18086.10546875MB
INFO:root:[    8] Training loss: 0.40154136, Validation loss: 0.39081038, Gradient norm: 0.56337626
INFO:root:At the start of the epoch: mem (CPU python)=9224.87890625MB; mem (CPU total)=18118.97265625MB
INFO:root:[    9] Training loss: 0.39359772, Validation loss: 0.38528952, Gradient norm: 0.70353100
INFO:root:At the start of the epoch: mem (CPU python)=9246.05859375MB; mem (CPU total)=18144.76171875MB
INFO:root:[   10] Training loss: 0.38631848, Validation loss: 0.37115320, Gradient norm: 0.77829787
INFO:root:At the start of the epoch: mem (CPU python)=9267.2109375MB; mem (CPU total)=18187.609375MB
INFO:root:[   11] Training loss: 0.37658063, Validation loss: 0.37577640, Gradient norm: 0.93625721
INFO:root:At the start of the epoch: mem (CPU python)=9288.37109375MB; mem (CPU total)=18213.41015625MB
INFO:root:[   12] Training loss: 0.36509771, Validation loss: 0.35262131, Gradient norm: 0.94008390
INFO:root:At the start of the epoch: mem (CPU python)=9309.68359375MB; mem (CPU total)=18259.20703125MB
INFO:root:[   13] Training loss: 0.36169292, Validation loss: 0.35879301, Gradient norm: 1.13611793
INFO:root:At the start of the epoch: mem (CPU python)=9330.69921875MB; mem (CPU total)=18292.32421875MB
INFO:root:[   14] Training loss: 0.35085491, Validation loss: 0.33408044, Gradient norm: 1.01828844
INFO:root:At the start of the epoch: mem (CPU python)=9351.875MB; mem (CPU total)=18315.73046875MB
INFO:root:[   15] Training loss: 0.34507288, Validation loss: 0.33120457, Gradient norm: 1.17443279
INFO:root:At the start of the epoch: mem (CPU python)=9373.04296875MB; mem (CPU total)=18360.0MB
INFO:root:[   16] Training loss: 0.33872457, Validation loss: 0.32123772, Gradient norm: 1.24279735
INFO:root:At the start of the epoch: mem (CPU python)=9394.20703125MB; mem (CPU total)=18397.09375MB
INFO:root:[   17] Training loss: 0.33418947, Validation loss: 0.31571097, Gradient norm: 1.28493764
INFO:root:At the start of the epoch: mem (CPU python)=9415.375MB; mem (CPU total)=18421.87890625MB
INFO:root:[   18] Training loss: 0.32840564, Validation loss: 0.30740892, Gradient norm: 1.23743871
INFO:root:At the start of the epoch: mem (CPU python)=9436.546875MB; mem (CPU total)=18451.953125MB
INFO:root:[   19] Training loss: 0.32696289, Validation loss: 0.30633849, Gradient norm: 1.59270758
INFO:root:At the start of the epoch: mem (CPU python)=9457.7109375MB; mem (CPU total)=18485.37890625MB
INFO:root:[   20] Training loss: 0.32532233, Validation loss: 0.30694200, Gradient norm: 1.60153577
INFO:root:At the start of the epoch: mem (CPU python)=9478.8671875MB; mem (CPU total)=18522.9375MB
INFO:root:[   21] Training loss: 0.32529346, Validation loss: 0.31076823, Gradient norm: 1.59253569
INFO:root:At the start of the epoch: mem (CPU python)=9500.04296875MB; mem (CPU total)=18556.53125MB
INFO:root:[   22] Training loss: 0.31853067, Validation loss: 0.31496751, Gradient norm: 1.62338276
INFO:root:At the start of the epoch: mem (CPU python)=9521.1953125MB; mem (CPU total)=18553.65234375MB
INFO:root:[   23] Training loss: 0.32302630, Validation loss: 0.32265261, Gradient norm: 1.76867011
INFO:root:At the start of the epoch: mem (CPU python)=9542.359375MB; mem (CPU total)=18648.04296875MB
INFO:root:[   24] Training loss: 0.31332448, Validation loss: 0.29657546, Gradient norm: 1.35667553
INFO:root:At the start of the epoch: mem (CPU python)=9563.53125MB; mem (CPU total)=18680.6171875MB
INFO:root:[   25] Training loss: 0.31626016, Validation loss: 0.30753853, Gradient norm: 1.74916021
INFO:root:At the start of the epoch: mem (CPU python)=9584.6875MB; mem (CPU total)=18679.41015625MB
INFO:root:[   26] Training loss: 0.31416485, Validation loss: 0.30049380, Gradient norm: 1.62659869
INFO:root:At the start of the epoch: mem (CPU python)=9605.86328125MB; mem (CPU total)=18725.4609375MB
INFO:root:[   27] Training loss: 0.31629438, Validation loss: 0.29463916, Gradient norm: 1.84831826
INFO:root:At the start of the epoch: mem (CPU python)=9627.01953125MB; mem (CPU total)=18759.71875MB
INFO:root:[   28] Training loss: 0.31452443, Validation loss: 0.30469550, Gradient norm: 1.83171600
INFO:root:At the start of the epoch: mem (CPU python)=9648.1875MB; mem (CPU total)=18782.4453125MB
INFO:root:[   29] Training loss: 0.31104859, Validation loss: 0.29286561, Gradient norm: 1.59086654
INFO:root:At the start of the epoch: mem (CPU python)=9669.35546875MB; mem (CPU total)=18829.56640625MB
INFO:root:[   30] Training loss: 0.31162289, Validation loss: 0.31811091, Gradient norm: 2.10055735
INFO:root:At the start of the epoch: mem (CPU python)=9690.5078125MB; mem (CPU total)=18867.03125MB
INFO:root:[   31] Training loss: 0.31153530, Validation loss: 0.29545143, Gradient norm: 1.89001436
INFO:root:At the start of the epoch: mem (CPU python)=9723.6796875MB; mem (CPU total)=18909.1875MB
INFO:root:[   32] Training loss: 0.30589831, Validation loss: 0.28947469, Gradient norm: 1.78240463
INFO:root:At the start of the epoch: mem (CPU python)=9740.8515625MB; mem (CPU total)=18940.10546875MB
INFO:root:[   33] Training loss: 0.30879312, Validation loss: 0.29206419, Gradient norm: 1.99767746
INFO:root:At the start of the epoch: mem (CPU python)=9765.33203125MB; mem (CPU total)=18976.1015625MB
INFO:root:[   34] Training loss: 0.30647168, Validation loss: 0.29299467, Gradient norm: 1.83161009
INFO:root:At the start of the epoch: mem (CPU python)=9783.01171875MB; mem (CPU total)=18999.953125MB
INFO:root:[   35] Training loss: 0.30962386, Validation loss: 0.29286478, Gradient norm: 1.95388158
INFO:root:At the start of the epoch: mem (CPU python)=9804.67578125MB; mem (CPU total)=19034.52734375MB
INFO:root:[   36] Training loss: 0.30462217, Validation loss: 0.30535863, Gradient norm: 2.02407712
INFO:root:At the start of the epoch: mem (CPU python)=9827.47265625MB; mem (CPU total)=19021.27734375MB
INFO:root:[   37] Training loss: 0.30997784, Validation loss: 0.29975747, Gradient norm: 2.11268654
INFO:root:At the start of the epoch: mem (CPU python)=9849.7265625MB; mem (CPU total)=19100.890625MB
INFO:root:[   38] Training loss: 0.30912835, Validation loss: 0.29336505, Gradient norm: 2.04933901
INFO:root:At the start of the epoch: mem (CPU python)=9869.125MB; mem (CPU total)=19134.421875MB
INFO:root:[   39] Training loss: 0.30282911, Validation loss: 0.28383353, Gradient norm: 1.86183527
INFO:root:At the start of the epoch: mem (CPU python)=9889.74609375MB; mem (CPU total)=19172.48046875MB
INFO:root:[   40] Training loss: 0.30691636, Validation loss: 0.28575337, Gradient norm: 2.14222527
INFO:root:At the start of the epoch: mem (CPU python)=9911.03125MB; mem (CPU total)=19204.63671875MB
INFO:root:[   41] Training loss: 0.30169880, Validation loss: 0.28954310, Gradient norm: 1.80757299
INFO:root:At the start of the epoch: mem (CPU python)=9931.46484375MB; mem (CPU total)=19238.9453125MB
INFO:root:[   42] Training loss: 0.29898101, Validation loss: 0.29837793, Gradient norm: 1.76207206
INFO:root:At the start of the epoch: mem (CPU python)=9954.45703125MB; mem (CPU total)=19271.65625MB
INFO:root:[   43] Training loss: 0.30159687, Validation loss: 0.29641899, Gradient norm: 2.42620984
INFO:root:At the start of the epoch: mem (CPU python)=9975.359375MB; mem (CPU total)=19305.5625MB
INFO:root:[   44] Training loss: 0.30242584, Validation loss: 0.29348369, Gradient norm: 2.17017665
INFO:root:At the start of the epoch: mem (CPU python)=9996.65234375MB; mem (CPU total)=19340.33203125MB
INFO:root:[   45] Training loss: 0.30486076, Validation loss: 0.29864546, Gradient norm: 2.33343459
INFO:root:At the start of the epoch: mem (CPU python)=10016.421875MB; mem (CPU total)=19349.19921875MB
INFO:root:[   46] Training loss: 0.30303129, Validation loss: 0.29637453, Gradient norm: 2.10621476
INFO:root:At the start of the epoch: mem (CPU python)=10038.703125MB; mem (CPU total)=19393.078125MB
INFO:root:[   47] Training loss: 0.30043500, Validation loss: 0.28138133, Gradient norm: 2.27483897
INFO:root:At the start of the epoch: mem (CPU python)=10059.609375MB; mem (CPU total)=19383.03125MB
INFO:root:[   48] Training loss: 0.30644994, Validation loss: 0.28555424, Gradient norm: 1.99781613
INFO:root:At the start of the epoch: mem (CPU python)=10080.09375MB; mem (CPU total)=19456.18359375MB
INFO:root:[   49] Training loss: 0.29986053, Validation loss: 0.28430212, Gradient norm: 2.35051698
INFO:root:At the start of the epoch: mem (CPU python)=10100.55078125MB; mem (CPU total)=19491.61328125MB
INFO:root:[   50] Training loss: 0.30183991, Validation loss: 0.29469852, Gradient norm: 2.11388469
INFO:root:At the start of the epoch: mem (CPU python)=10123.703125MB; mem (CPU total)=19531.59765625MB
INFO:root:[   51] Training loss: 0.30101950, Validation loss: 0.28602171, Gradient norm: 2.05883881
INFO:root:At the start of the epoch: mem (CPU python)=10144.46875MB; mem (CPU total)=19580.4140625MB
INFO:root:[   52] Training loss: 0.29945283, Validation loss: 0.28875486, Gradient norm: 2.08295541
INFO:root:At the start of the epoch: mem (CPU python)=10166.45703125MB; mem (CPU total)=19613.6875MB
INFO:root:[   53] Training loss: 0.29873324, Validation loss: 0.28962385, Gradient norm: 2.23526768
INFO:root:At the start of the epoch: mem (CPU python)=10188.01953125MB; mem (CPU total)=19635.5703125MB
INFO:root:[   54] Training loss: 0.29921622, Validation loss: 0.29242719, Gradient norm: 2.35317024
INFO:root:At the start of the epoch: mem (CPU python)=10207.9765625MB; mem (CPU total)=19667.453125MB
INFO:root:[   55] Training loss: 0.29959774, Validation loss: 0.27683768, Gradient norm: 2.28008506
INFO:root:At the start of the epoch: mem (CPU python)=10229.15625MB; mem (CPU total)=19702.421875MB
INFO:root:[   56] Training loss: 0.29760859, Validation loss: 0.27913616, Gradient norm: 2.29790457
INFO:root:At the start of the epoch: mem (CPU python)=10250.30859375MB; mem (CPU total)=19728.5390625MB
INFO:root:[   57] Training loss: 0.29587605, Validation loss: 0.27859835, Gradient norm: 2.05417692
INFO:root:At the start of the epoch: mem (CPU python)=10271.62890625MB; mem (CPU total)=19770.1484375MB
INFO:root:[   58] Training loss: 0.29669622, Validation loss: 0.29068347, Gradient norm: 2.44483443
INFO:root:At the start of the epoch: mem (CPU python)=10292.6640625MB; mem (CPU total)=19804.984375MB
INFO:root:[   59] Training loss: 0.29860971, Validation loss: 0.27872690, Gradient norm: 2.11552345
INFO:root:At the start of the epoch: mem (CPU python)=10313.97265625MB; mem (CPU total)=19829.48046875MB
INFO:root:[   60] Training loss: 0.29720397, Validation loss: 0.29240828, Gradient norm: 2.49536792
INFO:root:At the start of the epoch: mem (CPU python)=10334.61328125MB; mem (CPU total)=19866.59375MB
INFO:root:[   61] Training loss: 0.30091628, Validation loss: 0.29858388, Gradient norm: 2.57051379
INFO:root:At the start of the epoch: mem (CPU python)=10355.50390625MB; mem (CPU total)=19888.109375MB
INFO:root:Learning rate reduced to: 0.0025
INFO:root:[   62] Training loss: 0.29522408, Validation loss: 0.28741597, Gradient norm: 2.41691904
INFO:root:At the start of the epoch: mem (CPU python)=10378.03515625MB; mem (CPU total)=19933.8203125MB
INFO:root:Learning rate reduced to: 0.00125
INFO:root:[   63] Training loss: 0.27880549, Validation loss: 0.26732926, Gradient norm: 1.70214650
INFO:root:At the start of the epoch: mem (CPU python)=10398.66796875MB; mem (CPU total)=19968.765625MB
INFO:root:[   64] Training loss: 0.27054590, Validation loss: 0.26121984, Gradient norm: 1.07891305
INFO:root:At the start of the epoch: mem (CPU python)=10420.10546875MB; mem (CPU total)=20002.0703125MB
INFO:root:[   65] Training loss: 0.27104695, Validation loss: 0.26009480, Gradient norm: 1.38466564
INFO:root:At the start of the epoch: mem (CPU python)=10441.0078125MB; mem (CPU total)=20037.0859375MB
INFO:root:[   66] Training loss: 0.27074353, Validation loss: 0.26264279, Gradient norm: 1.60028840
INFO:root:At the start of the epoch: mem (CPU python)=10462.0390625MB; mem (CPU total)=20069.4609375MB
INFO:root:[   67] Training loss: 0.27106743, Validation loss: 0.25909165, Gradient norm: 1.87530614
INFO:root:At the start of the epoch: mem (CPU python)=10483.21484375MB; mem (CPU total)=20095.453125MB
INFO:root:[   68] Training loss: 0.27015912, Validation loss: 0.25958142, Gradient norm: 2.02641250
INFO:root:At the start of the epoch: mem (CPU python)=10504.25390625MB; mem (CPU total)=20129.734375MB
INFO:root:[   69] Training loss: 0.27378758, Validation loss: 0.25863437, Gradient norm: 3.00815624
INFO:root:At the start of the epoch: mem (CPU python)=10526.78125MB; mem (CPU total)=20111.3671875MB
INFO:root:[   70] Training loss: 0.27274822, Validation loss: 0.26111804, Gradient norm: 3.08261246
INFO:root:At the start of the epoch: mem (CPU python)=10546.59375MB; mem (CPU total)=20191.28125MB
INFO:root:[   71] Training loss: 0.27040964, Validation loss: 0.25988557, Gradient norm: 2.46825512
INFO:root:At the start of the epoch: mem (CPU python)=10570.03125MB; mem (CPU total)=20223.625MB
INFO:root:[   72] Training loss: 0.27084723, Validation loss: 0.26172255, Gradient norm: 2.43004596
INFO:root:At the start of the epoch: mem (CPU python)=10588.9375MB; mem (CPU total)=20265.84765625MB
INFO:root:[   73] Training loss: 0.27111752, Validation loss: 0.26114259, Gradient norm: 2.70293764
INFO:root:At the start of the epoch: mem (CPU python)=10609.83203125MB; mem (CPU total)=20298.76953125MB
INFO:root:[   74] Training loss: 0.27018699, Validation loss: 0.26020164, Gradient norm: 2.85390038
INFO:root:At the start of the epoch: mem (CPU python)=10631.0234375MB; mem (CPU total)=20332.4453125MB
INFO:root:[   75] Training loss: 0.27026658, Validation loss: 0.25852650, Gradient norm: 3.13160958
INFO:root:At the start of the epoch: mem (CPU python)=10652.19921875MB; mem (CPU total)=20346.2890625MB
INFO:root:[   76] Training loss: 0.26966592, Validation loss: 0.26421873, Gradient norm: 3.04974146
INFO:root:At the start of the epoch: mem (CPU python)=10673.48828125MB; mem (CPU total)=20392.06640625MB
INFO:root:[   77] Training loss: 0.27184753, Validation loss: 0.26329975, Gradient norm: 3.27349980
INFO:root:At the start of the epoch: mem (CPU python)=10694.6640625MB; mem (CPU total)=20427.46484375MB
INFO:root:[   78] Training loss: 0.27236381, Validation loss: 0.26261655, Gradient norm: 3.83831856
INFO:root:At the start of the epoch: mem (CPU python)=10716.7890625MB; mem (CPU total)=20492.38671875MB
INFO:root:[   79] Training loss: 0.27072742, Validation loss: 0.26665752, Gradient norm: 3.58465413
INFO:root:At the start of the epoch: mem (CPU python)=10736.875MB; mem (CPU total)=20528.3671875MB
INFO:root:[   80] Training loss: 0.27158565, Validation loss: 0.26399355, Gradient norm: 3.46111266
INFO:root:At the start of the epoch: mem (CPU python)=10758.25MB; mem (CPU total)=20357.3671875MB
INFO:root:[   81] Training loss: 0.27065552, Validation loss: 0.26279413, Gradient norm: 3.94630900
INFO:root:At the start of the epoch: mem (CPU python)=10779.890625MB; mem (CPU total)=20556.76171875MB
INFO:root:Learning rate reduced to: 0.000625
INFO:root:[   82] Training loss: 0.27166171, Validation loss: 0.26058217, Gradient norm: 3.87175430
INFO:root:At the start of the epoch: mem (CPU python)=10800.109375MB; mem (CPU total)=20591.4765625MB
INFO:root:Learning rate reduced to: 0.0003125
INFO:root:[   83] Training loss: 0.26655636, Validation loss: 0.25642083, Gradient norm: 2.42662510
INFO:root:At the start of the epoch: mem (CPU python)=10821.828125MB; mem (CPU total)=20639.2890625MB
INFO:root:[   84] Training loss: 0.26527573, Validation loss: 0.25448390, Gradient norm: 1.58801850
INFO:root:At the start of the epoch: mem (CPU python)=10842.8359375MB; mem (CPU total)=20672.234375MB
INFO:root:[   85] Training loss: 0.26514954, Validation loss: 0.25425596, Gradient norm: 1.72732425
INFO:root:At the start of the epoch: mem (CPU python)=10864.5859375MB; mem (CPU total)=20708.00390625MB
INFO:root:[   86] Training loss: 0.26565550, Validation loss: 0.25453111, Gradient norm: 2.17203459
INFO:root:At the start of the epoch: mem (CPU python)=10889.00390625MB; mem (CPU total)=20738.12109375MB
INFO:root:[   87] Training loss: 0.26595058, Validation loss: 0.25426687, Gradient norm: 2.13110842
INFO:root:At the start of the epoch: mem (CPU python)=10906.65625MB; mem (CPU total)=20771.828125MB
INFO:root:[   88] Training loss: 0.26464085, Validation loss: 0.25373561, Gradient norm: 2.01583851
INFO:root:At the start of the epoch: mem (CPU python)=10927.42578125MB; mem (CPU total)=20805.8671875MB
INFO:root:[   89] Training loss: 0.26496252, Validation loss: 0.25395322, Gradient norm: 2.22416898
INFO:root:At the start of the epoch: mem (CPU python)=10949.26953125MB; mem (CPU total)=20825.515625MB
INFO:root:[   90] Training loss: 0.26528657, Validation loss: 0.25546832, Gradient norm: 2.86396070
INFO:root:At the start of the epoch: mem (CPU python)=10972.90234375MB; mem (CPU total)=20864.55078125MB
INFO:root:[   91] Training loss: 0.26520619, Validation loss: 0.25443607, Gradient norm: 2.52803690
INFO:root:At the start of the epoch: mem (CPU python)=10993.234375MB; mem (CPU total)=20885.4375MB
INFO:root:[   92] Training loss: 0.26485387, Validation loss: 0.25471013, Gradient norm: 2.49739663
INFO:root:At the start of the epoch: mem (CPU python)=11039.83984375MB; mem (CPU total)=20894.5390625MB
INFO:root:[   93] Training loss: 0.26528225, Validation loss: 0.25508990, Gradient norm: 2.44776766
INFO:root:At the start of the epoch: mem (CPU python)=11039.83984375MB; mem (CPU total)=20961.8515625MB
INFO:root:[   94] Training loss: 0.26486868, Validation loss: 0.25412218, Gradient norm: 2.67873421
INFO:root:At the start of the epoch: mem (CPU python)=11053.7578125MB; mem (CPU total)=20986.796875MB
INFO:root:Learning rate reduced to: 0.00015625
INFO:root:[   95] Training loss: 0.26482578, Validation loss: 0.25313582, Gradient norm: 2.67602202
INFO:root:At the start of the epoch: mem (CPU python)=11075.375MB; mem (CPU total)=21032.53515625MB
INFO:root:[   96] Training loss: 0.26406056, Validation loss: 0.25336396, Gradient norm: 1.62434849
INFO:root:At the start of the epoch: mem (CPU python)=11098.3046875MB; mem (CPU total)=21065.8984375MB
INFO:root:[   97] Training loss: 0.26408463, Validation loss: 0.25305472, Gradient norm: 1.85246695
INFO:root:At the start of the epoch: mem (CPU python)=11117.51171875MB; mem (CPU total)=21080.37109375MB
INFO:root:[   98] Training loss: 0.26446981, Validation loss: 0.25392142, Gradient norm: 2.07989728
INFO:root:At the start of the epoch: mem (CPU python)=11141.83984375MB; mem (CPU total)=21135.63671875MB
INFO:root:[   99] Training loss: 0.26356706, Validation loss: 0.25343998, Gradient norm: 2.25683230
INFO:root:At the start of the epoch: mem (CPU python)=11161.53125MB; mem (CPU total)=21169.83203125MB
INFO:root:[  100] Training loss: 0.26412479, Validation loss: 0.25289466, Gradient norm: 2.51937390
INFO:root:At the start of the epoch: mem (CPU python)=11184.59375MB; mem (CPU total)=21201.140625MB
INFO:root:[  101] Training loss: 0.26386221, Validation loss: 0.25301180, Gradient norm: 2.54997607
INFO:root:At the start of the epoch: mem (CPU python)=11203.19921875MB; mem (CPU total)=21237.828125MB
INFO:root:[  102] Training loss: 0.26421413, Validation loss: 0.25241882, Gradient norm: 2.57205414
INFO:root:At the start of the epoch: mem (CPU python)=11227.7578125MB; mem (CPU total)=21256.1796875MB
INFO:root:[  103] Training loss: 0.26386641, Validation loss: 0.25237188, Gradient norm: 2.89062982
INFO:root:At the start of the epoch: mem (CPU python)=11246.34765625MB; mem (CPU total)=21301.9140625MB
INFO:root:[  104] Training loss: 0.26458645, Validation loss: 0.25370900, Gradient norm: 2.62976168
INFO:root:At the start of the epoch: mem (CPU python)=11270.09375MB; mem (CPU total)=21337.84765625MB
INFO:root:[  105] Training loss: 0.26386445, Validation loss: 0.25331600, Gradient norm: 2.54719342
INFO:root:At the start of the epoch: mem (CPU python)=11287.3359375MB; mem (CPU total)=21397.0390625MB
INFO:root:[  106] Training loss: 0.26374887, Validation loss: 0.25345148, Gradient norm: 2.91154317
INFO:root:At the start of the epoch: mem (CPU python)=11308.5078125MB; mem (CPU total)=21429.87890625MB
INFO:root:[  107] Training loss: 0.26462140, Validation loss: 0.25272872, Gradient norm: 2.94838855
INFO:root:At the start of the epoch: mem (CPU python)=11332.515625MB; mem (CPU total)=21425.54296875MB
INFO:root:[  108] Training loss: 0.26466083, Validation loss: 0.25336516, Gradient norm: 3.02225685
INFO:root:At the start of the epoch: mem (CPU python)=11350.859375MB; mem (CPU total)=21471.83203125MB
INFO:root:[  109] Training loss: 0.26445949, Validation loss: 0.25345040, Gradient norm: 3.54750463
INFO:root:At the start of the epoch: mem (CPU python)=11371.96875MB; mem (CPU total)=21508.7890625MB
INFO:root:Learning rate reduced to: 7.8125e-05
INFO:root:[  110] Training loss: 0.26467027, Validation loss: 0.25273571, Gradient norm: 3.24257663
INFO:root:At the start of the epoch: mem (CPU python)=11397.12890625MB; mem (CPU total)=21536.86328125MB
INFO:root:[  111] Training loss: 0.26354752, Validation loss: 0.25301489, Gradient norm: 2.01735066
INFO:root:At the start of the epoch: mem (CPU python)=11418.28515625MB; mem (CPU total)=21570.54296875MB
INFO:root:[  112] Training loss: 0.26370009, Validation loss: 0.25239824, Gradient norm: 1.99343376
INFO:root:At the start of the epoch: mem (CPU python)=11439.20703125MB; mem (CPU total)=21604.35546875MB
INFO:root:EP 112: Early stopping
INFO:root:Training for autoregressive step 2 starts now.
INFO:root:Learning rate reduced to: [3.90625e-05]
INFO:root:At the start of the epoch: mem (CPU python)=11460.64453125MB; mem (CPU total)=21619.078125MB
INFO:root:[  114] Training loss: 0.34279092, Validation loss: 0.32484786, Gradient norm: 6.70210372
INFO:root:At the start of the epoch: mem (CPU python)=11481.82421875MB; mem (CPU total)=21673.18359375MB
INFO:root:[  115] Training loss: 0.34020768, Validation loss: 0.32281581, Gradient norm: 5.38908638
INFO:root:At the start of the epoch: mem (CPU python)=11503.12890625MB; mem (CPU total)=21720.04296875MB
INFO:root:[  116] Training loss: 0.33886220, Validation loss: 0.32231039, Gradient norm: 5.68233411
INFO:root:At the start of the epoch: mem (CPU python)=11524.265625MB; mem (CPU total)=21757.05078125MB
INFO:root:[  117] Training loss: 0.33802238, Validation loss: 0.32200182, Gradient norm: 5.92464846
INFO:root:At the start of the epoch: mem (CPU python)=11545.06640625MB; mem (CPU total)=21780.66796875MB
INFO:root:[  118] Training loss: 0.33699323, Validation loss: 0.32149853, Gradient norm: 7.21951329
INFO:root:At the start of the epoch: mem (CPU python)=11566.6328125MB; mem (CPU total)=21803.66015625MB
INFO:root:[  119] Training loss: 0.33677399, Validation loss: 0.32031135, Gradient norm: 8.49895498
INFO:root:At the start of the epoch: mem (CPU python)=11587.8125MB; mem (CPU total)=21825.39453125MB
INFO:root:[  120] Training loss: 0.33632384, Validation loss: 0.31963118, Gradient norm: 9.20521791
INFO:root:At the start of the epoch: mem (CPU python)=11608.98828125MB; mem (CPU total)=21848.03125MB
INFO:root:[  121] Training loss: 0.33591645, Validation loss: 0.32108811, Gradient norm: 9.35441347
INFO:root:At the start of the epoch: mem (CPU python)=11630.1484375MB; mem (CPU total)=21895.88671875MB
INFO:root:[  122] Training loss: 0.33636825, Validation loss: 0.31879823, Gradient norm: 9.58956842
INFO:root:At the start of the epoch: mem (CPU python)=11651.328125MB; mem (CPU total)=21937.37890625MB
INFO:root:[  123] Training loss: 0.33567490, Validation loss: 0.31947454, Gradient norm: 9.05602734
INFO:root:At the start of the epoch: mem (CPU python)=11672.36328125MB; mem (CPU total)=21978.61328125MB
INFO:root:[  124] Training loss: 0.33466069, Validation loss: 0.31826958, Gradient norm: 9.74687447
INFO:root:At the start of the epoch: mem (CPU python)=11693.671875MB; mem (CPU total)=22032.5MB
INFO:root:[  125] Training loss: 0.33515049, Validation loss: 0.31748594, Gradient norm: 10.57494061
INFO:root:At the start of the epoch: mem (CPU python)=11714.83203125MB; mem (CPU total)=22078.6171875MB
INFO:root:[  126] Training loss: 0.33445662, Validation loss: 0.31963082, Gradient norm: 10.55079992
INFO:root:At the start of the epoch: mem (CPU python)=11736.0078125MB; mem (CPU total)=22111.9140625MB
INFO:root:[  127] Training loss: 0.33538259, Validation loss: 0.32176230, Gradient norm: 9.65990994
INFO:root:At the start of the epoch: mem (CPU python)=11766.1875MB; mem (CPU total)=22162.3359375MB
INFO:root:[  128] Training loss: 0.33501567, Validation loss: 0.32018326, Gradient norm: 9.83950820
INFO:root:At the start of the epoch: mem (CPU python)=11787.3515625MB; mem (CPU total)=22200.38671875MB
INFO:root:[  129] Training loss: 0.33421951, Validation loss: 0.31901895, Gradient norm: 9.96845184
INFO:root:At the start of the epoch: mem (CPU python)=11808.53515625MB; mem (CPU total)=22239.015625MB
INFO:root:[  130] Training loss: 0.33334950, Validation loss: 0.31731198, Gradient norm: 9.44687098
INFO:root:At the start of the epoch: mem (CPU python)=11829.69921875MB; mem (CPU total)=22288.86328125MB
INFO:root:[  131] Training loss: 0.33391451, Validation loss: 0.31857539, Gradient norm: 10.01555808
INFO:root:At the start of the epoch: mem (CPU python)=11850.87109375MB; mem (CPU total)=22327.2265625MB
INFO:root:[  132] Training loss: 0.33367267, Validation loss: 0.31728252, Gradient norm: 10.35500482
INFO:root:At the start of the epoch: mem (CPU python)=11872.04296875MB; mem (CPU total)=22359.49609375MB
INFO:root:[  133] Training loss: 0.33403755, Validation loss: 0.31913134, Gradient norm: 10.16578305
INFO:root:At the start of the epoch: mem (CPU python)=11893.20703125MB; mem (CPU total)=22416.0078125MB
INFO:root:[  134] Training loss: 0.33324413, Validation loss: 0.31714629, Gradient norm: 9.75599482
INFO:root:At the start of the epoch: mem (CPU python)=11914.38671875MB; mem (CPU total)=22447.9765625MB
INFO:root:[  135] Training loss: 0.33312761, Validation loss: 0.31791814, Gradient norm: 10.04200470
INFO:root:At the start of the epoch: mem (CPU python)=11935.56640625MB; mem (CPU total)=22490.265625MB
INFO:root:[  136] Training loss: 0.33233878, Validation loss: 0.31703287, Gradient norm: 11.44071497
INFO:root:At the start of the epoch: mem (CPU python)=11947.74609375MB; mem (CPU total)=22528.8515625MB
INFO:root:[  137] Training loss: 0.33322361, Validation loss: 0.31630526, Gradient norm: 10.65521038
INFO:root:At the start of the epoch: mem (CPU python)=11968.93359375MB; mem (CPU total)=22566.9453125MB
INFO:root:[  138] Training loss: 0.33246382, Validation loss: 0.31889988, Gradient norm: 10.33813824
INFO:root:At the start of the epoch: mem (CPU python)=11999.1015625MB; mem (CPU total)=22620.52734375MB
INFO:root:[  139] Training loss: 0.33266364, Validation loss: 0.31626107, Gradient norm: 10.34627512
INFO:root:At the start of the epoch: mem (CPU python)=12020.2734375MB; mem (CPU total)=22664.62890625MB
INFO:root:[  140] Training loss: 0.33225496, Validation loss: 0.31831422, Gradient norm: 10.09333898
INFO:root:At the start of the epoch: mem (CPU python)=12041.44921875MB; mem (CPU total)=22728.38671875MB
INFO:root:[  141] Training loss: 0.33311075, Validation loss: 0.31563517, Gradient norm: 10.68184314
INFO:root:At the start of the epoch: mem (CPU python)=12053.62109375MB; mem (CPU total)=22761.4765625MB
INFO:root:[  142] Training loss: 0.33188524, Validation loss: 0.31613328, Gradient norm: 11.00847591
INFO:root:At the start of the epoch: mem (CPU python)=12074.79296875MB; mem (CPU total)=22776.48046875MB
INFO:root:[  143] Training loss: 0.33344729, Validation loss: 0.31477054, Gradient norm: 10.42717123
INFO:root:At the start of the epoch: mem (CPU python)=12095.9609375MB; mem (CPU total)=22793.0703125MB
INFO:root:[  144] Training loss: 0.33223528, Validation loss: 0.31486767, Gradient norm: 10.11547622
INFO:root:At the start of the epoch: mem (CPU python)=12123.140625MB; mem (CPU total)=22867.703125MB
INFO:root:[  145] Training loss: 0.33204877, Validation loss: 0.31708604, Gradient norm: 10.12052514
INFO:root:At the start of the epoch: mem (CPU python)=12138.26171875MB; mem (CPU total)=22908.875MB
INFO:root:[  146] Training loss: 0.33142927, Validation loss: 0.31549586, Gradient norm: 10.11847071
INFO:root:At the start of the epoch: mem (CPU python)=12168.484375MB; mem (CPU total)=22961.05078125MB
INFO:root:[  147] Training loss: 0.33142709, Validation loss: 0.31840579, Gradient norm: 10.66548010
INFO:root:At the start of the epoch: mem (CPU python)=12180.66796875MB; mem (CPU total)=22986.4453125MB
INFO:root:[  148] Training loss: 0.33165172, Validation loss: 0.31469194, Gradient norm: 11.60716769
INFO:root:At the start of the epoch: mem (CPU python)=12207.828125MB; mem (CPU total)=23041.7421875MB
INFO:root:[  149] Training loss: 0.33097656, Validation loss: 0.31486625, Gradient norm: 10.18997920
INFO:root:At the start of the epoch: mem (CPU python)=12222.76171875MB; mem (CPU total)=23075.6015625MB
INFO:root:[  150] Training loss: 0.33045760, Validation loss: 0.31576778, Gradient norm: 11.03666848
INFO:root:At the start of the epoch: mem (CPU python)=12250.1640625MB; mem (CPU total)=23124.84765625MB
INFO:root:[  151] Training loss: 0.33101012, Validation loss: 0.31507035, Gradient norm: 11.07721802
INFO:root:At the start of the epoch: mem (CPU python)=12271.3359375MB; mem (CPU total)=23160.83203125MB
INFO:root:[  152] Training loss: 0.33015509, Validation loss: 0.31619961, Gradient norm: 10.58338211
INFO:root:At the start of the epoch: mem (CPU python)=12292.515625MB; mem (CPU total)=23201.44140625MB
INFO:root:[  153] Training loss: 0.33049927, Validation loss: 0.31431956, Gradient norm: 11.18484550
INFO:root:At the start of the epoch: mem (CPU python)=12309.1796875MB; mem (CPU total)=23244.5546875MB
INFO:root:[  154] Training loss: 0.33036670, Validation loss: 0.31430378, Gradient norm: 10.86533096
INFO:root:At the start of the epoch: mem (CPU python)=12337.859375MB; mem (CPU total)=23294.44921875MB
INFO:root:[  155] Training loss: 0.33176200, Validation loss: 0.31669249, Gradient norm: 11.42376728
INFO:root:At the start of the epoch: mem (CPU python)=12352.27734375MB; mem (CPU total)=23323.16796875MB
INFO:root:[  156] Training loss: 0.33030085, Validation loss: 0.31384554, Gradient norm: 11.67248132
INFO:root:At the start of the epoch: mem (CPU python)=12373.45703125MB; mem (CPU total)=23379.3046875MB
INFO:root:[  157] Training loss: 0.33076536, Validation loss: 0.31443723, Gradient norm: 11.55680698
INFO:root:At the start of the epoch: mem (CPU python)=12392.37890625MB; mem (CPU total)=23419.37109375MB
INFO:root:[  158] Training loss: 0.33087987, Validation loss: 0.31395442, Gradient norm: 10.59485717
INFO:root:At the start of the epoch: mem (CPU python)=12422.53515625MB; mem (CPU total)=23460.6796875MB
INFO:root:[  159] Training loss: 0.33024906, Validation loss: 0.31405183, Gradient norm: 10.27142814
INFO:root:At the start of the epoch: mem (CPU python)=12434.7109375MB; mem (CPU total)=23472.6171875MB
INFO:root:[  160] Training loss: 0.33062776, Validation loss: 0.31748572, Gradient norm: 11.44437353
INFO:root:At the start of the epoch: mem (CPU python)=12455.87890625MB; mem (CPU total)=23538.875MB
INFO:root:[  161] Training loss: 0.33023160, Validation loss: 0.31602391, Gradient norm: 11.71688923
INFO:root:At the start of the epoch: mem (CPU python)=12483.05859375MB; mem (CPU total)=23582.85546875MB
INFO:root:[  162] Training loss: 0.32930575, Validation loss: 0.31377499, Gradient norm: 10.52886412
INFO:root:At the start of the epoch: mem (CPU python)=12498.22265625MB; mem (CPU total)=23617.49609375MB
INFO:root:[  163] Training loss: 0.33014629, Validation loss: 0.31343239, Gradient norm: 11.04945440
INFO:root:At the start of the epoch: mem (CPU python)=12519.76953125MB; mem (CPU total)=23659.3515625MB
INFO:root:[  164] Training loss: 0.32959911, Validation loss: 0.31485240, Gradient norm: 10.73403930
INFO:root:At the start of the epoch: mem (CPU python)=12540.57421875MB; mem (CPU total)=23691.93359375MB
INFO:root:[  165] Training loss: 0.32956522, Validation loss: 0.31630143, Gradient norm: 10.27772485
INFO:root:At the start of the epoch: mem (CPU python)=12567.7421875MB; mem (CPU total)=23750.40234375MB
INFO:root:[  166] Training loss: 0.32926049, Validation loss: 0.31509516, Gradient norm: 10.18807791
INFO:root:At the start of the epoch: mem (CPU python)=12582.91796875MB; mem (CPU total)=23790.48828125MB
INFO:root:[  167] Training loss: 0.32963522, Validation loss: 0.31332975, Gradient norm: 11.53763763
INFO:root:At the start of the epoch: mem (CPU python)=12610.0859375MB; mem (CPU total)=23821.81640625MB
INFO:root:[  168] Training loss: 0.33050787, Validation loss: 0.31308872, Gradient norm: 11.13024675
INFO:root:At the start of the epoch: mem (CPU python)=12625.26171875MB; mem (CPU total)=23871.2265625MB
INFO:root:[  169] Training loss: 0.32890318, Validation loss: 0.31211365, Gradient norm: 11.39340339
INFO:root:At the start of the epoch: mem (CPU python)=12646.43359375MB; mem (CPU total)=23907.0078125MB
INFO:root:[  170] Training loss: 0.32913041, Validation loss: 0.31362489, Gradient norm: 11.19013851
INFO:root:At the start of the epoch: mem (CPU python)=12673.59765625MB; mem (CPU total)=23952.07421875MB
INFO:root:[  171] Training loss: 0.32971633, Validation loss: 0.31301224, Gradient norm: 11.08647971
INFO:root:At the start of the epoch: mem (CPU python)=12690.28125MB; mem (CPU total)=23991.9921875MB
INFO:root:[  172] Training loss: 0.32917756, Validation loss: 0.31248428, Gradient norm: 11.29317383
INFO:root:At the start of the epoch: mem (CPU python)=12711.44921875MB; mem (CPU total)=24050.05078125MB
INFO:root:[  173] Training loss: 0.32953948, Validation loss: 0.31363392, Gradient norm: 11.51061143
INFO:root:At the start of the epoch: mem (CPU python)=12734.12890625MB; mem (CPU total)=24095.40234375MB
INFO:root:[  174] Training loss: 0.32911633, Validation loss: 0.31333048, Gradient norm: 11.53218033
INFO:root:At the start of the epoch: mem (CPU python)=12758.29296875MB; mem (CPU total)=24128.37890625MB
INFO:root:[  175] Training loss: 0.32869374, Validation loss: 0.31139414, Gradient norm: 11.43896036
INFO:root:At the start of the epoch: mem (CPU python)=12782.4609375MB; mem (CPU total)=24164.48046875MB
INFO:root:[  176] Training loss: 0.32827406, Validation loss: 0.31348671, Gradient norm: 9.73729561
INFO:root:At the start of the epoch: mem (CPU python)=12795.765625MB; mem (CPU total)=24212.875MB
INFO:root:[  177] Training loss: 0.32904609, Validation loss: 0.31205961, Gradient norm: 10.83514038
INFO:root:At the start of the epoch: mem (CPU python)=12816.93359375MB; mem (CPU total)=24252.37890625MB
INFO:root:[  178] Training loss: 0.32870415, Validation loss: 0.31163585, Gradient norm: 11.47950238
INFO:root:At the start of the epoch: mem (CPU python)=12838.109375MB; mem (CPU total)=24290.078125MB
INFO:root:[  179] Training loss: 0.32842119, Validation loss: 0.31426348, Gradient norm: 11.48055917
INFO:root:At the start of the epoch: mem (CPU python)=12864.1484375MB; mem (CPU total)=24338.12890625MB
INFO:root:[  180] Training loss: 0.32873104, Validation loss: 0.31124790, Gradient norm: 11.75598889
INFO:root:At the start of the epoch: mem (CPU python)=12885.32421875MB; mem (CPU total)=24371.01171875MB
INFO:root:[  181] Training loss: 0.32832427, Validation loss: 0.31170309, Gradient norm: 11.50072613
INFO:root:At the start of the epoch: mem (CPU python)=12905.234375MB; mem (CPU total)=24404.171875MB
INFO:root:[  182] Training loss: 0.33015256, Validation loss: 0.31477548, Gradient norm: 10.79474050
INFO:root:At the start of the epoch: mem (CPU python)=12926.62890625MB; mem (CPU total)=24454.0390625MB
INFO:root:[  183] Training loss: 0.32940988, Validation loss: 0.31143165, Gradient norm: 10.57197387
INFO:root:At the start of the epoch: mem (CPU python)=12947.80859375MB; mem (CPU total)=24494.37890625MB
INFO:root:[  184] Training loss: 0.32954391, Validation loss: 0.31330174, Gradient norm: 11.97734892
INFO:root:At the start of the epoch: mem (CPU python)=12973.83984375MB; mem (CPU total)=24535.2734375MB
INFO:root:[  185] Training loss: 0.32960451, Validation loss: 0.31162117, Gradient norm: 11.85051349
INFO:root:At the start of the epoch: mem (CPU python)=12990.28515625MB; mem (CPU total)=24585.76171875MB
INFO:root:[  186] Training loss: 0.32907861, Validation loss: 0.31253064, Gradient norm: 11.87901423
INFO:root:At the start of the epoch: mem (CPU python)=13011.97265625MB; mem (CPU total)=24605.9765625MB
INFO:root:[  187] Training loss: 0.32842584, Validation loss: 0.31177554, Gradient norm: 10.60240108
INFO:root:At the start of the epoch: mem (CPU python)=13034.33203125MB; mem (CPU total)=24668.23046875MB
INFO:root:[  188] Training loss: 0.32767202, Validation loss: 0.31114771, Gradient norm: 10.31026695
INFO:root:At the start of the epoch: mem (CPU python)=13058.5078125MB; mem (CPU total)=24732.390625MB
INFO:root:[  189] Training loss: 0.32819649, Validation loss: 0.31334797, Gradient norm: 10.24880737
INFO:root:At the start of the epoch: mem (CPU python)=13075.58984375MB; mem (CPU total)=24750.9296875MB
INFO:root:[  190] Training loss: 0.32768160, Validation loss: 0.31247949, Gradient norm: 11.27132581
INFO:root:At the start of the epoch: mem (CPU python)=13098.265625MB; mem (CPU total)=24791.84375MB
INFO:root:[  191] Training loss: 0.32852061, Validation loss: 0.31118037, Gradient norm: 10.98769493
INFO:root:At the start of the epoch: mem (CPU python)=13118.2421875MB; mem (CPU total)=24847.9140625MB
INFO:root:[  192] Training loss: 0.32853201, Validation loss: 0.31162124, Gradient norm: 10.86880628
INFO:root:At the start of the epoch: mem (CPU python)=13139.65234375MB; mem (CPU total)=24864.00390625MB
INFO:root:[  193] Training loss: 0.32824476, Validation loss: 0.31250434, Gradient norm: 10.45366583
INFO:root:At the start of the epoch: mem (CPU python)=13164.33203125MB; mem (CPU total)=24925.7890625MB
INFO:root:[  194] Training loss: 0.32767221, Validation loss: 0.31220778, Gradient norm: 11.52323506
INFO:root:At the start of the epoch: mem (CPU python)=13181.9921875MB; mem (CPU total)=24962.16015625MB
INFO:root:[  195] Training loss: 0.32794431, Validation loss: 0.31158138, Gradient norm: 10.79939563
INFO:root:At the start of the epoch: mem (CPU python)=13203.66015625MB; mem (CPU total)=24994.3984375MB
INFO:root:[  196] Training loss: 0.32774917, Validation loss: 0.31024268, Gradient norm: 10.34334571
INFO:root:At the start of the epoch: mem (CPU python)=13224.5390625MB; mem (CPU total)=25053.8125MB
INFO:root:[  197] Training loss: 0.32750097, Validation loss: 0.31291167, Gradient norm: 10.09225224
INFO:root:At the start of the epoch: mem (CPU python)=13245.234375MB; mem (CPU total)=25059.66015625MB
INFO:root:[  198] Training loss: 0.32842091, Validation loss: 0.31161590, Gradient norm: 10.84622669
INFO:root:At the start of the epoch: mem (CPU python)=13267.14453125MB; mem (CPU total)=25127.421875MB
INFO:root:[  199] Training loss: 0.32714595, Validation loss: 0.31013049, Gradient norm: 11.37207959
INFO:root:At the start of the epoch: mem (CPU python)=13295.6796875MB; mem (CPU total)=25183.75MB
INFO:root:[  200] Training loss: 0.32733202, Validation loss: 0.31133770, Gradient norm: 10.58439069
INFO:root:At the start of the epoch: mem (CPU python)=13316.83984375MB; mem (CPU total)=25213.62109375MB
INFO:root:[  201] Training loss: 0.32758586, Validation loss: 0.31090012, Gradient norm: 10.63015530
INFO:root:At the start of the epoch: mem (CPU python)=13337.734375MB; mem (CPU total)=25267.77734375MB
INFO:root:[  202] Training loss: 0.32690566, Validation loss: 0.31102592, Gradient norm: 10.93532494
INFO:root:At the start of the epoch: mem (CPU python)=13359.16796875MB; mem (CPU total)=25305.0859375MB
INFO:root:[  203] Training loss: 0.32820390, Validation loss: 0.31233535, Gradient norm: 10.84746655
INFO:root:At the start of the epoch: mem (CPU python)=13376.671875MB; mem (CPU total)=25351.66796875MB
INFO:root:[  204] Training loss: 0.32675335, Validation loss: 0.31189035, Gradient norm: 11.03306130
INFO:root:At the start of the epoch: mem (CPU python)=13395.43359375MB; mem (CPU total)=25392.97265625MB
INFO:root:[  205] Training loss: 0.32808072, Validation loss: 0.31232911, Gradient norm: 11.30038575
INFO:root:At the start of the epoch: mem (CPU python)=13421.66796875MB; mem (CPU total)=25437.73046875MB
INFO:root:[  206] Training loss: 0.32864365, Validation loss: 0.31052223, Gradient norm: 11.63013071
INFO:root:At the start of the epoch: mem (CPU python)=13437.5859375MB; mem (CPU total)=25456.9375MB
INFO:root:[  207] Training loss: 0.32711325, Validation loss: 0.31055152, Gradient norm: 10.58409294
INFO:root:At the start of the epoch: mem (CPU python)=13464.75MB; mem (CPU total)=25516.16796875MB
INFO:root:[  208] Training loss: 0.32788546, Validation loss: 0.31165626, Gradient norm: 11.02136385
INFO:root:At the start of the epoch: mem (CPU python)=13485.90625MB; mem (CPU total)=25552.2578125MB
INFO:root:EP 208: Early stopping
INFO:root:After finishing all epochs: mem (CPU python)=13502.0703125MB; mem (CPU total)=25598.94921875MB
INFO:root:Training the model took 9076.382s.
INFO:root:Emptying the cuda cache took 0.068s.
INFO:root:Starting evaluation: model SFNO & uncertainty quantification scoring-rule-reparam
INFO:root:Evaluating the model on Validation data.
INFO:root:MSEValidation: 0.49418
INFO:root:EnergyScoreValidation: 0.34967
INFO:root:CRPSValidation: 0.18421
INFO:root:Gaussian NLLValidation: 124.94996
INFO:root:CoverageValidation: 0.21708
INFO:root:IntervalWidthValidation: 0.27469
INFO:root:Evaluating the model on Test data.
INFO:root:MSETest: 0.4025
INFO:root:EnergyScoreTest: 0.28562
INFO:root:CRPSTest: 0.16255
INFO:root:Gaussian NLLTest: 24775907360.76799
INFO:root:CoverageTest: 0.02979
INFO:root:IntervalWidthTest: 0.07952
INFO:root:After validation: mem (CPU python)=13502.0703125MB; mem (CPU total)=25763.05859375MB
INFO:root:###3 out of 3 training parameter combinations ###
INFO:root:Training parameters: {'seed': 123456789, 'model': 'SFNO', 'uncertainty_quantification': 'scoring-rule-reparam', 'batch_size': 32, 'n_epochs': 1000, 'early_stopping': 10, 'init': 'default', 'learning_rate': 0.005, 'lr_schedule': 'step', 'optimizer': 'adam', 'gradient_clipping': 1, 'layer_normalization': True, 'data_loader_pin_memory': False, 'data_loader_num_workers': 0, 'distributed_training': False, 'alpha': 0.05, 'n_samples_uq': 100, 'weight_decay': 0, 'dropout': 0.005, 'fourier_dropout': None, 'hidden_channels': 32, 'projection_channels': 256, 'lifting_channels': 256, 'n_modes': (32, 32), 'n_samples': 3}
INFO:root:After creating the dataloaders: mem (CPU python)=13502.0703125MB; mem (CPU total)=25772.0703125MB
INFO:root:NumberParameters: 294054
INFO:root:GPU memory allocated: 239075328
INFO:root:After setting up the model: mem (CPU python)=13502.0703125MB; mem (CPU total)=25796.28515625MB
INFO:root:Training starts now.
INFO:root:At the start of the epoch: mem (CPU python)=13502.0703125MB; mem (CPU total)=25800.7734375MB
INFO:root:[    1] Training loss: 0.59011828, Validation loss: 0.52141518, Gradient norm: 0.36858400
INFO:root:At the start of the epoch: mem (CPU python)=13555.19921875MB; mem (CPU total)=25836.75390625MB
INFO:root:[    2] Training loss: 0.52186690, Validation loss: 0.51771146, Gradient norm: 0.22729171
INFO:root:At the start of the epoch: mem (CPU python)=13576.3671875MB; mem (CPU total)=25867.33984375MB
INFO:root:[    3] Training loss: 0.51231293, Validation loss: 0.50128724, Gradient norm: 0.24709954
INFO:root:At the start of the epoch: mem (CPU python)=13597.5234375MB; mem (CPU total)=25926.67578125MB
INFO:root:[    4] Training loss: 0.49241188, Validation loss: 0.46986675, Gradient norm: 0.38800642
INFO:root:At the start of the epoch: mem (CPU python)=13642.6875MB; mem (CPU total)=25985.45703125MB
INFO:root:[    5] Training loss: 0.44684230, Validation loss: 0.42078357, Gradient norm: 0.51554711
INFO:root:At the start of the epoch: mem (CPU python)=13663.86328125MB; mem (CPU total)=25969.3828125MB
INFO:root:[    6] Training loss: 0.41667375, Validation loss: 0.39872622, Gradient norm: 0.55664002
INFO:root:At the start of the epoch: mem (CPU python)=13685.02734375MB; mem (CPU total)=26021.0625MB
INFO:root:[    7] Training loss: 0.40186286, Validation loss: 0.38828215, Gradient norm: 0.59929944
INFO:root:At the start of the epoch: mem (CPU python)=13706.19140625MB; mem (CPU total)=26065.9609375MB
INFO:root:[    8] Training loss: 0.39213663, Validation loss: 0.37849373, Gradient norm: 0.58971007
INFO:root:At the start of the epoch: mem (CPU python)=13727.3359375MB; mem (CPU total)=26088.078125MB
INFO:root:[    9] Training loss: 0.38024947, Validation loss: 0.36400040, Gradient norm: 0.76261199
INFO:root:At the start of the epoch: mem (CPU python)=13748.515625MB; mem (CPU total)=26120.9375MB
INFO:root:[   10] Training loss: 0.37059979, Validation loss: 0.35732330, Gradient norm: 0.84571140
INFO:root:At the start of the epoch: mem (CPU python)=13769.6796875MB; mem (CPU total)=26135.40625MB
INFO:root:[   11] Training loss: 0.36301709, Validation loss: 0.35053612, Gradient norm: 0.87238197
INFO:root:At the start of the epoch: mem (CPU python)=13790.8359375MB; mem (CPU total)=26200.203125MB
INFO:root:[   12] Training loss: 0.36031812, Validation loss: 0.36180272, Gradient norm: 0.95756766
INFO:root:At the start of the epoch: mem (CPU python)=13812.0078125MB; mem (CPU total)=26231.20703125MB
INFO:root:[   13] Training loss: 0.35834230, Validation loss: 0.34650789, Gradient norm: 0.99110747
INFO:root:At the start of the epoch: mem (CPU python)=13833.1640625MB; mem (CPU total)=26263.59375MB
INFO:root:[   14] Training loss: 0.35507975, Validation loss: 0.34015962, Gradient norm: 1.02069786
INFO:root:At the start of the epoch: mem (CPU python)=13854.33984375MB; mem (CPU total)=26297.45703125MB
INFO:root:[   15] Training loss: 0.35291957, Validation loss: 0.34910730, Gradient norm: 1.16270778
INFO:root:At the start of the epoch: mem (CPU python)=13875.49609375MB; mem (CPU total)=26323.51171875MB
INFO:root:[   16] Training loss: 0.35101248, Validation loss: 0.34837882, Gradient norm: 1.11217859
INFO:root:At the start of the epoch: mem (CPU python)=13896.66015625MB; mem (CPU total)=26366.28125MB
INFO:root:[   17] Training loss: 0.34823801, Validation loss: 0.33245355, Gradient norm: 1.10954045
INFO:root:At the start of the epoch: mem (CPU python)=13917.83203125MB; mem (CPU total)=26399.1171875MB
INFO:root:[   18] Training loss: 0.34761711, Validation loss: 0.33239760, Gradient norm: 1.23344664
INFO:root:At the start of the epoch: mem (CPU python)=13938.984375MB; mem (CPU total)=26415.60546875MB
INFO:root:[   19] Training loss: 0.34373575, Validation loss: 0.35104443, Gradient norm: 1.51598736
INFO:root:At the start of the epoch: mem (CPU python)=13960.16015625MB; mem (CPU total)=26472.18359375MB
INFO:root:[   20] Training loss: 0.33932317, Validation loss: 0.32990423, Gradient norm: 1.41313727
INFO:root:At the start of the epoch: mem (CPU python)=13981.3125MB; mem (CPU total)=26494.70703125MB
INFO:root:[   21] Training loss: 0.33018156, Validation loss: 0.32414321, Gradient norm: 1.24947204
INFO:root:At the start of the epoch: mem (CPU python)=14002.48828125MB; mem (CPU total)=26541.94140625MB
INFO:root:[   22] Training loss: 0.32856159, Validation loss: 0.31052014, Gradient norm: 1.34581263
INFO:root:At the start of the epoch: mem (CPU python)=14023.65234375MB; mem (CPU total)=26575.71875MB
INFO:root:[   23] Training loss: 0.32593918, Validation loss: 0.31387849, Gradient norm: 1.76381575
INFO:root:At the start of the epoch: mem (CPU python)=14044.80859375MB; mem (CPU total)=26593.48828125MB
INFO:root:[   24] Training loss: 0.32383462, Validation loss: 0.31052883, Gradient norm: 1.52788848
INFO:root:At the start of the epoch: mem (CPU python)=14065.98046875MB; mem (CPU total)=26640.7421875MB
INFO:root:[   25] Training loss: 0.32050779, Validation loss: 0.30749736, Gradient norm: 1.72292311
INFO:root:At the start of the epoch: mem (CPU python)=14087.1484375MB; mem (CPU total)=26657.6875MB
INFO:root:[   26] Training loss: 0.31946581, Validation loss: 0.31016018, Gradient norm: 1.71461956
INFO:root:At the start of the epoch: mem (CPU python)=14108.30859375MB; mem (CPU total)=26712.64453125MB
INFO:root:[   27] Training loss: 0.31944855, Validation loss: 0.31248309, Gradient norm: 1.85804338
INFO:root:At the start of the epoch: mem (CPU python)=14129.46484375MB; mem (CPU total)=26745.53125MB
INFO:root:[   28] Training loss: 0.31268878, Validation loss: 0.30162990, Gradient norm: 1.54409375
INFO:root:At the start of the epoch: mem (CPU python)=14150.62890625MB; mem (CPU total)=26781.9375MB
INFO:root:[   29] Training loss: 0.31385656, Validation loss: 0.30691932, Gradient norm: 1.99539332
INFO:root:At the start of the epoch: mem (CPU python)=14171.796875MB; mem (CPU total)=26824.06640625MB
INFO:root:[   30] Training loss: 0.31055221, Validation loss: 0.30431310, Gradient norm: 1.98728832
INFO:root:At the start of the epoch: mem (CPU python)=14192.953125MB; mem (CPU total)=26857.85546875MB
INFO:root:[   31] Training loss: 0.31361699, Validation loss: 0.30432905, Gradient norm: 2.16216117
INFO:root:At the start of the epoch: mem (CPU python)=14214.26953125MB; mem (CPU total)=26872.3671875MB
INFO:root:[   32] Training loss: 0.31390344, Validation loss: 0.30512170, Gradient norm: 2.07315587
INFO:root:At the start of the epoch: mem (CPU python)=14235.29296875MB; mem (CPU total)=26918.6171875MB
INFO:root:[   33] Training loss: 0.30268779, Validation loss: 0.29207517, Gradient norm: 1.75511992
INFO:root:At the start of the epoch: mem (CPU python)=14256.45703125MB; mem (CPU total)=26944.07421875MB
INFO:root:[   34] Training loss: 0.30695445, Validation loss: 0.31040865, Gradient norm: 2.20932766
INFO:root:At the start of the epoch: mem (CPU python)=14277.62109375MB; mem (CPU total)=26990.0546875MB
INFO:root:[   35] Training loss: 0.30643838, Validation loss: 0.29243485, Gradient norm: 2.32959506
INFO:root:At the start of the epoch: mem (CPU python)=14298.7734375MB; mem (CPU total)=27022.69921875MB
INFO:root:[   36] Training loss: 0.30494594, Validation loss: 0.28781718, Gradient norm: 2.14144243
INFO:root:At the start of the epoch: mem (CPU python)=14319.953125MB; mem (CPU total)=27053.5859375MB
INFO:root:[   37] Training loss: 0.30338455, Validation loss: 0.29068443, Gradient norm: 2.28902673
INFO:root:At the start of the epoch: mem (CPU python)=14341.109375MB; mem (CPU total)=27089.85546875MB
INFO:root:[   38] Training loss: 0.30057175, Validation loss: 0.29802064, Gradient norm: 2.48945637
INFO:root:At the start of the epoch: mem (CPU python)=14362.28125MB; mem (CPU total)=27118.25390625MB
INFO:root:[   39] Training loss: 0.30464999, Validation loss: 0.28388128, Gradient norm: 2.43239278
INFO:root:At the start of the epoch: mem (CPU python)=14383.43359375MB; mem (CPU total)=27153.8828125MB
INFO:root:[   40] Training loss: 0.30973718, Validation loss: 0.29399752, Gradient norm: 2.49700835
INFO:root:At the start of the epoch: mem (CPU python)=14404.59765625MB; mem (CPU total)=27175.12109375MB
INFO:root:[   41] Training loss: 0.30259384, Validation loss: 0.31069319, Gradient norm: 2.43500405
INFO:root:At the start of the epoch: mem (CPU python)=14425.76953125MB; mem (CPU total)=27221.4921875MB
INFO:root:[   42] Training loss: 0.30366238, Validation loss: 0.28934473, Gradient norm: 2.32447833
INFO:root:At the start of the epoch: mem (CPU python)=14446.9296875MB; mem (CPU total)=27255.22265625MB
INFO:root:[   43] Training loss: 0.30321097, Validation loss: 0.28183217, Gradient norm: 2.71016253
INFO:root:At the start of the epoch: mem (CPU python)=14468.09765625MB; mem (CPU total)=27267.1953125MB
INFO:root:[   44] Training loss: 0.30324290, Validation loss: 0.29107142, Gradient norm: 2.32794327
INFO:root:At the start of the epoch: mem (CPU python)=14489.24609375MB; mem (CPU total)=27325.73828125MB
INFO:root:[   45] Training loss: 0.30143829, Validation loss: 0.28726814, Gradient norm: 2.17586753
INFO:root:At the start of the epoch: mem (CPU python)=14510.42578125MB; mem (CPU total)=27349.36328125MB
INFO:root:[   46] Training loss: 0.30209568, Validation loss: 0.29435244, Gradient norm: 2.57868270
INFO:root:At the start of the epoch: mem (CPU python)=14531.72265625MB; mem (CPU total)=27384.37890625MB
INFO:root:[   47] Training loss: 0.30382392, Validation loss: 0.29862801, Gradient norm: 2.81362179
INFO:root:At the start of the epoch: mem (CPU python)=14552.7578125MB; mem (CPU total)=27422.34765625MB
INFO:root:[   48] Training loss: 0.30060302, Validation loss: 0.29976595, Gradient norm: 2.51119332
INFO:root:At the start of the epoch: mem (CPU python)=14573.91796875MB; mem (CPU total)=27445.79296875MB
INFO:root:[   49] Training loss: 0.29830035, Validation loss: 0.28211846, Gradient norm: 2.52274783
INFO:root:At the start of the epoch: mem (CPU python)=14595.07421875MB; mem (CPU total)=27489.8671875MB
INFO:root:[   50] Training loss: 0.29420350, Validation loss: 0.29977036, Gradient norm: 2.40739607
INFO:root:At the start of the epoch: mem (CPU python)=14616.24609375MB; mem (CPU total)=27508.16015625MB
INFO:root:[   51] Training loss: 0.29770389, Validation loss: 0.28180653, Gradient norm: 2.56620330
INFO:root:At the start of the epoch: mem (CPU python)=14637.40234375MB; mem (CPU total)=27561.765625MB
INFO:root:[   52] Training loss: 0.29710143, Validation loss: 0.29228010, Gradient norm: 2.42475578
INFO:root:At the start of the epoch: mem (CPU python)=14658.5625MB; mem (CPU total)=27596.53125MB
INFO:root:[   53] Training loss: 0.29626029, Validation loss: 0.29673715, Gradient norm: 2.31321710
INFO:root:At the start of the epoch: mem (CPU python)=14679.7421875MB; mem (CPU total)=27650.8046875MB
INFO:root:[   54] Training loss: 0.29455323, Validation loss: 0.29924896, Gradient norm: 2.83392049
INFO:root:At the start of the epoch: mem (CPU python)=14701.04296875MB; mem (CPU total)=27683.4375MB
INFO:root:[   55] Training loss: 0.29981746, Validation loss: 0.30656914, Gradient norm: 2.78751192
INFO:root:At the start of the epoch: mem (CPU python)=14722.0703125MB; mem (CPU total)=27705.52734375MB
INFO:root:[   56] Training loss: 0.29859389, Validation loss: 0.29586385, Gradient norm: 2.62857725
INFO:root:At the start of the epoch: mem (CPU python)=14743.2265625MB; mem (CPU total)=27740.58984375MB
INFO:root:[   57] Training loss: 0.29861997, Validation loss: 0.30225363, Gradient norm: 2.48004953
INFO:root:At the start of the epoch: mem (CPU python)=14764.3984375MB; mem (CPU total)=27773.00390625MB
INFO:root:[   58] Training loss: 0.29067049, Validation loss: 0.28378554, Gradient norm: 2.64020303
INFO:root:At the start of the epoch: mem (CPU python)=14785.5546875MB; mem (CPU total)=27815.8671875MB
INFO:root:[   59] Training loss: 0.29290681, Validation loss: 0.28545047, Gradient norm: 2.56657044
INFO:root:At the start of the epoch: mem (CPU python)=14806.71484375MB; mem (CPU total)=27851.10546875MB
INFO:root:[   60] Training loss: 0.29130561, Validation loss: 0.29294947, Gradient norm: 2.52784911
INFO:root:At the start of the epoch: mem (CPU python)=14827.88671875MB; mem (CPU total)=27860.46875MB
INFO:root:[   61] Training loss: 0.29130478, Validation loss: 0.28682223, Gradient norm: 2.61095010
INFO:root:At the start of the epoch: mem (CPU python)=14849.03515625MB; mem (CPU total)=27905.25MB
INFO:root:[   62] Training loss: 0.29586964, Validation loss: 0.30679908, Gradient norm: 2.87934305
INFO:root:At the start of the epoch: mem (CPU python)=14870.21484375MB; mem (CPU total)=27940.7265625MB
INFO:root:[   63] Training loss: 0.29350290, Validation loss: 0.27841675, Gradient norm: 2.75663540
INFO:root:At the start of the epoch: mem (CPU python)=14891.375MB; mem (CPU total)=27974.375MB
INFO:root:[   64] Training loss: 0.28954924, Validation loss: 0.28469646, Gradient norm: 2.90302395
INFO:root:At the start of the epoch: mem (CPU python)=14912.546875MB; mem (CPU total)=28007.37890625MB
INFO:root:[   65] Training loss: 0.29040433, Validation loss: 0.29037443, Gradient norm: 2.68551253
INFO:root:At the start of the epoch: mem (CPU python)=14933.7109375MB; mem (CPU total)=28029.22265625MB
INFO:root:[   66] Training loss: 0.28981105, Validation loss: 0.28749957, Gradient norm: 2.71454387
INFO:root:At the start of the epoch: mem (CPU python)=14954.8671875MB; mem (CPU total)=28070.26171875MB
INFO:root:[   67] Training loss: 0.29207294, Validation loss: 0.27941158, Gradient norm: 2.96480785
INFO:root:At the start of the epoch: mem (CPU python)=14976.03515625MB; mem (CPU total)=28104.7578125MB
INFO:root:[   68] Training loss: 0.29244458, Validation loss: 0.27695374, Gradient norm: 2.60071153
INFO:root:At the start of the epoch: mem (CPU python)=14997.19140625MB; mem (CPU total)=28137.96484375MB
INFO:root:[   69] Training loss: 0.28915050, Validation loss: 0.28606181, Gradient norm: 3.00860267
INFO:root:At the start of the epoch: mem (CPU python)=15018.36328125MB; mem (CPU total)=28177.07421875MB
INFO:root:[   70] Training loss: 0.29290000, Validation loss: 0.29197058, Gradient norm: 2.52436826
INFO:root:At the start of the epoch: mem (CPU python)=15039.51953125MB; mem (CPU total)=28207.83984375MB
INFO:root:[   71] Training loss: 0.28783330, Validation loss: 0.30311622, Gradient norm: 2.97803132
INFO:root:At the start of the epoch: mem (CPU python)=15060.6875MB; mem (CPU total)=28249.3046875MB
INFO:root:[   72] Training loss: 0.29364870, Validation loss: 0.29229588, Gradient norm: 3.09981287
INFO:root:At the start of the epoch: mem (CPU python)=15081.859375MB; mem (CPU total)=28267.11328125MB
INFO:root:[   73] Training loss: 0.29040354, Validation loss: 0.31456318, Gradient norm: 2.83060625
INFO:root:At the start of the epoch: mem (CPU python)=15103.015625MB; mem (CPU total)=28313.453125MB
INFO:root:[   74] Training loss: 0.29354151, Validation loss: 0.28027288, Gradient norm: 3.13399234
INFO:root:At the start of the epoch: mem (CPU python)=15124.1875MB; mem (CPU total)=28347.40625MB
INFO:root:Learning rate reduced to: 0.0025
INFO:root:[   75] Training loss: 0.28848253, Validation loss: 0.30089702, Gradient norm: 2.91720039
INFO:root:At the start of the epoch: mem (CPU python)=15145.34765625MB; mem (CPU total)=28382.4375MB
INFO:root:Learning rate reduced to: 0.00125
INFO:root:[   76] Training loss: 0.26897240, Validation loss: 0.27309529, Gradient norm: 2.33898167
INFO:root:At the start of the epoch: mem (CPU python)=15166.515625MB; mem (CPU total)=28418.70703125MB
INFO:root:[   77] Training loss: 0.26074775, Validation loss: 0.26187824, Gradient norm: 1.51528044
INFO:root:At the start of the epoch: mem (CPU python)=15187.67578125MB; mem (CPU total)=28479.8359375MB
INFO:root:[   78] Training loss: 0.25910462, Validation loss: 0.25979565, Gradient norm: 1.85104792
INFO:root:At the start of the epoch: mem (CPU python)=15208.75390625MB; mem (CPU total)=28517.41796875MB
INFO:root:[   79] Training loss: 0.25912328, Validation loss: 0.26039936, Gradient norm: 2.18476721
INFO:root:At the start of the epoch: mem (CPU python)=15230.00390625MB; mem (CPU total)=28549.2734375MB
INFO:root:[   80] Training loss: 0.25930155, Validation loss: 0.26042816, Gradient norm: 2.37582203
INFO:root:At the start of the epoch: mem (CPU python)=15251.1640625MB; mem (CPU total)=28544.7109375MB
INFO:root:[   81] Training loss: 0.25977111, Validation loss: 0.25824442, Gradient norm: 2.50654626
INFO:root:At the start of the epoch: mem (CPU python)=15272.3359375MB; mem (CPU total)=28592.25390625MB
INFO:root:[   82] Training loss: 0.25966586, Validation loss: 0.25941728, Gradient norm: 2.80722935
INFO:root:At the start of the epoch: mem (CPU python)=15293.4921875MB; mem (CPU total)=28632.015625MB
INFO:root:[   83] Training loss: 0.25932854, Validation loss: 0.26017423, Gradient norm: 2.79282689
INFO:root:At the start of the epoch: mem (CPU python)=15314.65625MB; mem (CPU total)=28667.29296875MB
INFO:root:[   84] Training loss: 0.25903163, Validation loss: 0.26147199, Gradient norm: 3.15108411
INFO:root:At the start of the epoch: mem (CPU python)=15335.828125MB; mem (CPU total)=28702.7890625MB
INFO:root:[   85] Training loss: 0.25918410, Validation loss: 0.26263979, Gradient norm: 3.47399636
INFO:root:At the start of the epoch: mem (CPU python)=15356.9765625MB; mem (CPU total)=28718.6875MB
INFO:root:[   86] Training loss: 0.26000336, Validation loss: 0.26172556, Gradient norm: 3.65384300
INFO:root:At the start of the epoch: mem (CPU python)=15378.15625MB; mem (CPU total)=28763.13671875MB
INFO:root:[   87] Training loss: 0.25932354, Validation loss: 0.26350499, Gradient norm: 3.70357630
INFO:root:At the start of the epoch: mem (CPU python)=15399.3125MB; mem (CPU total)=28799.69921875MB
INFO:root:Learning rate reduced to: 0.000625
INFO:root:[   88] Training loss: 0.26042960, Validation loss: 0.26744322, Gradient norm: 4.07602975
INFO:root:At the start of the epoch: mem (CPU python)=15420.48828125MB; mem (CPU total)=28829.55859375MB
INFO:root:Learning rate reduced to: 0.0003125
INFO:root:[   89] Training loss: 0.25510022, Validation loss: 0.25807322, Gradient norm: 2.56079609
INFO:root:At the start of the epoch: mem (CPU python)=15441.79296875MB; mem (CPU total)=28867.6328125MB
INFO:root:[   90] Training loss: 0.25401710, Validation loss: 0.25330117, Gradient norm: 1.91828086
INFO:root:At the start of the epoch: mem (CPU python)=15462.80859375MB; mem (CPU total)=28896.140625MB
INFO:root:[   91] Training loss: 0.25437160, Validation loss: 0.25511022, Gradient norm: 2.31154070
INFO:root:At the start of the epoch: mem (CPU python)=15484.0390625MB; mem (CPU total)=28934.15234375MB
INFO:root:[   92] Training loss: 0.25362572, Validation loss: 0.25439142, Gradient norm: 1.96212176
INFO:root:At the start of the epoch: mem (CPU python)=15505.23828125MB; mem (CPU total)=28970.3671875MB
INFO:root:[   93] Training loss: 0.25339572, Validation loss: 0.25465936, Gradient norm: 1.93266035
INFO:root:At the start of the epoch: mem (CPU python)=15526.40234375MB; mem (CPU total)=29005.2734375MB
INFO:root:[   94] Training loss: 0.25319721, Validation loss: 0.25609350, Gradient norm: 2.00622052
INFO:root:At the start of the epoch: mem (CPU python)=15547.5625MB; mem (CPU total)=29043.01171875MB
INFO:root:[   95] Training loss: 0.25334286, Validation loss: 0.25513350, Gradient norm: 2.17651135
INFO:root:At the start of the epoch: mem (CPU python)=15568.72265625MB; mem (CPU total)=29074.36328125MB
INFO:root:[   96] Training loss: 0.25330993, Validation loss: 0.25460247, Gradient norm: 2.25969153
INFO:root:At the start of the epoch: mem (CPU python)=15589.890625MB; mem (CPU total)=29109.07421875MB
INFO:root:Learning rate reduced to: 0.00015625
INFO:root:[   97] Training loss: 0.25357207, Validation loss: 0.25512856, Gradient norm: 2.31776120
INFO:root:At the start of the epoch: mem (CPU python)=15611.0546875MB; mem (CPU total)=29144.1640625MB
INFO:root:Learning rate reduced to: 7.8125e-05
INFO:root:[   98] Training loss: 0.25261133, Validation loss: 0.25443518, Gradient norm: 1.89961617
INFO:root:At the start of the epoch: mem (CPU python)=15632.21875MB; mem (CPU total)=29179.109375MB
INFO:root:[   99] Training loss: 0.25212121, Validation loss: 0.25490173, Gradient norm: 1.43198323
INFO:root:At the start of the epoch: mem (CPU python)=15653.3828125MB; mem (CPU total)=29209.625MB
INFO:root:EP 99: Early stopping
INFO:root:Training for autoregressive step 2 starts now.
INFO:root:Learning rate reduced to: [3.90625e-05]
INFO:root:At the start of the epoch: mem (CPU python)=15674.515625MB; mem (CPU total)=29245.640625MB
INFO:root:[  101] Training loss: 0.33356448, Validation loss: 0.32402546, Gradient norm: 5.33075246
INFO:root:At the start of the epoch: mem (CPU python)=15695.703125MB; mem (CPU total)=29312.328125MB
INFO:root:[  102] Training loss: 0.32958582, Validation loss: 0.32289351, Gradient norm: 4.69291090
INFO:root:At the start of the epoch: mem (CPU python)=15716.86328125MB; mem (CPU total)=29346.171875MB
INFO:root:[  103] Training loss: 0.32892325, Validation loss: 0.32184002, Gradient norm: 4.75975437
INFO:root:At the start of the epoch: mem (CPU python)=15738.03515625MB; mem (CPU total)=29341.19140625MB
INFO:root:[  104] Training loss: 0.32889371, Validation loss: 0.32613396, Gradient norm: 5.55140039
INFO:root:At the start of the epoch: mem (CPU python)=15759.203125MB; mem (CPU total)=29354.20703125MB
INFO:root:[  105] Training loss: 0.32734086, Validation loss: 0.32120490, Gradient norm: 4.86617860
INFO:root:At the start of the epoch: mem (CPU python)=15780.3671875MB; mem (CPU total)=29378.921875MB
INFO:root:[  106] Training loss: 0.32719728, Validation loss: 0.31964097, Gradient norm: 4.38715617
INFO:root:At the start of the epoch: mem (CPU python)=15801.52734375MB; mem (CPU total)=29414.921875MB
INFO:root:[  107] Training loss: 0.32605276, Validation loss: 0.32027700, Gradient norm: 4.37330627
INFO:root:At the start of the epoch: mem (CPU python)=15822.69140625MB; mem (CPU total)=29458.48828125MB
INFO:root:[  108] Training loss: 0.32474278, Validation loss: 0.31878992, Gradient norm: 4.46953275
INFO:root:At the start of the epoch: mem (CPU python)=15843.84765625MB; mem (CPU total)=29485.84765625MB
INFO:root:[  109] Training loss: 0.32402278, Validation loss: 0.31829979, Gradient norm: 4.37760205
INFO:root:At the start of the epoch: mem (CPU python)=15865.02734375MB; mem (CPU total)=29542.671875MB
INFO:root:[  110] Training loss: 0.32343596, Validation loss: 0.31683337, Gradient norm: 4.60959469
INFO:root:At the start of the epoch: mem (CPU python)=15886.19140625MB; mem (CPU total)=29587.92578125MB
INFO:root:[  111] Training loss: 0.32285339, Validation loss: 0.31635572, Gradient norm: 5.67511645
INFO:root:At the start of the epoch: mem (CPU python)=15907.3515625MB; mem (CPU total)=29615.55859375MB
INFO:root:[  112] Training loss: 0.32297639, Validation loss: 0.31664096, Gradient norm: 4.73360522
INFO:root:At the start of the epoch: mem (CPU python)=15928.515625MB; mem (CPU total)=29672.453125MB
INFO:root:[  113] Training loss: 0.32273747, Validation loss: 0.31580949, Gradient norm: 4.64014686
INFO:root:At the start of the epoch: mem (CPU python)=15949.68359375MB; mem (CPU total)=29718.28515625MB
INFO:root:[  114] Training loss: 0.32225914, Validation loss: 0.31529314, Gradient norm: 5.03457825
INFO:root:At the start of the epoch: mem (CPU python)=15970.84375MB; mem (CPU total)=29758.1796875MB
INFO:root:[  115] Training loss: 0.32190491, Validation loss: 0.31494240, Gradient norm: 4.63297431
INFO:root:At the start of the epoch: mem (CPU python)=15992.0078125MB; mem (CPU total)=29801.01171875MB
INFO:root:[  116] Training loss: 0.32133172, Validation loss: 0.31503874, Gradient norm: 5.08945893
INFO:root:At the start of the epoch: mem (CPU python)=16013.171875MB; mem (CPU total)=29873.21484375MB
INFO:root:[  117] Training loss: 0.32185780, Validation loss: 0.31471390, Gradient norm: 4.98094821
INFO:root:At the start of the epoch: mem (CPU python)=16034.3359375MB; mem (CPU total)=29893.0234375MB
INFO:root:[  118] Training loss: 0.32125534, Validation loss: 0.31364052, Gradient norm: 5.30471410
INFO:root:At the start of the epoch: mem (CPU python)=16055.5MB; mem (CPU total)=29936.203125MB
INFO:root:[  119] Training loss: 0.32046949, Validation loss: 0.31350876, Gradient norm: 5.35775967
INFO:root:At the start of the epoch: mem (CPU python)=16076.66796875MB; mem (CPU total)=29981.24609375MB
INFO:root:[  120] Training loss: 0.32061737, Validation loss: 0.31393197, Gradient norm: 5.03797228
INFO:root:At the start of the epoch: mem (CPU python)=16097.83203125MB; mem (CPU total)=29999.6171875MB
INFO:root:[  121] Training loss: 0.32033760, Validation loss: 0.31299103, Gradient norm: 5.41533780
INFO:root:At the start of the epoch: mem (CPU python)=16118.99609375MB; mem (CPU total)=30069.53515625MB
INFO:root:[  122] Training loss: 0.32058554, Validation loss: 0.31304743, Gradient norm: 5.43225687
INFO:root:At the start of the epoch: mem (CPU python)=16140.16015625MB; mem (CPU total)=30111.4140625MB
INFO:root:[  123] Training loss: 0.32033368, Validation loss: 0.31405349, Gradient norm: 5.18919282
INFO:root:At the start of the epoch: mem (CPU python)=16161.29296875MB; mem (CPU total)=30145.90625MB
INFO:root:[  124] Training loss: 0.31971867, Validation loss: 0.31251491, Gradient norm: 5.55204166
INFO:root:At the start of the epoch: mem (CPU python)=16182.48828125MB; mem (CPU total)=30180.6953125MB
INFO:root:[  125] Training loss: 0.32009140, Validation loss: 0.31470482, Gradient norm: 5.70711398
INFO:root:At the start of the epoch: mem (CPU python)=16203.65625MB; mem (CPU total)=30240.16796875MB
INFO:root:[  126] Training loss: 0.31948066, Validation loss: 0.31317935, Gradient norm: 5.89163569
INFO:root:At the start of the epoch: mem (CPU python)=16224.8203125MB; mem (CPU total)=30282.11328125MB
INFO:root:[  127] Training loss: 0.31929080, Validation loss: 0.31243209, Gradient norm: 5.27198839
INFO:root:At the start of the epoch: mem (CPU python)=16245.9453125MB; mem (CPU total)=30318.26953125MB
INFO:root:[  128] Training loss: 0.31897796, Validation loss: 0.31246912, Gradient norm: 4.93181436
INFO:root:At the start of the epoch: mem (CPU python)=16267.14453125MB; mem (CPU total)=30367.78125MB
INFO:root:[  129] Training loss: 0.31876640, Validation loss: 0.31294915, Gradient norm: 5.90347224
INFO:root:At the start of the epoch: mem (CPU python)=16288.3046875MB; mem (CPU total)=30408.97265625MB
INFO:root:[  130] Training loss: 0.31885413, Validation loss: 0.31250444, Gradient norm: 6.02746355
INFO:root:At the start of the epoch: mem (CPU python)=16309.47265625MB; mem (CPU total)=30480.4140625MB
INFO:root:[  131] Training loss: 0.31898322, Validation loss: 0.31115325, Gradient norm: 5.89985113
INFO:root:At the start of the epoch: mem (CPU python)=16330.640625MB; mem (CPU total)=30288.01953125MB
INFO:root:[  132] Training loss: 0.31888152, Validation loss: 0.31320970, Gradient norm: 5.52211551
INFO:root:At the start of the epoch: mem (CPU python)=16351.79296875MB; mem (CPU total)=30547.40234375MB
INFO:root:[  133] Training loss: 0.31823498, Validation loss: 0.31185892, Gradient norm: 5.46942225
INFO:root:At the start of the epoch: mem (CPU python)=16372.96484375MB; mem (CPU total)=30575.80859375MB
INFO:root:[  134] Training loss: 0.31817177, Validation loss: 0.31151657, Gradient norm: 5.20881812
INFO:root:At the start of the epoch: mem (CPU python)=16394.08203125MB; mem (CPU total)=30628.03515625MB
INFO:root:[  135] Training loss: 0.31780208, Validation loss: 0.31172688, Gradient norm: 5.72202428
INFO:root:At the start of the epoch: mem (CPU python)=16415.16015625MB; mem (CPU total)=30670.22265625MB
INFO:root:[  136] Training loss: 0.31809714, Validation loss: 0.31056539, Gradient norm: 5.42640335
INFO:root:At the start of the epoch: mem (CPU python)=16436.4609375MB; mem (CPU total)=30712.15625MB
INFO:root:[  137] Training loss: 0.31715343, Validation loss: 0.31078097, Gradient norm: 5.16690827
INFO:root:At the start of the epoch: mem (CPU python)=16457.453125MB; mem (CPU total)=30757.91015625MB
INFO:root:[  138] Training loss: 0.31790491, Validation loss: 0.31091721, Gradient norm: 5.76258978
INFO:root:At the start of the epoch: mem (CPU python)=16478.7890625MB; mem (CPU total)=30800.70703125MB
INFO:root:[  139] Training loss: 0.31776222, Validation loss: 0.31014591, Gradient norm: 5.22995510
INFO:root:At the start of the epoch: mem (CPU python)=16499.6953125MB; mem (CPU total)=30852.0234375MB
INFO:root:[  140] Training loss: 0.31762332, Validation loss: 0.31029564, Gradient norm: 5.46493987
INFO:root:At the start of the epoch: mem (CPU python)=16521.07421875MB; mem (CPU total)=30872.140625MB
INFO:root:[  141] Training loss: 0.31768681, Validation loss: 0.31140440, Gradient norm: 5.32099726
INFO:root:At the start of the epoch: mem (CPU python)=16542.2578125MB; mem (CPU total)=30911.6640625MB
INFO:root:[  142] Training loss: 0.31748376, Validation loss: 0.31041209, Gradient norm: 5.52923757
INFO:root:At the start of the epoch: mem (CPU python)=16563.1875MB; mem (CPU total)=30982.96484375MB
INFO:root:[  143] Training loss: 0.31724428, Validation loss: 0.31037165, Gradient norm: 6.44772443
INFO:root:At the start of the epoch: mem (CPU python)=16584.609375MB; mem (CPU total)=31013.02734375MB
INFO:root:[  144] Training loss: 0.31778543, Validation loss: 0.30996500, Gradient norm: 5.91146606
INFO:root:At the start of the epoch: mem (CPU python)=16605.7734375MB; mem (CPU total)=31059.43359375MB
INFO:root:[  145] Training loss: 0.31675387, Validation loss: 0.31050433, Gradient norm: 5.52394111
INFO:root:At the start of the epoch: mem (CPU python)=16626.54296875MB; mem (CPU total)=31110.859375MB
INFO:root:[  146] Training loss: 0.31643629, Validation loss: 0.31021967, Gradient norm: 5.90573063
INFO:root:At the start of the epoch: mem (CPU python)=16648.078125MB; mem (CPU total)=31137.0625MB
INFO:root:[  147] Training loss: 0.31653117, Validation loss: 0.30958767, Gradient norm: 5.12396642
INFO:root:At the start of the epoch: mem (CPU python)=16669.265625MB; mem (CPU total)=31172.54296875MB
INFO:root:[  148] Training loss: 0.31652283, Validation loss: 0.30934355, Gradient norm: 5.75047628
INFO:root:At the start of the epoch: mem (CPU python)=16690.3046875MB; mem (CPU total)=31225.390625MB
INFO:root:[  149] Training loss: 0.31663848, Validation loss: 0.30935764, Gradient norm: 5.29836392
INFO:root:At the start of the epoch: mem (CPU python)=16711.5390625MB; mem (CPU total)=31271.4296875MB
INFO:root:[  150] Training loss: 0.31647865, Validation loss: 0.31071370, Gradient norm: 5.84092516
INFO:root:At the start of the epoch: mem (CPU python)=16732.7578125MB; mem (CPU total)=31306.73828125MB
INFO:root:[  151] Training loss: 0.31677622, Validation loss: 0.30919306, Gradient norm: 5.62028422
INFO:root:At the start of the epoch: mem (CPU python)=16753.76953125MB; mem (CPU total)=31350.2734375MB
INFO:root:[  152] Training loss: 0.31591338, Validation loss: 0.31015550, Gradient norm: 5.71285790
INFO:root:At the start of the epoch: mem (CPU python)=16775.0703125MB; mem (CPU total)=31397.578125MB
INFO:root:[  153] Training loss: 0.31609330, Validation loss: 0.30882503, Gradient norm: 5.69657322
INFO:root:At the start of the epoch: mem (CPU python)=16796.25MB; mem (CPU total)=31437.53515625MB
INFO:root:[  154] Training loss: 0.31648795, Validation loss: 0.30991442, Gradient norm: 6.18236238
INFO:root:At the start of the epoch: mem (CPU python)=16817.25390625MB; mem (CPU total)=31468.9453125MB
INFO:root:[  155] Training loss: 0.31682199, Validation loss: 0.30852079, Gradient norm: 5.63948749
INFO:root:At the start of the epoch: mem (CPU python)=16838.45703125MB; mem (CPU total)=31522.53125MB
INFO:root:[  156] Training loss: 0.31596370, Validation loss: 0.30916152, Gradient norm: 5.25712269
INFO:root:At the start of the epoch: mem (CPU python)=16859.7421875MB; mem (CPU total)=31568.703125MB
INFO:root:[  157] Training loss: 0.31606230, Validation loss: 0.30964879, Gradient norm: 5.76243781
INFO:root:At the start of the epoch: mem (CPU python)=16880.8984375MB; mem (CPU total)=31603.80078125MB
INFO:root:[  158] Training loss: 0.31598675, Validation loss: 0.31162228, Gradient norm: 5.68851863
INFO:root:At the start of the epoch: mem (CPU python)=16901.8125MB; mem (CPU total)=31655.3046875MB
INFO:root:[  159] Training loss: 0.31630530, Validation loss: 0.30915410, Gradient norm: 5.82497631
INFO:root:At the start of the epoch: mem (CPU python)=16923.11328125MB; mem (CPU total)=31721.83203125MB
INFO:root:[  160] Training loss: 0.31620545, Validation loss: 0.30955201, Gradient norm: 5.52624854
INFO:root:At the start of the epoch: mem (CPU python)=16944.40234375MB; mem (CPU total)=31748.73046875MB
INFO:root:[  161] Training loss: 0.31586931, Validation loss: 0.30876724, Gradient norm: 5.62907121
INFO:root:At the start of the epoch: mem (CPU python)=16965.55078125MB; mem (CPU total)=31790.01171875MB
INFO:root:[  162] Training loss: 0.31601069, Validation loss: 0.30792639, Gradient norm: 6.26827357
INFO:root:At the start of the epoch: mem (CPU python)=16986.72265625MB; mem (CPU total)=31825.44921875MB
INFO:root:[  163] Training loss: 0.31598313, Validation loss: 0.30850278, Gradient norm: 6.03540284
INFO:root:At the start of the epoch: mem (CPU python)=17007.88671875MB; mem (CPU total)=31855.7421875MB
INFO:root:[  164] Training loss: 0.31569800, Validation loss: 0.30907572, Gradient norm: 5.76342610
INFO:root:At the start of the epoch: mem (CPU python)=17029.0546875MB; mem (CPU total)=31904.95703125MB
INFO:root:[  165] Training loss: 0.31536008, Validation loss: 0.30909018, Gradient norm: 6.06119282
INFO:root:At the start of the epoch: mem (CPU python)=17049.94921875MB; mem (CPU total)=31957.7109375MB
INFO:root:[  166] Training loss: 0.31586919, Validation loss: 0.30824223, Gradient norm: 5.61581955
INFO:root:At the start of the epoch: mem (CPU python)=17071.234375MB; mem (CPU total)=31996.2109375MB
INFO:root:[  167] Training loss: 0.31551771, Validation loss: 0.30958774, Gradient norm: 5.81474514
INFO:root:At the start of the epoch: mem (CPU python)=17092.55078125MB; mem (CPU total)=32046.02734375MB
INFO:root:[  168] Training loss: 0.31519963, Validation loss: 0.30870209, Gradient norm: 5.83194039
INFO:root:At the start of the epoch: mem (CPU python)=17113.47265625MB; mem (CPU total)=32087.8125MB
INFO:root:[  169] Training loss: 0.31561338, Validation loss: 0.30905031, Gradient norm: 6.21742241
INFO:root:At the start of the epoch: mem (CPU python)=17134.875MB; mem (CPU total)=32133.41796875MB
INFO:root:[  170] Training loss: 0.31550937, Validation loss: 0.30788516, Gradient norm: 5.89343397
INFO:root:At the start of the epoch: mem (CPU python)=17156.09375MB; mem (CPU total)=32155.57421875MB
INFO:root:[  171] Training loss: 0.31534820, Validation loss: 0.30881606, Gradient norm: 5.72796350
INFO:root:At the start of the epoch: mem (CPU python)=17177.0859375MB; mem (CPU total)=32205.0703125MB
INFO:root:[  172] Training loss: 0.31506313, Validation loss: 0.30808245, Gradient norm: 6.14379938
INFO:root:At the start of the epoch: mem (CPU python)=17198.3671875MB; mem (CPU total)=32255.83984375MB
INFO:root:[  173] Training loss: 0.31501827, Validation loss: 0.30783258, Gradient norm: 5.71447517
INFO:root:At the start of the epoch: mem (CPU python)=17219.27734375MB; mem (CPU total)=32322.8359375MB
INFO:root:[  174] Training loss: 0.31557821, Validation loss: 0.30764196, Gradient norm: 6.25204307
INFO:root:At the start of the epoch: mem (CPU python)=17240.3046875MB; mem (CPU total)=32332.9921875MB
INFO:root:[  175] Training loss: 0.31517329, Validation loss: 0.30726082, Gradient norm: 5.78287001
INFO:root:At the start of the epoch: mem (CPU python)=17261.86328125MB; mem (CPU total)=32393.98046875MB
INFO:root:[  176] Training loss: 0.31519467, Validation loss: 0.30730141, Gradient norm: 5.61567521
INFO:root:At the start of the epoch: mem (CPU python)=17283.03125MB; mem (CPU total)=32426.48828125MB
INFO:root:[  177] Training loss: 0.31521356, Validation loss: 0.30783330, Gradient norm: 5.50982949
INFO:root:At the start of the epoch: mem (CPU python)=17304.19140625MB; mem (CPU total)=32475.1953125MB
INFO:root:[  178] Training loss: 0.31495992, Validation loss: 0.30749966, Gradient norm: 5.84016553
INFO:root:At the start of the epoch: mem (CPU python)=17325.21875MB; mem (CPU total)=32519.4375MB
INFO:root:[  179] Training loss: 0.31488877, Validation loss: 0.30679330, Gradient norm: 5.34360269
INFO:root:At the start of the epoch: mem (CPU python)=17346.5MB; mem (CPU total)=32566.5078125MB
INFO:root:[  180] Training loss: 0.31516898, Validation loss: 0.30760332, Gradient norm: 5.89410127
INFO:root:At the start of the epoch: mem (CPU python)=17367.55859375MB; mem (CPU total)=32606.01953125MB
INFO:root:[  181] Training loss: 0.31477855, Validation loss: 0.30702758, Gradient norm: 5.59318536
INFO:root:At the start of the epoch: mem (CPU python)=17388.84765625MB; mem (CPU total)=32638.3125MB
INFO:root:[  182] Training loss: 0.31489390, Validation loss: 0.30767707, Gradient norm: 6.16386785
INFO:root:At the start of the epoch: mem (CPU python)=17410.0078125MB; mem (CPU total)=32692.30859375MB
INFO:root:[  183] Training loss: 0.31470201, Validation loss: 0.30858597, Gradient norm: 6.33998561
INFO:root:At the start of the epoch: mem (CPU python)=17431.0546875MB; mem (CPU total)=32733.70703125MB
INFO:root:[  184] Training loss: 0.31496741, Validation loss: 0.30733104, Gradient norm: 5.98758254
INFO:root:At the start of the epoch: mem (CPU python)=17452.08203125MB; mem (CPU total)=32758.64453125MB
INFO:root:[  185] Training loss: 0.31472644, Validation loss: 0.30748705, Gradient norm: 6.39195640
INFO:root:At the start of the epoch: mem (CPU python)=17473.4765625MB; mem (CPU total)=32822.69921875MB
INFO:root:[  186] Training loss: 0.31428020, Validation loss: 0.30723113, Gradient norm: 5.70575437
INFO:root:At the start of the epoch: mem (CPU python)=17494.59375MB; mem (CPU total)=32867.4375MB
INFO:root:[  187] Training loss: 0.31468815, Validation loss: 0.30793375, Gradient norm: 7.32450807
INFO:root:At the start of the epoch: mem (CPU python)=17515.69921875MB; mem (CPU total)=32930.29296875MB
INFO:root:[  188] Training loss: 0.31457203, Validation loss: 0.30633888, Gradient norm: 6.13223465
INFO:root:At the start of the epoch: mem (CPU python)=17536.6796875MB; mem (CPU total)=32931.65625MB
INFO:root:[  189] Training loss: 0.31470544, Validation loss: 0.30741003, Gradient norm: 5.83620136
INFO:root:At the start of the epoch: mem (CPU python)=17558.16015625MB; mem (CPU total)=32993.390625MB
INFO:root:[  190] Training loss: 0.31416487, Validation loss: 0.30691540, Gradient norm: 6.12240210
INFO:root:At the start of the epoch: mem (CPU python)=17578.78515625MB; mem (CPU total)=33052.44140625MB
INFO:root:[  191] Training loss: 0.31410481, Validation loss: 0.30737141, Gradient norm: 5.74438754
INFO:root:At the start of the epoch: mem (CPU python)=17600.48046875MB; mem (CPU total)=33075.82421875MB
INFO:root:[  192] Training loss: 0.31496528, Validation loss: 0.30743011, Gradient norm: 6.09890419
INFO:root:At the start of the epoch: mem (CPU python)=17621.65234375MB; mem (CPU total)=33129.25MB
INFO:root:[  193] Training loss: 0.31456376, Validation loss: 0.30628837, Gradient norm: 6.24495609
INFO:root:At the start of the epoch: mem (CPU python)=17642.42578125MB; mem (CPU total)=33169.94140625MB
INFO:root:[  194] Training loss: 0.31411086, Validation loss: 0.30682660, Gradient norm: 6.19623093
INFO:root:At the start of the epoch: mem (CPU python)=17663.95703125MB; mem (CPU total)=33208.75MB
INFO:root:[  195] Training loss: 0.31462074, Validation loss: 0.30759618, Gradient norm: 6.73460872
INFO:root:At the start of the epoch: mem (CPU python)=17685.1484375MB; mem (CPU total)=33239.9140625MB
INFO:root:[  196] Training loss: 0.31478838, Validation loss: 0.30731882, Gradient norm: 6.46760040
INFO:root:At the start of the epoch: mem (CPU python)=17706.30859375MB; mem (CPU total)=33295.69921875MB
INFO:root:[  197] Training loss: 0.31450992, Validation loss: 0.30687384, Gradient norm: 6.23815183
INFO:root:At the start of the epoch: mem (CPU python)=17727.4609375MB; mem (CPU total)=33338.734375MB
INFO:root:[  198] Training loss: 0.31417887, Validation loss: 0.30835826, Gradient norm: 6.08432390
INFO:root:At the start of the epoch: mem (CPU python)=17748.5MB; mem (CPU total)=33383.546875MB
INFO:root:[  199] Training loss: 0.31442534, Validation loss: 0.30695415, Gradient norm: 6.58676831
INFO:root:At the start of the epoch: mem (CPU python)=17769.73046875MB; mem (CPU total)=33424.75MB
INFO:root:[  200] Training loss: 0.31418059, Validation loss: 0.30677147, Gradient norm: 6.43807330
INFO:root:At the start of the epoch: mem (CPU python)=17790.84375MB; mem (CPU total)=33465.921875MB
INFO:root:[  201] Training loss: 0.31461101, Validation loss: 0.30650333, Gradient norm: 6.47989467
INFO:root:At the start of the epoch: mem (CPU python)=17811.87109375MB; mem (CPU total)=33512.9296875MB
INFO:root:[  202] Training loss: 0.31465717, Validation loss: 0.30639218, Gradient norm: 6.61738065
INFO:root:At the start of the epoch: mem (CPU python)=17833.171875MB; mem (CPU total)=33557.4375MB
INFO:root:EP 202: Early stopping
INFO:root:After finishing all epochs: mem (CPU python)=17854.45703125MB; mem (CPU total)=33597.91015625MB
INFO:root:Training the model took 10046.009s.
INFO:root:Emptying the cuda cache took 0.07s.
INFO:root:Starting evaluation: model SFNO & uncertainty quantification scoring-rule-reparam
INFO:root:Evaluating the model on Validation data.
INFO:root:MSEValidation: 0.49638
INFO:root:EnergyScoreValidation: 0.35106
INFO:root:CRPSValidation: 0.18777
INFO:root:Gaussian NLLValidation: 268.81128
INFO:root:CoverageValidation: 0.17625
INFO:root:IntervalWidthValidation: 0.20351
INFO:root:Evaluating the model on Test data.
INFO:root:MSETest: 0.39291
INFO:root:EnergyScoreTest: 0.27796
INFO:root:CRPSTest: 0.15793
INFO:root:Gaussian NLLTest: 24263668531.2
INFO:root:CoverageTest: 0.01545
INFO:root:IntervalWidthTest: 0.05695
INFO:root:After validation: mem (CPU python)=17854.45703125MB; mem (CPU total)=33754.875MB
