INFO:root:Starting the logger.
INFO:root:Using cuda.
INFO:root:: mem (CPU python)=582.84765625MB; mem (CPU total)=20889.00390625MB
INFO:root:############### Starting experiment with config file sswe/sfno_laplace_2_1.ini ###############
INFO:root:###1 out of 1 data set parameter combinations ###
INFO:root:Data parameters: {'dataset_name': 'SSWE', 'max_training_set_size': 5000, 'pred_horizon': 1, 'train_horizon': 2, 'stepwise_evaluation': False}
INFO:root:After loading the datasets: mem (CPU python)=593.484375MB; mem (CPU total)=20893.6171875MB
INFO:root:###1 out of 3 training parameter combinations ###
INFO:root:Training parameters: {'seed': 1, 'model': 'SFNO', 'uncertainty_quantification': 'laplace', 'batch_size': 32, 'n_epochs': 1000, 'early_stopping': 10, 'init': 'default', 'learning_rate': 0.005, 'lr_schedule': 'step', 'optimizer': 'adam', 'gradient_clipping': 1, 'layer_normalization': True, 'data_loader_pin_memory': False, 'data_loader_num_workers': 0, 'distributed_training': False, 'alpha': 0.05, 'n_samples_uq': 100, 'weight_decay': 0, 'dropout': 0.001, 'fourier_dropout': None, 'hidden_channels': 32, 'projection_channels': 256, 'lifting_channels': 256, 'n_modes': (32, 32), 'n_samples': 3}
INFO:root:After creating the dataloaders: mem (CPU python)=595.0625MB; mem (CPU total)=20893.37109375MB
INFO:root:NumberParameters: 284835
INFO:root:GPU memory allocated: 2097152
INFO:root:After setting up the model: mem (CPU python)=2116.01953125MB; mem (CPU total)=22169.42578125MB
INFO:root:Training starts now.
INFO:root:At the start of the epoch: mem (CPU python)=2125.7421875MB; mem (CPU total)=22179.3203125MB
INFO:root:[    1] Training loss: 0.82966001, Validation loss: 0.73553855, Gradient norm: 0.57059150
INFO:root:At the start of the epoch: mem (CPU python)=3095.93359375MB; mem (CPU total)=22920.27734375MB
INFO:root:[    2] Training loss: 0.73276833, Validation loss: 0.73368842, Gradient norm: 0.27221088
INFO:root:At the start of the epoch: mem (CPU python)=3120.15234375MB; mem (CPU total)=22950.32421875MB
INFO:root:[    3] Training loss: 0.72577614, Validation loss: 0.71548074, Gradient norm: 0.28179692
INFO:root:At the start of the epoch: mem (CPU python)=3138.8203125MB; mem (CPU total)=22978.9765625MB
INFO:root:[    4] Training loss: 0.68417145, Validation loss: 0.64018402, Gradient norm: 0.39472993
INFO:root:At the start of the epoch: mem (CPU python)=3160.765625MB; mem (CPU total)=23008.04296875MB
INFO:root:[    5] Training loss: 0.61343074, Validation loss: 0.58973179, Gradient norm: 0.45629359
INFO:root:At the start of the epoch: mem (CPU python)=3183.20703125MB; mem (CPU total)=23041.5546875MB
INFO:root:[    6] Training loss: 0.58217771, Validation loss: 0.57349695, Gradient norm: 0.39106254
INFO:root:At the start of the epoch: mem (CPU python)=3203.61328125MB; mem (CPU total)=23068.6484375MB
INFO:root:[    7] Training loss: 0.56727187, Validation loss: 0.56157530, Gradient norm: 0.38573644
INFO:root:At the start of the epoch: mem (CPU python)=3224.33203125MB; mem (CPU total)=23099.3984375MB
INFO:root:[    8] Training loss: 0.55623050, Validation loss: 0.54897641, Gradient norm: 0.38178062
INFO:root:At the start of the epoch: mem (CPU python)=3246.5859375MB; mem (CPU total)=23132.3671875MB
INFO:root:[    9] Training loss: 0.54649678, Validation loss: 0.53880784, Gradient norm: 0.36514811
INFO:root:At the start of the epoch: mem (CPU python)=3266.53515625MB; mem (CPU total)=23162.25MB
INFO:root:[   10] Training loss: 0.53849254, Validation loss: 0.53375917, Gradient norm: 0.36167836
INFO:root:At the start of the epoch: mem (CPU python)=3290.46875MB; mem (CPU total)=23196.625MB
INFO:root:[   11] Training loss: 0.53221803, Validation loss: 0.52484167, Gradient norm: 0.38315790
INFO:root:At the start of the epoch: mem (CPU python)=3309.60546875MB; mem (CPU total)=23223.10546875MB
INFO:root:[   12] Training loss: 0.52309021, Validation loss: 0.51362596, Gradient norm: 0.42392863
INFO:root:At the start of the epoch: mem (CPU python)=3331.171875MB; mem (CPU total)=23258.203125MB
INFO:root:[   13] Training loss: 0.49857931, Validation loss: 0.47295664, Gradient norm: 0.44842964
INFO:root:At the start of the epoch: mem (CPU python)=3353.234375MB; mem (CPU total)=23288.50390625MB
INFO:root:[   14] Training loss: 0.46672642, Validation loss: 0.45110633, Gradient norm: 0.50304816
INFO:root:At the start of the epoch: mem (CPU python)=3374.1015625MB; mem (CPU total)=25643.0859375MB
INFO:root:[   15] Training loss: 0.44833047, Validation loss: 0.43730598, Gradient norm: 0.53183151
INFO:root:At the start of the epoch: mem (CPU python)=3396.8203125MB; mem (CPU total)=25739.5234375MB
INFO:root:[   16] Training loss: 0.43774744, Validation loss: 0.43057186, Gradient norm: 0.52510308
INFO:root:At the start of the epoch: mem (CPU python)=3418.14453125MB; mem (CPU total)=25790.703125MB
INFO:root:[   17] Training loss: 0.42905666, Validation loss: 0.42559423, Gradient norm: 0.43579983
INFO:root:At the start of the epoch: mem (CPU python)=3439.30859375MB; mem (CPU total)=25840.4609375MB
INFO:root:[   18] Training loss: 0.42654671, Validation loss: 0.41921763, Gradient norm: 0.49921525
INFO:root:At the start of the epoch: mem (CPU python)=3460.62109375MB; mem (CPU total)=25897.24609375MB
INFO:root:[   19] Training loss: 0.42226456, Validation loss: 0.41940217, Gradient norm: 0.45474061
INFO:root:At the start of the epoch: mem (CPU python)=3482.38671875MB; mem (CPU total)=25946.7109375MB
INFO:root:[   20] Training loss: 0.41934670, Validation loss: 0.41700474, Gradient norm: 0.44798167
INFO:root:At the start of the epoch: mem (CPU python)=3503.5546875MB; mem (CPU total)=25998.63671875MB
INFO:root:[   21] Training loss: 0.41738167, Validation loss: 0.41224846, Gradient norm: 0.47938851
INFO:root:At the start of the epoch: mem (CPU python)=3525.08984375MB; mem (CPU total)=26050.98046875MB
INFO:root:[   22] Training loss: 0.41408630, Validation loss: 0.41051923, Gradient norm: 0.45000024
INFO:root:At the start of the epoch: mem (CPU python)=3546.83203125MB; mem (CPU total)=26104.6875MB
INFO:root:[   23] Training loss: 0.41176283, Validation loss: 0.40710251, Gradient norm: 0.48696735
INFO:root:At the start of the epoch: mem (CPU python)=3568.54296875MB; mem (CPU total)=26154.05078125MB
INFO:root:[   24] Training loss: 0.40922439, Validation loss: 0.40249743, Gradient norm: 0.48602959
INFO:root:At the start of the epoch: mem (CPU python)=3589.76953125MB; mem (CPU total)=26210.2890625MB
INFO:root:[   25] Training loss: 0.40600240, Validation loss: 0.40176422, Gradient norm: 0.47189299
INFO:root:At the start of the epoch: mem (CPU python)=3611.18359375MB; mem (CPU total)=26259.3828125MB
INFO:root:[   26] Training loss: 0.40349859, Validation loss: 0.39995499, Gradient norm: 0.47266901
INFO:root:At the start of the epoch: mem (CPU python)=3632.4140625MB; mem (CPU total)=26313.4609375MB
INFO:root:[   27] Training loss: 0.40064718, Validation loss: 0.39470269, Gradient norm: 0.48417717
INFO:root:At the start of the epoch: mem (CPU python)=3653.578125MB; mem (CPU total)=26364.890625MB
INFO:root:[   28] Training loss: 0.39851006, Validation loss: 0.39344400, Gradient norm: 0.50838748
INFO:root:At the start of the epoch: mem (CPU python)=3674.7421875MB; mem (CPU total)=26419.5234375MB
INFO:root:[   29] Training loss: 0.39565954, Validation loss: 0.39323723, Gradient norm: 0.50272782
INFO:root:At the start of the epoch: mem (CPU python)=3696.24609375MB; mem (CPU total)=26474.21875MB
INFO:root:[   30] Training loss: 0.39354706, Validation loss: 0.38728751, Gradient norm: 0.49867397
INFO:root:At the start of the epoch: mem (CPU python)=3717.4140625MB; mem (CPU total)=26525.41015625MB
INFO:root:[   31] Training loss: 0.39142748, Validation loss: 0.38848169, Gradient norm: 0.49238333
INFO:root:At the start of the epoch: mem (CPU python)=3738.98046875MB; mem (CPU total)=26579.75MB
INFO:root:[   32] Training loss: 0.38951188, Validation loss: 0.38328973, Gradient norm: 0.49921007
INFO:root:At the start of the epoch: mem (CPU python)=3760.1484375MB; mem (CPU total)=26630.69140625MB
INFO:root:[   33] Training loss: 0.38779469, Validation loss: 0.38263807, Gradient norm: 0.50167003
INFO:root:At the start of the epoch: mem (CPU python)=3781.48828125MB; mem (CPU total)=26688.4765625MB
INFO:root:[   34] Training loss: 0.38491963, Validation loss: 0.38055393, Gradient norm: 0.46841656
INFO:root:At the start of the epoch: mem (CPU python)=3802.8515625MB; mem (CPU total)=26737.44140625MB
INFO:root:[   35] Training loss: 0.38357627, Validation loss: 0.37944859, Gradient norm: 0.52421118
INFO:root:At the start of the epoch: mem (CPU python)=3824.08203125MB; mem (CPU total)=26794.04296875MB
INFO:root:[   36] Training loss: 0.38105656, Validation loss: 0.37554250, Gradient norm: 0.49930512
INFO:root:At the start of the epoch: mem (CPU python)=3845.55859375MB; mem (CPU total)=26797.7578125MB
INFO:root:[   37] Training loss: 0.37852090, Validation loss: 0.37319336, Gradient norm: 0.51716048
INFO:root:At the start of the epoch: mem (CPU python)=3867.09765625MB; mem (CPU total)=26903.09375MB
INFO:root:[   38] Training loss: 0.37476822, Validation loss: 0.37193469, Gradient norm: 0.51983404
INFO:root:At the start of the epoch: mem (CPU python)=3887.67578125MB; mem (CPU total)=26953.05078125MB
INFO:root:[   39] Training loss: 0.37162945, Validation loss: 0.36830337, Gradient norm: 0.52316279
INFO:root:At the start of the epoch: mem (CPU python)=3909.421875MB; mem (CPU total)=27011.375MB
INFO:root:[   40] Training loss: 0.36785386, Validation loss: 0.36220625, Gradient norm: 0.53635267
INFO:root:At the start of the epoch: mem (CPU python)=3930.94921875MB; mem (CPU total)=27063.609375MB
INFO:root:[   41] Training loss: 0.36514604, Validation loss: 0.35911510, Gradient norm: 0.54693079
INFO:root:At the start of the epoch: mem (CPU python)=3952.87109375MB; mem (CPU total)=27121.61328125MB
INFO:root:[   42] Training loss: 0.36133454, Validation loss: 0.35613577, Gradient norm: 0.53491216
INFO:root:At the start of the epoch: mem (CPU python)=3973.58984375MB; mem (CPU total)=27169.109375MB
INFO:root:[   43] Training loss: 0.35807588, Validation loss: 0.35325751, Gradient norm: 0.56549541
INFO:root:At the start of the epoch: mem (CPU python)=3994.55859375MB; mem (CPU total)=27176.890625MB
INFO:root:[   44] Training loss: 0.35598549, Validation loss: 0.34990718, Gradient norm: 0.57368724
INFO:root:At the start of the epoch: mem (CPU python)=4016.37109375MB; mem (CPU total)=27277.43359375MB
INFO:root:[   45] Training loss: 0.35305870, Validation loss: 0.34834692, Gradient norm: 0.57824702
INFO:root:At the start of the epoch: mem (CPU python)=4036.15234375MB; mem (CPU total)=27332.03515625MB
INFO:root:[   46] Training loss: 0.35014293, Validation loss: 0.34588057, Gradient norm: 0.57668130
INFO:root:At the start of the epoch: mem (CPU python)=4058.69921875MB; mem (CPU total)=27383.7109375MB
INFO:root:[   47] Training loss: 0.34814046, Validation loss: 0.34395447, Gradient norm: 0.57611599
INFO:root:At the start of the epoch: mem (CPU python)=4079.3046875MB; mem (CPU total)=27435.14453125MB
INFO:root:[   48] Training loss: 0.34681428, Validation loss: 0.34194806, Gradient norm: 0.62392831
INFO:root:At the start of the epoch: mem (CPU python)=4100.68359375MB; mem (CPU total)=27493.25390625MB
INFO:root:[   49] Training loss: 0.34450865, Validation loss: 0.33856202, Gradient norm: 0.60704704
INFO:root:At the start of the epoch: mem (CPU python)=4122.64453125MB; mem (CPU total)=27544.84765625MB
INFO:root:[   50] Training loss: 0.34253435, Validation loss: 0.33706751, Gradient norm: 0.60181122
INFO:root:At the start of the epoch: mem (CPU python)=4144.01953125MB; mem (CPU total)=27601.82421875MB
INFO:root:[   51] Training loss: 0.34108444, Validation loss: 0.33501407, Gradient norm: 0.63406810
INFO:root:At the start of the epoch: mem (CPU python)=4165.54296875MB; mem (CPU total)=27654.32421875MB
INFO:root:[   52] Training loss: 0.34028381, Validation loss: 0.33386169, Gradient norm: 0.62833148
INFO:root:At the start of the epoch: mem (CPU python)=4188.40625MB; mem (CPU total)=27709.94921875MB
INFO:root:[   53] Training loss: 0.33764805, Validation loss: 0.33370808, Gradient norm: 0.60199937
INFO:root:At the start of the epoch: mem (CPU python)=4207.64453125MB; mem (CPU total)=27760.1640625MB
INFO:root:[   54] Training loss: 0.33678225, Validation loss: 0.33268311, Gradient norm: 0.64137517
INFO:root:At the start of the epoch: mem (CPU python)=4231.609375MB; mem (CPU total)=27820.21875MB
INFO:root:[   55] Training loss: 0.33601535, Validation loss: 0.32892737, Gradient norm: 0.64719881
INFO:root:At the start of the epoch: mem (CPU python)=4253.30078125MB; mem (CPU total)=27818.9765625MB
INFO:root:[   56] Training loss: 0.33485978, Validation loss: 0.33163268, Gradient norm: 0.62844850
INFO:root:At the start of the epoch: mem (CPU python)=4273.00390625MB; mem (CPU total)=27927.734375MB
INFO:root:[   57] Training loss: 0.33293770, Validation loss: 0.32838536, Gradient norm: 0.63073198
INFO:root:At the start of the epoch: mem (CPU python)=4293.3125MB; mem (CPU total)=27975.7734375MB
INFO:root:[   58] Training loss: 0.33116933, Validation loss: 0.32598254, Gradient norm: 0.63006452
INFO:root:At the start of the epoch: mem (CPU python)=4315.31640625MB; mem (CPU total)=28037.3671875MB
INFO:root:[   59] Training loss: 0.33064640, Validation loss: 0.32756423, Gradient norm: 0.64806833
INFO:root:At the start of the epoch: mem (CPU python)=4335.359375MB; mem (CPU total)=28041.95703125MB
INFO:root:[   60] Training loss: 0.33004223, Validation loss: 0.32974249, Gradient norm: 0.66164563
INFO:root:At the start of the epoch: mem (CPU python)=4358.0078125MB; mem (CPU total)=28143.57421875MB
INFO:root:[   61] Training loss: 0.32896175, Validation loss: 0.32655038, Gradient norm: 0.66016161
INFO:root:At the start of the epoch: mem (CPU python)=4379.83984375MB; mem (CPU total)=28189.98828125MB
INFO:root:[   62] Training loss: 0.32803080, Validation loss: 0.32164391, Gradient norm: 0.69674770
INFO:root:At the start of the epoch: mem (CPU python)=4401.00390625MB; mem (CPU total)=28252.12890625MB
INFO:root:[   63] Training loss: 0.32690281, Validation loss: 0.32047325, Gradient norm: 0.63125304
INFO:root:At the start of the epoch: mem (CPU python)=4422.62109375MB; mem (CPU total)=28301.421875MB
INFO:root:[   64] Training loss: 0.32605440, Validation loss: 0.32347116, Gradient norm: 0.61752640
INFO:root:At the start of the epoch: mem (CPU python)=4444.15625MB; mem (CPU total)=28361.234375MB
INFO:root:[   65] Training loss: 0.32551437, Validation loss: 0.32074743, Gradient norm: 0.66113413
INFO:root:At the start of the epoch: mem (CPU python)=4465.32421875MB; mem (CPU total)=28410.984375MB
INFO:root:[   66] Training loss: 0.32443806, Validation loss: 0.32226690, Gradient norm: 0.65201011
INFO:root:At the start of the epoch: mem (CPU python)=4486.48828125MB; mem (CPU total)=28466.3671875MB
INFO:root:[   67] Training loss: 0.32346184, Validation loss: 0.31870059, Gradient norm: 0.62763797
INFO:root:At the start of the epoch: mem (CPU python)=4507.859375MB; mem (CPU total)=28519.9296875MB
INFO:root:[   68] Training loss: 0.32361354, Validation loss: 0.32166567, Gradient norm: 0.69047525
INFO:root:At the start of the epoch: mem (CPU python)=4529.5625MB; mem (CPU total)=28573.890625MB
INFO:root:[   69] Training loss: 0.32220372, Validation loss: 0.32365639, Gradient norm: 0.64759565
INFO:root:At the start of the epoch: mem (CPU python)=4550.7265625MB; mem (CPU total)=28625.4296875MB
INFO:root:[   70] Training loss: 0.32080428, Validation loss: 0.31819021, Gradient norm: 0.62131508
INFO:root:At the start of the epoch: mem (CPU python)=4572.1796875MB; mem (CPU total)=28680.2265625MB
INFO:root:[   71] Training loss: 0.32039381, Validation loss: 0.31975868, Gradient norm: 0.64286421
INFO:root:At the start of the epoch: mem (CPU python)=4593.8046875MB; mem (CPU total)=28732.1640625MB
INFO:root:[   72] Training loss: 0.31976940, Validation loss: 0.32298611, Gradient norm: 0.65396890
INFO:root:At the start of the epoch: mem (CPU python)=4614.96875MB; mem (CPU total)=28789.17578125MB
INFO:root:[   73] Training loss: 0.31912410, Validation loss: 0.32108096, Gradient norm: 0.66122225
INFO:root:At the start of the epoch: mem (CPU python)=4636.1328125MB; mem (CPU total)=28835.6171875MB
INFO:root:[   74] Training loss: 0.31966793, Validation loss: 0.31811195, Gradient norm: 0.68489662
INFO:root:At the start of the epoch: mem (CPU python)=4657.30078125MB; mem (CPU total)=28884.3984375MB
INFO:root:[   75] Training loss: 0.31685227, Validation loss: 0.31417306, Gradient norm: 0.61669987
INFO:root:At the start of the epoch: mem (CPU python)=4679.15625MB; mem (CPU total)=28929.19921875MB
INFO:root:[   76] Training loss: 0.31614014, Validation loss: 0.31650513, Gradient norm: 0.66008342
INFO:root:At the start of the epoch: mem (CPU python)=4700.75MB; mem (CPU total)=28974.27734375MB
INFO:root:[   77] Training loss: 0.31577383, Validation loss: 0.31514781, Gradient norm: 0.63992411
INFO:root:At the start of the epoch: mem (CPU python)=4721.91796875MB; mem (CPU total)=29017.35546875MB
INFO:root:[   78] Training loss: 0.31504301, Validation loss: 0.31475918, Gradient norm: 0.67096999
INFO:root:At the start of the epoch: mem (CPU python)=4743.33984375MB; mem (CPU total)=29063.15234375MB
INFO:root:[   79] Training loss: 0.31417705, Validation loss: 0.31456611, Gradient norm: 0.65681913
INFO:root:At the start of the epoch: mem (CPU python)=4765.0MB; mem (CPU total)=29106.9609375MB
INFO:root:[   80] Training loss: 0.31291368, Validation loss: 0.31375221, Gradient norm: 0.64953816
INFO:root:At the start of the epoch: mem (CPU python)=4786.16796875MB; mem (CPU total)=29151.6015625MB
INFO:root:[   81] Training loss: 0.31337254, Validation loss: 0.31344398, Gradient norm: 0.69546779
INFO:root:At the start of the epoch: mem (CPU python)=4803.36328125MB; mem (CPU total)=29185.31640625MB
INFO:root:[   82] Training loss: 0.31188314, Validation loss: 0.31226442, Gradient norm: 0.67270808
INFO:root:At the start of the epoch: mem (CPU python)=4815.30078125MB; mem (CPU total)=29228.78125MB
INFO:root:[   83] Training loss: 0.31093506, Validation loss: 0.31479606, Gradient norm: 0.64810079
INFO:root:At the start of the epoch: mem (CPU python)=4837.0390625MB; mem (CPU total)=29273.9921875MB
INFO:root:[   84] Training loss: 0.31065879, Validation loss: 0.31075136, Gradient norm: 0.68082578
INFO:root:At the start of the epoch: mem (CPU python)=4858.80859375MB; mem (CPU total)=29329.7890625MB
INFO:root:[   85] Training loss: 0.30970253, Validation loss: 0.31203866, Gradient norm: 0.68129613
INFO:root:At the start of the epoch: mem (CPU python)=4879.97265625MB; mem (CPU total)=29387.35546875MB
INFO:root:[   86] Training loss: 0.30965946, Validation loss: 0.31332051, Gradient norm: 0.68908103
INFO:root:At the start of the epoch: mem (CPU python)=4901.140625MB; mem (CPU total)=29435.421875MB
INFO:root:[   87] Training loss: 0.30827858, Validation loss: 0.30975919, Gradient norm: 0.66000513
INFO:root:At the start of the epoch: mem (CPU python)=4922.3046875MB; mem (CPU total)=29474.796875MB
INFO:root:[   88] Training loss: 0.30826517, Validation loss: 0.31382516, Gradient norm: 0.66753811
INFO:root:At the start of the epoch: mem (CPU python)=4944.13671875MB; mem (CPU total)=29524.45703125MB
INFO:root:[   89] Training loss: 0.30735443, Validation loss: 0.31075784, Gradient norm: 0.67340843
INFO:root:At the start of the epoch: mem (CPU python)=4966.12890625MB; mem (CPU total)=29567.1015625MB
INFO:root:[   90] Training loss: 0.30801082, Validation loss: 0.31238862, Gradient norm: 0.67496380
INFO:root:At the start of the epoch: mem (CPU python)=4987.29296875MB; mem (CPU total)=29611.15234375MB
INFO:root:[   91] Training loss: 0.30657575, Validation loss: 0.31018551, Gradient norm: 0.67626464
INFO:root:At the start of the epoch: mem (CPU python)=5008.45703125MB; mem (CPU total)=9240.16796875MB
INFO:root:[   92] Training loss: 0.30557904, Validation loss: 0.31124486, Gradient norm: 0.63322279
INFO:root:At the start of the epoch: mem (CPU python)=5029.625MB; mem (CPU total)=11467.890625MB
INFO:root:[   93] Training loss: 0.30758767, Validation loss: 0.30842251, Gradient norm: 0.83051154
INFO:root:At the start of the epoch: mem (CPU python)=5050.7890625MB; mem (CPU total)=11534.6328125MB
INFO:root:[   94] Training loss: 0.30470487, Validation loss: 0.31014511, Gradient norm: 0.63425793
INFO:root:At the start of the epoch: mem (CPU python)=5071.953125MB; mem (CPU total)=11608.671875MB
INFO:root:[   95] Training loss: 0.30401020, Validation loss: 0.30809226, Gradient norm: 0.65389067
INFO:root:At the start of the epoch: mem (CPU python)=5093.1171875MB; mem (CPU total)=11679.30859375MB
INFO:root:[   96] Training loss: 0.30259700, Validation loss: 0.31008073, Gradient norm: 0.65053615
INFO:root:At the start of the epoch: mem (CPU python)=5114.28125MB; mem (CPU total)=11746.98046875MB
INFO:root:[   97] Training loss: 0.30341973, Validation loss: 0.30963982, Gradient norm: 0.66127811
INFO:root:At the start of the epoch: mem (CPU python)=5135.44140625MB; mem (CPU total)=11815.83203125MB
INFO:root:[   98] Training loss: 0.30304968, Validation loss: 0.31066477, Gradient norm: 0.70530995
INFO:root:At the start of the epoch: mem (CPU python)=5156.609375MB; mem (CPU total)=11886.4609375MB
INFO:root:[   99] Training loss: 0.30229649, Validation loss: 0.30885188, Gradient norm: 0.64670323
INFO:root:At the start of the epoch: mem (CPU python)=5177.7734375MB; mem (CPU total)=11952.16015625MB
INFO:root:[  100] Training loss: 0.30204421, Validation loss: 0.30834999, Gradient norm: 0.67600384
INFO:root:At the start of the epoch: mem (CPU python)=5198.9375MB; mem (CPU total)=12020.734375MB
INFO:root:[  101] Training loss: 0.30207800, Validation loss: 0.30547448, Gradient norm: 0.69274595
INFO:root:At the start of the epoch: mem (CPU python)=5220.109375MB; mem (CPU total)=12087.23046875MB
INFO:root:[  102] Training loss: 0.30139950, Validation loss: 0.31265870, Gradient norm: 0.68427594
INFO:root:At the start of the epoch: mem (CPU python)=5241.28515625MB; mem (CPU total)=12153.74609375MB
INFO:root:[  103] Training loss: 0.30019473, Validation loss: 0.30593649, Gradient norm: 0.65269231
INFO:root:At the start of the epoch: mem (CPU python)=5262.46484375MB; mem (CPU total)=12223.3828125MB
INFO:root:[  104] Training loss: 0.30014503, Validation loss: 0.30704959, Gradient norm: 0.65984482
INFO:root:At the start of the epoch: mem (CPU python)=5283.63671875MB; mem (CPU total)=12292.26171875MB
INFO:root:[  105] Training loss: 0.29968598, Validation loss: 0.30877050, Gradient norm: 0.66079737
INFO:root:At the start of the epoch: mem (CPU python)=5304.8046875MB; mem (CPU total)=12361.62109375MB
INFO:root:[  106] Training loss: 0.29908462, Validation loss: 0.30625618, Gradient norm: 0.67221756
INFO:root:At the start of the epoch: mem (CPU python)=5325.98046875MB; mem (CPU total)=12428.30859375MB
INFO:root:[  107] Training loss: 0.29912615, Validation loss: 0.30796756, Gradient norm: 0.66336197
INFO:root:At the start of the epoch: mem (CPU python)=5347.16796875MB; mem (CPU total)=12496.1328125MB
INFO:root:Learning rate reduced to: 0.0025
INFO:root:[  108] Training loss: 0.29814209, Validation loss: 0.30754042, Gradient norm: 0.67952997
INFO:root:At the start of the epoch: mem (CPU python)=5368.33984375MB; mem (CPU total)=12566.5546875MB
INFO:root:Learning rate reduced to: 0.00125
INFO:root:[  109] Training loss: 0.28897599, Validation loss: 0.30046777, Gradient norm: 0.32275643
INFO:root:At the start of the epoch: mem (CPU python)=5389.51171875MB; mem (CPU total)=12633.70703125MB
INFO:root:[  110] Training loss: 0.28645518, Validation loss: 0.29817955, Gradient norm: 0.24881044
INFO:root:At the start of the epoch: mem (CPU python)=5410.67578125MB; mem (CPU total)=12700.49609375MB
INFO:root:[  111] Training loss: 0.28516830, Validation loss: 0.29785400, Gradient norm: 0.23424241
INFO:root:At the start of the epoch: mem (CPU python)=5431.84375MB; mem (CPU total)=12769.2265625MB
INFO:root:[  112] Training loss: 0.28569002, Validation loss: 0.29837543, Gradient norm: 0.28271991
INFO:root:At the start of the epoch: mem (CPU python)=5453.0078125MB; mem (CPU total)=12834.80078125MB
INFO:root:[  113] Training loss: 0.28477059, Validation loss: 0.29836376, Gradient norm: 0.26755435
INFO:root:At the start of the epoch: mem (CPU python)=5474.171875MB; mem (CPU total)=12903.64453125MB
INFO:root:[  114] Training loss: 0.28509031, Validation loss: 0.29748088, Gradient norm: 0.30334603
INFO:root:At the start of the epoch: mem (CPU python)=5495.34375MB; mem (CPU total)=12971.29296875MB
INFO:root:[  115] Training loss: 0.28540291, Validation loss: 0.29791735, Gradient norm: 0.34448509
INFO:root:At the start of the epoch: mem (CPU python)=5516.5078125MB; mem (CPU total)=13034.37890625MB
INFO:root:[  116] Training loss: 0.28475802, Validation loss: 0.29853955, Gradient norm: 0.29969168
INFO:root:At the start of the epoch: mem (CPU python)=5537.67578125MB; mem (CPU total)=13104.203125MB
INFO:root:[  117] Training loss: 0.28462710, Validation loss: 0.29708588, Gradient norm: 0.33163095
INFO:root:At the start of the epoch: mem (CPU python)=5558.84765625MB; mem (CPU total)=13169.9453125MB
INFO:root:[  118] Training loss: 0.28427879, Validation loss: 0.29890466, Gradient norm: 0.34723010
INFO:root:At the start of the epoch: mem (CPU python)=5580.01953125MB; mem (CPU total)=13236.3046875MB
INFO:root:[  119] Training loss: 0.28413684, Validation loss: 0.29885367, Gradient norm: 0.35048023
INFO:root:At the start of the epoch: mem (CPU python)=5601.33984375MB; mem (CPU total)=13304.20703125MB
INFO:root:[  120] Training loss: 0.28385494, Validation loss: 0.29782829, Gradient norm: 0.33959046
INFO:root:At the start of the epoch: mem (CPU python)=5622.7421875MB; mem (CPU total)=13373.47265625MB
INFO:root:[  121] Training loss: 0.28447933, Validation loss: 0.29801052, Gradient norm: 0.40383013
INFO:root:At the start of the epoch: mem (CPU python)=5645.2578125MB; mem (CPU total)=13441.0625MB
INFO:root:[  122] Training loss: 0.28407336, Validation loss: 0.29738786, Gradient norm: 0.43494004
INFO:root:At the start of the epoch: mem (CPU python)=5666.9609375MB; mem (CPU total)=13510.4375MB
INFO:root:[  123] Training loss: 0.28370212, Validation loss: 0.29748433, Gradient norm: 0.35243876
INFO:root:At the start of the epoch: mem (CPU python)=5688.14453125MB; mem (CPU total)=13529.48046875MB
INFO:root:Learning rate reduced to: 0.000625
INFO:root:[  124] Training loss: 0.28371519, Validation loss: 0.29832480, Gradient norm: 0.36528496
INFO:root:At the start of the epoch: mem (CPU python)=5709.30859375MB; mem (CPU total)=13646.51171875MB
INFO:root:Learning rate reduced to: 0.0003125
INFO:root:[  125] Training loss: 0.28192186, Validation loss: 0.29590400, Gradient norm: 0.26067393
INFO:root:At the start of the epoch: mem (CPU python)=5730.609375MB; mem (CPU total)=13714.6953125MB
INFO:root:[  126] Training loss: 0.28056174, Validation loss: 0.29587974, Gradient norm: 0.18756130
INFO:root:At the start of the epoch: mem (CPU python)=5752.01171875MB; mem (CPU total)=13781.64453125MB
INFO:root:[  127] Training loss: 0.28052631, Validation loss: 0.29704750, Gradient norm: 0.17395310
INFO:root:At the start of the epoch: mem (CPU python)=5773.17578125MB; mem (CPU total)=13848.1015625MB
INFO:root:[  128] Training loss: 0.28019982, Validation loss: 0.29612055, Gradient norm: 0.19946661
INFO:root:At the start of the epoch: mem (CPU python)=5795.0859375MB; mem (CPU total)=13917.015625MB
INFO:root:[  129] Training loss: 0.28025094, Validation loss: 0.29597771, Gradient norm: 0.19647305
INFO:root:At the start of the epoch: mem (CPU python)=5815.2578125MB; mem (CPU total)=13986.4375MB
INFO:root:[  130] Training loss: 0.28022541, Validation loss: 0.29569561, Gradient norm: 0.19868676
INFO:root:At the start of the epoch: mem (CPU python)=5836.0390625MB; mem (CPU total)=14050.3203125MB
INFO:root:[  131] Training loss: 0.28039407, Validation loss: 0.29614474, Gradient norm: 0.22067474
INFO:root:At the start of the epoch: mem (CPU python)=5857.5078125MB; mem (CPU total)=14119.38671875MB
INFO:root:[  132] Training loss: 0.28011721, Validation loss: 0.29628487, Gradient norm: 0.20078185
INFO:root:At the start of the epoch: mem (CPU python)=5880.60546875MB; mem (CPU total)=14144.8984375MB
INFO:root:[  133] Training loss: 0.27967551, Validation loss: 0.29561971, Gradient norm: 0.22096984
INFO:root:At the start of the epoch: mem (CPU python)=5899.83203125MB; mem (CPU total)=14253.875MB
INFO:root:[  134] Training loss: 0.27968093, Validation loss: 0.29757424, Gradient norm: 0.22243498
INFO:root:At the start of the epoch: mem (CPU python)=5922.7421875MB; mem (CPU total)=14322.5MB
INFO:root:[  135] Training loss: 0.28028727, Validation loss: 0.29716581, Gradient norm: 0.21169859
INFO:root:At the start of the epoch: mem (CPU python)=5942.49609375MB; mem (CPU total)=14389.44921875MB
INFO:root:[  136] Training loss: 0.27969282, Validation loss: 0.29655478, Gradient norm: 0.23769749
INFO:root:At the start of the epoch: mem (CPU python)=5964.23046875MB; mem (CPU total)=14417.6015625MB
INFO:root:[  137] Training loss: 0.27944019, Validation loss: 0.29657156, Gradient norm: 0.22426635
INFO:root:At the start of the epoch: mem (CPU python)=5985.55078125MB; mem (CPU total)=14525.56640625MB
INFO:root:[  138] Training loss: 0.27953268, Validation loss: 0.29635701, Gradient norm: 0.21547615
INFO:root:At the start of the epoch: mem (CPU python)=6006.80078125MB; mem (CPU total)=14590.05078125MB
INFO:root:[  139] Training loss: 0.27944200, Validation loss: 0.29617303, Gradient norm: 0.22880531
INFO:root:At the start of the epoch: mem (CPU python)=6027.91015625MB; mem (CPU total)=14657.0625MB
INFO:root:Learning rate reduced to: 0.00015625
INFO:root:[  140] Training loss: 0.27951516, Validation loss: 0.29671505, Gradient norm: 0.23420839
INFO:root:At the start of the epoch: mem (CPU python)=6048.87109375MB; mem (CPU total)=14723.359375MB
INFO:root:Learning rate reduced to: 7.8125e-05
INFO:root:[  141] Training loss: 0.27871192, Validation loss: 0.29557265, Gradient norm: 0.17901052
INFO:root:At the start of the epoch: mem (CPU python)=6071.671875MB; mem (CPU total)=14791.87109375MB
INFO:root:[  142] Training loss: 0.27883400, Validation loss: 0.29634676, Gradient norm: 0.15195287
INFO:root:At the start of the epoch: mem (CPU python)=6093.58984375MB; mem (CPU total)=14859.43359375MB
INFO:root:[  143] Training loss: 0.27834442, Validation loss: 0.29531705, Gradient norm: 0.15469903
INFO:root:At the start of the epoch: mem (CPU python)=6114.7578125MB; mem (CPU total)=14926.9453125MB
INFO:root:[  144] Training loss: 0.27823242, Validation loss: 0.29610280, Gradient norm: 0.15891316
INFO:root:At the start of the epoch: mem (CPU python)=6136.34765625MB; mem (CPU total)=14994.8828125MB
INFO:root:[  145] Training loss: 0.27874574, Validation loss: 0.29556889, Gradient norm: 0.15003812
INFO:root:At the start of the epoch: mem (CPU python)=6158.15234375MB; mem (CPU total)=15063.23828125MB
INFO:root:[  146] Training loss: 0.27885675, Validation loss: 0.29596590, Gradient norm: 0.15149606
INFO:root:At the start of the epoch: mem (CPU python)=6179.31640625MB; mem (CPU total)=15131.10546875MB
INFO:root:[  147] Training loss: 0.27896653, Validation loss: 0.29556845, Gradient norm: 0.17022612
INFO:root:At the start of the epoch: mem (CPU python)=6200.96875MB; mem (CPU total)=15198.41015625MB
INFO:root:[  148] Training loss: 0.27830099, Validation loss: 0.29543962, Gradient norm: 0.15727486
INFO:root:At the start of the epoch: mem (CPU python)=6222.13671875MB; mem (CPU total)=15263.13671875MB
INFO:root:[  149] Training loss: 0.27889003, Validation loss: 0.29574436, Gradient norm: 0.16516527
INFO:root:At the start of the epoch: mem (CPU python)=6243.30078125MB; mem (CPU total)=15329.59375MB
INFO:root:[  150] Training loss: 0.27827439, Validation loss: 0.29571048, Gradient norm: 0.14966559
INFO:root:At the start of the epoch: mem (CPU python)=6264.46484375MB; mem (CPU total)=15395.34375MB
INFO:root:[  151] Training loss: 0.27849154, Validation loss: 0.29550430, Gradient norm: 0.16484580
INFO:root:At the start of the epoch: mem (CPU python)=6285.62890625MB; mem (CPU total)=15461.05859375MB
INFO:root:[  152] Training loss: 0.27800496, Validation loss: 0.29552454, Gradient norm: 0.16039518
INFO:root:At the start of the epoch: mem (CPU python)=6306.79296875MB; mem (CPU total)=15526.984375MB
INFO:root:EP 152: Early stopping
INFO:root:Training for autoregressive step 2 starts now.
INFO:root:Learning rate reduced to: [3.90625e-05]
INFO:root:At the start of the epoch: mem (CPU python)=6329.08203125MB; mem (CPU total)=15594.81640625MB
INFO:root:[  154] Training loss: 0.35230862, Validation loss: 0.35947131, Gradient norm: 0.38532337
INFO:root:At the start of the epoch: mem (CPU python)=6341.58984375MB; mem (CPU total)=15682.91796875MB
INFO:root:[  155] Training loss: 0.34977938, Validation loss: 0.35817665, Gradient norm: 0.29924163
INFO:root:At the start of the epoch: mem (CPU python)=6363.15625MB; mem (CPU total)=15779.68359375MB
INFO:root:[  156] Training loss: 0.34962155, Validation loss: 0.35770551, Gradient norm: 0.30722922
INFO:root:At the start of the epoch: mem (CPU python)=6384.3203125MB; mem (CPU total)=15877.38671875MB
INFO:root:[  157] Training loss: 0.34877954, Validation loss: 0.35755052, Gradient norm: 0.28883105
INFO:root:At the start of the epoch: mem (CPU python)=6405.48046875MB; mem (CPU total)=15977.03515625MB
INFO:root:[  158] Training loss: 0.34874377, Validation loss: 0.35747670, Gradient norm: 0.28666398
INFO:root:At the start of the epoch: mem (CPU python)=6426.64453125MB; mem (CPU total)=16071.7421875MB
INFO:root:[  159] Training loss: 0.34881922, Validation loss: 0.35740381, Gradient norm: 0.29474331
INFO:root:At the start of the epoch: mem (CPU python)=6447.8125MB; mem (CPU total)=16169.05859375MB
INFO:root:[  160] Training loss: 0.34824832, Validation loss: 0.35783026, Gradient norm: 0.29470547
INFO:root:At the start of the epoch: mem (CPU python)=6468.9765625MB; mem (CPU total)=16265.08984375MB
INFO:root:[  161] Training loss: 0.34807893, Validation loss: 0.35670323, Gradient norm: 0.31232098
INFO:root:At the start of the epoch: mem (CPU python)=6490.140625MB; mem (CPU total)=16361.578125MB
INFO:root:[  162] Training loss: 0.34804203, Validation loss: 0.35702617, Gradient norm: 0.27521794
INFO:root:At the start of the epoch: mem (CPU python)=6511.3046875MB; mem (CPU total)=16457.78515625MB
INFO:root:[  163] Training loss: 0.34760175, Validation loss: 0.35638431, Gradient norm: 0.28549194
INFO:root:At the start of the epoch: mem (CPU python)=6532.46484375MB; mem (CPU total)=16552.87109375MB
INFO:root:[  164] Training loss: 0.34748124, Validation loss: 0.35675115, Gradient norm: 0.29421160
INFO:root:At the start of the epoch: mem (CPU python)=6553.62890625MB; mem (CPU total)=16650.1015625MB
INFO:root:[  165] Training loss: 0.34745314, Validation loss: 0.35632923, Gradient norm: 0.26931661
INFO:root:At the start of the epoch: mem (CPU python)=6574.83203125MB; mem (CPU total)=16745.13671875MB
INFO:root:[  166] Training loss: 0.34709454, Validation loss: 0.35604632, Gradient norm: 0.28932080
INFO:root:At the start of the epoch: mem (CPU python)=6596.22265625MB; mem (CPU total)=16840.17578125MB
INFO:root:[  167] Training loss: 0.34751457, Validation loss: 0.35624519, Gradient norm: 0.26214925
INFO:root:At the start of the epoch: mem (CPU python)=6617.69140625MB; mem (CPU total)=16937.76953125MB
INFO:root:[  168] Training loss: 0.34720920, Validation loss: 0.35604349, Gradient norm: 0.27354127
INFO:root:At the start of the epoch: mem (CPU python)=6639.48828125MB; mem (CPU total)=17036.640625MB
INFO:root:[  169] Training loss: 0.34739874, Validation loss: 0.35617308, Gradient norm: 0.28252494
INFO:root:At the start of the epoch: mem (CPU python)=6660.91796875MB; mem (CPU total)=17124.6875MB
INFO:root:[  170] Training loss: 0.34727020, Validation loss: 0.35583182, Gradient norm: 0.29149249
INFO:root:At the start of the epoch: mem (CPU python)=6682.38671875MB; mem (CPU total)=17224.8828125MB
INFO:root:[  171] Training loss: 0.34687187, Validation loss: 0.35606834, Gradient norm: 0.28958563
INFO:root:At the start of the epoch: mem (CPU python)=6703.55078125MB; mem (CPU total)=17321.58203125MB
INFO:root:[  172] Training loss: 0.34727990, Validation loss: 0.35598246, Gradient norm: 0.25944001
INFO:root:At the start of the epoch: mem (CPU python)=6724.71484375MB; mem (CPU total)=17416.0078125MB
INFO:root:[  173] Training loss: 0.34723409, Validation loss: 0.35608034, Gradient norm: 0.26730481
INFO:root:At the start of the epoch: mem (CPU python)=6745.875MB; mem (CPU total)=17494.328125MB
INFO:root:[  174] Training loss: 0.34690195, Validation loss: 0.35604005, Gradient norm: 0.28047767
INFO:root:At the start of the epoch: mem (CPU python)=6767.0390625MB; mem (CPU total)=17574.87890625MB
INFO:root:[  175] Training loss: 0.34698356, Validation loss: 0.35542754, Gradient norm: 0.27008272
INFO:root:At the start of the epoch: mem (CPU python)=6788.203125MB; mem (CPU total)=17654.1015625MB
INFO:root:[  176] Training loss: 0.34716086, Validation loss: 0.35612157, Gradient norm: 0.26129685
INFO:root:At the start of the epoch: mem (CPU python)=6809.3671875MB; mem (CPU total)=17736.25MB
INFO:root:[  177] Training loss: 0.34635456, Validation loss: 0.35563830, Gradient norm: 0.27580213
INFO:root:At the start of the epoch: mem (CPU python)=6830.53515625MB; mem (CPU total)=17821.625MB
INFO:root:[  178] Training loss: 0.34681147, Validation loss: 0.35556788, Gradient norm: 0.28742241
INFO:root:At the start of the epoch: mem (CPU python)=6851.69921875MB; mem (CPU total)=17899.5234375MB
INFO:root:[  179] Training loss: 0.34658249, Validation loss: 0.35556568, Gradient norm: 0.28033069
INFO:root:At the start of the epoch: mem (CPU python)=6872.86328125MB; mem (CPU total)=17982.8046875MB
INFO:root:[  180] Training loss: 0.34621106, Validation loss: 0.35609435, Gradient norm: 0.26727763
INFO:root:At the start of the epoch: mem (CPU python)=6894.02734375MB; mem (CPU total)=18064.2109375MB
INFO:root:[  181] Training loss: 0.34628655, Validation loss: 0.35563419, Gradient norm: 0.26861492
INFO:root:At the start of the epoch: mem (CPU python)=6915.1875MB; mem (CPU total)=18146.08203125MB
INFO:root:[  182] Training loss: 0.34643828, Validation loss: 0.35543397, Gradient norm: 0.24954657
INFO:root:At the start of the epoch: mem (CPU python)=6936.35546875MB; mem (CPU total)=18228.234375MB
INFO:root:[  183] Training loss: 0.34617631, Validation loss: 0.35555239, Gradient norm: 0.26875813
INFO:root:At the start of the epoch: mem (CPU python)=6957.51953125MB; mem (CPU total)=18309.5546875MB
INFO:root:[  184] Training loss: 0.34640359, Validation loss: 0.35592014, Gradient norm: 0.27716392
INFO:root:At the start of the epoch: mem (CPU python)=6978.68359375MB; mem (CPU total)=18391.671875MB
INFO:root:EP 184: Early stopping
INFO:root:After finishing all epochs: mem (CPU python)=6999.84765625MB; mem (CPU total)=18468.00390625MB
INFO:root:Training the model took 7030.38s.
INFO:root:Emptying the cuda cache took 0.015s.
INFO:root:Starting evaluation: model SFNO & uncertainty quantification laplace
INFO:root:Evaluating the model on Validation data.
INFO:root:MSEValidation: 0.42019
INFO:root:EnergyScoreValidation: 0.32667
INFO:root:CRPSValidation: 0.14756
INFO:root:Gaussian NLLValidation: 0.22705
INFO:root:CoverageValidation: 0.97888
INFO:root:IntervalWidthValidation: 1.59082
INFO:root:Evaluating the model on Test data.
INFO:root:MSETest: 0.32835
INFO:root:EnergyScoreTest: 0.23462
INFO:root:CRPSTest: 0.10335
INFO:root:Gaussian NLLTest: -0.16862
INFO:root:CoverageTest: 0.93528
INFO:root:IntervalWidthTest: 0.83414
INFO:root:After validation: mem (CPU python)=7344.94921875MB; mem (CPU total)=20656.4140625MB
INFO:root:###2 out of 3 training parameter combinations ###
INFO:root:Training parameters: {'seed': 12, 'model': 'SFNO', 'uncertainty_quantification': 'laplace', 'batch_size': 32, 'n_epochs': 1000, 'early_stopping': 10, 'init': 'default', 'learning_rate': 0.005, 'lr_schedule': 'step', 'optimizer': 'adam', 'gradient_clipping': 1, 'layer_normalization': True, 'data_loader_pin_memory': False, 'data_loader_num_workers': 0, 'distributed_training': False, 'alpha': 0.05, 'n_samples_uq': 100, 'weight_decay': 0, 'dropout': 0.001, 'fourier_dropout': None, 'hidden_channels': 32, 'projection_channels': 256, 'lifting_channels': 256, 'n_modes': (32, 32), 'n_samples': 3}
INFO:root:After creating the dataloaders: mem (CPU python)=7344.953125MB; mem (CPU total)=20659.26953125MB
INFO:root:NumberParameters: 284835
INFO:root:GPU memory allocated: 446693376
INFO:root:After setting up the model: mem (CPU python)=7370.98828125MB; mem (CPU total)=20685.73046875MB
INFO:root:Training starts now.
INFO:root:At the start of the epoch: mem (CPU python)=7371.08984375MB; mem (CPU total)=20690.40625MB
INFO:root:[    1] Training loss: 0.82443169, Validation loss: 0.73289459, Gradient norm: 0.52824750
INFO:root:At the start of the epoch: mem (CPU python)=7404.8515625MB; mem (CPU total)=20750.58203125MB
INFO:root:[    2] Training loss: 0.73307285, Validation loss: 0.73175314, Gradient norm: 0.29738273
INFO:root:At the start of the epoch: mem (CPU python)=7426.51171875MB; mem (CPU total)=20797.6015625MB
INFO:root:[    3] Training loss: 0.72747813, Validation loss: 0.71413477, Gradient norm: 0.27066474
INFO:root:At the start of the epoch: mem (CPU python)=7447.6953125MB; mem (CPU total)=20846.578125MB
INFO:root:[    4] Training loss: 0.67013896, Validation loss: 0.62843801, Gradient norm: 0.45850823
INFO:root:At the start of the epoch: mem (CPU python)=7468.8671875MB; mem (CPU total)=20895.7109375MB
INFO:root:[    5] Training loss: 0.60264230, Validation loss: 0.58309458, Gradient norm: 0.45444366
INFO:root:At the start of the epoch: mem (CPU python)=7490.03125MB; mem (CPU total)=20936.5859375MB
INFO:root:[    6] Training loss: 0.57565422, Validation loss: 0.56721505, Gradient norm: 0.38753477
INFO:root:At the start of the epoch: mem (CPU python)=7511.19921875MB; mem (CPU total)=20972.28125MB
INFO:root:[    7] Training loss: 0.55914590, Validation loss: 0.55157608, Gradient norm: 0.39683343
INFO:root:At the start of the epoch: mem (CPU python)=7532.36328125MB; mem (CPU total)=21008.65625MB
INFO:root:[    8] Training loss: 0.54430665, Validation loss: 0.53840525, Gradient norm: 0.43630872
INFO:root:At the start of the epoch: mem (CPU python)=7553.52734375MB; mem (CPU total)=21042.56640625MB
INFO:root:[    9] Training loss: 0.52804229, Validation loss: 0.50937538, Gradient norm: 0.43682396
INFO:root:At the start of the epoch: mem (CPU python)=7574.6875MB; mem (CPU total)=21077.7421875MB
INFO:root:[   10] Training loss: 0.50155806, Validation loss: 0.49360088, Gradient norm: 0.48840139
INFO:root:At the start of the epoch: mem (CPU python)=7595.8515625MB; mem (CPU total)=21112.20703125MB
INFO:root:[   11] Training loss: 0.48848047, Validation loss: 0.48436366, Gradient norm: 0.46140687
INFO:root:At the start of the epoch: mem (CPU python)=7617.01953125MB; mem (CPU total)=21147.1484375MB
INFO:root:[   12] Training loss: 0.47833892, Validation loss: 0.47181357, Gradient norm: 0.50136784
INFO:root:At the start of the epoch: mem (CPU python)=7638.18359375MB; mem (CPU total)=21182.84765625MB
INFO:root:[   13] Training loss: 0.46698203, Validation loss: 0.46003457, Gradient norm: 0.46448354
INFO:root:At the start of the epoch: mem (CPU python)=7659.34765625MB; mem (CPU total)=21217.7734375MB
INFO:root:[   14] Training loss: 0.45667658, Validation loss: 0.45316308, Gradient norm: 0.50485802
INFO:root:At the start of the epoch: mem (CPU python)=7680.51171875MB; mem (CPU total)=21252.9453125MB
INFO:root:[   15] Training loss: 0.44452220, Validation loss: 0.44056015, Gradient norm: 0.52786723
INFO:root:At the start of the epoch: mem (CPU python)=7701.67578125MB; mem (CPU total)=21288.64453125MB
INFO:root:[   16] Training loss: 0.43491316, Validation loss: 0.43268874, Gradient norm: 0.50518531
INFO:root:At the start of the epoch: mem (CPU python)=7722.83984375MB; mem (CPU total)=21323.35546875MB
INFO:root:[   17] Training loss: 0.42802079, Validation loss: 0.42196384, Gradient norm: 0.51093645
INFO:root:At the start of the epoch: mem (CPU python)=7744.00390625MB; mem (CPU total)=21358.55859375MB
INFO:root:[   18] Training loss: 0.42216814, Validation loss: 0.41585467, Gradient norm: 0.50158139
INFO:root:At the start of the epoch: mem (CPU python)=7765.16796875MB; mem (CPU total)=21395.24609375MB
INFO:root:[   19] Training loss: 0.41752160, Validation loss: 0.41261884, Gradient norm: 0.49731881
INFO:root:At the start of the epoch: mem (CPU python)=7786.328125MB; mem (CPU total)=21428.96875MB
INFO:root:[   20] Training loss: 0.41397322, Validation loss: 0.40763941, Gradient norm: 0.50435178
INFO:root:At the start of the epoch: mem (CPU python)=7807.4921875MB; mem (CPU total)=21464.4140625MB
INFO:root:[   21] Training loss: 0.41011287, Validation loss: 0.40704497, Gradient norm: 0.51207760
INFO:root:At the start of the epoch: mem (CPU python)=7828.65625MB; mem (CPU total)=21505.796875MB
INFO:root:[   22] Training loss: 0.40665513, Validation loss: 0.40078277, Gradient norm: 0.49706899
INFO:root:At the start of the epoch: mem (CPU python)=7849.82421875MB; mem (CPU total)=21572.82421875MB
INFO:root:[   23] Training loss: 0.40314441, Validation loss: 0.39880625, Gradient norm: 0.53791696
INFO:root:At the start of the epoch: mem (CPU python)=7870.98828125MB; mem (CPU total)=21628.25390625MB
INFO:root:[   24] Training loss: 0.39996598, Validation loss: 0.39822462, Gradient norm: 0.49117713
INFO:root:At the start of the epoch: mem (CPU python)=7892.15234375MB; mem (CPU total)=21684.83984375MB
INFO:root:[   25] Training loss: 0.39703896, Validation loss: 0.39334382, Gradient norm: 0.51254533
INFO:root:At the start of the epoch: mem (CPU python)=7913.31640625MB; mem (CPU total)=21740.8984375MB
INFO:root:[   26] Training loss: 0.39430528, Validation loss: 0.39346730, Gradient norm: 0.50469494
INFO:root:At the start of the epoch: mem (CPU python)=7934.48046875MB; mem (CPU total)=21797.8125MB
INFO:root:[   27] Training loss: 0.39141685, Validation loss: 0.38591800, Gradient norm: 0.52006643
INFO:root:At the start of the epoch: mem (CPU python)=7955.6484375MB; mem (CPU total)=21853.54296875MB
INFO:root:[   28] Training loss: 0.38819883, Validation loss: 0.38333626, Gradient norm: 0.50095605
INFO:root:At the start of the epoch: mem (CPU python)=7976.80859375MB; mem (CPU total)=21910.1953125MB
INFO:root:[   29] Training loss: 0.38515757, Validation loss: 0.38185654, Gradient norm: 0.54971713
INFO:root:At the start of the epoch: mem (CPU python)=7997.97265625MB; mem (CPU total)=21966.83984375MB
INFO:root:[   30] Training loss: 0.38131264, Validation loss: 0.37564130, Gradient norm: 0.55576064
INFO:root:At the start of the epoch: mem (CPU python)=8019.13671875MB; mem (CPU total)=22022.9609375MB
INFO:root:[   31] Training loss: 0.37631438, Validation loss: 0.36978127, Gradient norm: 0.53476496
INFO:root:At the start of the epoch: mem (CPU python)=8040.30078125MB; mem (CPU total)=22077.1484375MB
INFO:root:[   32] Training loss: 0.37174787, Validation loss: 0.36567716, Gradient norm: 0.53333173
INFO:root:At the start of the epoch: mem (CPU python)=8062.109375MB; mem (CPU total)=22122.12890625MB
INFO:root:[   33] Training loss: 0.36858350, Validation loss: 0.36536595, Gradient norm: 0.56582384
INFO:root:At the start of the epoch: mem (CPU python)=8083.75390625MB; mem (CPU total)=22166.1484375MB
INFO:root:[   34] Training loss: 0.36539107, Validation loss: 0.35873632, Gradient norm: 0.55149336
INFO:root:At the start of the epoch: mem (CPU python)=8104.91796875MB; mem (CPU total)=22211.296875MB
INFO:root:[   35] Training loss: 0.36078018, Validation loss: 0.35706933, Gradient norm: 0.52847757
INFO:root:At the start of the epoch: mem (CPU python)=8126.08203125MB; mem (CPU total)=22255.51171875MB
INFO:root:[   36] Training loss: 0.35870142, Validation loss: 0.35185605, Gradient norm: 0.55550981
INFO:root:At the start of the epoch: mem (CPU python)=8147.24609375MB; mem (CPU total)=22298.6953125MB
INFO:root:[   37] Training loss: 0.35602524, Validation loss: 0.35201137, Gradient norm: 0.57145557
INFO:root:At the start of the epoch: mem (CPU python)=8168.41015625MB; mem (CPU total)=22344.48046875MB
INFO:root:[   38] Training loss: 0.35371935, Validation loss: 0.34916128, Gradient norm: 0.54849535
INFO:root:At the start of the epoch: mem (CPU python)=8189.578125MB; mem (CPU total)=22387.55859375MB
INFO:root:[   39] Training loss: 0.35080341, Validation loss: 0.34888935, Gradient norm: 0.56843408
INFO:root:At the start of the epoch: mem (CPU python)=8210.7421875MB; mem (CPU total)=22433.30078125MB
INFO:root:[   40] Training loss: 0.34900248, Validation loss: 0.34608261, Gradient norm: 0.53838706
INFO:root:At the start of the epoch: mem (CPU python)=8231.90625MB; mem (CPU total)=22476.76953125MB
INFO:root:[   41] Training loss: 0.34640728, Validation loss: 0.34253525, Gradient norm: 0.54135231
INFO:root:At the start of the epoch: mem (CPU python)=8253.0703125MB; mem (CPU total)=22522.02734375MB
INFO:root:[   42] Training loss: 0.34430592, Validation loss: 0.34496816, Gradient norm: 0.56738833
INFO:root:At the start of the epoch: mem (CPU python)=8274.234375MB; mem (CPU total)=22568.14453125MB
INFO:root:[   43] Training loss: 0.34248094, Validation loss: 0.33823992, Gradient norm: 0.56775714
INFO:root:At the start of the epoch: mem (CPU python)=8295.40234375MB; mem (CPU total)=22612.54296875MB
INFO:root:[   44] Training loss: 0.34085282, Validation loss: 0.33489288, Gradient norm: 0.57070035
INFO:root:At the start of the epoch: mem (CPU python)=8316.56640625MB; mem (CPU total)=22681.48828125MB
INFO:root:[   45] Training loss: 0.33945516, Validation loss: 0.34168999, Gradient norm: 0.60152486
INFO:root:At the start of the epoch: mem (CPU python)=8337.73046875MB; mem (CPU total)=22746.3203125MB
INFO:root:[   46] Training loss: 0.33751523, Validation loss: 0.33352175, Gradient norm: 0.57212063
INFO:root:At the start of the epoch: mem (CPU python)=8358.89453125MB; mem (CPU total)=22813.1796875MB
INFO:root:[   47] Training loss: 0.33499543, Validation loss: 0.33061567, Gradient norm: 0.54808870
INFO:root:At the start of the epoch: mem (CPU python)=8380.0546875MB; mem (CPU total)=22880.02734375MB
INFO:root:[   48] Training loss: 0.33386421, Validation loss: 0.32911702, Gradient norm: 0.58692696
INFO:root:At the start of the epoch: mem (CPU python)=8401.22265625MB; mem (CPU total)=22946.5MB
INFO:root:[   49] Training loss: 0.33209958, Validation loss: 0.32830842, Gradient norm: 0.61265857
INFO:root:At the start of the epoch: mem (CPU python)=8422.38671875MB; mem (CPU total)=23014.64453125MB
INFO:root:[   50] Training loss: 0.33083678, Validation loss: 0.32483372, Gradient norm: 0.58635336
INFO:root:At the start of the epoch: mem (CPU python)=8443.55078125MB; mem (CPU total)=23081.37109375MB
INFO:root:[   51] Training loss: 0.32916242, Validation loss: 0.32541618, Gradient norm: 0.61056890
INFO:root:At the start of the epoch: mem (CPU python)=8464.70703125MB; mem (CPU total)=23145.953125MB
INFO:root:[   52] Training loss: 0.32771795, Validation loss: 0.32605430, Gradient norm: 0.58415481
INFO:root:At the start of the epoch: mem (CPU python)=8485.875MB; mem (CPU total)=23212.0MB
INFO:root:[   53] Training loss: 0.32589714, Validation loss: 0.32226885, Gradient norm: 0.54999550
INFO:root:At the start of the epoch: mem (CPU python)=8507.04296875MB; mem (CPU total)=23277.3203125MB
INFO:root:[   54] Training loss: 0.32524297, Validation loss: 0.32295030, Gradient norm: 0.57918852
INFO:root:At the start of the epoch: mem (CPU python)=8528.453125MB; mem (CPU total)=23344.87109375MB
INFO:root:[   55] Training loss: 0.32440115, Validation loss: 0.32289265, Gradient norm: 0.60155156
INFO:root:At the start of the epoch: mem (CPU python)=8549.87109375MB; mem (CPU total)=23411.47265625MB
INFO:root:[   56] Training loss: 0.32369685, Validation loss: 0.31951125, Gradient norm: 0.60359739
INFO:root:At the start of the epoch: mem (CPU python)=8571.28125MB; mem (CPU total)=23475.9296875MB
INFO:root:[   57] Training loss: 0.32238910, Validation loss: 0.32060326, Gradient norm: 0.59985421
INFO:root:At the start of the epoch: mem (CPU python)=8592.4453125MB; mem (CPU total)=23542.1953125MB
INFO:root:[   58] Training loss: 0.32131069, Validation loss: 0.31729248, Gradient norm: 0.58864493
INFO:root:At the start of the epoch: mem (CPU python)=8613.61328125MB; mem (CPU total)=23607.17578125MB
INFO:root:[   59] Training loss: 0.32004096, Validation loss: 0.31964932, Gradient norm: 0.60011997
INFO:root:At the start of the epoch: mem (CPU python)=8634.7734375MB; mem (CPU total)=23673.4453125MB
INFO:root:[   60] Training loss: 0.31956611, Validation loss: 0.31544886, Gradient norm: 0.58530383
INFO:root:At the start of the epoch: mem (CPU python)=8655.94140625MB; mem (CPU total)=23738.765625MB
INFO:root:[   61] Training loss: 0.31869910, Validation loss: 0.31716106, Gradient norm: 0.60239520
INFO:root:At the start of the epoch: mem (CPU python)=8677.2890625MB; mem (CPU total)=23805.02734375MB
INFO:root:[   62] Training loss: 0.31740685, Validation loss: 0.31654797, Gradient norm: 0.52345578
INFO:root:At the start of the epoch: mem (CPU python)=8698.64453125MB; mem (CPU total)=23870.65625MB
INFO:root:[   63] Training loss: 0.31707712, Validation loss: 0.31494922, Gradient norm: 0.60185172
INFO:root:At the start of the epoch: mem (CPU python)=8719.8125MB; mem (CPU total)=23937.828125MB
INFO:root:[   64] Training loss: 0.31564655, Validation loss: 0.31303414, Gradient norm: 0.58868613
INFO:root:At the start of the epoch: mem (CPU python)=8740.97265625MB; mem (CPU total)=24003.703125MB
INFO:root:[   65] Training loss: 0.31736981, Validation loss: 0.31845517, Gradient norm: 0.65575067
INFO:root:At the start of the epoch: mem (CPU python)=8764.56640625MB; mem (CPU total)=24071.98046875MB
INFO:root:[   66] Training loss: 0.31430531, Validation loss: 0.31470355, Gradient norm: 0.58126616
INFO:root:At the start of the epoch: mem (CPU python)=8785.73046875MB; mem (CPU total)=24136.2890625MB
INFO:root:[   67] Training loss: 0.31427812, Validation loss: 0.31481322, Gradient norm: 0.60554070
INFO:root:At the start of the epoch: mem (CPU python)=8807.14453125MB; mem (CPU total)=24201.0MB
INFO:root:[   68] Training loss: 0.31276417, Validation loss: 0.31484731, Gradient norm: 0.57809116
INFO:root:At the start of the epoch: mem (CPU python)=8828.30859375MB; mem (CPU total)=24265.60546875MB
INFO:root:[   69] Training loss: 0.31193518, Validation loss: 0.31249025, Gradient norm: 0.61553543
INFO:root:At the start of the epoch: mem (CPU python)=8849.4765625MB; mem (CPU total)=24332.03515625MB
INFO:root:[   70] Training loss: 0.31153094, Validation loss: 0.31608385, Gradient norm: 0.63192518
INFO:root:At the start of the epoch: mem (CPU python)=8870.63671875MB; mem (CPU total)=24396.72265625MB
INFO:root:[   71] Training loss: 0.31044686, Validation loss: 0.31180021, Gradient norm: 0.59147800
INFO:root:At the start of the epoch: mem (CPU python)=8891.8046875MB; mem (CPU total)=24461.21875MB
INFO:root:[   72] Training loss: 0.31031896, Validation loss: 0.30918695, Gradient norm: 0.59254060
INFO:root:At the start of the epoch: mem (CPU python)=8912.96875MB; mem (CPU total)=24526.15234375MB
INFO:root:[   73] Training loss: 0.30910409, Validation loss: 0.30989241, Gradient norm: 0.61247125
INFO:root:At the start of the epoch: mem (CPU python)=8934.1328125MB; mem (CPU total)=24590.64453125MB
INFO:root:[   74] Training loss: 0.30859809, Validation loss: 0.30835000, Gradient norm: 0.60466016
INFO:root:At the start of the epoch: mem (CPU python)=8955.296875MB; mem (CPU total)=24656.1171875MB
INFO:root:[   75] Training loss: 0.30829953, Validation loss: 0.31008159, Gradient norm: 0.60870172
INFO:root:At the start of the epoch: mem (CPU python)=8976.45703125MB; mem (CPU total)=24720.1171875MB
INFO:root:[   76] Training loss: 0.30674006, Validation loss: 0.31082334, Gradient norm: 0.58921528
INFO:root:At the start of the epoch: mem (CPU python)=8998.3125MB; mem (CPU total)=24785.90625MB
INFO:root:[   77] Training loss: 0.30706914, Validation loss: 0.30583118, Gradient norm: 0.63540674
INFO:root:At the start of the epoch: mem (CPU python)=9019.48046875MB; mem (CPU total)=24850.38671875MB
INFO:root:[   78] Training loss: 0.30586796, Validation loss: 0.30834003, Gradient norm: 0.58906784
INFO:root:At the start of the epoch: mem (CPU python)=9040.64453125MB; mem (CPU total)=24914.77734375MB
INFO:root:[   79] Training loss: 0.30582368, Validation loss: 0.31086867, Gradient norm: 0.60124192
INFO:root:At the start of the epoch: mem (CPU python)=9061.80859375MB; mem (CPU total)=24980.25390625MB
INFO:root:[   80] Training loss: 0.30461989, Validation loss: 0.30591009, Gradient norm: 0.62632084
INFO:root:At the start of the epoch: mem (CPU python)=9083.1015625MB; mem (CPU total)=25044.66015625MB
INFO:root:[   81] Training loss: 0.30409319, Validation loss: 0.30598277, Gradient norm: 0.61774881
INFO:root:At the start of the epoch: mem (CPU python)=9104.515625MB; mem (CPU total)=25109.8828125MB
INFO:root:[   82] Training loss: 0.30473235, Validation loss: 0.30778578, Gradient norm: 0.66030795
INFO:root:At the start of the epoch: mem (CPU python)=9125.6796875MB; mem (CPU total)=25175.11328125MB
INFO:root:[   83] Training loss: 0.30258145, Validation loss: 0.30364342, Gradient norm: 0.58987850
INFO:root:At the start of the epoch: mem (CPU python)=9146.84765625MB; mem (CPU total)=25242.0625MB
INFO:root:[   84] Training loss: 0.30229614, Validation loss: 0.30625372, Gradient norm: 0.60012624
INFO:root:At the start of the epoch: mem (CPU python)=9168.0078125MB; mem (CPU total)=25309.0MB
INFO:root:[   85] Training loss: 0.30259285, Validation loss: 0.30581093, Gradient norm: 0.64552203
INFO:root:At the start of the epoch: mem (CPU python)=9189.16796875MB; mem (CPU total)=25372.4609375MB
INFO:root:[   86] Training loss: 0.30118507, Validation loss: 0.30512200, Gradient norm: 0.59937333
INFO:root:At the start of the epoch: mem (CPU python)=9210.33203125MB; mem (CPU total)=25436.18359375MB
INFO:root:[   87] Training loss: 0.30090615, Validation loss: 0.30444145, Gradient norm: 0.65502559
INFO:root:At the start of the epoch: mem (CPU python)=9231.57421875MB; mem (CPU total)=25501.9765625MB
INFO:root:[   88] Training loss: 0.29994337, Validation loss: 0.30385185, Gradient norm: 0.61577704
INFO:root:At the start of the epoch: mem (CPU python)=9253.25MB; mem (CPU total)=25567.2734375MB
INFO:root:[   89] Training loss: 0.30018642, Validation loss: 0.30271434, Gradient norm: 0.64458458
INFO:root:At the start of the epoch: mem (CPU python)=9274.9609375MB; mem (CPU total)=25632.50390625MB
INFO:root:[   90] Training loss: 0.29880133, Validation loss: 0.30244023, Gradient norm: 0.58476470
INFO:root:At the start of the epoch: mem (CPU python)=9296.125MB; mem (CPU total)=25699.15234375MB
INFO:root:[   91] Training loss: 0.29797710, Validation loss: 0.30217480, Gradient norm: 0.61076744
INFO:root:At the start of the epoch: mem (CPU python)=9317.2890625MB; mem (CPU total)=25762.7890625MB
INFO:root:[   92] Training loss: 0.29843742, Validation loss: 0.30121324, Gradient norm: 0.66988875
INFO:root:At the start of the epoch: mem (CPU python)=9338.97265625MB; mem (CPU total)=25828.6796875MB
INFO:root:[   93] Training loss: 0.29790352, Validation loss: 0.30321624, Gradient norm: 0.62701076
INFO:root:At the start of the epoch: mem (CPU python)=9360.2578125MB; mem (CPU total)=25894.15625MB
INFO:root:[   94] Training loss: 0.29699522, Validation loss: 0.30056719, Gradient norm: 0.62716591
INFO:root:At the start of the epoch: mem (CPU python)=9381.90625MB; mem (CPU total)=25960.125MB
INFO:root:[   95] Training loss: 0.29667418, Validation loss: 0.30143445, Gradient norm: 0.63745759
INFO:root:At the start of the epoch: mem (CPU python)=9403.0703125MB; mem (CPU total)=26024.61328125MB
INFO:root:[   96] Training loss: 0.29660879, Validation loss: 0.30189857, Gradient norm: 0.66796631
INFO:root:At the start of the epoch: mem (CPU python)=9424.234375MB; mem (CPU total)=26089.3515625MB
INFO:root:[   97] Training loss: 0.29580625, Validation loss: 0.30209013, Gradient norm: 0.59611446
INFO:root:At the start of the epoch: mem (CPU python)=9445.3984375MB; mem (CPU total)=26155.05078125MB
INFO:root:[   98] Training loss: 0.29626638, Validation loss: 0.29790669, Gradient norm: 0.66052769
INFO:root:At the start of the epoch: mem (CPU python)=9466.56640625MB; mem (CPU total)=26219.5390625MB
INFO:root:[   99] Training loss: 0.29393132, Validation loss: 0.29801195, Gradient norm: 0.63385349
INFO:root:At the start of the epoch: mem (CPU python)=9487.73046875MB; mem (CPU total)=26283.921875MB
INFO:root:[  100] Training loss: 0.29613186, Validation loss: 0.29771899, Gradient norm: 0.65406141
INFO:root:At the start of the epoch: mem (CPU python)=9508.89453125MB; mem (CPU total)=26349.61328125MB
INFO:root:[  101] Training loss: 0.29386760, Validation loss: 0.29942339, Gradient norm: 0.65363011
INFO:root:At the start of the epoch: mem (CPU python)=9530.0546875MB; mem (CPU total)=26415.79296875MB
INFO:root:[  102] Training loss: 0.29351646, Validation loss: 0.29865602, Gradient norm: 0.66665824
INFO:root:At the start of the epoch: mem (CPU python)=9551.76953125MB; mem (CPU total)=26484.7109375MB
INFO:root:[  103] Training loss: 0.29209683, Validation loss: 0.29748014, Gradient norm: 0.59495321
INFO:root:At the start of the epoch: mem (CPU python)=9573.50390625MB; mem (CPU total)=26549.4140625MB
INFO:root:[  104] Training loss: 0.29190459, Validation loss: 0.29780641, Gradient norm: 0.66501902
INFO:root:At the start of the epoch: mem (CPU python)=9594.66796875MB; mem (CPU total)=26614.40625MB
INFO:root:[  105] Training loss: 0.29124052, Validation loss: 0.29794774, Gradient norm: 0.62278103
INFO:root:At the start of the epoch: mem (CPU python)=9615.83203125MB; mem (CPU total)=26681.6015625MB
INFO:root:[  106] Training loss: 0.29225450, Validation loss: 0.29837940, Gradient norm: 0.69029622
INFO:root:At the start of the epoch: mem (CPU python)=9637.0MB; mem (CPU total)=26749.29296875MB
INFO:root:[  107] Training loss: 0.29078530, Validation loss: 0.29838256, Gradient norm: 0.62860963
INFO:root:At the start of the epoch: mem (CPU python)=9658.171875MB; mem (CPU total)=26814.27734375MB
INFO:root:[  108] Training loss: 0.29096798, Validation loss: 0.29494729, Gradient norm: 0.62359822
INFO:root:At the start of the epoch: mem (CPU python)=9679.41796875MB; mem (CPU total)=26881.62109375MB
INFO:root:[  109] Training loss: 0.28999961, Validation loss: 0.29960428, Gradient norm: 0.64553196
INFO:root:At the start of the epoch: mem (CPU python)=9701.3671875MB; mem (CPU total)=26948.42578125MB
INFO:root:[  110] Training loss: 0.28998082, Validation loss: 0.29981807, Gradient norm: 0.67696640
INFO:root:At the start of the epoch: mem (CPU python)=9723.41015625MB; mem (CPU total)=27017.59375MB
INFO:root:[  111] Training loss: 0.28919218, Validation loss: 0.29717922, Gradient norm: 0.66543251
INFO:root:At the start of the epoch: mem (CPU python)=9744.81640625MB; mem (CPU total)=27084.79296875MB
INFO:root:[  112] Training loss: 0.28815417, Validation loss: 0.29490775, Gradient norm: 0.61946643
INFO:root:At the start of the epoch: mem (CPU python)=9766.296875MB; mem (CPU total)=27152.96875MB
INFO:root:[  113] Training loss: 0.28882710, Validation loss: 0.30570649, Gradient norm: 0.68426556
INFO:root:At the start of the epoch: mem (CPU python)=9787.78125MB; mem (CPU total)=27220.93359375MB
INFO:root:[  114] Training loss: 0.28821680, Validation loss: 0.31283942, Gradient norm: 0.68231891
INFO:root:At the start of the epoch: mem (CPU python)=9808.9453125MB; mem (CPU total)=27287.09375MB
INFO:root:[  115] Training loss: 0.28750347, Validation loss: 0.29785129, Gradient norm: 0.67116954
INFO:root:At the start of the epoch: mem (CPU python)=9830.11328125MB; mem (CPU total)=27351.09375MB
INFO:root:[  116] Training loss: 0.28735507, Validation loss: 0.29587579, Gradient norm: 0.69347092
INFO:root:At the start of the epoch: mem (CPU python)=9851.27734375MB; mem (CPU total)=27417.453125MB
INFO:root:[  117] Training loss: 0.28577875, Validation loss: 0.29486212, Gradient norm: 0.65351059
INFO:root:At the start of the epoch: mem (CPU python)=9872.44140625MB; mem (CPU total)=27483.25390625MB
INFO:root:[  118] Training loss: 0.28548087, Validation loss: 0.29231072, Gradient norm: 0.63747917
INFO:root:At the start of the epoch: mem (CPU python)=9893.6640625MB; mem (CPU total)=27549.9609375MB
INFO:root:[  119] Training loss: 0.28502435, Validation loss: 0.29179311, Gradient norm: 0.68144747
INFO:root:At the start of the epoch: mem (CPU python)=9915.140625MB; mem (CPU total)=27616.17578125MB
INFO:root:[  120] Training loss: 0.28419290, Validation loss: 0.29377077, Gradient norm: 0.65531013
INFO:root:At the start of the epoch: mem (CPU python)=9936.515625MB; mem (CPU total)=27683.09765625MB
INFO:root:[  121] Training loss: 0.28351442, Validation loss: 0.29448033, Gradient norm: 0.67677825
INFO:root:At the start of the epoch: mem (CPU python)=9957.8515625MB; mem (CPU total)=27749.7734375MB
INFO:root:[  122] Training loss: 0.28391930, Validation loss: 0.29520076, Gradient norm: 0.66251135
INFO:root:At the start of the epoch: mem (CPU python)=9979.3828125MB; mem (CPU total)=27815.734375MB
INFO:root:[  123] Training loss: 0.28328718, Validation loss: 0.29881632, Gradient norm: 0.68305210
INFO:root:At the start of the epoch: mem (CPU python)=10000.546875MB; mem (CPU total)=27881.8984375MB
INFO:root:[  124] Training loss: 0.28336299, Validation loss: 0.29400020, Gradient norm: 0.69757348
INFO:root:At the start of the epoch: mem (CPU python)=10021.7109375MB; mem (CPU total)=27947.28515625MB
INFO:root:[  125] Training loss: 0.28197916, Validation loss: 0.29218551, Gradient norm: 0.64041658
INFO:root:At the start of the epoch: mem (CPU python)=10042.875MB; mem (CPU total)=28017.14453125MB
INFO:root:Learning rate reduced to: 0.0025
INFO:root:[  126] Training loss: 0.28219969, Validation loss: 0.29613809, Gradient norm: 0.71441334
INFO:root:At the start of the epoch: mem (CPU python)=10064.40625MB; mem (CPU total)=28083.32421875MB
INFO:root:Learning rate reduced to: 0.00125
INFO:root:[  127] Training loss: 0.27301191, Validation loss: 0.28529257, Gradient norm: 0.35921093
INFO:root:At the start of the epoch: mem (CPU python)=10085.95703125MB; mem (CPU total)=28147.3359375MB
INFO:root:[  128] Training loss: 0.26827137, Validation loss: 0.28251356, Gradient norm: 0.22249635
INFO:root:At the start of the epoch: mem (CPU python)=10107.125MB; mem (CPU total)=28212.3203125MB
INFO:root:[  129] Training loss: 0.26768624, Validation loss: 0.28221041, Gradient norm: 0.24767176
INFO:root:At the start of the epoch: mem (CPU python)=10128.2890625MB; mem (CPU total)=28278.05859375MB
INFO:root:[  130] Training loss: 0.26713272, Validation loss: 0.28327051, Gradient norm: 0.23650612
INFO:root:At the start of the epoch: mem (CPU python)=10149.453125MB; mem (CPU total)=28344.26953125MB
INFO:root:[  131] Training loss: 0.26753335, Validation loss: 0.28298290, Gradient norm: 0.24237703
INFO:root:At the start of the epoch: mem (CPU python)=10170.84765625MB; mem (CPU total)=28410.7265625MB
INFO:root:[  132] Training loss: 0.26659091, Validation loss: 0.28316738, Gradient norm: 0.28597143
INFO:root:At the start of the epoch: mem (CPU python)=10192.15234375MB; mem (CPU total)=28476.44921875MB
INFO:root:[  133] Training loss: 0.26645895, Validation loss: 0.28293808, Gradient norm: 0.28649137
INFO:root:At the start of the epoch: mem (CPU python)=10213.39453125MB; mem (CPU total)=28542.90234375MB
INFO:root:[  134] Training loss: 0.26637241, Validation loss: 0.28176435, Gradient norm: 0.34141773
INFO:root:At the start of the epoch: mem (CPU python)=10234.6875MB; mem (CPU total)=28609.609375MB
INFO:root:[  135] Training loss: 0.26692892, Validation loss: 0.28279325, Gradient norm: 0.34030872
INFO:root:At the start of the epoch: mem (CPU python)=10256.0234375MB; mem (CPU total)=28676.74609375MB
INFO:root:[  136] Training loss: 0.26669080, Validation loss: 0.28209746, Gradient norm: 0.30907415
INFO:root:At the start of the epoch: mem (CPU python)=10277.28125MB; mem (CPU total)=28741.95703125MB
INFO:root:[  137] Training loss: 0.26584731, Validation loss: 0.28278456, Gradient norm: 0.32342572
INFO:root:At the start of the epoch: mem (CPU python)=10298.4453125MB; mem (CPU total)=28807.18359375MB
INFO:root:[  138] Training loss: 0.26612861, Validation loss: 0.28310272, Gradient norm: 0.37442900
INFO:root:At the start of the epoch: mem (CPU python)=10319.89453125MB; mem (CPU total)=28873.3984375MB
INFO:root:[  139] Training loss: 0.26627869, Validation loss: 0.28195387, Gradient norm: 0.35377425
INFO:root:At the start of the epoch: mem (CPU python)=10341.05859375MB; mem (CPU total)=28940.59765625MB
INFO:root:[  140] Training loss: 0.26616404, Validation loss: 0.28283512, Gradient norm: 0.38884167
INFO:root:At the start of the epoch: mem (CPU python)=10362.22265625MB; mem (CPU total)=29007.234375MB
INFO:root:Learning rate reduced to: 0.000625
INFO:root:[  141] Training loss: 0.26591843, Validation loss: 0.28333588, Gradient norm: 0.36112949
INFO:root:At the start of the epoch: mem (CPU python)=10383.3828125MB; mem (CPU total)=29072.0625MB
INFO:root:Learning rate reduced to: 0.0003125
INFO:root:[  142] Training loss: 0.26317032, Validation loss: 0.28105523, Gradient norm: 0.22101034
INFO:root:At the start of the epoch: mem (CPU python)=10404.80078125MB; mem (CPU total)=29136.30859375MB
INFO:root:[  143] Training loss: 0.26177415, Validation loss: 0.28056086, Gradient norm: 0.17919299
INFO:root:At the start of the epoch: mem (CPU python)=10426.42578125MB; mem (CPU total)=29201.78515625MB
INFO:root:[  144] Training loss: 0.26170004, Validation loss: 0.28109447, Gradient norm: 0.17183869
INFO:root:At the start of the epoch: mem (CPU python)=10448.00390625MB; mem (CPU total)=29267.47265625MB
INFO:root:[  145] Training loss: 0.26199023, Validation loss: 0.28080385, Gradient norm: 0.19368013
INFO:root:At the start of the epoch: mem (CPU python)=10469.16796875MB; mem (CPU total)=29334.91796875MB
INFO:root:[  146] Training loss: 0.26136721, Validation loss: 0.28065996, Gradient norm: 0.19647848
INFO:root:At the start of the epoch: mem (CPU python)=10490.33203125MB; mem (CPU total)=29402.1171875MB
INFO:root:[  147] Training loss: 0.26155153, Validation loss: 0.27969393, Gradient norm: 0.19259969
INFO:root:At the start of the epoch: mem (CPU python)=10511.5MB; mem (CPU total)=29467.58984375MB
INFO:root:[  148] Training loss: 0.26168844, Validation loss: 0.28086296, Gradient norm: 0.23632344
INFO:root:At the start of the epoch: mem (CPU python)=10533.98046875MB; mem (CPU total)=29534.796875MB
INFO:root:[  149] Training loss: 0.26173930, Validation loss: 0.27979380, Gradient norm: 0.20170954
INFO:root:At the start of the epoch: mem (CPU python)=10555.61328125MB; mem (CPU total)=29600.29296875MB
INFO:root:[  150] Training loss: 0.26154890, Validation loss: 0.27983497, Gradient norm: 0.21575364
INFO:root:At the start of the epoch: mem (CPU python)=10576.8671875MB; mem (CPU total)=29665.76953125MB
INFO:root:[  151] Training loss: 0.26113535, Validation loss: 0.28035545, Gradient norm: 0.19874316
INFO:root:At the start of the epoch: mem (CPU python)=10598.0234375MB; mem (CPU total)=29731.9453125MB
INFO:root:[  152] Training loss: 0.26130469, Validation loss: 0.28062338, Gradient norm: 0.20654314
INFO:root:At the start of the epoch: mem (CPU python)=10619.1875MB; mem (CPU total)=29796.2265625MB
INFO:root:[  153] Training loss: 0.26127971, Validation loss: 0.28131219, Gradient norm: 0.23586656
INFO:root:At the start of the epoch: mem (CPU python)=10640.3515625MB; mem (CPU total)=29854.3828125MB
INFO:root:Learning rate reduced to: 0.00015625
INFO:root:[  154] Training loss: 0.26126168, Validation loss: 0.28050184, Gradient norm: 0.21083738
INFO:root:At the start of the epoch: mem (CPU python)=10661.51953125MB; mem (CPU total)=29910.75MB
INFO:root:Learning rate reduced to: 7.8125e-05
INFO:root:[  155] Training loss: 0.26102228, Validation loss: 0.27937561, Gradient norm: 0.17249385
INFO:root:At the start of the epoch: mem (CPU python)=10682.68359375MB; mem (CPU total)=29968.10546875MB
INFO:root:[  156] Training loss: 0.26068490, Validation loss: 0.27975209, Gradient norm: 0.14934387
INFO:root:At the start of the epoch: mem (CPU python)=10703.84765625MB; mem (CPU total)=30025.0MB
INFO:root:[  157] Training loss: 0.26017959, Validation loss: 0.27984923, Gradient norm: 0.15669240
INFO:root:At the start of the epoch: mem (CPU python)=10725.01171875MB; mem (CPU total)=30081.3359375MB
INFO:root:[  158] Training loss: 0.26041026, Validation loss: 0.27952750, Gradient norm: 0.15265753
INFO:root:At the start of the epoch: mem (CPU python)=10746.17578125MB; mem (CPU total)=30138.4453125MB
INFO:root:[  159] Training loss: 0.26014918, Validation loss: 0.27967538, Gradient norm: 0.15496911
INFO:root:At the start of the epoch: mem (CPU python)=10767.33984375MB; mem (CPU total)=30197.69921875MB
INFO:root:[  160] Training loss: 0.26011546, Validation loss: 0.27987415, Gradient norm: 0.15558829
INFO:root:At the start of the epoch: mem (CPU python)=10788.50390625MB; mem (CPU total)=30255.79296875MB
INFO:root:[  161] Training loss: 0.26037401, Validation loss: 0.27975713, Gradient norm: 0.15841655
INFO:root:At the start of the epoch: mem (CPU python)=10809.66796875MB; mem (CPU total)=30315.60546875MB
INFO:root:[  162] Training loss: 0.26012790, Validation loss: 0.28072902, Gradient norm: 0.15633587
INFO:root:At the start of the epoch: mem (CPU python)=10830.83203125MB; mem (CPU total)=30370.7421875MB
INFO:root:[  163] Training loss: 0.26046321, Validation loss: 0.28004522, Gradient norm: 0.15710979
INFO:root:At the start of the epoch: mem (CPU python)=10851.99609375MB; mem (CPU total)=30427.84765625MB
INFO:root:[  164] Training loss: 0.26014496, Validation loss: 0.27932576, Gradient norm: 0.15218050
INFO:root:At the start of the epoch: mem (CPU python)=10873.2421875MB; mem (CPU total)=30488.59375MB
INFO:root:[  165] Training loss: 0.26030126, Validation loss: 0.27948752, Gradient norm: 0.16016838
INFO:root:At the start of the epoch: mem (CPU python)=10894.703125MB; mem (CPU total)=30543.54296875MB
INFO:root:[  166] Training loss: 0.25981481, Validation loss: 0.27990815, Gradient norm: 0.16367404
INFO:root:At the start of the epoch: mem (CPU python)=10916.171875MB; mem (CPU total)=30602.125MB
INFO:root:[  167] Training loss: 0.25995007, Validation loss: 0.27941708, Gradient norm: 0.16255623
INFO:root:At the start of the epoch: mem (CPU python)=10938.05078125MB; mem (CPU total)=30661.234375MB
INFO:root:[  168] Training loss: 0.25947221, Validation loss: 0.27967938, Gradient norm: 0.15367640
INFO:root:At the start of the epoch: mem (CPU python)=10959.6953125MB; mem (CPU total)=30719.3125MB
INFO:root:[  169] Training loss: 0.26002802, Validation loss: 0.28025925, Gradient norm: 0.15711483
INFO:root:At the start of the epoch: mem (CPU python)=10980.85546875MB; mem (CPU total)=30778.11328125MB
INFO:root:[  170] Training loss: 0.26017387, Validation loss: 0.27912161, Gradient norm: 0.16331608
INFO:root:At the start of the epoch: mem (CPU python)=11002.01953125MB; mem (CPU total)=30836.6953125MB
INFO:root:[  171] Training loss: 0.25986056, Validation loss: 0.28012496, Gradient norm: 0.16223400
INFO:root:At the start of the epoch: mem (CPU python)=11023.18359375MB; mem (CPU total)=30895.0MB
INFO:root:[  172] Training loss: 0.26017815, Validation loss: 0.28003047, Gradient norm: 0.16907487
INFO:root:At the start of the epoch: mem (CPU python)=11044.42578125MB; mem (CPU total)=30952.4375MB
INFO:root:[  173] Training loss: 0.25980763, Validation loss: 0.27941691, Gradient norm: 0.15512339
INFO:root:At the start of the epoch: mem (CPU python)=11065.71875MB; mem (CPU total)=31010.3671875MB
INFO:root:[  174] Training loss: 0.25999377, Validation loss: 0.27968680, Gradient norm: 0.18110685
INFO:root:At the start of the epoch: mem (CPU python)=11087.0546875MB; mem (CPU total)=31072.890625MB
INFO:root:[  175] Training loss: 0.26020353, Validation loss: 0.28005879, Gradient norm: 0.16128855
INFO:root:At the start of the epoch: mem (CPU python)=11108.21875MB; mem (CPU total)=31131.28125MB
INFO:root:[  176] Training loss: 0.25969284, Validation loss: 0.27919270, Gradient norm: 0.16513672
INFO:root:At the start of the epoch: mem (CPU python)=11130.13671875MB; mem (CPU total)=31188.51171875MB
INFO:root:[  177] Training loss: 0.25938459, Validation loss: 0.27956434, Gradient norm: 0.15853878
INFO:root:At the start of the epoch: mem (CPU python)=11151.30078125MB; mem (CPU total)=31249.30078125MB
INFO:root:[  178] Training loss: 0.25991978, Validation loss: 0.27979303, Gradient norm: 0.16269359
INFO:root:At the start of the epoch: mem (CPU python)=11172.46484375MB; mem (CPU total)=31307.171875MB
INFO:root:[  179] Training loss: 0.26012875, Validation loss: 0.27998672, Gradient norm: 0.16599477
INFO:root:At the start of the epoch: mem (CPU python)=11193.625MB; mem (CPU total)=31363.41796875MB
INFO:root:EP 179: Early stopping
INFO:root:Training for autoregressive step 2 starts now.
INFO:root:Learning rate reduced to: [3.90625e-05]
INFO:root:At the start of the epoch: mem (CPU python)=11214.80859375MB; mem (CPU total)=31423.45703125MB
INFO:root:[  181] Training loss: 0.33580231, Validation loss: 0.34381626, Gradient norm: 0.38202562
INFO:root:At the start of the epoch: mem (CPU python)=11236.328125MB; mem (CPU total)=31500.29296875MB
INFO:root:[  182] Training loss: 0.33378639, Validation loss: 0.34310353, Gradient norm: 0.33451898
INFO:root:At the start of the epoch: mem (CPU python)=11257.4921875MB; mem (CPU total)=31580.51953125MB
INFO:root:[  183] Training loss: 0.33249957, Validation loss: 0.34324237, Gradient norm: 0.32573313
INFO:root:At the start of the epoch: mem (CPU python)=11278.65625MB; mem (CPU total)=31660.46484375MB
INFO:root:[  184] Training loss: 0.33208030, Validation loss: 0.34241119, Gradient norm: 0.30495864
INFO:root:At the start of the epoch: mem (CPU python)=11299.82421875MB; mem (CPU total)=31737.0625MB
INFO:root:[  185] Training loss: 0.33094670, Validation loss: 0.34149967, Gradient norm: 0.33005131
INFO:root:At the start of the epoch: mem (CPU python)=11320.98828125MB; mem (CPU total)=31820.2734375MB
INFO:root:[  186] Training loss: 0.33057528, Validation loss: 0.34147415, Gradient norm: 0.30762218
INFO:root:At the start of the epoch: mem (CPU python)=11342.15234375MB; mem (CPU total)=31897.54296875MB
INFO:root:[  187] Training loss: 0.33074370, Validation loss: 0.34106984, Gradient norm: 0.29196470
INFO:root:At the start of the epoch: mem (CPU python)=11363.3125MB; mem (CPU total)=31973.3359375MB
INFO:root:[  188] Training loss: 0.33079767, Validation loss: 0.34103063, Gradient norm: 0.28475057
INFO:root:At the start of the epoch: mem (CPU python)=11384.4765625MB; mem (CPU total)=32059.21875MB
INFO:root:[  189] Training loss: 0.33036981, Validation loss: 0.34023027, Gradient norm: 0.29500075
INFO:root:At the start of the epoch: mem (CPU python)=11405.640625MB; mem (CPU total)=32135.609375MB
INFO:root:[  190] Training loss: 0.33010402, Validation loss: 0.34022552, Gradient norm: 0.29247155
INFO:root:At the start of the epoch: mem (CPU python)=11426.8046875MB; mem (CPU total)=32211.890625MB
INFO:root:[  191] Training loss: 0.32962153, Validation loss: 0.34045382, Gradient norm: 0.28701611
INFO:root:At the start of the epoch: mem (CPU python)=11447.96875MB; mem (CPU total)=32292.359375MB
INFO:root:[  192] Training loss: 0.32952842, Validation loss: 0.34003095, Gradient norm: 0.30078116
INFO:root:At the start of the epoch: mem (CPU python)=11469.1328125MB; mem (CPU total)=32369.109375MB
INFO:root:[  193] Training loss: 0.32911985, Validation loss: 0.33965623, Gradient norm: 0.27528626
INFO:root:At the start of the epoch: mem (CPU python)=11490.296875MB; mem (CPU total)=32453.44140625MB
INFO:root:[  194] Training loss: 0.32942721, Validation loss: 0.33970769, Gradient norm: 0.30221445
INFO:root:At the start of the epoch: mem (CPU python)=11511.4609375MB; mem (CPU total)=32529.23828125MB
INFO:root:[  195] Training loss: 0.32926244, Validation loss: 0.33944208, Gradient norm: 0.27264714
INFO:root:At the start of the epoch: mem (CPU python)=11532.62890625MB; mem (CPU total)=32605.98828125MB
INFO:root:[  196] Training loss: 0.32882509, Validation loss: 0.33900883, Gradient norm: 0.27704687
INFO:root:At the start of the epoch: mem (CPU python)=11553.79296875MB; mem (CPU total)=32686.75390625MB
INFO:root:[  197] Training loss: 0.32948744, Validation loss: 0.33922561, Gradient norm: 0.28107623
INFO:root:At the start of the epoch: mem (CPU python)=11574.95703125MB; mem (CPU total)=32763.77734375MB
INFO:root:[  198] Training loss: 0.32885269, Validation loss: 0.33892879, Gradient norm: 0.27747233
INFO:root:At the start of the epoch: mem (CPU python)=11596.1171875MB; mem (CPU total)=32844.73828125MB
INFO:root:[  199] Training loss: 0.32923432, Validation loss: 0.33885597, Gradient norm: 0.29092088
INFO:root:At the start of the epoch: mem (CPU python)=11617.28515625MB; mem (CPU total)=32923.49609375MB
INFO:root:[  200] Training loss: 0.32868660, Validation loss: 0.33905082, Gradient norm: 0.29122299
INFO:root:At the start of the epoch: mem (CPU python)=11638.4453125MB; mem (CPU total)=32976.94921875MB
INFO:root:[  201] Training loss: 0.32876119, Validation loss: 0.33919591, Gradient norm: 0.28836381
INFO:root:At the start of the epoch: mem (CPU python)=11659.61328125MB; mem (CPU total)=33043.0MB
INFO:root:[  202] Training loss: 0.32807371, Validation loss: 0.33837510, Gradient norm: 0.28379651
INFO:root:At the start of the epoch: mem (CPU python)=11680.77734375MB; mem (CPU total)=33112.85546875MB
INFO:root:[  203] Training loss: 0.32821747, Validation loss: 0.33866416, Gradient norm: 0.29454471
INFO:root:At the start of the epoch: mem (CPU python)=11701.9375MB; mem (CPU total)=33180.08984375MB
INFO:root:[  204] Training loss: 0.32806113, Validation loss: 0.33821550, Gradient norm: 0.29192878
INFO:root:At the start of the epoch: mem (CPU python)=11723.10546875MB; mem (CPU total)=33246.609375MB
INFO:root:[  205] Training loss: 0.32837922, Validation loss: 0.33855364, Gradient norm: 0.30037062
INFO:root:At the start of the epoch: mem (CPU python)=11744.265625MB; mem (CPU total)=33315.2578125MB
INFO:root:[  206] Training loss: 0.32807119, Validation loss: 0.33867007, Gradient norm: 0.27458954
INFO:root:At the start of the epoch: mem (CPU python)=11765.43359375MB; mem (CPU total)=33385.69140625MB
INFO:root:[  207] Training loss: 0.32756022, Validation loss: 0.33817954, Gradient norm: 0.28515080
INFO:root:At the start of the epoch: mem (CPU python)=11786.6171875MB; mem (CPU total)=33455.390625MB
INFO:root:[  208] Training loss: 0.32803891, Validation loss: 0.33837350, Gradient norm: 0.28458320
INFO:root:At the start of the epoch: mem (CPU python)=11807.78125MB; mem (CPU total)=33522.63671875MB
INFO:root:[  209] Training loss: 0.32835804, Validation loss: 0.33813290, Gradient norm: 0.28008510
INFO:root:At the start of the epoch: mem (CPU python)=11828.94921875MB; mem (CPU total)=33590.296875MB
INFO:root:[  210] Training loss: 0.32769752, Validation loss: 0.33816300, Gradient norm: 0.27983710
INFO:root:At the start of the epoch: mem (CPU python)=11850.11328125MB; mem (CPU total)=33657.0078125MB
INFO:root:[  211] Training loss: 0.32760129, Validation loss: 0.33779695, Gradient norm: 0.28608460
INFO:root:At the start of the epoch: mem (CPU python)=11871.27734375MB; mem (CPU total)=33724.21484375MB
INFO:root:[  212] Training loss: 0.32800003, Validation loss: 0.33795465, Gradient norm: 0.31370638
INFO:root:At the start of the epoch: mem (CPU python)=11892.44140625MB; mem (CPU total)=33791.453125MB
INFO:root:[  213] Training loss: 0.32739946, Validation loss: 0.33783042, Gradient norm: 0.27862358
INFO:root:At the start of the epoch: mem (CPU python)=11913.60546875MB; mem (CPU total)=33857.921875MB
INFO:root:[  214] Training loss: 0.32748780, Validation loss: 0.33777590, Gradient norm: 0.27635943
INFO:root:At the start of the epoch: mem (CPU python)=11934.76953125MB; mem (CPU total)=33924.26953125MB
INFO:root:[  215] Training loss: 0.32757101, Validation loss: 0.33743365, Gradient norm: 0.29848843
INFO:root:At the start of the epoch: mem (CPU python)=11955.9375MB; mem (CPU total)=33990.984375MB
INFO:root:[  216] Training loss: 0.32743263, Validation loss: 0.33785917, Gradient norm: 0.29686171
INFO:root:At the start of the epoch: mem (CPU python)=11977.09375MB; mem (CPU total)=34059.9375MB
INFO:root:[  217] Training loss: 0.32759307, Validation loss: 0.33756404, Gradient norm: 0.28806077
INFO:root:At the start of the epoch: mem (CPU python)=11998.26171875MB; mem (CPU total)=34125.9453125MB
INFO:root:[  218] Training loss: 0.32682885, Validation loss: 0.33768701, Gradient norm: 0.28947963
INFO:root:At the start of the epoch: mem (CPU python)=12019.42578125MB; mem (CPU total)=34190.2265625MB
INFO:root:[  219] Training loss: 0.32707577, Validation loss: 0.33778830, Gradient norm: 0.28749519
INFO:root:At the start of the epoch: mem (CPU python)=12040.5859375MB; mem (CPU total)=34256.62890625MB
INFO:root:[  220] Training loss: 0.32757748, Validation loss: 0.33760534, Gradient norm: 0.29660993
INFO:root:At the start of the epoch: mem (CPU python)=12061.75MB; mem (CPU total)=34323.03125MB
INFO:root:[  221] Training loss: 0.32696172, Validation loss: 0.33726219, Gradient norm: 0.26574510
INFO:root:At the start of the epoch: mem (CPU python)=12082.91796875MB; mem (CPU total)=34388.296875MB
INFO:root:[  222] Training loss: 0.32710928, Validation loss: 0.33798174, Gradient norm: 0.29819445
INFO:root:At the start of the epoch: mem (CPU python)=12104.08203125MB; mem (CPU total)=34454.03125MB
INFO:root:[  223] Training loss: 0.32738536, Validation loss: 0.33781334, Gradient norm: 0.27950278
INFO:root:At the start of the epoch: mem (CPU python)=12125.24609375MB; mem (CPU total)=34519.9765625MB
INFO:root:[  224] Training loss: 0.32688865, Validation loss: 0.33705225, Gradient norm: 0.26564062
INFO:root:At the start of the epoch: mem (CPU python)=12146.41015625MB; mem (CPU total)=34586.47265625MB
INFO:root:[  225] Training loss: 0.32666564, Validation loss: 0.33753955, Gradient norm: 0.27044651
INFO:root:At the start of the epoch: mem (CPU python)=12167.57421875MB; mem (CPU total)=34652.4453125MB
INFO:root:[  226] Training loss: 0.32649458, Validation loss: 0.33686710, Gradient norm: 0.28157447
INFO:root:At the start of the epoch: mem (CPU python)=12188.73828125MB; mem (CPU total)=34718.3984375MB
INFO:root:[  227] Training loss: 0.32716293, Validation loss: 0.33736315, Gradient norm: 0.28842679
INFO:root:At the start of the epoch: mem (CPU python)=12209.90234375MB; mem (CPU total)=34787.01171875MB
INFO:root:[  228] Training loss: 0.32692293, Validation loss: 0.33710537, Gradient norm: 0.29814534
INFO:root:At the start of the epoch: mem (CPU python)=12231.0703125MB; mem (CPU total)=34788.5234375MB
INFO:root:[  229] Training loss: 0.32646971, Validation loss: 0.33702417, Gradient norm: 0.30195021
INFO:root:At the start of the epoch: mem (CPU python)=12252.234375MB; mem (CPU total)=34831.859375MB
INFO:root:[  230] Training loss: 0.32642351, Validation loss: 0.33791815, Gradient norm: 0.26149488
INFO:root:At the start of the epoch: mem (CPU python)=12273.3984375MB; mem (CPU total)=34875.6875MB
INFO:root:[  231] Training loss: 0.32633593, Validation loss: 0.33756492, Gradient norm: 0.26709189
INFO:root:At the start of the epoch: mem (CPU python)=12294.5625MB; mem (CPU total)=34919.90234375MB
INFO:root:[  232] Training loss: 0.32667517, Validation loss: 0.33736079, Gradient norm: 0.27191729
INFO:root:At the start of the epoch: mem (CPU python)=12315.73046875MB; mem (CPU total)=34964.1796875MB
INFO:root:[  233] Training loss: 0.32701597, Validation loss: 0.33713926, Gradient norm: 0.28881268
INFO:root:At the start of the epoch: mem (CPU python)=12336.89453125MB; mem (CPU total)=35007.79296875MB
INFO:root:[  234] Training loss: 0.32654304, Validation loss: 0.33682022, Gradient norm: 0.26587622
INFO:root:At the start of the epoch: mem (CPU python)=12358.05859375MB; mem (CPU total)=35052.57421875MB
INFO:root:[  235] Training loss: 0.32683373, Validation loss: 0.33779848, Gradient norm: 0.29938456
INFO:root:At the start of the epoch: mem (CPU python)=12379.21875MB; mem (CPU total)=35130.8984375MB
INFO:root:[  236] Training loss: 0.32669121, Validation loss: 0.33703502, Gradient norm: 0.28850568
INFO:root:At the start of the epoch: mem (CPU python)=12400.37890625MB; mem (CPU total)=35212.2421875MB
INFO:root:[  237] Training loss: 0.32606498, Validation loss: 0.33699709, Gradient norm: 0.27639045
INFO:root:At the start of the epoch: mem (CPU python)=12421.546875MB; mem (CPU total)=35287.03515625MB
INFO:root:[  238] Training loss: 0.32616535, Validation loss: 0.33677929, Gradient norm: 0.29122269
INFO:root:At the start of the epoch: mem (CPU python)=12442.7109375MB; mem (CPU total)=35365.74609375MB
INFO:root:[  239] Training loss: 0.32615297, Validation loss: 0.33650949, Gradient norm: 0.28248811
INFO:root:At the start of the epoch: mem (CPU python)=12463.875MB; mem (CPU total)=35446.7890625MB
INFO:root:[  240] Training loss: 0.32637412, Validation loss: 0.33714840, Gradient norm: 0.27028566
INFO:root:At the start of the epoch: mem (CPU python)=12485.0390625MB; mem (CPU total)=35525.51953125MB
INFO:root:[  241] Training loss: 0.32579073, Validation loss: 0.33611075, Gradient norm: 0.26898676
INFO:root:At the start of the epoch: mem (CPU python)=12506.203125MB; mem (CPU total)=35601.21875MB
INFO:root:[  242] Training loss: 0.32661799, Validation loss: 0.33664421, Gradient norm: 0.27884173
INFO:root:At the start of the epoch: mem (CPU python)=12527.36328125MB; mem (CPU total)=35684.64453125MB
INFO:root:[  243] Training loss: 0.32567335, Validation loss: 0.33641331, Gradient norm: 0.26344272
INFO:root:At the start of the epoch: mem (CPU python)=12548.53125MB; mem (CPU total)=35766.34765625MB
INFO:root:[  244] Training loss: 0.32616722, Validation loss: 0.33658288, Gradient norm: 0.26886152
INFO:root:At the start of the epoch: mem (CPU python)=12569.69921875MB; mem (CPU total)=35792.73046875MB
INFO:root:[  245] Training loss: 0.32616979, Validation loss: 0.33657349, Gradient norm: 0.29375286
INFO:root:At the start of the epoch: mem (CPU python)=12590.859375MB; mem (CPU total)=35924.953125MB
INFO:root:[  246] Training loss: 0.32595598, Validation loss: 0.33698681, Gradient norm: 0.29159416
INFO:root:At the start of the epoch: mem (CPU python)=12612.0234375MB; mem (CPU total)=36011.73046875MB
INFO:root:[  247] Training loss: 0.32639490, Validation loss: 0.33642645, Gradient norm: 0.29627954
INFO:root:At the start of the epoch: mem (CPU python)=12633.1875MB; mem (CPU total)=36086.21875MB
INFO:root:[  248] Training loss: 0.32579809, Validation loss: 0.33620805, Gradient norm: 0.26924495
INFO:root:At the start of the epoch: mem (CPU python)=12654.3515625MB; mem (CPU total)=36170.13671875MB
INFO:root:[  249] Training loss: 0.32606248, Validation loss: 0.33586216, Gradient norm: 0.27265535
INFO:root:At the start of the epoch: mem (CPU python)=12675.51953125MB; mem (CPU total)=36251.359375MB
INFO:root:[  250] Training loss: 0.32603309, Validation loss: 0.33669888, Gradient norm: 0.27979954
INFO:root:At the start of the epoch: mem (CPU python)=12696.68359375MB; mem (CPU total)=36335.24609375MB
INFO:root:[  251] Training loss: 0.32619643, Validation loss: 0.33669128, Gradient norm: 0.29683346
INFO:root:At the start of the epoch: mem (CPU python)=12717.84765625MB; mem (CPU total)=36412.2734375MB
INFO:root:[  252] Training loss: 0.32589198, Validation loss: 0.33564845, Gradient norm: 0.30388447
INFO:root:At the start of the epoch: mem (CPU python)=12739.01171875MB; mem (CPU total)=36491.9296875MB
INFO:root:[  253] Training loss: 0.32555424, Validation loss: 0.33618093, Gradient norm: 0.26607336
INFO:root:At the start of the epoch: mem (CPU python)=12760.171875MB; mem (CPU total)=36570.94140625MB
INFO:root:[  254] Training loss: 0.32547910, Validation loss: 0.33618001, Gradient norm: 0.27265682
INFO:root:At the start of the epoch: mem (CPU python)=12781.33203125MB; mem (CPU total)=36648.21484375MB
INFO:root:[  255] Training loss: 0.32571790, Validation loss: 0.33624592, Gradient norm: 0.28256439
INFO:root:At the start of the epoch: mem (CPU python)=12802.49609375MB; mem (CPU total)=36728.62109375MB
INFO:root:[  256] Training loss: 0.32562402, Validation loss: 0.33660436, Gradient norm: 0.28048370
INFO:root:At the start of the epoch: mem (CPU python)=12823.6640625MB; mem (CPU total)=36808.5390625MB
INFO:root:[  257] Training loss: 0.32519483, Validation loss: 0.33570504, Gradient norm: 0.28186035
INFO:root:At the start of the epoch: mem (CPU python)=12844.828125MB; mem (CPU total)=36883.73828125MB
INFO:root:[  258] Training loss: 0.32511633, Validation loss: 0.33570220, Gradient norm: 0.27814763
INFO:root:At the start of the epoch: mem (CPU python)=12865.9921875MB; mem (CPU total)=36962.734375MB
INFO:root:[  259] Training loss: 0.32582684, Validation loss: 0.33628560, Gradient norm: 0.27704460
INFO:root:At the start of the epoch: mem (CPU python)=12887.15625MB; mem (CPU total)=37042.22265625MB
INFO:root:[  260] Training loss: 0.32552773, Validation loss: 0.33609034, Gradient norm: 0.28789020
INFO:root:At the start of the epoch: mem (CPU python)=12908.32421875MB; mem (CPU total)=37118.62109375MB
INFO:root:[  261] Training loss: 0.32541862, Validation loss: 0.33599672, Gradient norm: 0.28447475
INFO:root:At the start of the epoch: mem (CPU python)=12929.48828125MB; mem (CPU total)=37195.45703125MB
INFO:root:[  262] Training loss: 0.32543407, Validation loss: 0.33556512, Gradient norm: 0.31530802
INFO:root:At the start of the epoch: mem (CPU python)=12950.65234375MB; mem (CPU total)=37278.8203125MB
INFO:root:[  263] Training loss: 0.32528747, Validation loss: 0.33599053, Gradient norm: 0.27608526
INFO:root:At the start of the epoch: mem (CPU python)=12971.81640625MB; mem (CPU total)=37351.11328125MB
INFO:root:[  264] Training loss: 0.32583715, Validation loss: 0.33613772, Gradient norm: 0.28625312
INFO:root:At the start of the epoch: mem (CPU python)=12992.9765625MB; mem (CPU total)=37434.16796875MB
INFO:root:[  265] Training loss: 0.32578255, Validation loss: 0.33662344, Gradient norm: 0.29013183
INFO:root:At the start of the epoch: mem (CPU python)=13014.140625MB; mem (CPU total)=37517.86328125MB
INFO:root:[  266] Training loss: 0.32523024, Validation loss: 0.33578340, Gradient norm: 0.29222166
INFO:root:At the start of the epoch: mem (CPU python)=13035.3046875MB; mem (CPU total)=37592.11328125MB
INFO:root:[  267] Training loss: 0.32489385, Validation loss: 0.33599411, Gradient norm: 0.30164988
INFO:root:At the start of the epoch: mem (CPU python)=13056.46875MB; mem (CPU total)=37669.625MB
INFO:root:[  268] Training loss: 0.32552196, Validation loss: 0.33663464, Gradient norm: 0.28096268
INFO:root:At the start of the epoch: mem (CPU python)=13077.63671875MB; mem (CPU total)=37750.890625MB
INFO:root:[  269] Training loss: 0.32502303, Validation loss: 0.33553329, Gradient norm: 0.29643847
INFO:root:At the start of the epoch: mem (CPU python)=13098.80078125MB; mem (CPU total)=37827.6953125MB
INFO:root:[  270] Training loss: 0.32463748, Validation loss: 0.33534841, Gradient norm: 0.26602935
INFO:root:At the start of the epoch: mem (CPU python)=13119.96484375MB; mem (CPU total)=37904.37890625MB
INFO:root:[  271] Training loss: 0.32496994, Validation loss: 0.33526020, Gradient norm: 0.29512925
INFO:root:At the start of the epoch: mem (CPU python)=13141.12890625MB; mem (CPU total)=37983.55078125MB
INFO:root:[  272] Training loss: 0.32479730, Validation loss: 0.33588734, Gradient norm: 0.26678193
INFO:root:At the start of the epoch: mem (CPU python)=13162.2890625MB; mem (CPU total)=38059.125MB
INFO:root:[  273] Training loss: 0.32504733, Validation loss: 0.33539158, Gradient norm: 0.27962786
INFO:root:At the start of the epoch: mem (CPU python)=13183.453125MB; mem (CPU total)=38138.9140625MB
INFO:root:[  274] Training loss: 0.32452533, Validation loss: 0.33539283, Gradient norm: 0.27322259
INFO:root:At the start of the epoch: mem (CPU python)=13204.6171875MB; mem (CPU total)=38216.484375MB
INFO:root:[  275] Training loss: 0.32532867, Validation loss: 0.33548121, Gradient norm: 0.27497945
INFO:root:At the start of the epoch: mem (CPU python)=13225.78125MB; mem (CPU total)=38291.3359375MB
INFO:root:[  276] Training loss: 0.32556830, Validation loss: 0.33526553, Gradient norm: 0.26688819
INFO:root:At the start of the epoch: mem (CPU python)=13246.9453125MB; mem (CPU total)=38372.046875MB
INFO:root:[  277] Training loss: 0.32500776, Validation loss: 0.33537067, Gradient norm: 0.27118971
INFO:root:At the start of the epoch: mem (CPU python)=13268.11328125MB; mem (CPU total)=38448.3046875MB
INFO:root:[  278] Training loss: 0.32429260, Validation loss: 0.33564060, Gradient norm: 0.26672521
INFO:root:At the start of the epoch: mem (CPU python)=13290.27734375MB; mem (CPU total)=38503.8203125MB
INFO:root:[  279] Training loss: 0.32488132, Validation loss: 0.33550184, Gradient norm: 0.26978907
INFO:root:At the start of the epoch: mem (CPU python)=13312.94140625MB; mem (CPU total)=38566.84375MB
INFO:root:[  280] Training loss: 0.32478405, Validation loss: 0.33603973, Gradient norm: 0.29359759
INFO:root:At the start of the epoch: mem (CPU python)=13334.51171875MB; mem (CPU total)=38620.76171875MB
INFO:root:[  281] Training loss: 0.32461896, Validation loss: 0.33516288, Gradient norm: 0.27084691
INFO:root:At the start of the epoch: mem (CPU python)=13355.67578125MB; mem (CPU total)=38675.36328125MB
INFO:root:[  282] Training loss: 0.32462529, Validation loss: 0.33514424, Gradient norm: 0.27150498
INFO:root:At the start of the epoch: mem (CPU python)=13376.8359375MB; mem (CPU total)=38737.578125MB
INFO:root:[  283] Training loss: 0.32430478, Validation loss: 0.33524481, Gradient norm: 0.26241615
INFO:root:At the start of the epoch: mem (CPU python)=13398.01171875MB; mem (CPU total)=38792.62890625MB
INFO:root:[  284] Training loss: 0.32458318, Validation loss: 0.33516982, Gradient norm: 0.25976881
INFO:root:At the start of the epoch: mem (CPU python)=13419.1796875MB; mem (CPU total)=38849.01171875MB
INFO:root:[  285] Training loss: 0.32519414, Validation loss: 0.33527646, Gradient norm: 0.29176376
INFO:root:At the start of the epoch: mem (CPU python)=13440.515625MB; mem (CPU total)=38912.7734375MB
INFO:root:[  286] Training loss: 0.32449634, Validation loss: 0.33530296, Gradient norm: 0.25943362
INFO:root:At the start of the epoch: mem (CPU python)=13462.8359375MB; mem (CPU total)=38970.79296875MB
INFO:root:[  287] Training loss: 0.32480785, Validation loss: 0.33560076, Gradient norm: 0.26279620
INFO:root:At the start of the epoch: mem (CPU python)=13483.99609375MB; mem (CPU total)=39066.2578125MB
INFO:root:[  288] Training loss: 0.32495647, Validation loss: 0.33585663, Gradient norm: 0.28852544
INFO:root:At the start of the epoch: mem (CPU python)=13505.1640625MB; mem (CPU total)=39155.87109375MB
INFO:root:[  289] Training loss: 0.32461459, Validation loss: 0.33516216, Gradient norm: 0.27443563
INFO:root:At the start of the epoch: mem (CPU python)=13526.328125MB; mem (CPU total)=39254.02734375MB
INFO:root:[  290] Training loss: 0.32514573, Validation loss: 0.33567536, Gradient norm: 0.27228722
INFO:root:At the start of the epoch: mem (CPU python)=13547.49609375MB; mem (CPU total)=39348.7578125MB
INFO:root:[  291] Training loss: 0.32443299, Validation loss: 0.33547555, Gradient norm: 0.26642149
INFO:root:At the start of the epoch: mem (CPU python)=13568.66015625MB; mem (CPU total)=39438.12109375MB
INFO:root:EP 291: Early stopping
INFO:root:After finishing all epochs: mem (CPU python)=13589.8203125MB; mem (CPU total)=39522.53125MB
INFO:root:Training the model took 13793.544s.
INFO:root:Emptying the cuda cache took 0.015s.
INFO:root:Starting evaluation: model SFNO & uncertainty quantification laplace
INFO:root:Evaluating the model on Validation data.
INFO:root:MSEValidation: 0.39038
INFO:root:EnergyScoreValidation: 0.30764
INFO:root:CRPSValidation: 0.13914
INFO:root:Gaussian NLLValidation: 0.16877
INFO:root:CoverageValidation: 0.98334
INFO:root:IntervalWidthValidation: 1.52963
INFO:root:Evaluating the model on Test data.
INFO:root:MSETest: 0.31335
INFO:root:EnergyScoreTest: 0.22397
INFO:root:CRPSTest: 0.09909
INFO:root:Gaussian NLLTest: -0.22502
INFO:root:CoverageTest: 0.93847
INFO:root:IntervalWidthTest: 0.80762
INFO:root:After validation: mem (CPU python)=13655.87109375MB; mem (CPU total)=41653.01953125MB
INFO:root:###3 out of 3 training parameter combinations ###
INFO:root:Training parameters: {'seed': 123, 'model': 'SFNO', 'uncertainty_quantification': 'laplace', 'batch_size': 32, 'n_epochs': 1000, 'early_stopping': 10, 'init': 'default', 'learning_rate': 0.005, 'lr_schedule': 'step', 'optimizer': 'adam', 'gradient_clipping': 1, 'layer_normalization': True, 'data_loader_pin_memory': False, 'data_loader_num_workers': 0, 'distributed_training': False, 'alpha': 0.05, 'n_samples_uq': 100, 'weight_decay': 0, 'dropout': 0.001, 'fourier_dropout': None, 'hidden_channels': 32, 'projection_channels': 256, 'lifting_channels': 256, 'n_modes': (32, 32), 'n_samples': 3}
INFO:root:After creating the dataloaders: mem (CPU python)=13655.87109375MB; mem (CPU total)=41593.87109375MB
INFO:root:NumberParameters: 284835
INFO:root:GPU memory allocated: 446693376
INFO:root:After setting up the model: mem (CPU python)=13655.87109375MB; mem (CPU total)=41617.203125MB
INFO:root:Training starts now.
INFO:root:At the start of the epoch: mem (CPU python)=13655.87109375MB; mem (CPU total)=41626.0625MB
INFO:root:[    1] Training loss: 0.82975416, Validation loss: 0.73589002, Gradient norm: 0.51320299
INFO:root:At the start of the epoch: mem (CPU python)=13655.87109375MB; mem (CPU total)=41689.19140625MB
INFO:root:[    2] Training loss: 0.73354923, Validation loss: 0.73155467, Gradient norm: 0.31344527
INFO:root:At the start of the epoch: mem (CPU python)=13655.87109375MB; mem (CPU total)=41752.7890625MB
INFO:root:[    3] Training loss: 0.72856948, Validation loss: 0.72262689, Gradient norm: 0.27692858
INFO:root:At the start of the epoch: mem (CPU python)=13671.31640625MB; mem (CPU total)=41816.5546875MB
INFO:root:[    4] Training loss: 0.70572277, Validation loss: 0.67786937, Gradient norm: 0.44791559
INFO:root:At the start of the epoch: mem (CPU python)=13692.48046875MB; mem (CPU total)=41880.046875MB
INFO:root:[    5] Training loss: 0.63568648, Validation loss: 0.60166188, Gradient norm: 0.36866547
INFO:root:At the start of the epoch: mem (CPU python)=13713.64453125MB; mem (CPU total)=41944.02734375MB
INFO:root:[    6] Training loss: 0.58589127, Validation loss: 0.56831142, Gradient norm: 0.44500345
INFO:root:At the start of the epoch: mem (CPU python)=13734.8125MB; mem (CPU total)=42008.75MB
INFO:root:[    7] Training loss: 0.56319486, Validation loss: 0.55322302, Gradient norm: 0.43367838
INFO:root:At the start of the epoch: mem (CPU python)=13755.9765625MB; mem (CPU total)=42073.1796875MB
INFO:root:[    8] Training loss: 0.54845577, Validation loss: 0.53790534, Gradient norm: 0.43394665
INFO:root:At the start of the epoch: mem (CPU python)=13777.140625MB; mem (CPU total)=42135.20703125MB
INFO:root:[    9] Training loss: 0.53544063, Validation loss: 0.52489072, Gradient norm: 0.43326782
INFO:root:At the start of the epoch: mem (CPU python)=13798.3046875MB; mem (CPU total)=42198.94140625MB
INFO:root:[   10] Training loss: 0.52302529, Validation loss: 0.50950186, Gradient norm: 0.46207920
INFO:root:At the start of the epoch: mem (CPU python)=13819.46875MB; mem (CPU total)=42260.92578125MB
INFO:root:[   11] Training loss: 0.49223541, Validation loss: 0.47036417, Gradient norm: 0.57311830
INFO:root:At the start of the epoch: mem (CPU python)=13840.63671875MB; mem (CPU total)=42324.41796875MB
INFO:root:[   12] Training loss: 0.46103856, Validation loss: 0.44770336, Gradient norm: 0.60662683
INFO:root:At the start of the epoch: mem (CPU python)=13861.796875MB; mem (CPU total)=42387.12109375MB
INFO:root:[   13] Training loss: 0.44325715, Validation loss: 0.43040320, Gradient norm: 0.61612312
INFO:root:At the start of the epoch: mem (CPU python)=13882.9609375MB; mem (CPU total)=42450.109375MB
INFO:root:[   14] Training loss: 0.43203983, Validation loss: 0.42104297, Gradient norm: 0.61348684
INFO:root:At the start of the epoch: mem (CPU python)=13904.125MB; mem (CPU total)=42512.6171875MB
INFO:root:[   15] Training loss: 0.42254872, Validation loss: 0.41300559, Gradient norm: 0.59220351
INFO:root:At the start of the epoch: mem (CPU python)=13925.2890625MB; mem (CPU total)=42559.3359375MB
INFO:root:[   16] Training loss: 0.41620206, Validation loss: 0.40896243, Gradient norm: 0.59457371
INFO:root:At the start of the epoch: mem (CPU python)=13946.4609375MB; mem (CPU total)=42614.73828125MB
INFO:root:[   17] Training loss: 0.40890703, Validation loss: 0.40578807, Gradient norm: 0.55476019
INFO:root:At the start of the epoch: mem (CPU python)=13967.625MB; mem (CPU total)=42671.828125MB
INFO:root:[   18] Training loss: 0.40994530, Validation loss: 0.39684962, Gradient norm: 0.63429632
INFO:root:At the start of the epoch: mem (CPU python)=13988.7890625MB; mem (CPU total)=42726.91015625MB
INFO:root:[   19] Training loss: 0.39969462, Validation loss: 0.39444082, Gradient norm: 0.54278092
INFO:root:At the start of the epoch: mem (CPU python)=14009.94921875MB; mem (CPU total)=42782.03515625MB
INFO:root:[   20] Training loss: 0.39450031, Validation loss: 0.38747781, Gradient norm: 0.53098932
INFO:root:At the start of the epoch: mem (CPU python)=14031.11328125MB; mem (CPU total)=42839.62109375MB
INFO:root:[   21] Training loss: 0.39136574, Validation loss: 0.38658055, Gradient norm: 0.55441512
INFO:root:At the start of the epoch: mem (CPU python)=14052.28125MB; mem (CPU total)=42894.98828125MB
INFO:root:[   22] Training loss: 0.38831060, Validation loss: 0.38045185, Gradient norm: 0.55740362
INFO:root:At the start of the epoch: mem (CPU python)=14073.44140625MB; mem (CPU total)=42949.60546875MB
INFO:root:[   23] Training loss: 0.38488402, Validation loss: 0.37716511, Gradient norm: 0.54753983
INFO:root:At the start of the epoch: mem (CPU python)=14094.60546875MB; mem (CPU total)=43006.40234375MB
INFO:root:[   24] Training loss: 0.38338982, Validation loss: 0.38225159, Gradient norm: 0.62307029
INFO:root:At the start of the epoch: mem (CPU python)=14115.76953125MB; mem (CPU total)=43070.51171875MB
INFO:root:[   25] Training loss: 0.38009809, Validation loss: 0.37332531, Gradient norm: 0.57836253
INFO:root:At the start of the epoch: mem (CPU python)=14136.93359375MB; mem (CPU total)=43125.15234375MB
INFO:root:[   26] Training loss: 0.37647755, Validation loss: 0.37218319, Gradient norm: 0.54178192
INFO:root:At the start of the epoch: mem (CPU python)=14158.1015625MB; mem (CPU total)=43181.48828125MB
INFO:root:[   27] Training loss: 0.37449223, Validation loss: 0.36909639, Gradient norm: 0.55650360
INFO:root:At the start of the epoch: mem (CPU python)=14179.265625MB; mem (CPU total)=43236.30859375MB
INFO:root:[   28] Training loss: 0.37239718, Validation loss: 0.36715293, Gradient norm: 0.51975216
INFO:root:At the start of the epoch: mem (CPU python)=14200.4296875MB; mem (CPU total)=43291.1640625MB
INFO:root:[   29] Training loss: 0.37114815, Validation loss: 0.36655410, Gradient norm: 0.58452209
INFO:root:At the start of the epoch: mem (CPU python)=14221.59375MB; mem (CPU total)=43348.51953125MB
INFO:root:[   30] Training loss: 0.36965714, Validation loss: 0.36747586, Gradient norm: 0.55709339
INFO:root:At the start of the epoch: mem (CPU python)=14242.7578125MB; mem (CPU total)=43405.13671875MB
INFO:root:[   31] Training loss: 0.36750263, Validation loss: 0.36012323, Gradient norm: 0.52944189
INFO:root:At the start of the epoch: mem (CPU python)=14263.91796875MB; mem (CPU total)=43460.65234375MB
INFO:root:[   32] Training loss: 0.36640169, Validation loss: 0.36015853, Gradient norm: 0.57213219
INFO:root:At the start of the epoch: mem (CPU python)=14285.08203125MB; mem (CPU total)=43519.234375MB
INFO:root:[   33] Training loss: 0.36509717, Validation loss: 0.35939395, Gradient norm: 0.55555763
INFO:root:At the start of the epoch: mem (CPU python)=14306.25MB; mem (CPU total)=43575.296875MB
INFO:root:[   34] Training loss: 0.36370994, Validation loss: 0.35987673, Gradient norm: 0.59515773
INFO:root:At the start of the epoch: mem (CPU python)=14327.41015625MB; mem (CPU total)=43631.66796875MB
INFO:root:[   35] Training loss: 0.36168661, Validation loss: 0.35732375, Gradient norm: 0.54864735
INFO:root:At the start of the epoch: mem (CPU python)=14348.578125MB; mem (CPU total)=43693.35546875MB
INFO:root:[   36] Training loss: 0.36011504, Validation loss: 0.35938368, Gradient norm: 0.56431305
INFO:root:At the start of the epoch: mem (CPU python)=14369.73828125MB; mem (CPU total)=43747.61328125MB
INFO:root:[   37] Training loss: 0.35845672, Validation loss: 0.35192920, Gradient norm: 0.58310562
INFO:root:At the start of the epoch: mem (CPU python)=14390.90625MB; mem (CPU total)=43803.4375MB
INFO:root:[   38] Training loss: 0.35650106, Validation loss: 0.35214908, Gradient norm: 0.56971804
INFO:root:At the start of the epoch: mem (CPU python)=14412.06640625MB; mem (CPU total)=43862.42578125MB
INFO:root:[   39] Training loss: 0.35505474, Validation loss: 0.34968409, Gradient norm: 0.57110402
INFO:root:At the start of the epoch: mem (CPU python)=14433.234375MB; mem (CPU total)=43918.2421875MB
INFO:root:[   40] Training loss: 0.35388088, Validation loss: 0.34977463, Gradient norm: 0.57528110
INFO:root:At the start of the epoch: mem (CPU python)=14454.39453125MB; mem (CPU total)=43974.57421875MB
INFO:root:[   41] Training loss: 0.35166156, Validation loss: 0.34657723, Gradient norm: 0.54145289
INFO:root:At the start of the epoch: mem (CPU python)=14475.55859375MB; mem (CPU total)=44032.1796875MB
INFO:root:[   42] Training loss: 0.35072579, Validation loss: 0.34429501, Gradient norm: 0.56015700
INFO:root:At the start of the epoch: mem (CPU python)=14496.7265625MB; mem (CPU total)=44089.68359375MB
INFO:root:[   43] Training loss: 0.34982110, Validation loss: 0.34327543, Gradient norm: 0.57026792
INFO:root:At the start of the epoch: mem (CPU python)=14517.890625MB; mem (CPU total)=44146.15625MB
INFO:root:[   44] Training loss: 0.34966529, Validation loss: 0.34397165, Gradient norm: 0.58326761
INFO:root:At the start of the epoch: mem (CPU python)=14539.0546875MB; mem (CPU total)=44202.54296875MB
INFO:root:[   45] Training loss: 0.34859938, Validation loss: 0.35167691, Gradient norm: 0.61571555
INFO:root:At the start of the epoch: mem (CPU python)=14560.21875MB; mem (CPU total)=44261.12890625MB
INFO:root:[   46] Training loss: 0.34612111, Validation loss: 0.34351056, Gradient norm: 0.55243460
INFO:root:At the start of the epoch: mem (CPU python)=14581.3828125MB; mem (CPU total)=44316.76171875MB
INFO:root:[   47] Training loss: 0.34495557, Validation loss: 0.34336664, Gradient norm: 0.59960101
INFO:root:At the start of the epoch: mem (CPU python)=14602.546875MB; mem (CPU total)=44373.1015625MB
INFO:root:[   48] Training loss: 0.34304697, Validation loss: 0.33622254, Gradient norm: 0.55711995
INFO:root:At the start of the epoch: mem (CPU python)=14623.71484375MB; mem (CPU total)=44433.19140625MB
INFO:root:[   49] Training loss: 0.34207959, Validation loss: 0.33628545, Gradient norm: 0.58396885
INFO:root:At the start of the epoch: mem (CPU python)=14644.87890625MB; mem (CPU total)=44488.25MB
INFO:root:[   50] Training loss: 0.34096509, Validation loss: 0.33888104, Gradient norm: 0.57021686
INFO:root:At the start of the epoch: mem (CPU python)=14666.0390625MB; mem (CPU total)=44544.23046875MB
INFO:root:[   51] Training loss: 0.33971966, Validation loss: 0.33812222, Gradient norm: 0.55549743
INFO:root:At the start of the epoch: mem (CPU python)=14687.19921875MB; mem (CPU total)=44605.23046875MB
INFO:root:[   52] Training loss: 0.33896919, Validation loss: 0.33326236, Gradient norm: 0.59650874
INFO:root:At the start of the epoch: mem (CPU python)=14708.37109375MB; mem (CPU total)=44658.93359375MB
INFO:root:[   53] Training loss: 0.33830449, Validation loss: 0.33632275, Gradient norm: 0.59833147
INFO:root:At the start of the epoch: mem (CPU python)=14729.52734375MB; mem (CPU total)=44714.8984375MB
INFO:root:[   54] Training loss: 0.33722930, Validation loss: 0.33149284, Gradient norm: 0.57283068
INFO:root:At the start of the epoch: mem (CPU python)=14750.6953125MB; mem (CPU total)=44774.453125MB
INFO:root:[   55] Training loss: 0.33568353, Validation loss: 0.33223453, Gradient norm: 0.55173153
INFO:root:At the start of the epoch: mem (CPU python)=14771.859375MB; mem (CPU total)=44829.33203125MB
INFO:root:[   56] Training loss: 0.33511024, Validation loss: 0.32915672, Gradient norm: 0.57257006
INFO:root:At the start of the epoch: mem (CPU python)=14793.0234375MB; mem (CPU total)=44884.20703125MB
INFO:root:[   57] Training loss: 0.33427438, Validation loss: 0.32983750, Gradient norm: 0.59228792
INFO:root:At the start of the epoch: mem (CPU python)=14814.1875MB; mem (CPU total)=44942.25390625MB
INFO:root:[   58] Training loss: 0.33381664, Validation loss: 0.33324680, Gradient norm: 0.58420518
INFO:root:At the start of the epoch: mem (CPU python)=14835.3515625MB; mem (CPU total)=44995.41015625MB
INFO:root:[   59] Training loss: 0.33324671, Validation loss: 0.32843601, Gradient norm: 0.60578001
INFO:root:At the start of the epoch: mem (CPU python)=14856.51953125MB; mem (CPU total)=45050.71875MB
INFO:root:[   60] Training loss: 0.33192901, Validation loss: 0.32720295, Gradient norm: 0.55969134
INFO:root:At the start of the epoch: mem (CPU python)=14877.68359375MB; mem (CPU total)=45107.8125MB
INFO:root:[   61] Training loss: 0.33170813, Validation loss: 0.33169534, Gradient norm: 0.59886331
INFO:root:At the start of the epoch: mem (CPU python)=14898.84765625MB; mem (CPU total)=45163.93359375MB
INFO:root:[   62] Training loss: 0.33015718, Validation loss: 0.32559641, Gradient norm: 0.56876331
INFO:root:At the start of the epoch: mem (CPU python)=14920.01171875MB; mem (CPU total)=45220.04296875MB
INFO:root:[   63] Training loss: 0.32936677, Validation loss: 0.32441312, Gradient norm: 0.57700671
INFO:root:At the start of the epoch: mem (CPU python)=14941.1796875MB; mem (CPU total)=45275.3828125MB
INFO:root:[   64] Training loss: 0.32922857, Validation loss: 0.32565410, Gradient norm: 0.60593126
INFO:root:At the start of the epoch: mem (CPU python)=14962.3359375MB; mem (CPU total)=45332.5703125MB
INFO:root:[   65] Training loss: 0.32728228, Validation loss: 0.32159007, Gradient norm: 0.56666994
INFO:root:At the start of the epoch: mem (CPU python)=14983.5078125MB; mem (CPU total)=45387.46484375MB
INFO:root:[   66] Training loss: 0.32700401, Validation loss: 0.32114093, Gradient norm: 0.58234553
INFO:root:At the start of the epoch: mem (CPU python)=15004.671875MB; mem (CPU total)=45444.6796875MB
INFO:root:[   67] Training loss: 0.32674523, Validation loss: 0.32851689, Gradient norm: 0.61501318
INFO:root:At the start of the epoch: mem (CPU python)=15025.8359375MB; mem (CPU total)=45485.828125MB
INFO:root:[   68] Training loss: 0.32480507, Validation loss: 0.32051750, Gradient norm: 0.56598403
INFO:root:At the start of the epoch: mem (CPU python)=15047.0MB; mem (CPU total)=45528.41796875MB
INFO:root:[   69] Training loss: 0.32368643, Validation loss: 0.31883903, Gradient norm: 0.57750915
INFO:root:At the start of the epoch: mem (CPU python)=15068.16015625MB; mem (CPU total)=45570.26171875MB
INFO:root:[   70] Training loss: 0.32365758, Validation loss: 0.31914903, Gradient norm: 0.64315515
INFO:root:At the start of the epoch: mem (CPU python)=15089.3203125MB; mem (CPU total)=45612.359375MB
INFO:root:[   71] Training loss: 0.32191263, Validation loss: 0.31852539, Gradient norm: 0.58196150
INFO:root:At the start of the epoch: mem (CPU python)=15110.48828125MB; mem (CPU total)=45654.16796875MB
INFO:root:[   72] Training loss: 0.32096745, Validation loss: 0.31757554, Gradient norm: 0.60070082
INFO:root:At the start of the epoch: mem (CPU python)=15131.65234375MB; mem (CPU total)=45696.5078125MB
INFO:root:[   73] Training loss: 0.32065789, Validation loss: 0.31518701, Gradient norm: 0.60446579
INFO:root:At the start of the epoch: mem (CPU python)=15152.81640625MB; mem (CPU total)=45738.5703125MB
INFO:root:[   74] Training loss: 0.31966173, Validation loss: 0.31762094, Gradient norm: 0.63039567
INFO:root:At the start of the epoch: mem (CPU python)=15173.98046875MB; mem (CPU total)=45779.9296875MB
INFO:root:[   75] Training loss: 0.31780762, Validation loss: 0.31431591, Gradient norm: 0.59842064
INFO:root:At the start of the epoch: mem (CPU python)=15195.14453125MB; mem (CPU total)=45822.2734375MB
INFO:root:[   76] Training loss: 0.31668101, Validation loss: 0.31422193, Gradient norm: 0.57943069
INFO:root:At the start of the epoch: mem (CPU python)=15216.3125MB; mem (CPU total)=45864.375MB
INFO:root:[   77] Training loss: 0.31683358, Validation loss: 0.31200164, Gradient norm: 0.62541907
INFO:root:At the start of the epoch: mem (CPU python)=15237.4765625MB; mem (CPU total)=45906.96484375MB
INFO:root:[   78] Training loss: 0.31545764, Validation loss: 0.31122371, Gradient norm: 0.61566277
INFO:root:At the start of the epoch: mem (CPU python)=15258.63671875MB; mem (CPU total)=45948.49609375MB
INFO:root:[   79] Training loss: 0.31507754, Validation loss: 0.31009520, Gradient norm: 0.65690568
INFO:root:At the start of the epoch: mem (CPU python)=15279.80078125MB; mem (CPU total)=33537.7421875MB
INFO:root:[   80] Training loss: 0.31286313, Validation loss: 0.30971591, Gradient norm: 0.58520503
INFO:root:At the start of the epoch: mem (CPU python)=15300.96484375MB; mem (CPU total)=33649.66015625MB
INFO:root:[   81] Training loss: 0.31284146, Validation loss: 0.30737216, Gradient norm: 0.63125730
INFO:root:At the start of the epoch: mem (CPU python)=15322.1328125MB; mem (CPU total)=33715.5234375MB
INFO:root:[   82] Training loss: 0.31145327, Validation loss: 0.30647156, Gradient norm: 0.62961431
INFO:root:At the start of the epoch: mem (CPU python)=15343.296875MB; mem (CPU total)=33786.84375MB
INFO:root:[   83] Training loss: 0.31020460, Validation loss: 0.30739087, Gradient norm: 0.60382417
INFO:root:At the start of the epoch: mem (CPU python)=15364.4609375MB; mem (CPU total)=33805.265625MB
INFO:root:[   84] Training loss: 0.31049622, Validation loss: 0.30614516, Gradient norm: 0.65065126
INFO:root:At the start of the epoch: mem (CPU python)=15385.625MB; mem (CPU total)=33930.390625MB
INFO:root:[   85] Training loss: 0.30838166, Validation loss: 0.30456902, Gradient norm: 0.62158661
INFO:root:At the start of the epoch: mem (CPU python)=15406.7890625MB; mem (CPU total)=34001.29296875MB
INFO:root:[   86] Training loss: 0.30841883, Validation loss: 0.30759799, Gradient norm: 0.64063220
INFO:root:At the start of the epoch: mem (CPU python)=15427.94921875MB; mem (CPU total)=34077.3046875MB
INFO:root:[   87] Training loss: 0.30807617, Validation loss: 0.30316896, Gradient norm: 0.63827847
INFO:root:At the start of the epoch: mem (CPU python)=15449.11328125MB; mem (CPU total)=34146.625MB
INFO:root:[   88] Training loss: 0.30654335, Validation loss: 0.30468087, Gradient norm: 0.63634595
INFO:root:At the start of the epoch: mem (CPU python)=15470.2734375MB; mem (CPU total)=34220.09375MB
INFO:root:[   89] Training loss: 0.30560636, Validation loss: 0.30107596, Gradient norm: 0.64020945
INFO:root:At the start of the epoch: mem (CPU python)=15491.44140625MB; mem (CPU total)=34289.94921875MB
INFO:root:[   90] Training loss: 0.30646765, Validation loss: 0.30309605, Gradient norm: 0.68942782
INFO:root:At the start of the epoch: mem (CPU python)=15512.60546875MB; mem (CPU total)=34357.31640625MB
INFO:root:[   91] Training loss: 0.30466210, Validation loss: 0.30480876, Gradient norm: 0.66097994
INFO:root:At the start of the epoch: mem (CPU python)=15533.76953125MB; mem (CPU total)=34436.06640625MB
INFO:root:[   92] Training loss: 0.30330719, Validation loss: 0.30336978, Gradient norm: 0.61315037
INFO:root:At the start of the epoch: mem (CPU python)=15554.93359375MB; mem (CPU total)=34503.7265625MB
INFO:root:[   93] Training loss: 0.30345359, Validation loss: 0.29847423, Gradient norm: 0.67245456
INFO:root:At the start of the epoch: mem (CPU python)=15576.1015625MB; mem (CPU total)=34576.95703125MB
INFO:root:[   94] Training loss: 0.30183325, Validation loss: 0.30130827, Gradient norm: 0.64954412
INFO:root:At the start of the epoch: mem (CPU python)=15597.265625MB; mem (CPU total)=34646.40625MB
INFO:root:[   95] Training loss: 0.30137090, Validation loss: 0.30095551, Gradient norm: 0.63831131
INFO:root:At the start of the epoch: mem (CPU python)=15618.4296875MB; mem (CPU total)=34723.1875MB
INFO:root:[   96] Training loss: 0.30126463, Validation loss: 0.29828658, Gradient norm: 0.70587809
INFO:root:At the start of the epoch: mem (CPU python)=15639.59375MB; mem (CPU total)=34796.55078125MB
INFO:root:[   97] Training loss: 0.30241336, Validation loss: 0.30004372, Gradient norm: 0.75030599
INFO:root:At the start of the epoch: mem (CPU python)=15660.75390625MB; mem (CPU total)=34868.0859375MB
INFO:root:[   98] Training loss: 0.29902415, Validation loss: 0.29710456, Gradient norm: 0.61493511
INFO:root:At the start of the epoch: mem (CPU python)=15681.921875MB; mem (CPU total)=34940.22265625MB
INFO:root:[   99] Training loss: 0.29923244, Validation loss: 0.29514710, Gradient norm: 0.70617982
INFO:root:At the start of the epoch: mem (CPU python)=15703.0859375MB; mem (CPU total)=35013.7734375MB
INFO:root:[  100] Training loss: 0.29943783, Validation loss: 0.29470204, Gradient norm: 0.66226899
INFO:root:At the start of the epoch: mem (CPU python)=15724.25MB; mem (CPU total)=35087.99609375MB
INFO:root:[  101] Training loss: 0.29719053, Validation loss: 0.29522614, Gradient norm: 0.63978752
INFO:root:At the start of the epoch: mem (CPU python)=15745.4140625MB; mem (CPU total)=35161.0859375MB
INFO:root:[  102] Training loss: 0.29672706, Validation loss: 0.29407015, Gradient norm: 0.68274192
INFO:root:At the start of the epoch: mem (CPU python)=15766.578125MB; mem (CPU total)=35236.15234375MB
INFO:root:[  103] Training loss: 0.29699786, Validation loss: 0.29734822, Gradient norm: 0.68579488
INFO:root:At the start of the epoch: mem (CPU python)=15787.73828125MB; mem (CPU total)=35308.50390625MB
INFO:root:[  104] Training loss: 0.29540487, Validation loss: 0.29264345, Gradient norm: 0.65610483
INFO:root:At the start of the epoch: mem (CPU python)=15808.90625MB; mem (CPU total)=35384.578125MB
INFO:root:[  105] Training loss: 0.29473286, Validation loss: 0.29509430, Gradient norm: 0.65639862
INFO:root:At the start of the epoch: mem (CPU python)=15830.0703125MB; mem (CPU total)=35458.65234375MB
INFO:root:[  106] Training loss: 0.29414638, Validation loss: 0.29218583, Gradient norm: 0.69940766
INFO:root:At the start of the epoch: mem (CPU python)=15851.23046875MB; mem (CPU total)=35534.18359375MB
INFO:root:[  107] Training loss: 0.29509324, Validation loss: 0.29259475, Gradient norm: 0.73807479
INFO:root:At the start of the epoch: mem (CPU python)=15872.3984375MB; mem (CPU total)=35608.66015625MB
INFO:root:[  108] Training loss: 0.29305801, Validation loss: 0.29172698, Gradient norm: 0.67869665
INFO:root:At the start of the epoch: mem (CPU python)=15893.56640625MB; mem (CPU total)=35683.2265625MB
INFO:root:[  109] Training loss: 0.29256848, Validation loss: 0.29315088, Gradient norm: 0.67331518
INFO:root:At the start of the epoch: mem (CPU python)=15914.7265625MB; mem (CPU total)=35755.05859375MB
INFO:root:[  110] Training loss: 0.29195212, Validation loss: 0.29176050, Gradient norm: 0.67707357
INFO:root:At the start of the epoch: mem (CPU python)=15935.890625MB; mem (CPU total)=35832.48828125MB
INFO:root:[  111] Training loss: 0.29273336, Validation loss: 0.29023860, Gradient norm: 0.73220129
INFO:root:At the start of the epoch: mem (CPU python)=15957.05859375MB; mem (CPU total)=35906.0703125MB
INFO:root:[  112] Training loss: 0.29199651, Validation loss: 0.28883841, Gradient norm: 0.68251397
INFO:root:At the start of the epoch: mem (CPU python)=15978.22265625MB; mem (CPU total)=35979.6484375MB
INFO:root:[  113] Training loss: 0.29260420, Validation loss: 0.29068347, Gradient norm: 0.76070006
INFO:root:At the start of the epoch: mem (CPU python)=15999.38671875MB; mem (CPU total)=36052.21484375MB
INFO:root:[  114] Training loss: 0.29033244, Validation loss: 0.28901598, Gradient norm: 0.68222332
INFO:root:At the start of the epoch: mem (CPU python)=16020.55078125MB; mem (CPU total)=36127.6640625MB
INFO:root:[  115] Training loss: 0.28965052, Validation loss: 0.28845029, Gradient norm: 0.67973660
INFO:root:At the start of the epoch: mem (CPU python)=16041.71875MB; mem (CPU total)=36200.23828125MB
INFO:root:[  116] Training loss: 0.28851240, Validation loss: 0.28939440, Gradient norm: 0.69685600
INFO:root:At the start of the epoch: mem (CPU python)=16062.87890625MB; mem (CPU total)=36270.38671875MB
INFO:root:[  117] Training loss: 0.28912980, Validation loss: 0.28963595, Gradient norm: 0.69703520
INFO:root:At the start of the epoch: mem (CPU python)=16084.04296875MB; mem (CPU total)=36343.375MB
INFO:root:[  118] Training loss: 0.28850200, Validation loss: 0.28933610, Gradient norm: 0.70436732
INFO:root:At the start of the epoch: mem (CPU python)=16105.20703125MB; mem (CPU total)=36413.7734375MB
INFO:root:[  119] Training loss: 0.28799316, Validation loss: 0.29064036, Gradient norm: 0.67768954
INFO:root:At the start of the epoch: mem (CPU python)=16126.3671875MB; mem (CPU total)=36486.140625MB
INFO:root:[  120] Training loss: 0.28796216, Validation loss: 0.28884561, Gradient norm: 0.73930417
INFO:root:At the start of the epoch: mem (CPU python)=16147.53125MB; mem (CPU total)=36558.01171875MB
INFO:root:[  121] Training loss: 0.28670864, Validation loss: 0.28771159, Gradient norm: 0.68421386
INFO:root:At the start of the epoch: mem (CPU python)=16168.69921875MB; mem (CPU total)=36634.51953125MB
INFO:root:[  122] Training loss: 0.28592934, Validation loss: 0.28588749, Gradient norm: 0.67218355
INFO:root:At the start of the epoch: mem (CPU python)=16189.86328125MB; mem (CPU total)=36699.9296875MB
INFO:root:[  123] Training loss: 0.28597664, Validation loss: 0.29029185, Gradient norm: 0.73881568
INFO:root:At the start of the epoch: mem (CPU python)=16211.02734375MB; mem (CPU total)=36773.46484375MB
INFO:root:[  124] Training loss: 0.28736207, Validation loss: 0.28900471, Gradient norm: 0.75609651
INFO:root:At the start of the epoch: mem (CPU python)=16232.19140625MB; mem (CPU total)=36847.515625MB
INFO:root:[  125] Training loss: 0.28462608, Validation loss: 0.28872306, Gradient norm: 0.69377641
INFO:root:At the start of the epoch: mem (CPU python)=16253.3515625MB; mem (CPU total)=36918.18359375MB
INFO:root:[  126] Training loss: 0.28452041, Validation loss: 0.28804601, Gradient norm: 0.72062822
INFO:root:At the start of the epoch: mem (CPU python)=16274.515625MB; mem (CPU total)=36993.26953125MB
INFO:root:[  127] Training loss: 0.28431736, Validation loss: 0.28708629, Gradient norm: 0.70055986
INFO:root:At the start of the epoch: mem (CPU python)=16295.68359375MB; mem (CPU total)=37065.63671875MB
INFO:root:[  128] Training loss: 0.28349481, Validation loss: 0.28493390, Gradient norm: 0.70982886
INFO:root:At the start of the epoch: mem (CPU python)=16316.84765625MB; mem (CPU total)=37138.86328125MB
INFO:root:[  129] Training loss: 0.28227373, Validation loss: 0.28338629, Gradient norm: 0.68877776
INFO:root:At the start of the epoch: mem (CPU python)=16338.01171875MB; mem (CPU total)=37210.73828125MB
INFO:root:[  130] Training loss: 0.28259497, Validation loss: 0.28334885, Gradient norm: 0.73617383
INFO:root:At the start of the epoch: mem (CPU python)=16359.17578125MB; mem (CPU total)=37283.3515625MB
INFO:root:[  131] Training loss: 0.28169706, Validation loss: 0.28370145, Gradient norm: 0.71364823
INFO:root:At the start of the epoch: mem (CPU python)=16380.33984375MB; mem (CPU total)=37356.6015625MB
INFO:root:[  132] Training loss: 0.28119332, Validation loss: 0.28291772, Gradient norm: 0.73323740
INFO:root:At the start of the epoch: mem (CPU python)=16401.5078125MB; mem (CPU total)=37430.29296875MB
INFO:root:[  133] Training loss: 0.28135047, Validation loss: 0.28450386, Gradient norm: 0.75858654
INFO:root:At the start of the epoch: mem (CPU python)=16422.671875MB; mem (CPU total)=37504.13671875MB
INFO:root:[  134] Training loss: 0.28120999, Validation loss: 0.28514466, Gradient norm: 0.73120723
INFO:root:At the start of the epoch: mem (CPU python)=16443.8359375MB; mem (CPU total)=37576.26171875MB
INFO:root:[  135] Training loss: 0.28202485, Validation loss: 0.28425428, Gradient norm: 0.78046225
INFO:root:At the start of the epoch: mem (CPU python)=16464.99609375MB; mem (CPU total)=37650.34765625MB
INFO:root:[  136] Training loss: 0.28030337, Validation loss: 0.28129539, Gradient norm: 0.70304339
INFO:root:At the start of the epoch: mem (CPU python)=16486.1640625MB; mem (CPU total)=37722.25390625MB
INFO:root:[  137] Training loss: 0.28055438, Validation loss: 0.29790982, Gradient norm: 0.76100672
INFO:root:At the start of the epoch: mem (CPU python)=16507.32421875MB; mem (CPU total)=37795.484375MB
INFO:root:[  138] Training loss: 0.27976887, Validation loss: 0.28537478, Gradient norm: 0.70045169
INFO:root:At the start of the epoch: mem (CPU python)=16528.48828125MB; mem (CPU total)=37867.8125MB
INFO:root:[  139] Training loss: 0.27956261, Validation loss: 0.28463364, Gradient norm: 0.69628628
INFO:root:At the start of the epoch: mem (CPU python)=16549.65234375MB; mem (CPU total)=37940.42578125MB
INFO:root:[  140] Training loss: 0.27825840, Validation loss: 0.28230701, Gradient norm: 0.75087595
INFO:root:At the start of the epoch: mem (CPU python)=16570.81640625MB; mem (CPU total)=38013.53125MB
INFO:root:[  141] Training loss: 0.27726073, Validation loss: 0.28394816, Gradient norm: 0.72296864
INFO:root:At the start of the epoch: mem (CPU python)=16591.98046875MB; mem (CPU total)=38082.84765625MB
INFO:root:[  142] Training loss: 0.27810202, Validation loss: 0.28383149, Gradient norm: 0.75007352
INFO:root:At the start of the epoch: mem (CPU python)=16613.14453125MB; mem (CPU total)=38152.0390625MB
INFO:root:Learning rate reduced to: 0.0025
INFO:root:[  143] Training loss: 0.27790301, Validation loss: 0.28270920, Gradient norm: 0.74163841
INFO:root:At the start of the epoch: mem (CPU python)=16634.3125MB; mem (CPU total)=38223.16015625MB
INFO:root:Learning rate reduced to: 0.00125
INFO:root:[  144] Training loss: 0.26846828, Validation loss: 0.27470206, Gradient norm: 0.36702368
INFO:root:At the start of the epoch: mem (CPU python)=16655.4765625MB; mem (CPU total)=38293.96875MB
INFO:root:[  145] Training loss: 0.26483761, Validation loss: 0.27187129, Gradient norm: 0.26643636
INFO:root:At the start of the epoch: mem (CPU python)=16676.640625MB; mem (CPU total)=38367.3046875MB
INFO:root:[  146] Training loss: 0.26404932, Validation loss: 0.27169881, Gradient norm: 0.28823228
INFO:root:At the start of the epoch: mem (CPU python)=16697.8046875MB; mem (CPU total)=38436.703125MB
INFO:root:[  147] Training loss: 0.26387603, Validation loss: 0.27206356, Gradient norm: 0.30115966
INFO:root:At the start of the epoch: mem (CPU python)=16718.96875MB; mem (CPU total)=38506.59375MB
INFO:root:[  148] Training loss: 0.26354730, Validation loss: 0.27234689, Gradient norm: 0.30726577
INFO:root:At the start of the epoch: mem (CPU python)=16740.1328125MB; mem (CPU total)=38580.13671875MB
INFO:root:[  149] Training loss: 0.26334454, Validation loss: 0.27218051, Gradient norm: 0.33999977
INFO:root:At the start of the epoch: mem (CPU python)=16761.30078125MB; mem (CPU total)=38651.5546875MB
INFO:root:[  150] Training loss: 0.26286791, Validation loss: 0.27121359, Gradient norm: 0.31812889
INFO:root:At the start of the epoch: mem (CPU python)=16782.46484375MB; mem (CPU total)=38723.21484375MB
INFO:root:[  151] Training loss: 0.26309329, Validation loss: 0.27103162, Gradient norm: 0.32374497
INFO:root:At the start of the epoch: mem (CPU python)=16803.62890625MB; mem (CPU total)=38792.16796875MB
INFO:root:[  152] Training loss: 0.26258440, Validation loss: 0.27180972, Gradient norm: 0.33022261
INFO:root:At the start of the epoch: mem (CPU python)=16824.79296875MB; mem (CPU total)=38861.57421875MB
INFO:root:[  153] Training loss: 0.26276052, Validation loss: 0.27067571, Gradient norm: 0.38435387
INFO:root:At the start of the epoch: mem (CPU python)=16845.953125MB; mem (CPU total)=38934.19140625MB
INFO:root:[  154] Training loss: 0.26238299, Validation loss: 0.27093364, Gradient norm: 0.35078705
INFO:root:At the start of the epoch: mem (CPU python)=16867.11328125MB; mem (CPU total)=39004.58984375MB
INFO:root:[  155] Training loss: 0.26207239, Validation loss: 0.27268449, Gradient norm: 0.38841131
INFO:root:At the start of the epoch: mem (CPU python)=16888.27734375MB; mem (CPU total)=39076.203125MB
INFO:root:[  156] Training loss: 0.26199707, Validation loss: 0.27165962, Gradient norm: 0.37465852
INFO:root:At the start of the epoch: mem (CPU python)=16909.4453125MB; mem (CPU total)=39145.58203125MB
INFO:root:[  157] Training loss: 0.26157051, Validation loss: 0.27240385, Gradient norm: 0.39466498
INFO:root:At the start of the epoch: mem (CPU python)=16930.609375MB; mem (CPU total)=39216.23046875MB
INFO:root:[  158] Training loss: 0.26126647, Validation loss: 0.27088710, Gradient norm: 0.40012378
INFO:root:At the start of the epoch: mem (CPU python)=16951.7734375MB; mem (CPU total)=39287.609375MB
INFO:root:[  159] Training loss: 0.26173431, Validation loss: 0.27135106, Gradient norm: 0.39068955
INFO:root:At the start of the epoch: mem (CPU python)=16972.9375MB; mem (CPU total)=39357.26171875MB
INFO:root:Learning rate reduced to: 0.000625
INFO:root:[  160] Training loss: 0.26187638, Validation loss: 0.27107799, Gradient norm: 0.43801736
INFO:root:At the start of the epoch: mem (CPU python)=16994.1015625MB; mem (CPU total)=39424.40234375MB
INFO:root:Learning rate reduced to: 0.0003125
INFO:root:[  161] Training loss: 0.25906843, Validation loss: 0.26952318, Gradient norm: 0.25750208
INFO:root:At the start of the epoch: mem (CPU python)=17015.26953125MB; mem (CPU total)=39484.57421875MB
INFO:root:[  162] Training loss: 0.25809113, Validation loss: 0.26901076, Gradient norm: 0.20253442
INFO:root:At the start of the epoch: mem (CPU python)=17036.43359375MB; mem (CPU total)=39545.11328125MB
INFO:root:[  163] Training loss: 0.25758242, Validation loss: 0.26832759, Gradient norm: 0.22081876
INFO:root:At the start of the epoch: mem (CPU python)=17057.59375MB; mem (CPU total)=39605.18359375MB
INFO:root:[  164] Training loss: 0.25752361, Validation loss: 0.26878270, Gradient norm: 0.21149483
INFO:root:At the start of the epoch: mem (CPU python)=17078.7578125MB; mem (CPU total)=39665.72265625MB
INFO:root:[  165] Training loss: 0.25783109, Validation loss: 0.26876672, Gradient norm: 0.23394195
INFO:root:At the start of the epoch: mem (CPU python)=17099.921875MB; mem (CPU total)=39725.35546875MB
INFO:root:[  166] Training loss: 0.25720758, Validation loss: 0.26901326, Gradient norm: 0.22972344
INFO:root:At the start of the epoch: mem (CPU python)=17121.08984375MB; mem (CPU total)=39786.59765625MB
INFO:root:[  167] Training loss: 0.25763960, Validation loss: 0.26867879, Gradient norm: 0.22516891
INFO:root:At the start of the epoch: mem (CPU python)=17142.25390625MB; mem (CPU total)=39847.3828125MB
INFO:root:[  168] Training loss: 0.25753108, Validation loss: 0.26860496, Gradient norm: 0.23229303
INFO:root:At the start of the epoch: mem (CPU python)=17163.41796875MB; mem (CPU total)=39908.4140625MB
INFO:root:[  169] Training loss: 0.25790662, Validation loss: 0.26858053, Gradient norm: 0.24602904
INFO:root:At the start of the epoch: mem (CPU python)=17184.58203125MB; mem (CPU total)=39968.953125MB
INFO:root:Learning rate reduced to: 0.00015625
INFO:root:[  170] Training loss: 0.25724566, Validation loss: 0.26843552, Gradient norm: 0.24273141
INFO:root:At the start of the epoch: mem (CPU python)=17205.7421875MB; mem (CPU total)=40029.984375MB
INFO:root:Learning rate reduced to: 7.8125e-05
INFO:root:[  171] Training loss: 0.25725696, Validation loss: 0.26820193, Gradient norm: 0.19530431
INFO:root:At the start of the epoch: mem (CPU python)=17226.9140625MB; mem (CPU total)=40092.65625MB
INFO:root:[  172] Training loss: 0.25685653, Validation loss: 0.26775479, Gradient norm: 0.18797654
INFO:root:At the start of the epoch: mem (CPU python)=17248.0703125MB; mem (CPU total)=40153.92578125MB
INFO:root:[  173] Training loss: 0.25609834, Validation loss: 0.26798105, Gradient norm: 0.16948786
INFO:root:At the start of the epoch: mem (CPU python)=17269.234375MB; mem (CPU total)=40213.52734375MB
INFO:root:[  174] Training loss: 0.25659660, Validation loss: 0.26817439, Gradient norm: 0.17568243
INFO:root:At the start of the epoch: mem (CPU python)=17290.3984375MB; mem (CPU total)=40274.25390625MB
INFO:root:[  175] Training loss: 0.25682808, Validation loss: 0.26795386, Gradient norm: 0.17428881
INFO:root:At the start of the epoch: mem (CPU python)=17311.5625MB; mem (CPU total)=40335.3046875MB
INFO:root:[  176] Training loss: 0.25625467, Validation loss: 0.26742019, Gradient norm: 0.17420686
INFO:root:At the start of the epoch: mem (CPU python)=17332.73046875MB; mem (CPU total)=40395.82421875MB
INFO:root:[  177] Training loss: 0.25653649, Validation loss: 0.26836182, Gradient norm: 0.18272958
INFO:root:At the start of the epoch: mem (CPU python)=17353.890625MB; mem (CPU total)=40456.64453125MB
INFO:root:[  178] Training loss: 0.25619815, Validation loss: 0.26808346, Gradient norm: 0.17955914
INFO:root:At the start of the epoch: mem (CPU python)=17375.05859375MB; mem (CPU total)=40516.9609375MB
INFO:root:[  179] Training loss: 0.25678457, Validation loss: 0.26820230, Gradient norm: 0.18018679
INFO:root:At the start of the epoch: mem (CPU python)=17396.22265625MB; mem (CPU total)=40576.68359375MB
INFO:root:[  180] Training loss: 0.25638189, Validation loss: 0.26774808, Gradient norm: 0.19030769
INFO:root:At the start of the epoch: mem (CPU python)=17417.38671875MB; mem (CPU total)=40636.515625MB
INFO:root:[  181] Training loss: 0.25598692, Validation loss: 0.26786203, Gradient norm: 0.18409096
INFO:root:At the start of the epoch: mem (CPU python)=17438.55078125MB; mem (CPU total)=40696.046875MB
INFO:root:[  182] Training loss: 0.25591555, Validation loss: 0.26813445, Gradient norm: 0.18310091
INFO:root:At the start of the epoch: mem (CPU python)=17459.71484375MB; mem (CPU total)=40756.5859375MB
INFO:root:[  183] Training loss: 0.25621032, Validation loss: 0.26785092, Gradient norm: 0.18419506
INFO:root:At the start of the epoch: mem (CPU python)=17480.87890625MB; mem (CPU total)=40816.91015625MB
INFO:root:[  184] Training loss: 0.25621184, Validation loss: 0.26765801, Gradient norm: 0.19293294
INFO:root:At the start of the epoch: mem (CPU python)=17502.04296875MB; mem (CPU total)=40875.48046875MB
INFO:root:[  185] Training loss: 0.25565351, Validation loss: 0.26791690, Gradient norm: 0.18403597
INFO:root:At the start of the epoch: mem (CPU python)=17523.20703125MB; mem (CPU total)=40934.7890625MB
INFO:root:EP 185: Early stopping
INFO:root:Training for autoregressive step 2 starts now.
INFO:root:Learning rate reduced to: [3.90625e-05]
INFO:root:At the start of the epoch: mem (CPU python)=17544.375MB; mem (CPU total)=40992.12890625MB
INFO:root:[  187] Training loss: 0.32644493, Validation loss: 0.33001024, Gradient norm: 0.35000778
INFO:root:At the start of the epoch: mem (CPU python)=17565.54296875MB; mem (CPU total)=41068.25MB
INFO:root:[  188] Training loss: 0.32439780, Validation loss: 0.32894876, Gradient norm: 0.30214899
INFO:root:At the start of the epoch: mem (CPU python)=17586.70703125MB; mem (CPU total)=41151.96875MB
INFO:root:[  189] Training loss: 0.32415250, Validation loss: 0.32802317, Gradient norm: 0.33839563
INFO:root:At the start of the epoch: mem (CPU python)=17607.8671875MB; mem (CPU total)=41228.75MB
INFO:root:[  190] Training loss: 0.32413752, Validation loss: 0.32778170, Gradient norm: 0.32751899
INFO:root:At the start of the epoch: mem (CPU python)=17629.03125MB; mem (CPU total)=41313.921875MB
INFO:root:[  191] Training loss: 0.32360442, Validation loss: 0.32740982, Gradient norm: 0.32313125
INFO:root:At the start of the epoch: mem (CPU python)=17650.19140625MB; mem (CPU total)=41389.71875MB
INFO:root:[  192] Training loss: 0.32329101, Validation loss: 0.32749499, Gradient norm: 0.29675368
INFO:root:At the start of the epoch: mem (CPU python)=17671.35546875MB; mem (CPU total)=41473.34765625MB
INFO:root:[  193] Training loss: 0.32263444, Validation loss: 0.32710619, Gradient norm: 0.31154688
INFO:root:At the start of the epoch: mem (CPU python)=17692.51953125MB; mem (CPU total)=41552.08203125MB
INFO:root:[  194] Training loss: 0.32257101, Validation loss: 0.32738066, Gradient norm: 0.29804715
INFO:root:At the start of the epoch: mem (CPU python)=17713.68359375MB; mem (CPU total)=41636.2734375MB
INFO:root:[  195] Training loss: 0.32204072, Validation loss: 0.32691662, Gradient norm: 0.28311464
INFO:root:At the start of the epoch: mem (CPU python)=17734.8515625MB; mem (CPU total)=41713.25390625MB
INFO:root:[  196] Training loss: 0.32300493, Validation loss: 0.32702448, Gradient norm: 0.27104127
INFO:root:At the start of the epoch: mem (CPU python)=17756.015625MB; mem (CPU total)=41795.51953125MB
INFO:root:[  197] Training loss: 0.32210116, Validation loss: 0.32672388, Gradient norm: 0.29817032
INFO:root:At the start of the epoch: mem (CPU python)=17777.1796875MB; mem (CPU total)=41874.34375MB
INFO:root:[  198] Training loss: 0.32243404, Validation loss: 0.32641781, Gradient norm: 0.28969848
INFO:root:At the start of the epoch: mem (CPU python)=17798.34375MB; mem (CPU total)=41955.58984375MB
INFO:root:[  199] Training loss: 0.32121473, Validation loss: 0.32668211, Gradient norm: 0.27988054
INFO:root:At the start of the epoch: mem (CPU python)=17819.5078125MB; mem (CPU total)=42035.58984375MB
INFO:root:[  200] Training loss: 0.32120220, Validation loss: 0.32615526, Gradient norm: 0.28261414
INFO:root:At the start of the epoch: mem (CPU python)=17840.671875MB; mem (CPU total)=42118.0234375MB
INFO:root:[  201] Training loss: 0.32167785, Validation loss: 0.32633222, Gradient norm: 0.28620194
INFO:root:At the start of the epoch: mem (CPU python)=17861.8359375MB; mem (CPU total)=42196.69140625MB
INFO:root:[  202] Training loss: 0.32115428, Validation loss: 0.32639743, Gradient norm: 0.26259859
INFO:root:At the start of the epoch: mem (CPU python)=17883.0MB; mem (CPU total)=42276.8828125MB
INFO:root:[  203] Training loss: 0.32111847, Validation loss: 0.32605033, Gradient norm: 0.27638729
INFO:root:At the start of the epoch: mem (CPU python)=17904.1640625MB; mem (CPU total)=42357.6015625MB
INFO:root:[  204] Training loss: 0.32108880, Validation loss: 0.32580416, Gradient norm: 0.29099548
INFO:root:At the start of the epoch: mem (CPU python)=17925.328125MB; mem (CPU total)=42436.62890625MB
INFO:root:[  205] Training loss: 0.32138583, Validation loss: 0.32592427, Gradient norm: 0.28319379
INFO:root:At the start of the epoch: mem (CPU python)=17946.48828125MB; mem (CPU total)=42519.984375MB
INFO:root:[  206] Training loss: 0.32141302, Validation loss: 0.32543525, Gradient norm: 0.28823607
INFO:root:At the start of the epoch: mem (CPU python)=17967.65625MB; mem (CPU total)=42597.25390625MB
INFO:root:[  207] Training loss: 0.32188734, Validation loss: 0.32592356, Gradient norm: 0.29495587
INFO:root:At the start of the epoch: mem (CPU python)=17988.8203125MB; mem (CPU total)=42680.44921875MB
INFO:root:[  208] Training loss: 0.32093813, Validation loss: 0.32550397, Gradient norm: 0.28523385
INFO:root:At the start of the epoch: mem (CPU python)=18009.984375MB; mem (CPU total)=42754.98046875MB
INFO:root:[  209] Training loss: 0.32117114, Validation loss: 0.32578179, Gradient norm: 0.28539698
INFO:root:At the start of the epoch: mem (CPU python)=18031.1484375MB; mem (CPU total)=42840.34375MB
INFO:root:[  210] Training loss: 0.32029566, Validation loss: 0.32555460, Gradient norm: 0.27731459
INFO:root:At the start of the epoch: mem (CPU python)=18052.30859375MB; mem (CPU total)=42913.234375MB
INFO:root:[  211] Training loss: 0.32034787, Validation loss: 0.32522415, Gradient norm: 0.28182353
INFO:root:At the start of the epoch: mem (CPU python)=18073.4765625MB; mem (CPU total)=42997.59765625MB
INFO:root:[  212] Training loss: 0.32034790, Validation loss: 0.32509343, Gradient norm: 0.27805219
INFO:root:At the start of the epoch: mem (CPU python)=18094.640625MB; mem (CPU total)=43072.1953125MB
INFO:root:[  213] Training loss: 0.32073148, Validation loss: 0.32522148, Gradient norm: 0.28079979
INFO:root:At the start of the epoch: mem (CPU python)=18115.8046875MB; mem (CPU total)=43150.83984375MB
INFO:root:[  214] Training loss: 0.32073428, Validation loss: 0.32522376, Gradient norm: 0.28904281
INFO:root:At the start of the epoch: mem (CPU python)=18136.96875MB; mem (CPU total)=43221.7265625MB
INFO:root:[  215] Training loss: 0.32014595, Validation loss: 0.32532506, Gradient norm: 0.29410559
INFO:root:At the start of the epoch: mem (CPU python)=18158.1328125MB; mem (CPU total)=43290.6328125MB
INFO:root:[  216] Training loss: 0.32086594, Validation loss: 0.32492590, Gradient norm: 0.29861389
INFO:root:At the start of the epoch: mem (CPU python)=18179.30078125MB; mem (CPU total)=43362.6328125MB
INFO:root:[  217] Training loss: 0.32075134, Validation loss: 0.32482232, Gradient norm: 0.27888621
INFO:root:At the start of the epoch: mem (CPU python)=18200.46484375MB; mem (CPU total)=43432.21484375MB
INFO:root:[  218] Training loss: 0.32050349, Validation loss: 0.32480699, Gradient norm: 0.27637510
INFO:root:At the start of the epoch: mem (CPU python)=18221.62890625MB; mem (CPU total)=43502.83984375MB
INFO:root:[  219] Training loss: 0.32043860, Validation loss: 0.32521218, Gradient norm: 0.29249659
INFO:root:At the start of the epoch: mem (CPU python)=18242.7890625MB; mem (CPU total)=43572.73046875MB
INFO:root:[  220] Training loss: 0.32041139, Validation loss: 0.32505252, Gradient norm: 0.27151946
INFO:root:At the start of the epoch: mem (CPU python)=18263.953125MB; mem (CPU total)=43642.8671875MB
INFO:root:[  221] Training loss: 0.32037405, Validation loss: 0.32496796, Gradient norm: 0.28605555
INFO:root:At the start of the epoch: mem (CPU python)=18285.11328125MB; mem (CPU total)=43714.75390625MB
INFO:root:[  222] Training loss: 0.32036743, Validation loss: 0.32507355, Gradient norm: 0.30733727
INFO:root:At the start of the epoch: mem (CPU python)=18306.28125MB; mem (CPU total)=43783.13671875MB
INFO:root:[  223] Training loss: 0.32027972, Validation loss: 0.32458377, Gradient norm: 0.29514088
INFO:root:At the start of the epoch: mem (CPU python)=18327.4453125MB; mem (CPU total)=43853.0859375MB
INFO:root:[  224] Training loss: 0.32027726, Validation loss: 0.32512484, Gradient norm: 0.29184499
INFO:root:At the start of the epoch: mem (CPU python)=18348.609375MB; mem (CPU total)=43923.0234375MB
INFO:root:[  225] Training loss: 0.31950184, Validation loss: 0.32463040, Gradient norm: 0.28927138
INFO:root:At the start of the epoch: mem (CPU python)=18369.7734375MB; mem (CPU total)=43994.390625MB
INFO:root:[  226] Training loss: 0.31996847, Validation loss: 0.32461507, Gradient norm: 0.27538583
INFO:root:At the start of the epoch: mem (CPU python)=18390.9375MB; mem (CPU total)=44064.52734375MB
INFO:root:[  227] Training loss: 0.31913564, Validation loss: 0.32489330, Gradient norm: 0.27203570
INFO:root:At the start of the epoch: mem (CPU python)=18412.10546875MB; mem (CPU total)=44134.609375MB
INFO:root:[  228] Training loss: 0.31993640, Validation loss: 0.32467038, Gradient norm: 0.26745323
INFO:root:At the start of the epoch: mem (CPU python)=18433.26953125MB; mem (CPU total)=44207.69921875MB
INFO:root:[  229] Training loss: 0.31985250, Validation loss: 0.32443970, Gradient norm: 0.28453959
INFO:root:At the start of the epoch: mem (CPU python)=18454.43359375MB; mem (CPU total)=44280.05078125MB
INFO:root:[  230] Training loss: 0.31967594, Validation loss: 0.32446168, Gradient norm: 0.27498830
INFO:root:At the start of the epoch: mem (CPU python)=18475.59765625MB; mem (CPU total)=44355.04296875MB
INFO:root:[  231] Training loss: 0.31956269, Validation loss: 0.32465714, Gradient norm: 0.27680793
INFO:root:At the start of the epoch: mem (CPU python)=18496.76171875MB; mem (CPU total)=44426.81640625MB
INFO:root:[  232] Training loss: 0.32007161, Validation loss: 0.32485066, Gradient norm: 0.28519898
INFO:root:At the start of the epoch: mem (CPU python)=18517.92578125MB; mem (CPU total)=44498.4921875MB
INFO:root:[  233] Training loss: 0.31956163, Validation loss: 0.32434126, Gradient norm: 0.27883706
INFO:root:At the start of the epoch: mem (CPU python)=18539.09375MB; mem (CPU total)=44553.26953125MB
INFO:root:[  234] Training loss: 0.31950842, Validation loss: 0.32480486, Gradient norm: 0.26651818
INFO:root:At the start of the epoch: mem (CPU python)=18560.25390625MB; mem (CPU total)=44597.11328125MB
INFO:root:[  235] Training loss: 0.32024049, Validation loss: 0.32455724, Gradient norm: 0.27830246
INFO:root:At the start of the epoch: mem (CPU python)=18581.421875MB; mem (CPU total)=44640.91015625MB
INFO:root:[  236] Training loss: 0.32004649, Validation loss: 0.32437788, Gradient norm: 0.27869043
INFO:root:At the start of the epoch: mem (CPU python)=18602.5859375MB; mem (CPU total)=44684.9609375MB
INFO:root:[  237] Training loss: 0.31954061, Validation loss: 0.32402480, Gradient norm: 0.26618052
INFO:root:At the start of the epoch: mem (CPU python)=18623.75MB; mem (CPU total)=44728.3046875MB
INFO:root:[  238] Training loss: 0.32015006, Validation loss: 0.32424283, Gradient norm: 0.29433408
INFO:root:At the start of the epoch: mem (CPU python)=18644.90625MB; mem (CPU total)=44784.03125MB
INFO:root:[  239] Training loss: 0.31995277, Validation loss: 0.32426726, Gradient norm: 0.27993917
INFO:root:At the start of the epoch: mem (CPU python)=18666.0703125MB; mem (CPU total)=44833.91796875MB
INFO:root:[  240] Training loss: 0.31979776, Validation loss: 0.32427251, Gradient norm: 0.29109261
INFO:root:At the start of the epoch: mem (CPU python)=18687.23828125MB; mem (CPU total)=44886.66015625MB
INFO:root:[  241] Training loss: 0.31929841, Validation loss: 0.32424696, Gradient norm: 0.27811839
INFO:root:At the start of the epoch: mem (CPU python)=18708.40234375MB; mem (CPU total)=44970.59765625MB
INFO:root:[  242] Training loss: 0.31913378, Validation loss: 0.32372843, Gradient norm: 0.28175378
INFO:root:At the start of the epoch: mem (CPU python)=18729.56640625MB; mem (CPU total)=45054.7265625MB
INFO:root:[  243] Training loss: 0.31981665, Validation loss: 0.32426790, Gradient norm: 0.28431894
INFO:root:At the start of the epoch: mem (CPU python)=18750.73046875MB; mem (CPU total)=45142.66015625MB
INFO:root:[  244] Training loss: 0.31985746, Validation loss: 0.32435014, Gradient norm: 0.27784422
INFO:root:At the start of the epoch: mem (CPU python)=18771.89453125MB; mem (CPU total)=45228.5390625MB
INFO:root:[  245] Training loss: 0.31933557, Validation loss: 0.32416109, Gradient norm: 0.27005538
INFO:root:At the start of the epoch: mem (CPU python)=18793.0625MB; mem (CPU total)=45313.53515625MB
INFO:root:[  246] Training loss: 0.31965968, Validation loss: 0.32429050, Gradient norm: 0.27356100
INFO:root:At the start of the epoch: mem (CPU python)=18814.2265625MB; mem (CPU total)=45401.08203125MB
INFO:root:[  247] Training loss: 0.32001420, Validation loss: 0.32409404, Gradient norm: 0.29358232
INFO:root:At the start of the epoch: mem (CPU python)=18835.390625MB; mem (CPU total)=45488.7421875MB
INFO:root:[  248] Training loss: 0.31937503, Validation loss: 0.32393286, Gradient norm: 0.27950643
INFO:root:At the start of the epoch: mem (CPU python)=18856.55078125MB; mem (CPU total)=45577.26953125MB
INFO:root:[  249] Training loss: 0.31986246, Validation loss: 0.32444466, Gradient norm: 0.27075996
INFO:root:At the start of the epoch: mem (CPU python)=18877.71875MB; mem (CPU total)=45665.2109375MB
INFO:root:[  250] Training loss: 0.31916525, Validation loss: 0.32440958, Gradient norm: 0.26532743
INFO:root:At the start of the epoch: mem (CPU python)=18898.8828125MB; mem (CPU total)=45751.4765625MB
INFO:root:[  251] Training loss: 0.31868321, Validation loss: 0.32402601, Gradient norm: 0.27491121
INFO:root:At the start of the epoch: mem (CPU python)=18920.046875MB; mem (CPU total)=45838.58984375MB
INFO:root:EP 251: Early stopping
INFO:root:After finishing all epochs: mem (CPU python)=18941.2109375MB; mem (CPU total)=45914.234375MB
INFO:root:Training the model took 12655.739s.
INFO:root:Emptying the cuda cache took 0.022s.
INFO:root:Starting evaluation: model SFNO & uncertainty quantification laplace
INFO:root:Evaluating the model on Validation data.
INFO:root:MSEValidation: 0.38246
INFO:root:EnergyScoreValidation: 0.3281
INFO:root:CRPSValidation: 0.14731
INFO:root:Gaussian NLLValidation: 0.29068
INFO:root:CoverageValidation: 0.9913
INFO:root:IntervalWidthValidation: 1.87935
INFO:root:Evaluating the model on Test data.
INFO:root:MSETest: 0.30221
INFO:root:EnergyScoreTest: 0.22051
INFO:root:CRPSTest: 0.09884
INFO:root:Gaussian NLLTest: -0.2166
INFO:root:CoverageTest: 0.95364
INFO:root:IntervalWidthTest: 0.88999
INFO:root:After validation: mem (CPU python)=18988.51171875MB; mem (CPU total)=29806.5859375MB
