,deterministic,deterministic
Statistic,Mean,Std
CRPSValidation,0.11250444501638412,0.004521151073276997
Gaussian NLLValidation,14077668352.0,1402578048.0
CoverageValidation,0.0,0.0
IntervalWidthValidation,0.0,0.0
MSETest,0.321453332901001,0.010553950443863869
EnergyScoreTest,0.31661778688430786,0.010569999925792217
CRPSTest,0.1260399967432022,0.0034627041313797235
Gaussian NLLTest,17453969408.0,1140030976.0
CoverageTest,0.0,0.0
IntervalWidthTest,0.0,0.0
