INFO:root:Starting the logger.
INFO:root:Using cuda.
INFO:root:: mem (CPU python)=583.578125MB; mem (CPU total)=25418.765625MB
INFO:root:############### Starting experiment with config file sswe/sfno_dropout_2_3.ini ###############
INFO:root:###1 out of 1 data set parameter combinations ###
INFO:root:Data parameters: {'dataset_name': 'SSWE', 'max_training_set_size': 5000, 'pred_horizon': 1, 'train_horizon': 2, 'stepwise_evaluation': False}
INFO:root:After loading the datasets: mem (CPU python)=594.421875MB; mem (CPU total)=25425.796875MB
INFO:root:###1 out of 3 training parameter combinations ###
INFO:root:Training parameters: {'seed': 1234567, 'model': 'SFNO', 'uncertainty_quantification': 'dropout', 'batch_size': 32, 'n_epochs': 1000, 'early_stopping': 10, 'init': 'default', 'learning_rate': 0.005, 'lr_schedule': 'step', 'optimizer': 'adam', 'gradient_clipping': 1, 'layer_normalization': True, 'data_loader_pin_memory': False, 'data_loader_num_workers': 0, 'distributed_training': False, 'alpha': 0.05, 'n_samples_uq': 100, 'weight_decay': 0, 'dropout': 0.01, 'fourier_dropout': None, 'hidden_channels': 32, 'projection_channels': 256, 'lifting_channels': 256, 'n_modes': (32, 32), 'n_samples': 3}
INFO:root:After creating the dataloaders: mem (CPU python)=595.87890625MB; mem (CPU total)=25425.796875MB
INFO:root:NumberParameters: 284835
INFO:root:GPU memory allocated: 2097152
INFO:root:After setting up the model: mem (CPU python)=2115.25390625MB; mem (CPU total)=26718.6953125MB
INFO:root:Training starts now.
INFO:root:At the start of the epoch: mem (CPU python)=2124.84375MB; mem (CPU total)=26728.45703125MB
INFO:root:[    1] Training loss: 0.82969872, Validation loss: 0.73911359, Gradient norm: 0.47470191
INFO:root:At the start of the epoch: mem (CPU python)=3097.75MB; mem (CPU total)=27465.3515625MB
INFO:root:[    2] Training loss: 0.73565606, Validation loss: 0.73414976, Gradient norm: 0.25608724
INFO:root:At the start of the epoch: mem (CPU python)=3118.29296875MB; mem (CPU total)=27518.30078125MB
INFO:root:[    3] Training loss: 0.72819123, Validation loss: 0.72317421, Gradient norm: 0.18912260
INFO:root:At the start of the epoch: mem (CPU python)=3141.4375MB; mem (CPU total)=27524.69921875MB
INFO:root:[    4] Training loss: 0.69341109, Validation loss: 0.65444849, Gradient norm: 0.32651172
INFO:root:At the start of the epoch: mem (CPU python)=3162.78125MB; mem (CPU total)=27628.01953125MB
INFO:root:[    5] Training loss: 0.62093046, Validation loss: 0.59487891, Gradient norm: 0.36266507
INFO:root:At the start of the epoch: mem (CPU python)=3185.31640625MB; mem (CPU total)=27679.9453125MB
INFO:root:[    6] Training loss: 0.58200812, Validation loss: 0.57158746, Gradient norm: 0.29777134
INFO:root:At the start of the epoch: mem (CPU python)=3205.46484375MB; mem (CPU total)=27735.21484375MB
INFO:root:[    7] Training loss: 0.56176196, Validation loss: 0.55544334, Gradient norm: 0.32144398
INFO:root:At the start of the epoch: mem (CPU python)=3229.84375MB; mem (CPU total)=27794.046875MB
INFO:root:[    8] Training loss: 0.54666534, Validation loss: 0.53989765, Gradient norm: 0.31487438
INFO:root:At the start of the epoch: mem (CPU python)=3251.0234375MB; mem (CPU total)=27845.48046875MB
INFO:root:[    9] Training loss: 0.53469593, Validation loss: 0.53012333, Gradient norm: 0.26511142
INFO:root:At the start of the epoch: mem (CPU python)=3272.1875MB; mem (CPU total)=27904.01953125MB
INFO:root:[   10] Training loss: 0.51789169, Validation loss: 0.50392561, Gradient norm: 0.29837648
INFO:root:At the start of the epoch: mem (CPU python)=3293.74609375MB; mem (CPU total)=27953.66796875MB
INFO:root:[   11] Training loss: 0.49677406, Validation loss: 0.49171482, Gradient norm: 0.30331400
INFO:root:At the start of the epoch: mem (CPU python)=3315.265625MB; mem (CPU total)=28004.22265625MB
INFO:root:[   12] Training loss: 0.48828191, Validation loss: 0.48574647, Gradient norm: 0.31485440
INFO:root:At the start of the epoch: mem (CPU python)=3336.4296875MB; mem (CPU total)=28065.53125MB
INFO:root:[   13] Training loss: 0.48033550, Validation loss: 0.48074891, Gradient norm: 0.29888416
INFO:root:At the start of the epoch: mem (CPU python)=3357.44921875MB; mem (CPU total)=28112.3515625MB
INFO:root:[   14] Training loss: 0.47439914, Validation loss: 0.47499228, Gradient norm: 0.29090325
INFO:root:At the start of the epoch: mem (CPU python)=3378.36328125MB; mem (CPU total)=28165.00390625MB
INFO:root:[   15] Training loss: 0.46944507, Validation loss: 0.46889404, Gradient norm: 0.33174374
INFO:root:At the start of the epoch: mem (CPU python)=3399.92578125MB; mem (CPU total)=28226.9609375MB
INFO:root:[   16] Training loss: 0.46342950, Validation loss: 0.46167457, Gradient norm: 0.30324388
INFO:root:At the start of the epoch: mem (CPU python)=3421.08984375MB; mem (CPU total)=28280.26953125MB
INFO:root:[   17] Training loss: 0.45849850, Validation loss: 0.45587449, Gradient norm: 0.31325779
INFO:root:At the start of the epoch: mem (CPU python)=3443.0MB; mem (CPU total)=28329.53515625MB
INFO:root:[   18] Training loss: 0.45258181, Validation loss: 0.45123576, Gradient norm: 0.32388873
INFO:root:At the start of the epoch: mem (CPU python)=3462.30859375MB; mem (CPU total)=28388.42578125MB
INFO:root:[   19] Training loss: 0.44637967, Validation loss: 0.44755765, Gradient norm: 0.31949138
INFO:root:At the start of the epoch: mem (CPU python)=3483.84375MB; mem (CPU total)=28438.875MB
INFO:root:[   20] Training loss: 0.44006232, Validation loss: 0.44223924, Gradient norm: 0.33968372
INFO:root:At the start of the epoch: mem (CPU python)=3505.73828125MB; mem (CPU total)=28490.203125MB
INFO:root:[   21] Training loss: 0.43418655, Validation loss: 0.43246899, Gradient norm: 0.35574544
INFO:root:At the start of the epoch: mem (CPU python)=3526.90625MB; mem (CPU total)=28550.265625MB
INFO:root:[   22] Training loss: 0.42870043, Validation loss: 0.43041234, Gradient norm: 0.34064506
INFO:root:At the start of the epoch: mem (CPU python)=3547.03125MB; mem (CPU total)=28599.828125MB
INFO:root:[   23] Training loss: 0.42383367, Validation loss: 0.42478243, Gradient norm: 0.33105373
INFO:root:At the start of the epoch: mem (CPU python)=3568.53125MB; mem (CPU total)=28651.02734375MB
INFO:root:[   24] Training loss: 0.42074720, Validation loss: 0.42134226, Gradient norm: 0.34325093
INFO:root:At the start of the epoch: mem (CPU python)=3590.8671875MB; mem (CPU total)=28714.74609375MB
INFO:root:[   25] Training loss: 0.41718649, Validation loss: 0.41782475, Gradient norm: 0.33461855
INFO:root:At the start of the epoch: mem (CPU python)=3613.06640625MB; mem (CPU total)=28767.37890625MB
INFO:root:[   26] Training loss: 0.41504628, Validation loss: 0.41627183, Gradient norm: 0.35068356
INFO:root:At the start of the epoch: mem (CPU python)=3633.55078125MB; mem (CPU total)=28815.3203125MB
INFO:root:[   27] Training loss: 0.41225835, Validation loss: 0.41534965, Gradient norm: 0.31417507
INFO:root:At the start of the epoch: mem (CPU python)=3653.4765625MB; mem (CPU total)=28875.18359375MB
INFO:root:[   28] Training loss: 0.41094400, Validation loss: 0.41176761, Gradient norm: 0.35293517
INFO:root:At the start of the epoch: mem (CPU python)=3675.01171875MB; mem (CPU total)=28926.609375MB
INFO:root:[   29] Training loss: 0.40881906, Validation loss: 0.41210100, Gradient norm: 0.33131449
INFO:root:At the start of the epoch: mem (CPU python)=3695.86328125MB; mem (CPU total)=28978.27734375MB
INFO:root:[   30] Training loss: 0.40730145, Validation loss: 0.41181345, Gradient norm: 0.31442819
INFO:root:At the start of the epoch: mem (CPU python)=3717.12109375MB; mem (CPU total)=29037.33984375MB
INFO:root:[   31] Training loss: 0.40583596, Validation loss: 0.40831334, Gradient norm: 0.33796534
INFO:root:At the start of the epoch: mem (CPU python)=3739.47265625MB; mem (CPU total)=29090.49609375MB
INFO:root:[   32] Training loss: 0.40474106, Validation loss: 0.40819596, Gradient norm: 0.33489418
INFO:root:At the start of the epoch: mem (CPU python)=3762.5859375MB; mem (CPU total)=29144.65625MB
INFO:root:[   33] Training loss: 0.40317727, Validation loss: 0.40716212, Gradient norm: 0.31360491
INFO:root:At the start of the epoch: mem (CPU python)=3781.59375MB; mem (CPU total)=29202.2734375MB
INFO:root:[   34] Training loss: 0.40180695, Validation loss: 0.40522212, Gradient norm: 0.31056124
INFO:root:At the start of the epoch: mem (CPU python)=3803.91015625MB; mem (CPU total)=29257.3359375MB
INFO:root:[   35] Training loss: 0.40127183, Validation loss: 0.40682189, Gradient norm: 0.33428057
INFO:root:At the start of the epoch: mem (CPU python)=3826.0078125MB; mem (CPU total)=29309.2421875MB
INFO:root:[   36] Training loss: 0.40034809, Validation loss: 0.40306182, Gradient norm: 0.32368763
INFO:root:At the start of the epoch: mem (CPU python)=3847.62109375MB; mem (CPU total)=29366.4296875MB
INFO:root:[   37] Training loss: 0.39892300, Validation loss: 0.40374313, Gradient norm: 0.30623245
INFO:root:At the start of the epoch: mem (CPU python)=3869.6171875MB; mem (CPU total)=29421.76953125MB
INFO:root:[   38] Training loss: 0.39854975, Validation loss: 0.40217199, Gradient norm: 0.31517677
INFO:root:At the start of the epoch: mem (CPU python)=3890.85546875MB; mem (CPU total)=29473.203125MB
INFO:root:[   39] Training loss: 0.39682497, Validation loss: 0.40066592, Gradient norm: 0.30040712
INFO:root:At the start of the epoch: mem (CPU python)=3912.19140625MB; mem (CPU total)=29530.32421875MB
INFO:root:[   40] Training loss: 0.39737191, Validation loss: 0.40034816, Gradient norm: 0.35028437
INFO:root:At the start of the epoch: mem (CPU python)=3933.63671875MB; mem (CPU total)=29586.21875MB
INFO:root:[   41] Training loss: 0.39518510, Validation loss: 0.40199886, Gradient norm: 0.29920671
INFO:root:At the start of the epoch: mem (CPU python)=3955.09765625MB; mem (CPU total)=29640.03515625MB
INFO:root:[   42] Training loss: 0.39486803, Validation loss: 0.39848709, Gradient norm: 0.32691249
INFO:root:At the start of the epoch: mem (CPU python)=3976.265625MB; mem (CPU total)=29698.14453125MB
INFO:root:[   43] Training loss: 0.39406649, Validation loss: 0.39832160, Gradient norm: 0.30185866
INFO:root:At the start of the epoch: mem (CPU python)=3998.1796875MB; mem (CPU total)=29756.28125MB
INFO:root:[   44] Training loss: 0.39307190, Validation loss: 0.39982733, Gradient norm: 0.32347981
INFO:root:At the start of the epoch: mem (CPU python)=4019.44140625MB; mem (CPU total)=29807.91015625MB
INFO:root:[   45] Training loss: 0.39197618, Validation loss: 0.39767311, Gradient norm: 0.30360700
INFO:root:At the start of the epoch: mem (CPU python)=4040.88671875MB; mem (CPU total)=29862.296875MB
INFO:root:[   46] Training loss: 0.39155658, Validation loss: 0.39672421, Gradient norm: 0.31056875
INFO:root:At the start of the epoch: mem (CPU python)=4062.30859375MB; mem (CPU total)=29919.35546875MB
INFO:root:[   47] Training loss: 0.39097403, Validation loss: 0.39590748, Gradient norm: 0.33256203
INFO:root:At the start of the epoch: mem (CPU python)=4083.96875MB; mem (CPU total)=29971.5390625MB
INFO:root:[   48] Training loss: 0.38959722, Validation loss: 0.39634754, Gradient norm: 0.31124782
INFO:root:At the start of the epoch: mem (CPU python)=4105.12890625MB; mem (CPU total)=30021.484375MB
INFO:root:[   49] Training loss: 0.38872151, Validation loss: 0.39376312, Gradient norm: 0.31183390
INFO:root:At the start of the epoch: mem (CPU python)=4126.29296875MB; mem (CPU total)=30080.4453125MB
INFO:root:[   50] Training loss: 0.38748577, Validation loss: 0.39086820, Gradient norm: 0.31610981
INFO:root:At the start of the epoch: mem (CPU python)=4147.45703125MB; mem (CPU total)=30130.87890625MB
INFO:root:[   51] Training loss: 0.38672888, Validation loss: 0.39025290, Gradient norm: 0.34130168
INFO:root:At the start of the epoch: mem (CPU python)=4168.6171875MB; mem (CPU total)=30185.01953125MB
INFO:root:[   52] Training loss: 0.38493058, Validation loss: 0.38844704, Gradient norm: 0.32845807
INFO:root:At the start of the epoch: mem (CPU python)=4189.78515625MB; mem (CPU total)=30247.49609375MB
INFO:root:[   53] Training loss: 0.38344217, Validation loss: 0.38997992, Gradient norm: 0.33258901
INFO:root:At the start of the epoch: mem (CPU python)=4210.94921875MB; mem (CPU total)=30296.46875MB
INFO:root:[   54] Training loss: 0.38203344, Validation loss: 0.39004462, Gradient norm: 0.36512966
INFO:root:At the start of the epoch: mem (CPU python)=4232.11328125MB; mem (CPU total)=30348.8828125MB
INFO:root:[   55] Training loss: 0.38011961, Validation loss: 0.38365679, Gradient norm: 0.32743930
INFO:root:At the start of the epoch: mem (CPU python)=4253.28125MB; mem (CPU total)=30409.41796875MB
INFO:root:[   56] Training loss: 0.37879605, Validation loss: 0.38214410, Gradient norm: 0.33144302
INFO:root:At the start of the epoch: mem (CPU python)=4274.4453125MB; mem (CPU total)=30460.35546875MB
INFO:root:[   57] Training loss: 0.37734387, Validation loss: 0.38155182, Gradient norm: 0.35097431
INFO:root:At the start of the epoch: mem (CPU python)=4295.609375MB; mem (CPU total)=30512.01953125MB
INFO:root:[   58] Training loss: 0.37545592, Validation loss: 0.37975076, Gradient norm: 0.34462420
INFO:root:At the start of the epoch: mem (CPU python)=4316.83984375MB; mem (CPU total)=30572.70703125MB
INFO:root:[   59] Training loss: 0.37393339, Validation loss: 0.37894889, Gradient norm: 0.33049207
INFO:root:At the start of the epoch: mem (CPU python)=4338.3125MB; mem (CPU total)=30624.875MB
INFO:root:[   60] Training loss: 0.37321581, Validation loss: 0.37796158, Gradient norm: 0.35893944
INFO:root:At the start of the epoch: mem (CPU python)=4359.92578125MB; mem (CPU total)=30679.015625MB
INFO:root:[   61] Training loss: 0.37107877, Validation loss: 0.37716285, Gradient norm: 0.33183704
INFO:root:At the start of the epoch: mem (CPU python)=4381.390625MB; mem (CPU total)=30740.5234375MB
INFO:root:[   62] Training loss: 0.37065472, Validation loss: 0.37553171, Gradient norm: 0.34306257
INFO:root:At the start of the epoch: mem (CPU python)=4402.5546875MB; mem (CPU total)=30792.6953125MB
INFO:root:[   63] Training loss: 0.36927460, Validation loss: 0.37277468, Gradient norm: 0.37258676
INFO:root:At the start of the epoch: mem (CPU python)=4424.23828125MB; mem (CPU total)=30845.5859375MB
INFO:root:[   64] Training loss: 0.36774246, Validation loss: 0.37236086, Gradient norm: 0.33186453
INFO:root:At the start of the epoch: mem (CPU python)=4445.63671875MB; mem (CPU total)=30902.6796875MB
INFO:root:[   65] Training loss: 0.36658756, Validation loss: 0.37372035, Gradient norm: 0.36273470
INFO:root:At the start of the epoch: mem (CPU python)=4466.796875MB; mem (CPU total)=30957.3125MB
INFO:root:[   66] Training loss: 0.36499726, Validation loss: 0.36953901, Gradient norm: 0.35170126
INFO:root:At the start of the epoch: mem (CPU python)=4487.9609375MB; mem (CPU total)=31010.2734375MB
INFO:root:[   67] Training loss: 0.36398203, Validation loss: 0.36841745, Gradient norm: 0.36846175
INFO:root:At the start of the epoch: mem (CPU python)=4509.74609375MB; mem (CPU total)=31065.21875MB
INFO:root:[   68] Training loss: 0.36228260, Validation loss: 0.36893228, Gradient norm: 0.37886804
INFO:root:At the start of the epoch: mem (CPU python)=4531.03515625MB; mem (CPU total)=31119.01953125MB
INFO:root:[   69] Training loss: 0.36056932, Validation loss: 0.36723377, Gradient norm: 0.33676496
INFO:root:At the start of the epoch: mem (CPU python)=4552.953125MB; mem (CPU total)=31173.66015625MB
INFO:root:[   70] Training loss: 0.35975530, Validation loss: 0.36703323, Gradient norm: 0.35778590
INFO:root:At the start of the epoch: mem (CPU python)=4574.47265625MB; mem (CPU total)=31235.01171875MB
INFO:root:[   71] Training loss: 0.35884978, Validation loss: 0.36401775, Gradient norm: 0.39691147
INFO:root:At the start of the epoch: mem (CPU python)=4595.65625MB; mem (CPU total)=31289.1015625MB
INFO:root:[   72] Training loss: 0.35760439, Validation loss: 0.36370328, Gradient norm: 0.37566588
INFO:root:At the start of the epoch: mem (CPU python)=4616.8203125MB; mem (CPU total)=31338.31640625MB
INFO:root:[   73] Training loss: 0.35688232, Validation loss: 0.36180613, Gradient norm: 0.39514412
INFO:root:At the start of the epoch: mem (CPU python)=4637.984375MB; mem (CPU total)=31392.71484375MB
INFO:root:[   74] Training loss: 0.35476416, Validation loss: 0.36100412, Gradient norm: 0.36152419
INFO:root:At the start of the epoch: mem (CPU python)=4659.15234375MB; mem (CPU total)=31456.0859375MB
INFO:root:[   75] Training loss: 0.35439973, Validation loss: 0.36083459, Gradient norm: 0.41122271
INFO:root:At the start of the epoch: mem (CPU python)=4680.6875MB; mem (CPU total)=31504.2109375MB
INFO:root:[   76] Training loss: 0.35349538, Validation loss: 0.35711961, Gradient norm: 0.38854566
INFO:root:At the start of the epoch: mem (CPU python)=4701.8515625MB; mem (CPU total)=31508.73828125MB
INFO:root:[   77] Training loss: 0.35130215, Validation loss: 0.35696433, Gradient norm: 0.40793746
INFO:root:At the start of the epoch: mem (CPU python)=4723.015625MB; mem (CPU total)=31618.35546875MB
INFO:root:[   78] Training loss: 0.35022394, Validation loss: 0.35344159, Gradient norm: 0.40311393
INFO:root:At the start of the epoch: mem (CPU python)=4744.1796875MB; mem (CPU total)=31660.57421875MB
INFO:root:[   79] Training loss: 0.34769965, Validation loss: 0.35292537, Gradient norm: 0.37231375
INFO:root:At the start of the epoch: mem (CPU python)=4765.34375MB; mem (CPU total)=31715.21875MB
INFO:root:[   80] Training loss: 0.34705885, Validation loss: 0.35253646, Gradient norm: 0.40942392
INFO:root:At the start of the epoch: mem (CPU python)=4786.5078125MB; mem (CPU total)=31761.46484375MB
INFO:root:[   81] Training loss: 0.34420603, Validation loss: 0.34841548, Gradient norm: 0.38928340
INFO:root:At the start of the epoch: mem (CPU python)=4807.67578125MB; mem (CPU total)=31811.67578125MB
INFO:root:[   82] Training loss: 0.34276601, Validation loss: 0.35152394, Gradient norm: 0.42738414
INFO:root:At the start of the epoch: mem (CPU python)=4828.83984375MB; mem (CPU total)=31860.1640625MB
INFO:root:[   83] Training loss: 0.34113617, Validation loss: 0.34472505, Gradient norm: 0.41090043
INFO:root:At the start of the epoch: mem (CPU python)=4850.00390625MB; mem (CPU total)=31910.625MB
INFO:root:[   84] Training loss: 0.33916209, Validation loss: 0.34492745, Gradient norm: 0.40959746
INFO:root:At the start of the epoch: mem (CPU python)=4871.1640625MB; mem (CPU total)=31960.21875MB
INFO:root:[   85] Training loss: 0.33726508, Validation loss: 0.34398921, Gradient norm: 0.43531457
INFO:root:At the start of the epoch: mem (CPU python)=4892.89453125MB; mem (CPU total)=32009.2890625MB
INFO:root:[   86] Training loss: 0.33681229, Validation loss: 0.34196392, Gradient norm: 0.44368614
INFO:root:At the start of the epoch: mem (CPU python)=4914.30859375MB; mem (CPU total)=32062.23828125MB
INFO:root:[   87] Training loss: 0.33358627, Validation loss: 0.33905478, Gradient norm: 0.41517706
INFO:root:At the start of the epoch: mem (CPU python)=4935.78125MB; mem (CPU total)=32110.18359375MB
INFO:root:[   88] Training loss: 0.33300722, Validation loss: 0.34210179, Gradient norm: 0.42789746
INFO:root:At the start of the epoch: mem (CPU python)=4956.1953125MB; mem (CPU total)=32163.84375MB
INFO:root:[   89] Training loss: 0.33113789, Validation loss: 0.33704063, Gradient norm: 0.42747600
INFO:root:At the start of the epoch: mem (CPU python)=4977.453125MB; mem (CPU total)=32213.56640625MB
INFO:root:[   90] Training loss: 0.32933729, Validation loss: 0.33420201, Gradient norm: 0.43468939
INFO:root:At the start of the epoch: mem (CPU python)=4998.90625MB; mem (CPU total)=32215.28125MB
INFO:root:[   91] Training loss: 0.32795323, Validation loss: 0.33445835, Gradient norm: 0.45939596
INFO:root:At the start of the epoch: mem (CPU python)=5020.0703125MB; mem (CPU total)=32311.4375MB
INFO:root:[   92] Training loss: 0.32635473, Validation loss: 0.33302406, Gradient norm: 0.45859578
INFO:root:At the start of the epoch: mem (CPU python)=5041.94140625MB; mem (CPU total)=32360.43359375MB
INFO:root:[   93] Training loss: 0.32453537, Validation loss: 0.33256999, Gradient norm: 0.43663086
INFO:root:At the start of the epoch: mem (CPU python)=5063.44921875MB; mem (CPU total)=32409.55859375MB
INFO:root:[   94] Training loss: 0.32437575, Validation loss: 0.33155765, Gradient norm: 0.49407171
INFO:root:At the start of the epoch: mem (CPU python)=5084.69140625MB; mem (CPU total)=32459.37890625MB
INFO:root:[   95] Training loss: 0.32126396, Validation loss: 0.32707257, Gradient norm: 0.42784990
INFO:root:At the start of the epoch: mem (CPU python)=5106.2265625MB; mem (CPU total)=32508.609375MB
INFO:root:[   96] Training loss: 0.32012598, Validation loss: 0.32827705, Gradient norm: 0.46599503
INFO:root:At the start of the epoch: mem (CPU python)=5128.046875MB; mem (CPU total)=32565.74609375MB
INFO:root:[   97] Training loss: 0.31982155, Validation loss: 0.33064360, Gradient norm: 0.48755301
INFO:root:At the start of the epoch: mem (CPU python)=5149.6796875MB; mem (CPU total)=32617.41796875MB
INFO:root:[   98] Training loss: 0.31789999, Validation loss: 0.32518308, Gradient norm: 0.45066488
INFO:root:At the start of the epoch: mem (CPU python)=5170.84765625MB; mem (CPU total)=32667.38671875MB
INFO:root:[   99] Training loss: 0.31680062, Validation loss: 0.32603845, Gradient norm: 0.49106910
INFO:root:At the start of the epoch: mem (CPU python)=5192.01171875MB; mem (CPU total)=32718.28125MB
INFO:root:[  100] Training loss: 0.31503980, Validation loss: 0.32450696, Gradient norm: 0.44690820
INFO:root:At the start of the epoch: mem (CPU python)=5213.17578125MB; mem (CPU total)=32765.29296875MB
INFO:root:[  101] Training loss: 0.31475309, Validation loss: 0.32116001, Gradient norm: 0.49711482
INFO:root:At the start of the epoch: mem (CPU python)=5234.33984375MB; mem (CPU total)=32819.8359375MB
INFO:root:[  102] Training loss: 0.31387429, Validation loss: 0.32090714, Gradient norm: 0.47250808
INFO:root:At the start of the epoch: mem (CPU python)=5255.5MB; mem (CPU total)=32864.9453125MB
INFO:root:[  103] Training loss: 0.31182505, Validation loss: 0.32028039, Gradient norm: 0.45661693
INFO:root:At the start of the epoch: mem (CPU python)=5276.6640625MB; mem (CPU total)=32915.65234375MB
INFO:root:[  104] Training loss: 0.31151894, Validation loss: 0.32047847, Gradient norm: 0.48230216
INFO:root:At the start of the epoch: mem (CPU python)=5297.87890625MB; mem (CPU total)=32965.11328125MB
INFO:root:[  105] Training loss: 0.31062666, Validation loss: 0.31945164, Gradient norm: 0.48410602
INFO:root:At the start of the epoch: mem (CPU python)=5319.65234375MB; mem (CPU total)=33016.4921875MB
INFO:root:[  106] Training loss: 0.30981399, Validation loss: 0.31728845, Gradient norm: 0.48411219
INFO:root:At the start of the epoch: mem (CPU python)=5341.65625MB; mem (CPU total)=33065.31640625MB
INFO:root:[  107] Training loss: 0.30856785, Validation loss: 0.31461777, Gradient norm: 0.46969158
INFO:root:At the start of the epoch: mem (CPU python)=5362.8203125MB; mem (CPU total)=33120.70703125MB
INFO:root:[  108] Training loss: 0.30839536, Validation loss: 0.31744342, Gradient norm: 0.51740934
INFO:root:At the start of the epoch: mem (CPU python)=5383.984375MB; mem (CPU total)=33171.109375MB
INFO:root:[  109] Training loss: 0.30737256, Validation loss: 0.31580852, Gradient norm: 0.47024945
INFO:root:At the start of the epoch: mem (CPU python)=5405.2265625MB; mem (CPU total)=33217.38671875MB
INFO:root:[  110] Training loss: 0.30623451, Validation loss: 0.31517254, Gradient norm: 0.51993386
INFO:root:At the start of the epoch: mem (CPU python)=5426.69140625MB; mem (CPU total)=33269.0625MB
INFO:root:[  111] Training loss: 0.30688450, Validation loss: 0.31453434, Gradient norm: 0.51162732
INFO:root:At the start of the epoch: mem (CPU python)=5447.85546875MB; mem (CPU total)=33318.6015625MB
INFO:root:[  112] Training loss: 0.30481877, Validation loss: 0.31076354, Gradient norm: 0.47270187
INFO:root:At the start of the epoch: mem (CPU python)=5469.01953125MB; mem (CPU total)=33371.24609375MB
INFO:root:[  113] Training loss: 0.30434061, Validation loss: 0.31388518, Gradient norm: 0.48128896
INFO:root:At the start of the epoch: mem (CPU python)=5490.18359375MB; mem (CPU total)=33417.9609375MB
INFO:root:[  114] Training loss: 0.30367102, Validation loss: 0.31334414, Gradient norm: 0.47723878
INFO:root:At the start of the epoch: mem (CPU python)=5511.34375MB; mem (CPU total)=33468.3203125MB
INFO:root:[  115] Training loss: 0.30343750, Validation loss: 0.31291322, Gradient norm: 0.52394892
INFO:root:At the start of the epoch: mem (CPU python)=5532.51171875MB; mem (CPU total)=33516.41796875MB
INFO:root:[  116] Training loss: 0.30265991, Validation loss: 0.31065897, Gradient norm: 0.50586416
INFO:root:At the start of the epoch: mem (CPU python)=5553.85546875MB; mem (CPU total)=33572.59765625MB
INFO:root:[  117] Training loss: 0.30130195, Validation loss: 0.31177565, Gradient norm: 0.49792662
INFO:root:At the start of the epoch: mem (CPU python)=5575.21484375MB; mem (CPU total)=33622.25390625MB
INFO:root:[  118] Training loss: 0.30256062, Validation loss: 0.31308268, Gradient norm: 0.52961594
INFO:root:At the start of the epoch: mem (CPU python)=5597.00390625MB; mem (CPU total)=33675.9140625MB
INFO:root:[  119] Training loss: 0.30068904, Validation loss: 0.30898177, Gradient norm: 0.49614514
INFO:root:At the start of the epoch: mem (CPU python)=5618.40625MB; mem (CPU total)=33673.54296875MB
INFO:root:[  120] Training loss: 0.30111530, Validation loss: 0.30944289, Gradient norm: 0.52920877
INFO:root:At the start of the epoch: mem (CPU python)=5639.7421875MB; mem (CPU total)=33772.40234375MB
INFO:root:[  121] Training loss: 0.29852110, Validation loss: 0.30936455, Gradient norm: 0.45474542
INFO:root:At the start of the epoch: mem (CPU python)=5661.75MB; mem (CPU total)=33822.37109375MB
INFO:root:[  122] Training loss: 0.30026611, Validation loss: 0.30770101, Gradient norm: 0.55731730
INFO:root:At the start of the epoch: mem (CPU python)=5682.9140625MB; mem (CPU total)=33875.10546875MB
INFO:root:[  123] Training loss: 0.29769724, Validation loss: 0.30677652, Gradient norm: 0.49936747
INFO:root:At the start of the epoch: mem (CPU python)=5704.08203125MB; mem (CPU total)=33925.21875MB
INFO:root:[  124] Training loss: 0.29833316, Validation loss: 0.30932633, Gradient norm: 0.54311224
INFO:root:At the start of the epoch: mem (CPU python)=5725.25MB; mem (CPU total)=33975.23046875MB
INFO:root:[  125] Training loss: 0.29680687, Validation loss: 0.30753717, Gradient norm: 0.49908787
INFO:root:At the start of the epoch: mem (CPU python)=5746.5546875MB; mem (CPU total)=34026.671875MB
INFO:root:[  126] Training loss: 0.29743341, Validation loss: 0.30441145, Gradient norm: 0.54901643
INFO:root:At the start of the epoch: mem (CPU python)=5768.71484375MB; mem (CPU total)=34078.8203125MB
INFO:root:[  127] Training loss: 0.29504061, Validation loss: 0.30469675, Gradient norm: 0.47791245
INFO:root:At the start of the epoch: mem (CPU python)=5790.640625MB; mem (CPU total)=34134.26171875MB
INFO:root:[  128] Training loss: 0.29575909, Validation loss: 0.30696367, Gradient norm: 0.53087956
INFO:root:At the start of the epoch: mem (CPU python)=5811.8203125MB; mem (CPU total)=34181.31640625MB
INFO:root:[  129] Training loss: 0.29497805, Validation loss: 0.30540575, Gradient norm: 0.51355287
INFO:root:At the start of the epoch: mem (CPU python)=5832.9921875MB; mem (CPU total)=34234.25MB
INFO:root:[  130] Training loss: 0.29594074, Validation loss: 0.30520664, Gradient norm: 0.56604082
INFO:root:At the start of the epoch: mem (CPU python)=5854.15625MB; mem (CPU total)=34280.37109375MB
INFO:root:[  131] Training loss: 0.29435001, Validation loss: 0.30174831, Gradient norm: 0.52481846
INFO:root:At the start of the epoch: mem (CPU python)=5875.3359375MB; mem (CPU total)=34333.8359375MB
INFO:root:[  132] Training loss: 0.29365656, Validation loss: 0.30203078, Gradient norm: 0.50682584
INFO:root:At the start of the epoch: mem (CPU python)=5896.50390625MB; mem (CPU total)=34381.625MB
INFO:root:[  133] Training loss: 0.29333921, Validation loss: 0.30361149, Gradient norm: 0.52608700
INFO:root:At the start of the epoch: mem (CPU python)=5917.67578125MB; mem (CPU total)=34434.6953125MB
INFO:root:[  134] Training loss: 0.29270751, Validation loss: 0.30190538, Gradient norm: 0.51840543
INFO:root:At the start of the epoch: mem (CPU python)=5938.85546875MB; mem (CPU total)=34482.19921875MB
INFO:root:[  135] Training loss: 0.29339804, Validation loss: 0.30593413, Gradient norm: 0.55505423
INFO:root:At the start of the epoch: mem (CPU python)=5960.0390625MB; mem (CPU total)=34534.68359375MB
INFO:root:[  136] Training loss: 0.29287819, Validation loss: 0.30153463, Gradient norm: 0.55216567
INFO:root:At the start of the epoch: mem (CPU python)=5981.56640625MB; mem (CPU total)=34582.98828125MB
INFO:root:[  137] Training loss: 0.29208440, Validation loss: 0.30350271, Gradient norm: 0.54107823
INFO:root:At the start of the epoch: mem (CPU python)=6002.765625MB; mem (CPU total)=34637.62109375MB
INFO:root:[  138] Training loss: 0.29099721, Validation loss: 0.30559356, Gradient norm: 0.53107124
INFO:root:At the start of the epoch: mem (CPU python)=6024.296875MB; mem (CPU total)=34689.05859375MB
INFO:root:[  139] Training loss: 0.29003608, Validation loss: 0.30067645, Gradient norm: 0.49890685
INFO:root:At the start of the epoch: mem (CPU python)=6046.21484375MB; mem (CPU total)=34737.609375MB
INFO:root:[  140] Training loss: 0.29088544, Validation loss: 0.30421218, Gradient norm: 0.56780728
INFO:root:At the start of the epoch: mem (CPU python)=6067.4765625MB; mem (CPU total)=34789.3203125MB
INFO:root:[  141] Training loss: 0.29010252, Validation loss: 0.30319824, Gradient norm: 0.53098933
INFO:root:At the start of the epoch: mem (CPU python)=6088.93359375MB; mem (CPU total)=34838.2109375MB
INFO:root:[  142] Training loss: 0.28962391, Validation loss: 0.30427854, Gradient norm: 0.56593693
INFO:root:At the start of the epoch: mem (CPU python)=6110.09375MB; mem (CPU total)=34890.5625MB
INFO:root:[  143] Training loss: 0.28886503, Validation loss: 0.29824385, Gradient norm: 0.51769356
INFO:root:At the start of the epoch: mem (CPU python)=6131.26171875MB; mem (CPU total)=34938.12109375MB
INFO:root:[  144] Training loss: 0.28962878, Validation loss: 0.30468580, Gradient norm: 0.58011755
INFO:root:At the start of the epoch: mem (CPU python)=6152.4296875MB; mem (CPU total)=34992.0546875MB
INFO:root:[  145] Training loss: 0.28860156, Validation loss: 0.29943628, Gradient norm: 0.55343606
INFO:root:At the start of the epoch: mem (CPU python)=6173.6015625MB; mem (CPU total)=35038.33984375MB
INFO:root:[  146] Training loss: 0.28836611, Validation loss: 0.29926653, Gradient norm: 0.53108598
INFO:root:At the start of the epoch: mem (CPU python)=6194.765625MB; mem (CPU total)=35086.4921875MB
INFO:root:[  147] Training loss: 0.28836691, Validation loss: 0.30146096, Gradient norm: 0.56685750
INFO:root:At the start of the epoch: mem (CPU python)=6215.94140625MB; mem (CPU total)=35139.765625MB
INFO:root:[  148] Training loss: 0.28794606, Validation loss: 0.29979643, Gradient norm: 0.55358962
INFO:root:At the start of the epoch: mem (CPU python)=6237.11328125MB; mem (CPU total)=35193.79296875MB
INFO:root:[  149] Training loss: 0.28718992, Validation loss: 0.29666445, Gradient norm: 0.56346732
INFO:root:At the start of the epoch: mem (CPU python)=6258.2890625MB; mem (CPU total)=35240.58984375MB
INFO:root:[  150] Training loss: 0.28705947, Validation loss: 0.29863856, Gradient norm: 0.57083105
INFO:root:At the start of the epoch: mem (CPU python)=6279.47265625MB; mem (CPU total)=35292.0078125MB
INFO:root:[  151] Training loss: 0.28700999, Validation loss: 0.29556326, Gradient norm: 0.55235571
INFO:root:At the start of the epoch: mem (CPU python)=6300.65625MB; mem (CPU total)=35339.48046875MB
INFO:root:[  152] Training loss: 0.28624339, Validation loss: 0.29424345, Gradient norm: 0.55701220
INFO:root:At the start of the epoch: mem (CPU python)=6322.51953125MB; mem (CPU total)=35393.03125MB
INFO:root:[  153] Training loss: 0.28500728, Validation loss: 0.29965683, Gradient norm: 0.54569661
INFO:root:At the start of the epoch: mem (CPU python)=6344.16015625MB; mem (CPU total)=35442.72265625MB
INFO:root:[  154] Training loss: 0.28675372, Validation loss: 0.29476132, Gradient norm: 0.58146058
INFO:root:At the start of the epoch: mem (CPU python)=6365.32421875MB; mem (CPU total)=35493.84375MB
INFO:root:[  155] Training loss: 0.28511057, Validation loss: 0.29694718, Gradient norm: 0.55313037
INFO:root:At the start of the epoch: mem (CPU python)=6386.6953125MB; mem (CPU total)=35544.28515625MB
INFO:root:[  156] Training loss: 0.28565216, Validation loss: 0.29760721, Gradient norm: 0.56884958
INFO:root:At the start of the epoch: mem (CPU python)=6407.984375MB; mem (CPU total)=35594.2421875MB
INFO:root:[  157] Training loss: 0.28511057, Validation loss: 0.29753466, Gradient norm: 0.56783982
INFO:root:At the start of the epoch: mem (CPU python)=6429.1953125MB; mem (CPU total)=35646.62890625MB
INFO:root:[  158] Training loss: 0.28392289, Validation loss: 0.29835195, Gradient norm: 0.53412546
INFO:root:At the start of the epoch: mem (CPU python)=6450.359375MB; mem (CPU total)=35698.55078125MB
INFO:root:Learning rate reduced to: 0.0025
INFO:root:[  159] Training loss: 0.28560710, Validation loss: 0.29867913, Gradient norm: 0.62713151
INFO:root:At the start of the epoch: mem (CPU python)=6471.52734375MB; mem (CPU total)=35752.3984375MB
INFO:root:Learning rate reduced to: 0.00125
INFO:root:[  160] Training loss: 0.27579244, Validation loss: 0.28836396, Gradient norm: 0.30081781
INFO:root:At the start of the epoch: mem (CPU python)=6492.69140625MB; mem (CPU total)=35797.49609375MB
INFO:root:[  161] Training loss: 0.27227092, Validation loss: 0.28626747, Gradient norm: 0.19809550
INFO:root:At the start of the epoch: mem (CPU python)=6514.5078125MB; mem (CPU total)=35852.23828125MB
INFO:root:[  162] Training loss: 0.27203201, Validation loss: 0.28610432, Gradient norm: 0.21879657
INFO:root:At the start of the epoch: mem (CPU python)=6535.765625MB; mem (CPU total)=35899.04296875MB
INFO:root:[  163] Training loss: 0.27114675, Validation loss: 0.28589333, Gradient norm: 0.21544244
INFO:root:At the start of the epoch: mem (CPU python)=6557.6796875MB; mem (CPU total)=35951.70703125MB
INFO:root:[  164] Training loss: 0.27131751, Validation loss: 0.28507673, Gradient norm: 0.24410273
INFO:root:At the start of the epoch: mem (CPU python)=6578.84375MB; mem (CPU total)=35999.66015625MB
INFO:root:[  165] Training loss: 0.27120973, Validation loss: 0.28473232, Gradient norm: 0.23086072
INFO:root:At the start of the epoch: mem (CPU python)=6600.01171875MB; mem (CPU total)=36052.2734375MB
INFO:root:[  166] Training loss: 0.27066969, Validation loss: 0.28694413, Gradient norm: 0.25435440
INFO:root:At the start of the epoch: mem (CPU python)=6621.171875MB; mem (CPU total)=36100.2109375MB
INFO:root:[  167] Training loss: 0.27122472, Validation loss: 0.28543068, Gradient norm: 0.27182732
INFO:root:At the start of the epoch: mem (CPU python)=6642.34375MB; mem (CPU total)=36151.890625MB
INFO:root:[  168] Training loss: 0.27115421, Validation loss: 0.28479661, Gradient norm: 0.26118426
INFO:root:At the start of the epoch: mem (CPU python)=6663.73828125MB; mem (CPU total)=36203.109375MB
INFO:root:[  169] Training loss: 0.27038922, Validation loss: 0.28534582, Gradient norm: 0.26985274
INFO:root:At the start of the epoch: mem (CPU python)=6685.41796875MB; mem (CPU total)=36257.265625MB
INFO:root:[  170] Training loss: 0.27040812, Validation loss: 0.28586860, Gradient norm: 0.28661308
INFO:root:At the start of the epoch: mem (CPU python)=6706.578125MB; mem (CPU total)=36305.0078125MB
INFO:root:[  171] Training loss: 0.26986560, Validation loss: 0.28580232, Gradient norm: 0.29243221
INFO:root:At the start of the epoch: mem (CPU python)=6727.74609375MB; mem (CPU total)=36356.1640625MB
INFO:root:Learning rate reduced to: 0.000625
INFO:root:[  172] Training loss: 0.27069899, Validation loss: 0.28505876, Gradient norm: 0.30060865
INFO:root:At the start of the epoch: mem (CPU python)=6748.96875MB; mem (CPU total)=36405.859375MB
INFO:root:Learning rate reduced to: 0.0003125
INFO:root:[  173] Training loss: 0.26878545, Validation loss: 0.28308692, Gradient norm: 0.20303449
INFO:root:At the start of the epoch: mem (CPU python)=6770.25390625MB; mem (CPU total)=36456.30859375MB
INFO:root:[  174] Training loss: 0.26741157, Validation loss: 0.28283284, Gradient norm: 0.16404347
INFO:root:At the start of the epoch: mem (CPU python)=6792.4453125MB; mem (CPU total)=36508.19140625MB
INFO:root:[  175] Training loss: 0.26667041, Validation loss: 0.28299129, Gradient norm: 0.16551029
INFO:root:At the start of the epoch: mem (CPU python)=6813.90625MB; mem (CPU total)=36558.14453125MB
INFO:root:[  176] Training loss: 0.26756314, Validation loss: 0.28369043, Gradient norm: 0.17535140
INFO:root:At the start of the epoch: mem (CPU python)=6835.7890625MB; mem (CPU total)=36611.76171875MB
INFO:root:[  177] Training loss: 0.26703553, Validation loss: 0.28296790, Gradient norm: 0.17473692
INFO:root:At the start of the epoch: mem (CPU python)=6857.36328125MB; mem (CPU total)=36659.51953125MB
INFO:root:[  178] Training loss: 0.26702511, Validation loss: 0.28300573, Gradient norm: 0.17939327
INFO:root:At the start of the epoch: mem (CPU python)=6878.52734375MB; mem (CPU total)=36714.93359375MB
INFO:root:[  179] Training loss: 0.26673704, Validation loss: 0.28272246, Gradient norm: 0.18432408
INFO:root:At the start of the epoch: mem (CPU python)=6899.6875MB; mem (CPU total)=36764.1484375MB
INFO:root:[  180] Training loss: 0.26713656, Validation loss: 0.28146428, Gradient norm: 0.17862979
INFO:root:At the start of the epoch: mem (CPU python)=6920.8515625MB; mem (CPU total)=36820.0078125MB
INFO:root:[  181] Training loss: 0.26715706, Validation loss: 0.28263410, Gradient norm: 0.18569232
INFO:root:At the start of the epoch: mem (CPU python)=6942.015625MB; mem (CPU total)=36864.55078125MB
INFO:root:[  182] Training loss: 0.26680697, Validation loss: 0.28249762, Gradient norm: 0.19238826
INFO:root:At the start of the epoch: mem (CPU python)=6963.1796875MB; mem (CPU total)=36917.703125MB
INFO:root:[  183] Training loss: 0.26752566, Validation loss: 0.28309400, Gradient norm: 0.19276278
INFO:root:At the start of the epoch: mem (CPU python)=6984.34765625MB; mem (CPU total)=36965.67578125MB
INFO:root:[  184] Training loss: 0.26651859, Validation loss: 0.28307652, Gradient norm: 0.18942111
INFO:root:At the start of the epoch: mem (CPU python)=7005.51171875MB; mem (CPU total)=37017.5390625MB
INFO:root:[  185] Training loss: 0.26684709, Validation loss: 0.28244507, Gradient norm: 0.18594315
INFO:root:At the start of the epoch: mem (CPU python)=7026.67578125MB; mem (CPU total)=37065.28125MB
INFO:root:[  186] Training loss: 0.26697607, Validation loss: 0.28278723, Gradient norm: 0.20471466
INFO:root:At the start of the epoch: mem (CPU python)=7048.2734375MB; mem (CPU total)=37117.65234375MB
INFO:root:Learning rate reduced to: 0.00015625
INFO:root:[  187] Training loss: 0.26685606, Validation loss: 0.28310693, Gradient norm: 0.20188122
INFO:root:At the start of the epoch: mem (CPU python)=7070.125MB; mem (CPU total)=37165.88671875MB
INFO:root:Learning rate reduced to: 7.8125e-05
INFO:root:[  188] Training loss: 0.26624767, Validation loss: 0.28207260, Gradient norm: 0.16097515
INFO:root:At the start of the epoch: mem (CPU python)=7091.29296875MB; mem (CPU total)=37217.59765625MB
INFO:root:[  189] Training loss: 0.26507571, Validation loss: 0.28153601, Gradient norm: 0.14398123
INFO:root:At the start of the epoch: mem (CPU python)=7112.453125MB; mem (CPU total)=37268.29296875MB
INFO:root:EP 189: Early stopping
INFO:root:Training for autoregressive step 2 starts now.
INFO:root:Learning rate reduced to: [3.90625e-05]
INFO:root:At the start of the epoch: mem (CPU python)=7133.6171875MB; mem (CPU total)=37320.7109375MB
INFO:root:[  191] Training loss: 0.33953322, Validation loss: 0.34942747, Gradient norm: 0.31267484
INFO:root:At the start of the epoch: mem (CPU python)=7140.84765625MB; mem (CPU total)=37373.82421875MB
INFO:root:[  192] Training loss: 0.33676226, Validation loss: 0.35028827, Gradient norm: 0.27663422
INFO:root:At the start of the epoch: mem (CPU python)=7162.3359375MB; mem (CPU total)=37446.421875MB
INFO:root:[  193] Training loss: 0.33538607, Validation loss: 0.34829686, Gradient norm: 0.26836358
INFO:root:At the start of the epoch: mem (CPU python)=7183.50390625MB; mem (CPU total)=37512.8359375MB
INFO:root:[  194] Training loss: 0.33507377, Validation loss: 0.34844629, Gradient norm: 0.25546653
INFO:root:At the start of the epoch: mem (CPU python)=7204.66796875MB; mem (CPU total)=37585.15234375MB
INFO:root:[  195] Training loss: 0.33416418, Validation loss: 0.34875654, Gradient norm: 0.24229421
INFO:root:At the start of the epoch: mem (CPU python)=7225.83203125MB; mem (CPU total)=37625.875MB
INFO:root:[  196] Training loss: 0.33393876, Validation loss: 0.34788865, Gradient norm: 0.25401905
INFO:root:At the start of the epoch: mem (CPU python)=7246.99609375MB; mem (CPU total)=37684.4609375MB
INFO:root:[  197] Training loss: 0.33358335, Validation loss: 0.34792773, Gradient norm: 0.25303383
INFO:root:At the start of the epoch: mem (CPU python)=7268.16015625MB; mem (CPU total)=37741.14453125MB
INFO:root:[  198] Training loss: 0.33330761, Validation loss: 0.34665723, Gradient norm: 0.25182681
INFO:root:At the start of the epoch: mem (CPU python)=7289.32421875MB; mem (CPU total)=37797.2421875MB
INFO:root:[  199] Training loss: 0.33296579, Validation loss: 0.34753686, Gradient norm: 0.24670426
INFO:root:At the start of the epoch: mem (CPU python)=7310.484375MB; mem (CPU total)=37853.61328125MB
INFO:root:[  200] Training loss: 0.33304571, Validation loss: 0.34885471, Gradient norm: 0.23743544
INFO:root:At the start of the epoch: mem (CPU python)=7331.65234375MB; mem (CPU total)=37913.67578125MB
INFO:root:[  201] Training loss: 0.33295432, Validation loss: 0.34601880, Gradient norm: 0.25279928
INFO:root:At the start of the epoch: mem (CPU python)=7352.81640625MB; mem (CPU total)=37971.01953125MB
INFO:root:[  202] Training loss: 0.33270066, Validation loss: 0.34642104, Gradient norm: 0.24831034
INFO:root:At the start of the epoch: mem (CPU python)=7373.98046875MB; mem (CPU total)=38029.2890625MB
INFO:root:[  203] Training loss: 0.33250864, Validation loss: 0.34569388, Gradient norm: 0.25170522
INFO:root:At the start of the epoch: mem (CPU python)=7395.14453125MB; mem (CPU total)=38085.86328125MB
INFO:root:[  204] Training loss: 0.33233828, Validation loss: 0.34479025, Gradient norm: 0.25038936
INFO:root:At the start of the epoch: mem (CPU python)=7416.30859375MB; mem (CPU total)=38143.1484375MB
INFO:root:[  205] Training loss: 0.33220489, Validation loss: 0.34512031, Gradient norm: 0.24562171
INFO:root:At the start of the epoch: mem (CPU python)=7437.46875MB; mem (CPU total)=38204.93359375MB
INFO:root:[  206] Training loss: 0.33156588, Validation loss: 0.34671193, Gradient norm: 0.24102062
INFO:root:At the start of the epoch: mem (CPU python)=7458.63671875MB; mem (CPU total)=38260.5703125MB
INFO:root:[  207] Training loss: 0.33129423, Validation loss: 0.34576767, Gradient norm: 0.23996799
INFO:root:At the start of the epoch: mem (CPU python)=7479.80078125MB; mem (CPU total)=38316.66796875MB
INFO:root:[  208] Training loss: 0.33179354, Validation loss: 0.34467169, Gradient norm: 0.25677347
INFO:root:At the start of the epoch: mem (CPU python)=7500.9609375MB; mem (CPU total)=38373.04296875MB
INFO:root:[  209] Training loss: 0.33150675, Validation loss: 0.34631230, Gradient norm: 0.24488154
INFO:root:At the start of the epoch: mem (CPU python)=7522.125MB; mem (CPU total)=38435.05078125MB
INFO:root:[  210] Training loss: 0.33180718, Validation loss: 0.34436119, Gradient norm: 0.23871924
INFO:root:At the start of the epoch: mem (CPU python)=7543.29296875MB; mem (CPU total)=38489.703125MB
INFO:root:[  211] Training loss: 0.33156415, Validation loss: 0.34594069, Gradient norm: 0.24868374
INFO:root:At the start of the epoch: mem (CPU python)=7564.45703125MB; mem (CPU total)=38546.96484375MB
INFO:root:[  212] Training loss: 0.33142968, Validation loss: 0.34622638, Gradient norm: 0.23820945
INFO:root:At the start of the epoch: mem (CPU python)=7585.62109375MB; mem (CPU total)=38602.703125MB
INFO:root:[  213] Training loss: 0.33099646, Validation loss: 0.34648548, Gradient norm: 0.23600152
INFO:root:At the start of the epoch: mem (CPU python)=7606.78515625MB; mem (CPU total)=38665.23046875MB
INFO:root:[  214] Training loss: 0.33070351, Validation loss: 0.34508799, Gradient norm: 0.23484518
INFO:root:At the start of the epoch: mem (CPU python)=7627.953125MB; mem (CPU total)=38720.40625MB
INFO:root:[  215] Training loss: 0.33076010, Validation loss: 0.34365950, Gradient norm: 0.23996356
INFO:root:At the start of the epoch: mem (CPU python)=7649.12109375MB; mem (CPU total)=38777.12109375MB
INFO:root:[  216] Training loss: 0.33031817, Validation loss: 0.34544648, Gradient norm: 0.22791277
INFO:root:At the start of the epoch: mem (CPU python)=7670.28125MB; mem (CPU total)=38832.515625MB
INFO:root:[  217] Training loss: 0.33090470, Validation loss: 0.34489705, Gradient norm: 0.23081259
INFO:root:At the start of the epoch: mem (CPU python)=7691.4453125MB; mem (CPU total)=38893.5625MB
INFO:root:[  218] Training loss: 0.33091233, Validation loss: 0.34435402, Gradient norm: 0.23046820
INFO:root:At the start of the epoch: mem (CPU python)=7712.609375MB; mem (CPU total)=38947.7421875MB
INFO:root:[  219] Training loss: 0.33071684, Validation loss: 0.34445848, Gradient norm: 0.23995583
INFO:root:At the start of the epoch: mem (CPU python)=7733.7734375MB; mem (CPU total)=39004.0859375MB
INFO:root:[  220] Training loss: 0.33050292, Validation loss: 0.34474748, Gradient norm: 0.23415093
INFO:root:At the start of the epoch: mem (CPU python)=7754.93359375MB; mem (CPU total)=39060.23046875MB
INFO:root:[  221] Training loss: 0.33101694, Validation loss: 0.34437992, Gradient norm: 0.23918917
INFO:root:At the start of the epoch: mem (CPU python)=7776.09765625MB; mem (CPU total)=39122.08203125MB
INFO:root:[  222] Training loss: 0.33067623, Validation loss: 0.34413332, Gradient norm: 0.23436956
INFO:root:At the start of the epoch: mem (CPU python)=7797.265625MB; mem (CPU total)=39176.21484375MB
INFO:root:[  223] Training loss: 0.33049583, Validation loss: 0.34521191, Gradient norm: 0.24112444
INFO:root:At the start of the epoch: mem (CPU python)=7818.4296875MB; mem (CPU total)=39232.4453125MB
INFO:root:[  224] Training loss: 0.33066963, Validation loss: 0.34367381, Gradient norm: 0.22904972
INFO:root:At the start of the epoch: mem (CPU python)=7839.59375MB; mem (CPU total)=39289.70703125MB
INFO:root:EP 224: Early stopping
INFO:root:After finishing all epochs: mem (CPU python)=7860.7578125MB; mem (CPU total)=39345.1640625MB
INFO:root:Training the model took 8067.214s.
INFO:root:Emptying the cuda cache took 0.015s.
INFO:root:Starting evaluation: model SFNO & uncertainty quantification dropout
INFO:root:Evaluating the model on Validation data.
INFO:root:MSEValidation: 0.34866
INFO:root:EnergyScoreValidation: 0.2605
INFO:root:CRPSValidation: 0.10915
INFO:root:Gaussian NLLValidation: 0.46956
INFO:root:CoverageValidation: 0.69773
INFO:root:IntervalWidthValidation: 0.39991
INFO:root:Evaluating the model on Test data.
INFO:root:MSETest: 0.27987
INFO:root:EnergyScoreTest: 0.21502
INFO:root:CRPSTest: 0.08692
INFO:root:Gaussian NLLTest: 0.49016
INFO:root:CoverageTest: 0.64075
INFO:root:IntervalWidthTest: 0.26486
INFO:root:After validation: mem (CPU python)=7876.53515625MB; mem (CPU total)=39754.265625MB
INFO:root:###2 out of 3 training parameter combinations ###
INFO:root:Training parameters: {'seed': 12345678, 'model': 'SFNO', 'uncertainty_quantification': 'dropout', 'batch_size': 32, 'n_epochs': 1000, 'early_stopping': 10, 'init': 'default', 'learning_rate': 0.005, 'lr_schedule': 'step', 'optimizer': 'adam', 'gradient_clipping': 1, 'layer_normalization': True, 'data_loader_pin_memory': False, 'data_loader_num_workers': 0, 'distributed_training': False, 'alpha': 0.05, 'n_samples_uq': 100, 'weight_decay': 0, 'dropout': 0.01, 'fourier_dropout': None, 'hidden_channels': 32, 'projection_channels': 256, 'lifting_channels': 256, 'n_modes': (32, 32), 'n_samples': 3}
INFO:root:After creating the dataloaders: mem (CPU python)=7876.53515625MB; mem (CPU total)=39756.72265625MB
INFO:root:NumberParameters: 284835
INFO:root:GPU memory allocated: 176160768
INFO:root:After setting up the model: mem (CPU python)=7876.67578125MB; mem (CPU total)=39756.72265625MB
INFO:root:Training starts now.
INFO:root:At the start of the epoch: mem (CPU python)=7876.67578125MB; mem (CPU total)=39760.9609375MB
INFO:root:[    1] Training loss: 0.83884593, Validation loss: 0.73979695, Gradient norm: 0.43593923
INFO:root:At the start of the epoch: mem (CPU python)=7897.828125MB; mem (CPU total)=39803.0390625MB
INFO:root:[    2] Training loss: 0.73511670, Validation loss: 0.73354846, Gradient norm: 0.27194080
INFO:root:At the start of the epoch: mem (CPU python)=7919.0078125MB; mem (CPU total)=39845.61328125MB
INFO:root:[    3] Training loss: 0.72454292, Validation loss: 0.71505346, Gradient norm: 0.22375985
INFO:root:At the start of the epoch: mem (CPU python)=7940.19140625MB; mem (CPU total)=39889.6640625MB
INFO:root:[    4] Training loss: 0.69873216, Validation loss: 0.67565238, Gradient norm: 0.28258038
INFO:root:At the start of the epoch: mem (CPU python)=7961.359375MB; mem (CPU total)=39933.25MB
INFO:root:[    5] Training loss: 0.63583242, Validation loss: 0.61232731, Gradient norm: 0.33808703
INFO:root:At the start of the epoch: mem (CPU python)=7982.5234375MB; mem (CPU total)=39978.53515625MB
INFO:root:[    6] Training loss: 0.58904720, Validation loss: 0.57885745, Gradient norm: 0.30140306
INFO:root:At the start of the epoch: mem (CPU python)=8003.6875MB; mem (CPU total)=40023.80078125MB
INFO:root:[    7] Training loss: 0.56999409, Validation loss: 0.56613337, Gradient norm: 0.27820391
INFO:root:At the start of the epoch: mem (CPU python)=8025.9765625MB; mem (CPU total)=40065.875MB
INFO:root:[    8] Training loss: 0.55586344, Validation loss: 0.54939389, Gradient norm: 0.27763908
INFO:root:At the start of the epoch: mem (CPU python)=8047.140625MB; mem (CPU total)=40113.984375MB
INFO:root:[    9] Training loss: 0.53073937, Validation loss: 0.51928337, Gradient norm: 0.32514724
INFO:root:At the start of the epoch: mem (CPU python)=8068.3046875MB; mem (CPU total)=40152.4453125MB
INFO:root:[   10] Training loss: 0.51079642, Validation loss: 0.50825394, Gradient norm: 0.30738730
INFO:root:At the start of the epoch: mem (CPU python)=8089.46484375MB; mem (CPU total)=40201.046875MB
INFO:root:[   11] Training loss: 0.49810854, Validation loss: 0.49460889, Gradient norm: 0.30740328
INFO:root:At the start of the epoch: mem (CPU python)=8110.62890625MB; mem (CPU total)=40241.3046875MB
INFO:root:[   12] Training loss: 0.48623952, Validation loss: 0.48153109, Gradient norm: 0.32741605
INFO:root:At the start of the epoch: mem (CPU python)=8131.796875MB; mem (CPU total)=40287.07421875MB
INFO:root:[   13] Training loss: 0.47394881, Validation loss: 0.47053074, Gradient norm: 0.30809627
INFO:root:At the start of the epoch: mem (CPU python)=8152.96484375MB; mem (CPU total)=40329.87890625MB
INFO:root:[   14] Training loss: 0.46521088, Validation loss: 0.46299501, Gradient norm: 0.34167970
INFO:root:At the start of the epoch: mem (CPU python)=8174.12890625MB; mem (CPU total)=40374.43359375MB
INFO:root:[   15] Training loss: 0.45533618, Validation loss: 0.45298541, Gradient norm: 0.31109497
INFO:root:At the start of the epoch: mem (CPU python)=8195.98828125MB; mem (CPU total)=40419.73046875MB
INFO:root:[   16] Training loss: 0.44707449, Validation loss: 0.44889268, Gradient norm: 0.34610685
INFO:root:At the start of the epoch: mem (CPU python)=8217.5859375MB; mem (CPU total)=40464.03515625MB
INFO:root:[   17] Training loss: 0.43970164, Validation loss: 0.44068093, Gradient norm: 0.33038586
INFO:root:At the start of the epoch: mem (CPU python)=8238.7578125MB; mem (CPU total)=40508.984375MB
INFO:root:[   18] Training loss: 0.43315972, Validation loss: 0.43663890, Gradient norm: 0.33321078
INFO:root:At the start of the epoch: mem (CPU python)=8259.921875MB; mem (CPU total)=40551.1953125MB
INFO:root:[   19] Training loss: 0.42695685, Validation loss: 0.42614608, Gradient norm: 0.30744448
INFO:root:At the start of the epoch: mem (CPU python)=8281.0859375MB; mem (CPU total)=40592.07421875MB
INFO:root:[   20] Training loss: 0.42311355, Validation loss: 0.42480548, Gradient norm: 0.32985233
INFO:root:At the start of the epoch: mem (CPU python)=8302.24609375MB; mem (CPU total)=40639.33203125MB
INFO:root:[   21] Training loss: 0.41921208, Validation loss: 0.41923422, Gradient norm: 0.33358289
INFO:root:At the start of the epoch: mem (CPU python)=8323.41015625MB; mem (CPU total)=40680.68359375MB
INFO:root:[   22] Training loss: 0.41517295, Validation loss: 0.42101789, Gradient norm: 0.29864769
INFO:root:At the start of the epoch: mem (CPU python)=8344.57421875MB; mem (CPU total)=40728.1953125MB
INFO:root:[   23] Training loss: 0.41315267, Validation loss: 0.41453962, Gradient norm: 0.32882839
INFO:root:At the start of the epoch: mem (CPU python)=8365.74609375MB; mem (CPU total)=40769.55078125MB
INFO:root:[   24] Training loss: 0.41052743, Validation loss: 0.41072329, Gradient norm: 0.29773948
INFO:root:At the start of the epoch: mem (CPU python)=8386.91015625MB; mem (CPU total)=40813.296875MB
INFO:root:[   25] Training loss: 0.40897722, Validation loss: 0.40991508, Gradient norm: 0.31851554
INFO:root:At the start of the epoch: mem (CPU python)=8408.07421875MB; mem (CPU total)=40858.74609375MB
INFO:root:[   26] Training loss: 0.40702579, Validation loss: 0.40963811, Gradient norm: 0.31174067
INFO:root:At the start of the epoch: mem (CPU python)=8429.23828125MB; mem (CPU total)=40900.796875MB
INFO:root:[   27] Training loss: 0.40510066, Validation loss: 0.40792952, Gradient norm: 0.31084317
INFO:root:At the start of the epoch: mem (CPU python)=8450.40625MB; mem (CPU total)=40948.78515625MB
INFO:root:[   28] Training loss: 0.40363443, Validation loss: 0.40834428, Gradient norm: 0.29950726
INFO:root:At the start of the epoch: mem (CPU python)=8471.5703125MB; mem (CPU total)=40988.40234375MB
INFO:root:[   29] Training loss: 0.40270303, Validation loss: 0.40607388, Gradient norm: 0.32260074
INFO:root:At the start of the epoch: mem (CPU python)=8492.73046875MB; mem (CPU total)=41034.17578125MB
INFO:root:[   30] Training loss: 0.40072695, Validation loss: 0.40214816, Gradient norm: 0.28940646
INFO:root:At the start of the epoch: mem (CPU python)=8513.89453125MB; mem (CPU total)=41076.12109375MB
INFO:root:[   31] Training loss: 0.40001579, Validation loss: 0.40307535, Gradient norm: 0.32542852
INFO:root:At the start of the epoch: mem (CPU python)=8535.0546875MB; mem (CPU total)=41123.125MB
INFO:root:[   32] Training loss: 0.39801133, Validation loss: 0.40149895, Gradient norm: 0.27977665
INFO:root:At the start of the epoch: mem (CPU python)=8556.609375MB; mem (CPU total)=41166.9296875MB
INFO:root:[   33] Training loss: 0.39760022, Validation loss: 0.40202029, Gradient norm: 0.30300401
INFO:root:At the start of the epoch: mem (CPU python)=8578.140625MB; mem (CPU total)=41212.45703125MB
INFO:root:[   34] Training loss: 0.39660913, Validation loss: 0.39965574, Gradient norm: 0.30633946
INFO:root:At the start of the epoch: mem (CPU python)=8599.68359375MB; mem (CPU total)=41252.55859375MB
INFO:root:[   35] Training loss: 0.39571307, Validation loss: 0.39870976, Gradient norm: 0.31176135
INFO:root:At the start of the epoch: mem (CPU python)=8620.84765625MB; mem (CPU total)=41300.2734375MB
INFO:root:[   36] Training loss: 0.39430579, Validation loss: 0.39842680, Gradient norm: 0.28456094
INFO:root:At the start of the epoch: mem (CPU python)=8642.01171875MB; mem (CPU total)=41340.87890625MB
INFO:root:[   37] Training loss: 0.39377328, Validation loss: 0.39891025, Gradient norm: 0.29482366
INFO:root:At the start of the epoch: mem (CPU python)=8663.17578125MB; mem (CPU total)=41389.359375MB
INFO:root:[   38] Training loss: 0.39327686, Validation loss: 0.39532176, Gradient norm: 0.32218374
INFO:root:At the start of the epoch: mem (CPU python)=8684.33984375MB; mem (CPU total)=41429.1953125MB
INFO:root:[   39] Training loss: 0.39185504, Validation loss: 0.39516189, Gradient norm: 0.28274090
INFO:root:At the start of the epoch: mem (CPU python)=8705.71875MB; mem (CPU total)=41475.21484375MB
INFO:root:[   40] Training loss: 0.39158456, Validation loss: 0.39464598, Gradient norm: 0.31310170
INFO:root:At the start of the epoch: mem (CPU python)=8727.04296875MB; mem (CPU total)=41518.7734375MB
INFO:root:[   41] Training loss: 0.39036722, Validation loss: 0.39348909, Gradient norm: 0.29302026
INFO:root:At the start of the epoch: mem (CPU python)=8748.2109375MB; mem (CPU total)=41563.8203125MB
INFO:root:[   42] Training loss: 0.39006933, Validation loss: 0.39118574, Gradient norm: 0.31126035
INFO:root:At the start of the epoch: mem (CPU python)=8769.375MB; mem (CPU total)=41608.3671875MB
INFO:root:[   43] Training loss: 0.38917182, Validation loss: 0.39313810, Gradient norm: 0.30428727
INFO:root:At the start of the epoch: mem (CPU python)=8790.5390625MB; mem (CPU total)=41652.390625MB
INFO:root:[   44] Training loss: 0.38843891, Validation loss: 0.39084357, Gradient norm: 0.30870717
INFO:root:At the start of the epoch: mem (CPU python)=8811.8359375MB; mem (CPU total)=41694.96484375MB
INFO:root:[   45] Training loss: 0.38702962, Validation loss: 0.39021370, Gradient norm: 0.27293426
INFO:root:At the start of the epoch: mem (CPU python)=8833.24609375MB; mem (CPU total)=41741.4609375MB
INFO:root:[   46] Training loss: 0.38650578, Validation loss: 0.39014834, Gradient norm: 0.28522035
INFO:root:At the start of the epoch: mem (CPU python)=8855.16015625MB; mem (CPU total)=41783.52734375MB
INFO:root:[   47] Training loss: 0.38619391, Validation loss: 0.38967603, Gradient norm: 0.30984377
INFO:root:At the start of the epoch: mem (CPU python)=8876.32421875MB; mem (CPU total)=41831.9765625MB
INFO:root:[   48] Training loss: 0.38549480, Validation loss: 0.38894201, Gradient norm: 0.30579337
INFO:root:At the start of the epoch: mem (CPU python)=8897.484375MB; mem (CPU total)=41872.30859375MB
INFO:root:[   49] Training loss: 0.38500298, Validation loss: 0.38723383, Gradient norm: 0.29637929
INFO:root:At the start of the epoch: mem (CPU python)=8919.36328125MB; mem (CPU total)=41918.57421875MB
INFO:root:[   50] Training loss: 0.38420025, Validation loss: 0.38787437, Gradient norm: 0.30896237
INFO:root:At the start of the epoch: mem (CPU python)=8940.9375MB; mem (CPU total)=41962.87109375MB
INFO:root:[   51] Training loss: 0.38310521, Validation loss: 0.38855500, Gradient norm: 0.27846262
INFO:root:At the start of the epoch: mem (CPU python)=8962.1015625MB; mem (CPU total)=42005.703125MB
INFO:root:[   52] Training loss: 0.38241104, Validation loss: 0.38805660, Gradient norm: 0.29723254
INFO:root:At the start of the epoch: mem (CPU python)=8983.265625MB; mem (CPU total)=42052.4609375MB
INFO:root:[   53] Training loss: 0.38234928, Validation loss: 0.38602184, Gradient norm: 0.30723535
INFO:root:At the start of the epoch: mem (CPU python)=9005.390625MB; mem (CPU total)=42096.49609375MB
INFO:root:[   54] Training loss: 0.38113763, Validation loss: 0.38578531, Gradient norm: 0.28734601
INFO:root:At the start of the epoch: mem (CPU python)=9027.234375MB; mem (CPU total)=42142.515625MB
INFO:root:[   55] Training loss: 0.38071735, Validation loss: 0.38593716, Gradient norm: 0.28967391
INFO:root:At the start of the epoch: mem (CPU python)=9049.01171875MB; mem (CPU total)=42186.87109375MB
INFO:root:[   56] Training loss: 0.38099401, Validation loss: 0.38495532, Gradient norm: 0.32682486
INFO:root:At the start of the epoch: mem (CPU python)=9070.1796875MB; mem (CPU total)=42232.60546875MB
INFO:root:[   57] Training loss: 0.37937783, Validation loss: 0.38451735, Gradient norm: 0.27512687
INFO:root:At the start of the epoch: mem (CPU python)=9091.33984375MB; mem (CPU total)=42275.9296875MB
INFO:root:[   58] Training loss: 0.37899978, Validation loss: 0.38461474, Gradient norm: 0.30601316
INFO:root:At the start of the epoch: mem (CPU python)=9112.50390625MB; mem (CPU total)=42321.4375MB
INFO:root:[   59] Training loss: 0.37779828, Validation loss: 0.38170567, Gradient norm: 0.28408108
INFO:root:At the start of the epoch: mem (CPU python)=9133.66796875MB; mem (CPU total)=42361.875MB
INFO:root:[   60] Training loss: 0.37839819, Validation loss: 0.38202831, Gradient norm: 0.32213756
INFO:root:At the start of the epoch: mem (CPU python)=9154.83203125MB; mem (CPU total)=42406.953125MB
INFO:root:[   61] Training loss: 0.37756977, Validation loss: 0.38274286, Gradient norm: 0.30250415
INFO:root:At the start of the epoch: mem (CPU python)=9176.0MB; mem (CPU total)=42449.05078125MB
INFO:root:[   62] Training loss: 0.37705215, Validation loss: 0.38156951, Gradient norm: 0.31899302
INFO:root:At the start of the epoch: mem (CPU python)=9197.1640625MB; mem (CPU total)=42497.32421875MB
INFO:root:[   63] Training loss: 0.37595911, Validation loss: 0.38148712, Gradient norm: 0.27882901
INFO:root:At the start of the epoch: mem (CPU python)=9218.328125MB; mem (CPU total)=42537.9921875MB
INFO:root:[   64] Training loss: 0.37626391, Validation loss: 0.38175593, Gradient norm: 0.31371275
INFO:root:At the start of the epoch: mem (CPU python)=9239.95703125MB; mem (CPU total)=42583.79296875MB
INFO:root:[   65] Training loss: 0.37494395, Validation loss: 0.38253830, Gradient norm: 0.29134569
INFO:root:At the start of the epoch: mem (CPU python)=9261.3359375MB; mem (CPU total)=42627.61328125MB
INFO:root:[   66] Training loss: 0.37506810, Validation loss: 0.38056958, Gradient norm: 0.31409486
INFO:root:At the start of the epoch: mem (CPU python)=9282.9453125MB; mem (CPU total)=42672.66015625MB
INFO:root:[   67] Training loss: 0.37444390, Validation loss: 0.37905305, Gradient norm: 0.30257830
INFO:root:At the start of the epoch: mem (CPU python)=9304.10546875MB; mem (CPU total)=42717.46484375MB
INFO:root:[   68] Training loss: 0.37413145, Validation loss: 0.37972312, Gradient norm: 0.31382118
INFO:root:At the start of the epoch: mem (CPU python)=9325.26953125MB; mem (CPU total)=42761.49609375MB
INFO:root:[   69] Training loss: 0.37311447, Validation loss: 0.37788323, Gradient norm: 0.29769803
INFO:root:At the start of the epoch: mem (CPU python)=9346.43359375MB; mem (CPU total)=42803.08984375MB
INFO:root:[   70] Training loss: 0.37276506, Validation loss: 0.37703923, Gradient norm: 0.28915054
INFO:root:At the start of the epoch: mem (CPU python)=9367.59765625MB; mem (CPU total)=42850.33984375MB
INFO:root:[   71] Training loss: 0.37269318, Validation loss: 0.37787165, Gradient norm: 0.30302841
INFO:root:At the start of the epoch: mem (CPU python)=9388.76171875MB; mem (CPU total)=42892.43359375MB
INFO:root:[   72] Training loss: 0.37240418, Validation loss: 0.37688779, Gradient norm: 0.31247306
INFO:root:At the start of the epoch: mem (CPU python)=9409.9296875MB; mem (CPU total)=42941.171875MB
INFO:root:[   73] Training loss: 0.37167009, Validation loss: 0.37725187, Gradient norm: 0.29455709
INFO:root:At the start of the epoch: mem (CPU python)=9431.09375MB; mem (CPU total)=42981.359375MB
INFO:root:[   74] Training loss: 0.37190902, Validation loss: 0.37667846, Gradient norm: 0.33113793
INFO:root:At the start of the epoch: mem (CPU python)=9452.2578125MB; mem (CPU total)=43026.14453125MB
INFO:root:[   75] Training loss: 0.37125100, Validation loss: 0.37613322, Gradient norm: 0.31622481
INFO:root:At the start of the epoch: mem (CPU python)=9473.484375MB; mem (CPU total)=43071.671875MB
INFO:root:[   76] Training loss: 0.37044576, Validation loss: 0.37671675, Gradient norm: 0.29263064
INFO:root:At the start of the epoch: mem (CPU python)=9494.64453125MB; mem (CPU total)=43115.47265625MB
INFO:root:[   77] Training loss: 0.37063566, Validation loss: 0.37661464, Gradient norm: 0.33170925
INFO:root:At the start of the epoch: mem (CPU python)=9516.12109375MB; mem (CPU total)=43162.04296875MB
INFO:root:[   78] Training loss: 0.36983535, Validation loss: 0.37599281, Gradient norm: 0.29478252
INFO:root:At the start of the epoch: mem (CPU python)=9537.66796875MB; mem (CPU total)=43203.84765625MB
INFO:root:[   79] Training loss: 0.36957620, Validation loss: 0.37639783, Gradient norm: 0.29768145
INFO:root:At the start of the epoch: mem (CPU python)=9558.83203125MB; mem (CPU total)=43248.8671875MB
INFO:root:[   80] Training loss: 0.36917513, Validation loss: 0.37450628, Gradient norm: 0.28752468
INFO:root:At the start of the epoch: mem (CPU python)=9579.99609375MB; mem (CPU total)=43292.41796875MB
INFO:root:[   81] Training loss: 0.36920021, Validation loss: 0.37497776, Gradient norm: 0.31498235
INFO:root:At the start of the epoch: mem (CPU python)=9601.31640625MB; mem (CPU total)=43339.421875MB
INFO:root:[   82] Training loss: 0.36884546, Validation loss: 0.37563765, Gradient norm: 0.30902124
INFO:root:At the start of the epoch: mem (CPU python)=9623.0703125MB; mem (CPU total)=43382.23828125MB
INFO:root:[   83] Training loss: 0.36848135, Validation loss: 0.37472779, Gradient norm: 0.31042660
INFO:root:At the start of the epoch: mem (CPU python)=9644.23828125MB; mem (CPU total)=43429.98046875MB
INFO:root:[   84] Training loss: 0.36837383, Validation loss: 0.37440335, Gradient norm: 0.31251676
INFO:root:At the start of the epoch: mem (CPU python)=9665.40234375MB; mem (CPU total)=43469.80859375MB
INFO:root:[   85] Training loss: 0.36859216, Validation loss: 0.37305328, Gradient norm: 0.34148311
INFO:root:At the start of the epoch: mem (CPU python)=9686.609375MB; mem (CPU total)=43534.89453125MB
INFO:root:[   86] Training loss: 0.36768384, Validation loss: 0.37292680, Gradient norm: 0.30552235
INFO:root:At the start of the epoch: mem (CPU python)=9708.38671875MB; mem (CPU total)=43580.0859375MB
INFO:root:[   87] Training loss: 0.36715419, Validation loss: 0.37376642, Gradient norm: 0.32352047
INFO:root:At the start of the epoch: mem (CPU python)=9729.55078125MB; mem (CPU total)=43615.26953125MB
INFO:root:[   88] Training loss: 0.36743431, Validation loss: 0.37355302, Gradient norm: 0.32369084
INFO:root:At the start of the epoch: mem (CPU python)=9751.796875MB; mem (CPU total)=43651.25390625MB
INFO:root:[   89] Training loss: 0.36717234, Validation loss: 0.37610740, Gradient norm: 0.32641773
INFO:root:At the start of the epoch: mem (CPU python)=9772.96484375MB; mem (CPU total)=43684.484375MB
INFO:root:[   90] Training loss: 0.36598116, Validation loss: 0.37256354, Gradient norm: 0.29943864
INFO:root:At the start of the epoch: mem (CPU python)=9794.63671875MB; mem (CPU total)=43721.640625MB
INFO:root:[   91] Training loss: 0.36624125, Validation loss: 0.37185919, Gradient norm: 0.31853074
INFO:root:At the start of the epoch: mem (CPU python)=9815.80078125MB; mem (CPU total)=43754.125MB
INFO:root:[   92] Training loss: 0.36588426, Validation loss: 0.37073828, Gradient norm: 0.32524280
INFO:root:At the start of the epoch: mem (CPU python)=9836.96484375MB; mem (CPU total)=43788.578125MB
INFO:root:[   93] Training loss: 0.36511690, Validation loss: 0.37417054, Gradient norm: 0.31628113
INFO:root:At the start of the epoch: mem (CPU python)=9858.12890625MB; mem (CPU total)=43824.26171875MB
INFO:root:[   94] Training loss: 0.36474102, Validation loss: 0.37156902, Gradient norm: 0.33085886
INFO:root:At the start of the epoch: mem (CPU python)=9879.29296875MB; mem (CPU total)=43854.65234375MB
INFO:root:[   95] Training loss: 0.36360131, Validation loss: 0.37011112, Gradient norm: 0.30755685
INFO:root:At the start of the epoch: mem (CPU python)=9900.45703125MB; mem (CPU total)=43876.5078125MB
INFO:root:[   96] Training loss: 0.36380721, Validation loss: 0.36948903, Gradient norm: 0.34245577
INFO:root:At the start of the epoch: mem (CPU python)=9921.62109375MB; mem (CPU total)=43898.65625MB
INFO:root:[   97] Training loss: 0.36365659, Validation loss: 0.36831083, Gradient norm: 0.34625992
INFO:root:At the start of the epoch: mem (CPU python)=9942.78515625MB; mem (CPU total)=43920.8046875MB
INFO:root:[   98] Training loss: 0.36266065, Validation loss: 0.36804311, Gradient norm: 0.32286983
INFO:root:At the start of the epoch: mem (CPU python)=9963.953125MB; mem (CPU total)=43942.9140625MB
INFO:root:[   99] Training loss: 0.36183339, Validation loss: 0.36744224, Gradient norm: 0.32535417
INFO:root:At the start of the epoch: mem (CPU python)=9985.12109375MB; mem (CPU total)=43964.81640625MB
INFO:root:[  100] Training loss: 0.36142946, Validation loss: 0.36634920, Gradient norm: 0.33242339
INFO:root:At the start of the epoch: mem (CPU python)=10006.28125MB; mem (CPU total)=43987.3828125MB
INFO:root:[  101] Training loss: 0.36112205, Validation loss: 0.36653622, Gradient norm: 0.34002756
INFO:root:At the start of the epoch: mem (CPU python)=10027.69140625MB; mem (CPU total)=44009.75MB
INFO:root:[  102] Training loss: 0.36035190, Validation loss: 0.36773297, Gradient norm: 0.32259061
INFO:root:At the start of the epoch: mem (CPU python)=10035.8828125MB; mem (CPU total)=44017.8203125MB
INFO:root:[  103] Training loss: 0.35973858, Validation loss: 0.36503907, Gradient norm: 0.32152886
INFO:root:At the start of the epoch: mem (CPU python)=10057.171875MB; mem (CPU total)=44041.35546875MB
INFO:root:[  104] Training loss: 0.35947800, Validation loss: 0.36769609, Gradient norm: 0.33176501
INFO:root:At the start of the epoch: mem (CPU python)=10078.92578125MB; mem (CPU total)=44063.5078125MB
INFO:root:[  105] Training loss: 0.35908719, Validation loss: 0.36604421, Gradient norm: 0.36162159
INFO:root:At the start of the epoch: mem (CPU python)=10100.09375MB; mem (CPU total)=44086.14453125MB
INFO:root:[  106] Training loss: 0.35848955, Validation loss: 0.36533418, Gradient norm: 0.36116887
INFO:root:At the start of the epoch: mem (CPU python)=10121.2578125MB; mem (CPU total)=44108.5546875MB
INFO:root:[  107] Training loss: 0.35768868, Validation loss: 0.36425683, Gradient norm: 0.32777161
INFO:root:At the start of the epoch: mem (CPU python)=10142.421875MB; mem (CPU total)=44116.71484375MB
INFO:root:[  108] Training loss: 0.35687197, Validation loss: 0.36304335, Gradient norm: 0.33757915
INFO:root:At the start of the epoch: mem (CPU python)=10163.5859375MB; mem (CPU total)=44162.17578125MB
INFO:root:[  109] Training loss: 0.35677772, Validation loss: 0.36415262, Gradient norm: 0.35955003
INFO:root:At the start of the epoch: mem (CPU python)=10186.0703125MB; mem (CPU total)=44207.203125MB
INFO:root:[  110] Training loss: 0.35602195, Validation loss: 0.36339363, Gradient norm: 0.36113973
INFO:root:At the start of the epoch: mem (CPU python)=10207.7890625MB; mem (CPU total)=44249.67578125MB
INFO:root:[  111] Training loss: 0.35514287, Validation loss: 0.35993027, Gradient norm: 0.35044949
INFO:root:At the start of the epoch: mem (CPU python)=10228.95703125MB; mem (CPU total)=44293.00390625MB
INFO:root:[  112] Training loss: 0.35397618, Validation loss: 0.35931259, Gradient norm: 0.34723066
INFO:root:At the start of the epoch: mem (CPU python)=10250.12109375MB; mem (CPU total)=44335.57421875MB
INFO:root:[  113] Training loss: 0.35352645, Validation loss: 0.35918081, Gradient norm: 0.36518183
INFO:root:At the start of the epoch: mem (CPU python)=10271.28515625MB; mem (CPU total)=44374.96875MB
INFO:root:[  114] Training loss: 0.35309078, Validation loss: 0.35738516, Gradient norm: 0.36396770
INFO:root:At the start of the epoch: mem (CPU python)=10292.4453125MB; mem (CPU total)=44415.62109375MB
INFO:root:[  115] Training loss: 0.35198954, Validation loss: 0.35664095, Gradient norm: 0.34608023
INFO:root:At the start of the epoch: mem (CPU python)=10313.61328125MB; mem (CPU total)=44458.3203125MB
INFO:root:[  116] Training loss: 0.35064790, Validation loss: 0.35595773, Gradient norm: 0.34529677
INFO:root:At the start of the epoch: mem (CPU python)=10334.77734375MB; mem (CPU total)=44499.16796875MB
INFO:root:[  117] Training loss: 0.35019213, Validation loss: 0.35479484, Gradient norm: 0.35369710
INFO:root:At the start of the epoch: mem (CPU python)=10355.9375MB; mem (CPU total)=44540.765625MB
INFO:root:[  118] Training loss: 0.34931119, Validation loss: 0.35560781, Gradient norm: 0.37158728
INFO:root:At the start of the epoch: mem (CPU python)=10377.1015625MB; mem (CPU total)=44595.12109375MB
INFO:root:[  119] Training loss: 0.34881154, Validation loss: 0.35478820, Gradient norm: 0.39193260
INFO:root:At the start of the epoch: mem (CPU python)=10398.265625MB; mem (CPU total)=44636.7265625MB
INFO:root:[  120] Training loss: 0.34810351, Validation loss: 0.35257100, Gradient norm: 0.37318012
INFO:root:At the start of the epoch: mem (CPU python)=10419.4296875MB; mem (CPU total)=44678.0859375MB
INFO:root:[  121] Training loss: 0.34654022, Validation loss: 0.35107803, Gradient norm: 0.36300449
INFO:root:At the start of the epoch: mem (CPU python)=10441.16796875MB; mem (CPU total)=44720.203125MB
INFO:root:[  122] Training loss: 0.34532242, Validation loss: 0.35127678, Gradient norm: 0.34792472
INFO:root:At the start of the epoch: mem (CPU python)=10462.58203125MB; mem (CPU total)=44760.453125MB
INFO:root:[  123] Training loss: 0.34590019, Validation loss: 0.35033774, Gradient norm: 0.40234002
INFO:root:At the start of the epoch: mem (CPU python)=10484.05078125MB; mem (CPU total)=44740.46484375MB
INFO:root:[  124] Training loss: 0.34474577, Validation loss: 0.35236099, Gradient norm: 0.38047634
INFO:root:At the start of the epoch: mem (CPU python)=10505.21484375MB; mem (CPU total)=44787.53125MB
INFO:root:[  125] Training loss: 0.34343837, Validation loss: 0.34946404, Gradient norm: 0.36046370
INFO:root:At the start of the epoch: mem (CPU python)=10526.37890625MB; mem (CPU total)=44831.08984375MB
INFO:root:[  126] Training loss: 0.34306569, Validation loss: 0.34812972, Gradient norm: 0.35406385
INFO:root:At the start of the epoch: mem (CPU python)=10547.54296875MB; mem (CPU total)=44873.6640625MB
INFO:root:[  127] Training loss: 0.34281582, Validation loss: 0.34913356, Gradient norm: 0.40786678
INFO:root:At the start of the epoch: mem (CPU python)=10568.70703125MB; mem (CPU total)=44916.484375MB
INFO:root:[  128] Training loss: 0.34128068, Validation loss: 0.34685408, Gradient norm: 0.35032412
INFO:root:At the start of the epoch: mem (CPU python)=10589.875MB; mem (CPU total)=44959.0859375MB
INFO:root:[  129] Training loss: 0.34113067, Validation loss: 0.34902848, Gradient norm: 0.35948558
INFO:root:At the start of the epoch: mem (CPU python)=10611.0390625MB; mem (CPU total)=45000.8984375MB
INFO:root:[  130] Training loss: 0.34066181, Validation loss: 0.34846627, Gradient norm: 0.36736791
INFO:root:At the start of the epoch: mem (CPU python)=10632.203125MB; mem (CPU total)=45040.23828125MB
INFO:root:[  131] Training loss: 0.34019047, Validation loss: 0.34565733, Gradient norm: 0.39257549
INFO:root:At the start of the epoch: mem (CPU python)=10653.3671875MB; mem (CPU total)=45081.2734375MB
INFO:root:[  132] Training loss: 0.34015556, Validation loss: 0.34660913, Gradient norm: 0.39472843
INFO:root:At the start of the epoch: mem (CPU python)=10674.53125MB; mem (CPU total)=45122.6328125MB
INFO:root:[  133] Training loss: 0.33910999, Validation loss: 0.34378603, Gradient norm: 0.36618275
INFO:root:At the start of the epoch: mem (CPU python)=10695.6953125MB; mem (CPU total)=45163.77734375MB
INFO:root:[  134] Training loss: 0.33854843, Validation loss: 0.34657240, Gradient norm: 0.40426634
INFO:root:At the start of the epoch: mem (CPU python)=10716.85546875MB; mem (CPU total)=45204.62109375MB
INFO:root:[  135] Training loss: 0.33799981, Validation loss: 0.34412397, Gradient norm: 0.39707602
INFO:root:At the start of the epoch: mem (CPU python)=10738.01953125MB; mem (CPU total)=45246.45703125MB
INFO:root:[  136] Training loss: 0.33791014, Validation loss: 0.34438333, Gradient norm: 0.38203998
INFO:root:At the start of the epoch: mem (CPU python)=10759.18359375MB; mem (CPU total)=45287.37890625MB
INFO:root:[  137] Training loss: 0.33700875, Validation loss: 0.34470308, Gradient norm: 0.38433447
INFO:root:At the start of the epoch: mem (CPU python)=10780.34765625MB; mem (CPU total)=45328.96875MB
INFO:root:[  138] Training loss: 0.33609613, Validation loss: 0.34235797, Gradient norm: 0.36544376
INFO:root:At the start of the epoch: mem (CPU python)=10801.515625MB; mem (CPU total)=45370.60546875MB
INFO:root:[  139] Training loss: 0.33603782, Validation loss: 0.34032791, Gradient norm: 0.39810128
INFO:root:At the start of the epoch: mem (CPU python)=10822.68359375MB; mem (CPU total)=45412.1328125MB
INFO:root:[  140] Training loss: 0.33552552, Validation loss: 0.34062309, Gradient norm: 0.39374443
INFO:root:At the start of the epoch: mem (CPU python)=10843.84765625MB; mem (CPU total)=25790.375MB
INFO:root:[  141] Training loss: 0.33492385, Validation loss: 0.34340118, Gradient norm: 0.40153308
INFO:root:At the start of the epoch: mem (CPU python)=10865.3828125MB; mem (CPU total)=27264.0390625MB
INFO:root:[  142] Training loss: 0.33429837, Validation loss: 0.34055648, Gradient norm: 0.37394290
INFO:root:At the start of the epoch: mem (CPU python)=10886.54296875MB; mem (CPU total)=27329.9609375MB
INFO:root:[  143] Training loss: 0.33419816, Validation loss: 0.34002184, Gradient norm: 0.41374771
INFO:root:At the start of the epoch: mem (CPU python)=10907.7109375MB; mem (CPU total)=27398.8671875MB
INFO:root:[  144] Training loss: 0.33291022, Validation loss: 0.34027678, Gradient norm: 0.34663988
INFO:root:At the start of the epoch: mem (CPU python)=10928.87109375MB; mem (CPU total)=27466.78515625MB
INFO:root:[  145] Training loss: 0.33344053, Validation loss: 0.33920496, Gradient norm: 0.41947985
INFO:root:At the start of the epoch: mem (CPU python)=10950.04296875MB; mem (CPU total)=27533.72265625MB
INFO:root:[  146] Training loss: 0.33254757, Validation loss: 0.33899092, Gradient norm: 0.41031545
INFO:root:At the start of the epoch: mem (CPU python)=10971.20703125MB; mem (CPU total)=27596.91015625MB
INFO:root:[  147] Training loss: 0.33162378, Validation loss: 0.33782550, Gradient norm: 0.39360071
INFO:root:At the start of the epoch: mem (CPU python)=10992.37109375MB; mem (CPU total)=27660.3203125MB
INFO:root:[  148] Training loss: 0.33014305, Validation loss: 0.33642252, Gradient norm: 0.37647894
INFO:root:At the start of the epoch: mem (CPU python)=11013.5390625MB; mem (CPU total)=27725.953125MB
INFO:root:[  149] Training loss: 0.32978930, Validation loss: 0.33799631, Gradient norm: 0.41204923
INFO:root:At the start of the epoch: mem (CPU python)=11034.69921875MB; mem (CPU total)=27788.69140625MB
INFO:root:[  150] Training loss: 0.33008524, Validation loss: 0.33592105, Gradient norm: 0.42130561
INFO:root:At the start of the epoch: mem (CPU python)=11055.8671875MB; mem (CPU total)=27855.625MB
INFO:root:[  151] Training loss: 0.32840236, Validation loss: 0.33623117, Gradient norm: 0.40412804
INFO:root:At the start of the epoch: mem (CPU python)=11077.0234375MB; mem (CPU total)=27920.22265625MB
INFO:root:[  152] Training loss: 0.32755822, Validation loss: 0.33347674, Gradient norm: 0.41882881
INFO:root:At the start of the epoch: mem (CPU python)=11098.1875MB; mem (CPU total)=27985.34375MB
INFO:root:[  153] Training loss: 0.32636425, Validation loss: 0.33352754, Gradient norm: 0.39251996
INFO:root:At the start of the epoch: mem (CPU python)=11119.3515625MB; mem (CPU total)=28050.06640625MB
INFO:root:[  154] Training loss: 0.32583584, Validation loss: 0.33198686, Gradient norm: 0.39970164
INFO:root:At the start of the epoch: mem (CPU python)=11140.51953125MB; mem (CPU total)=28115.03515625MB
INFO:root:[  155] Training loss: 0.32492971, Validation loss: 0.33535337, Gradient norm: 0.44345658
INFO:root:At the start of the epoch: mem (CPU python)=11161.6796875MB; mem (CPU total)=28180.03515625MB
INFO:root:[  156] Training loss: 0.32389249, Validation loss: 0.33509950, Gradient norm: 0.41771093
INFO:root:At the start of the epoch: mem (CPU python)=11182.84765625MB; mem (CPU total)=28245.578125MB
INFO:root:[  157] Training loss: 0.32285886, Validation loss: 0.33087330, Gradient norm: 0.43448510
INFO:root:At the start of the epoch: mem (CPU python)=11204.01171875MB; mem (CPU total)=28311.53125MB
INFO:root:[  158] Training loss: 0.32150846, Validation loss: 0.32933716, Gradient norm: 0.39182460
INFO:root:At the start of the epoch: mem (CPU python)=11225.17578125MB; mem (CPU total)=28378.16015625MB
INFO:root:[  159] Training loss: 0.32093338, Validation loss: 0.32756407, Gradient norm: 0.41561534
INFO:root:At the start of the epoch: mem (CPU python)=11246.33984375MB; mem (CPU total)=28444.703125MB
INFO:root:[  160] Training loss: 0.32016406, Validation loss: 0.32815475, Gradient norm: 0.44903613
INFO:root:At the start of the epoch: mem (CPU python)=11267.50390625MB; mem (CPU total)=28515.0859375MB
INFO:root:[  161] Training loss: 0.31913989, Validation loss: 0.32739130, Gradient norm: 0.43759096
INFO:root:At the start of the epoch: mem (CPU python)=11288.66796875MB; mem (CPU total)=28583.98828125MB
INFO:root:[  162] Training loss: 0.31899164, Validation loss: 0.32528417, Gradient norm: 0.43470196
INFO:root:At the start of the epoch: mem (CPU python)=11309.83203125MB; mem (CPU total)=28651.12890625MB
INFO:root:[  163] Training loss: 0.31780084, Validation loss: 0.32370932, Gradient norm: 0.44522762
INFO:root:At the start of the epoch: mem (CPU python)=11330.99609375MB; mem (CPU total)=28719.5859375MB
INFO:root:[  164] Training loss: 0.31640438, Validation loss: 0.32397695, Gradient norm: 0.43092732
INFO:root:At the start of the epoch: mem (CPU python)=11352.16015625MB; mem (CPU total)=28785.81640625MB
INFO:root:[  165] Training loss: 0.31574681, Validation loss: 0.32412811, Gradient norm: 0.46585452
INFO:root:At the start of the epoch: mem (CPU python)=11373.32421875MB; mem (CPU total)=28849.92578125MB
INFO:root:[  166] Training loss: 0.31479183, Validation loss: 0.32123398, Gradient norm: 0.43980050
INFO:root:At the start of the epoch: mem (CPU python)=11394.4921875MB; mem (CPU total)=28918.76171875MB
INFO:root:[  167] Training loss: 0.31374508, Validation loss: 0.32278244, Gradient norm: 0.43911448
INFO:root:At the start of the epoch: mem (CPU python)=11415.65234375MB; mem (CPU total)=28985.08984375MB
INFO:root:[  168] Training loss: 0.31347742, Validation loss: 0.32082358, Gradient norm: 0.45475183
INFO:root:At the start of the epoch: mem (CPU python)=11436.81640625MB; mem (CPU total)=29050.79296875MB
INFO:root:[  169] Training loss: 0.31303150, Validation loss: 0.31887903, Gradient norm: 0.46553677
INFO:root:At the start of the epoch: mem (CPU python)=11457.98046875MB; mem (CPU total)=29116.6484375MB
INFO:root:[  170] Training loss: 0.31182891, Validation loss: 0.32180077, Gradient norm: 0.46580414
INFO:root:At the start of the epoch: mem (CPU python)=11479.140625MB; mem (CPU total)=29183.83203125MB
INFO:root:[  171] Training loss: 0.31146089, Validation loss: 0.31810890, Gradient norm: 0.46270735
INFO:root:At the start of the epoch: mem (CPU python)=11500.30859375MB; mem (CPU total)=29251.9140625MB
INFO:root:[  172] Training loss: 0.31064580, Validation loss: 0.31802617, Gradient norm: 0.47221004
INFO:root:At the start of the epoch: mem (CPU python)=11521.47265625MB; mem (CPU total)=29317.22265625MB
INFO:root:[  173] Training loss: 0.30967553, Validation loss: 0.31672123, Gradient norm: 0.44827945
INFO:root:At the start of the epoch: mem (CPU python)=11542.63671875MB; mem (CPU total)=29383.3203125MB
INFO:root:[  174] Training loss: 0.30948346, Validation loss: 0.31651172, Gradient norm: 0.46349064
INFO:root:At the start of the epoch: mem (CPU python)=11563.80078125MB; mem (CPU total)=29450.234375MB
INFO:root:[  175] Training loss: 0.30931275, Validation loss: 0.31681996, Gradient norm: 0.51003463
INFO:root:At the start of the epoch: mem (CPU python)=11584.96484375MB; mem (CPU total)=29517.4609375MB
INFO:root:[  176] Training loss: 0.30814946, Validation loss: 0.31708178, Gradient norm: 0.45579179
INFO:root:At the start of the epoch: mem (CPU python)=11606.12890625MB; mem (CPU total)=29584.66015625MB
INFO:root:[  177] Training loss: 0.30782624, Validation loss: 0.31445863, Gradient norm: 0.48669285
INFO:root:At the start of the epoch: mem (CPU python)=11627.296875MB; mem (CPU total)=29651.7578125MB
INFO:root:[  178] Training loss: 0.30760580, Validation loss: 0.31368599, Gradient norm: 0.51966090
INFO:root:At the start of the epoch: mem (CPU python)=11648.4609375MB; mem (CPU total)=29719.8984375MB
INFO:root:[  179] Training loss: 0.30665535, Validation loss: 0.31204489, Gradient norm: 0.47581171
INFO:root:At the start of the epoch: mem (CPU python)=11669.625MB; mem (CPU total)=29785.859375MB
INFO:root:[  180] Training loss: 0.30553585, Validation loss: 0.31393150, Gradient norm: 0.47286700
INFO:root:At the start of the epoch: mem (CPU python)=11690.78515625MB; mem (CPU total)=29852.80078125MB
INFO:root:[  181] Training loss: 0.30553801, Validation loss: 0.31361880, Gradient norm: 0.53206641
INFO:root:At the start of the epoch: mem (CPU python)=11711.94921875MB; mem (CPU total)=29921.73828125MB
INFO:root:[  182] Training loss: 0.30475212, Validation loss: 0.31276070, Gradient norm: 0.46291356
INFO:root:At the start of the epoch: mem (CPU python)=11733.1171875MB; mem (CPU total)=29990.64453125MB
INFO:root:[  183] Training loss: 0.30420402, Validation loss: 0.31319232, Gradient norm: 0.48874622
INFO:root:At the start of the epoch: mem (CPU python)=11754.28515625MB; mem (CPU total)=30058.5703125MB
INFO:root:[  184] Training loss: 0.30419736, Validation loss: 0.31193182, Gradient norm: 0.52890227
INFO:root:At the start of the epoch: mem (CPU python)=11775.44921875MB; mem (CPU total)=30124.01171875MB
INFO:root:[  185] Training loss: 0.30275625, Validation loss: 0.31068274, Gradient norm: 0.44741984
INFO:root:At the start of the epoch: mem (CPU python)=11796.609375MB; mem (CPU total)=30189.484375MB
INFO:root:[  186] Training loss: 0.30297424, Validation loss: 0.30992191, Gradient norm: 0.51953033
INFO:root:At the start of the epoch: mem (CPU python)=11817.7734375MB; mem (CPU total)=30255.63671875MB
INFO:root:[  187] Training loss: 0.30218217, Validation loss: 0.30943559, Gradient norm: 0.48517635
INFO:root:At the start of the epoch: mem (CPU python)=11838.9375MB; mem (CPU total)=30322.765625MB
INFO:root:[  188] Training loss: 0.30205495, Validation loss: 0.31130697, Gradient norm: 0.52499568
INFO:root:At the start of the epoch: mem (CPU python)=11860.1015625MB; mem (CPU total)=30390.3828125MB
INFO:root:[  189] Training loss: 0.30177990, Validation loss: 0.31124751, Gradient norm: 0.50756589
INFO:root:At the start of the epoch: mem (CPU python)=11881.265625MB; mem (CPU total)=30456.828125MB
INFO:root:[  190] Training loss: 0.30084480, Validation loss: 0.30780608, Gradient norm: 0.50082497
INFO:root:At the start of the epoch: mem (CPU python)=11902.4296875MB; mem (CPU total)=30524.21875MB
INFO:root:[  191] Training loss: 0.30018197, Validation loss: 0.30842752, Gradient norm: 0.51748368
INFO:root:At the start of the epoch: mem (CPU python)=11923.59375MB; mem (CPU total)=30593.125MB
INFO:root:[  192] Training loss: 0.29884630, Validation loss: 0.30782614, Gradient norm: 0.49196961
INFO:root:At the start of the epoch: mem (CPU python)=11944.7578125MB; mem (CPU total)=30660.109375MB
INFO:root:[  193] Training loss: 0.29918940, Validation loss: 0.30611808, Gradient norm: 0.53205953
INFO:root:At the start of the epoch: mem (CPU python)=11965.921875MB; mem (CPU total)=30726.45703125MB
INFO:root:[  194] Training loss: 0.29888803, Validation loss: 0.30903818, Gradient norm: 0.52768141
INFO:root:At the start of the epoch: mem (CPU python)=11987.0859375MB; mem (CPU total)=30793.15234375MB
INFO:root:[  195] Training loss: 0.29841249, Validation loss: 0.30701847, Gradient norm: 0.53592222
INFO:root:At the start of the epoch: mem (CPU python)=12008.25390625MB; mem (CPU total)=30859.59765625MB
INFO:root:[  196] Training loss: 0.29859453, Validation loss: 0.30553274, Gradient norm: 0.54867223
INFO:root:At the start of the epoch: mem (CPU python)=12029.41796875MB; mem (CPU total)=30929.7265625MB
INFO:root:[  197] Training loss: 0.29745300, Validation loss: 0.30522961, Gradient norm: 0.50924822
INFO:root:At the start of the epoch: mem (CPU python)=12050.58203125MB; mem (CPU total)=30996.41796875MB
INFO:root:[  198] Training loss: 0.29744653, Validation loss: 0.30629835, Gradient norm: 0.51759908
INFO:root:At the start of the epoch: mem (CPU python)=12071.75MB; mem (CPU total)=31064.265625MB
INFO:root:[  199] Training loss: 0.29705728, Validation loss: 0.30495068, Gradient norm: 0.53801964
INFO:root:At the start of the epoch: mem (CPU python)=12092.91796875MB; mem (CPU total)=31131.6640625MB
INFO:root:[  200] Training loss: 0.29619641, Validation loss: 0.30195062, Gradient norm: 0.49669953
INFO:root:At the start of the epoch: mem (CPU python)=12114.44921875MB; mem (CPU total)=31201.26171875MB
INFO:root:[  201] Training loss: 0.29613957, Validation loss: 0.30422879, Gradient norm: 0.55766523
INFO:root:At the start of the epoch: mem (CPU python)=12137.390625MB; mem (CPU total)=31271.13671875MB
INFO:root:[  202] Training loss: 0.29585728, Validation loss: 0.30545313, Gradient norm: 0.53126379
INFO:root:At the start of the epoch: mem (CPU python)=12158.796875MB; mem (CPU total)=31339.29296875MB
INFO:root:[  203] Training loss: 0.29522684, Validation loss: 0.30303871, Gradient norm: 0.52535683
INFO:root:At the start of the epoch: mem (CPU python)=12180.5625MB; mem (CPU total)=31408.1953125MB
INFO:root:[  204] Training loss: 0.29493502, Validation loss: 0.30384576, Gradient norm: 0.55497677
INFO:root:At the start of the epoch: mem (CPU python)=12201.7265625MB; mem (CPU total)=31475.36328125MB
INFO:root:[  205] Training loss: 0.29443464, Validation loss: 0.30220314, Gradient norm: 0.47248282
INFO:root:At the start of the epoch: mem (CPU python)=12222.890625MB; mem (CPU total)=31544.1875MB
INFO:root:[  206] Training loss: 0.29435689, Validation loss: 0.30370062, Gradient norm: 0.53243323
INFO:root:At the start of the epoch: mem (CPU python)=12244.05859375MB; mem (CPU total)=31611.171875MB
INFO:root:Learning rate reduced to: 0.0025
INFO:root:[  207] Training loss: 0.29362868, Validation loss: 0.30349260, Gradient norm: 0.54481632
INFO:root:At the start of the epoch: mem (CPU python)=12265.22265625MB; mem (CPU total)=31676.87890625MB
INFO:root:Learning rate reduced to: 0.00125
INFO:root:[  208] Training loss: 0.28696395, Validation loss: 0.29572946, Gradient norm: 0.28383976
INFO:root:At the start of the epoch: mem (CPU python)=12286.3828125MB; mem (CPU total)=31744.5546875MB
INFO:root:[  209] Training loss: 0.28344287, Validation loss: 0.29335027, Gradient norm: 0.20817074
INFO:root:At the start of the epoch: mem (CPU python)=12307.546875MB; mem (CPU total)=31813.96484375MB
INFO:root:[  210] Training loss: 0.28305577, Validation loss: 0.29354875, Gradient norm: 0.22170528
INFO:root:At the start of the epoch: mem (CPU python)=12328.7109375MB; mem (CPU total)=31881.39453125MB
INFO:root:[  211] Training loss: 0.28308290, Validation loss: 0.29212705, Gradient norm: 0.24686668
INFO:root:At the start of the epoch: mem (CPU python)=12349.87890625MB; mem (CPU total)=31947.44140625MB
INFO:root:[  212] Training loss: 0.28256990, Validation loss: 0.29172337, Gradient norm: 0.22139971
INFO:root:At the start of the epoch: mem (CPU python)=12371.04296875MB; mem (CPU total)=32014.12890625MB
INFO:root:[  213] Training loss: 0.28237976, Validation loss: 0.29197007, Gradient norm: 0.24176757
INFO:root:At the start of the epoch: mem (CPU python)=12392.20703125MB; mem (CPU total)=32080.359375MB
INFO:root:[  214] Training loss: 0.28253889, Validation loss: 0.29446506, Gradient norm: 0.25240994
INFO:root:At the start of the epoch: mem (CPU python)=12413.37109375MB; mem (CPU total)=32148.6640625MB
INFO:root:[  215] Training loss: 0.28165727, Validation loss: 0.29307986, Gradient norm: 0.24624489
INFO:root:At the start of the epoch: mem (CPU python)=12434.53515625MB; mem (CPU total)=32213.87890625MB
INFO:root:[  216] Training loss: 0.28168598, Validation loss: 0.29231499, Gradient norm: 0.24810750
INFO:root:At the start of the epoch: mem (CPU python)=12456.0390625MB; mem (CPU total)=32282.29296875MB
INFO:root:[  217] Training loss: 0.28180813, Validation loss: 0.29260666, Gradient norm: 0.28460174
INFO:root:At the start of the epoch: mem (CPU python)=12477.9921875MB; mem (CPU total)=32350.09375MB
INFO:root:[  218] Training loss: 0.28157168, Validation loss: 0.29275975, Gradient norm: 0.25969374
INFO:root:At the start of the epoch: mem (CPU python)=12499.15234375MB; mem (CPU total)=32416.875MB
INFO:root:Learning rate reduced to: 0.000625
INFO:root:[  219] Training loss: 0.28244597, Validation loss: 0.29225282, Gradient norm: 0.29644838
INFO:root:At the start of the epoch: mem (CPU python)=12520.34375MB; mem (CPU total)=32484.421875MB
INFO:root:Learning rate reduced to: 0.0003125
INFO:root:[  220] Training loss: 0.28007308, Validation loss: 0.29108587, Gradient norm: 0.21136275
INFO:root:At the start of the epoch: mem (CPU python)=12541.5078125MB; mem (CPU total)=32551.8828125MB
INFO:root:[  221] Training loss: 0.27889870, Validation loss: 0.29020695, Gradient norm: 0.15809163
INFO:root:At the start of the epoch: mem (CPU python)=12562.671875MB; mem (CPU total)=32619.7890625MB
INFO:root:[  222] Training loss: 0.27918233, Validation loss: 0.29031410, Gradient norm: 0.15764797
INFO:root:At the start of the epoch: mem (CPU python)=12584.71484375MB; mem (CPU total)=32689.4765625MB
INFO:root:[  223] Training loss: 0.27909744, Validation loss: 0.29048156, Gradient norm: 0.17442868
INFO:root:At the start of the epoch: mem (CPU python)=12606.50390625MB; mem (CPU total)=32758.15234375MB
INFO:root:[  224] Training loss: 0.27880415, Validation loss: 0.28984780, Gradient norm: 0.17636451
INFO:root:At the start of the epoch: mem (CPU python)=12627.671875MB; mem (CPU total)=32826.56640625MB
INFO:root:[  225] Training loss: 0.27819317, Validation loss: 0.28946919, Gradient norm: 0.16353176
INFO:root:At the start of the epoch: mem (CPU python)=12648.8359375MB; mem (CPU total)=32894.2578125MB
INFO:root:[  226] Training loss: 0.27886985, Validation loss: 0.28970745, Gradient norm: 0.17779546
INFO:root:At the start of the epoch: mem (CPU python)=12670.0MB; mem (CPU total)=32962.44140625MB
INFO:root:[  227] Training loss: 0.27846624, Validation loss: 0.29009722, Gradient norm: 0.17965511
INFO:root:At the start of the epoch: mem (CPU python)=12691.16015625MB; mem (CPU total)=33026.7109375MB
INFO:root:[  228] Training loss: 0.27886746, Validation loss: 0.28986632, Gradient norm: 0.17865432
INFO:root:At the start of the epoch: mem (CPU python)=12712.66015625MB; mem (CPU total)=33093.4296875MB
INFO:root:[  229] Training loss: 0.27842423, Validation loss: 0.28842948, Gradient norm: 0.18722280
INFO:root:At the start of the epoch: mem (CPU python)=12734.2421875MB; mem (CPU total)=33160.13671875MB
INFO:root:[  230] Training loss: 0.27859527, Validation loss: 0.28860874, Gradient norm: 0.19820760
INFO:root:At the start of the epoch: mem (CPU python)=12755.4921875MB; mem (CPU total)=33227.08984375MB
INFO:root:[  231] Training loss: 0.27851019, Validation loss: 0.28850652, Gradient norm: 0.19919895
INFO:root:At the start of the epoch: mem (CPU python)=12776.9453125MB; mem (CPU total)=33293.3046875MB
INFO:root:[  232] Training loss: 0.27823772, Validation loss: 0.28916401, Gradient norm: 0.19473262
INFO:root:At the start of the epoch: mem (CPU python)=12798.109375MB; mem (CPU total)=33357.79296875MB
INFO:root:[  233] Training loss: 0.27823998, Validation loss: 0.28996271, Gradient norm: 0.19291031
INFO:root:At the start of the epoch: mem (CPU python)=12819.2734375MB; mem (CPU total)=33423.265625MB
INFO:root:[  234] Training loss: 0.27817638, Validation loss: 0.29037010, Gradient norm: 0.18171423
INFO:root:At the start of the epoch: mem (CPU python)=12840.44140625MB; mem (CPU total)=33488.48046875MB
INFO:root:[  235] Training loss: 0.27824077, Validation loss: 0.28967831, Gradient norm: 0.19132797
INFO:root:At the start of the epoch: mem (CPU python)=12861.78515625MB; mem (CPU total)=33556.24609375MB
INFO:root:Learning rate reduced to: 0.00015625
INFO:root:[  236] Training loss: 0.27788975, Validation loss: 0.29058785, Gradient norm: 0.19992843
INFO:root:At the start of the epoch: mem (CPU python)=12883.51171875MB; mem (CPU total)=33620.9375MB
INFO:root:Learning rate reduced to: 7.8125e-05
INFO:root:[  237] Training loss: 0.27726736, Validation loss: 0.28881498, Gradient norm: 0.15835093
INFO:root:At the start of the epoch: mem (CPU python)=12904.67578125MB; mem (CPU total)=33686.90625MB
INFO:root:[  238] Training loss: 0.27752936, Validation loss: 0.28916079, Gradient norm: 0.13574599
INFO:root:At the start of the epoch: mem (CPU python)=12925.84375MB; mem (CPU total)=33751.390625MB
INFO:root:EP 238: Early stopping
INFO:root:Training for autoregressive step 2 starts now.
INFO:root:Learning rate reduced to: [3.90625e-05]
INFO:root:At the start of the epoch: mem (CPU python)=12947.2421875MB; mem (CPU total)=33818.828125MB
INFO:root:[  240] Training loss: 0.35126547, Validation loss: 0.35973371, Gradient norm: 0.29515630
INFO:root:At the start of the epoch: mem (CPU python)=12959.05078125MB; mem (CPU total)=33900.828125MB
INFO:root:[  241] Training loss: 0.34877869, Validation loss: 0.35945649, Gradient norm: 0.26391739
INFO:root:At the start of the epoch: mem (CPU python)=12980.703125MB; mem (CPU total)=33992.14453125MB
INFO:root:[  242] Training loss: 0.34861624, Validation loss: 0.35903065, Gradient norm: 0.27797782
INFO:root:At the start of the epoch: mem (CPU python)=13001.8671875MB; mem (CPU total)=34080.52734375MB
INFO:root:[  243] Training loss: 0.34769848, Validation loss: 0.35680805, Gradient norm: 0.25875009
INFO:root:At the start of the epoch: mem (CPU python)=13023.03125MB; mem (CPU total)=34173.96875MB
INFO:root:[  244] Training loss: 0.34768923, Validation loss: 0.35664634, Gradient norm: 0.26372098
INFO:root:At the start of the epoch: mem (CPU python)=13044.1953125MB; mem (CPU total)=34259.9296875MB
INFO:root:[  245] Training loss: 0.34644863, Validation loss: 0.35586364, Gradient norm: 0.26562356
INFO:root:At the start of the epoch: mem (CPU python)=13065.36328125MB; mem (CPU total)=34354.90625MB
INFO:root:[  246] Training loss: 0.34680110, Validation loss: 0.35695161, Gradient norm: 0.23397409
INFO:root:At the start of the epoch: mem (CPU python)=13086.51953125MB; mem (CPU total)=34441.8515625MB
INFO:root:[  247] Training loss: 0.34629931, Validation loss: 0.35700341, Gradient norm: 0.25202426
INFO:root:At the start of the epoch: mem (CPU python)=13107.6875MB; mem (CPU total)=34536.8671875MB
INFO:root:[  248] Training loss: 0.34646310, Validation loss: 0.35729813, Gradient norm: 0.24645643
INFO:root:At the start of the epoch: mem (CPU python)=13128.8515625MB; mem (CPU total)=34622.89453125MB
INFO:root:[  249] Training loss: 0.34647043, Validation loss: 0.35666110, Gradient norm: 0.23879191
INFO:root:At the start of the epoch: mem (CPU python)=13150.015625MB; mem (CPU total)=34716.4375MB
INFO:root:[  250] Training loss: 0.34650666, Validation loss: 0.35568950, Gradient norm: 0.24058403
INFO:root:At the start of the epoch: mem (CPU python)=13171.18359375MB; mem (CPU total)=34806.1796875MB
INFO:root:[  251] Training loss: 0.34613700, Validation loss: 0.35513232, Gradient norm: 0.25407021
INFO:root:At the start of the epoch: mem (CPU python)=13192.34765625MB; mem (CPU total)=34895.89453125MB
INFO:root:[  252] Training loss: 0.34593209, Validation loss: 0.35737777, Gradient norm: 0.24936827
INFO:root:At the start of the epoch: mem (CPU python)=13213.5078125MB; mem (CPU total)=34968.60546875MB
INFO:root:[  253] Training loss: 0.34567949, Validation loss: 0.35585115, Gradient norm: 0.24334883
INFO:root:At the start of the epoch: mem (CPU python)=13234.671875MB; mem (CPU total)=35038.17578125MB
INFO:root:[  254] Training loss: 0.34538107, Validation loss: 0.35646394, Gradient norm: 0.25382642
INFO:root:At the start of the epoch: mem (CPU python)=13255.8359375MB; mem (CPU total)=35118.71875MB
INFO:root:[  255] Training loss: 0.34504053, Validation loss: 0.35521849, Gradient norm: 0.25019951
INFO:root:At the start of the epoch: mem (CPU python)=13276.99609375MB; mem (CPU total)=35183.5390625MB
INFO:root:[  256] Training loss: 0.34556925, Validation loss: 0.35554999, Gradient norm: 0.25374001
INFO:root:At the start of the epoch: mem (CPU python)=13298.1640625MB; mem (CPU total)=35247.32421875MB
INFO:root:[  257] Training loss: 0.34530315, Validation loss: 0.35497995, Gradient norm: 0.24031981
INFO:root:At the start of the epoch: mem (CPU python)=13319.328125MB; mem (CPU total)=35311.296875MB
INFO:root:[  258] Training loss: 0.34502745, Validation loss: 0.35547405, Gradient norm: 0.25035917
INFO:root:At the start of the epoch: mem (CPU python)=13340.4921875MB; mem (CPU total)=35378.56640625MB
INFO:root:[  259] Training loss: 0.34490663, Validation loss: 0.35462093, Gradient norm: 0.24029936
INFO:root:At the start of the epoch: mem (CPU python)=13361.65625MB; mem (CPU total)=35441.734375MB
INFO:root:[  260] Training loss: 0.34493682, Validation loss: 0.35588298, Gradient norm: 0.24957102
INFO:root:At the start of the epoch: mem (CPU python)=13382.8203125MB; mem (CPU total)=35505.046875MB
INFO:root:[  261] Training loss: 0.34509108, Validation loss: 0.35429260, Gradient norm: 0.25405082
INFO:root:At the start of the epoch: mem (CPU python)=13403.984375MB; mem (CPU total)=35569.046875MB
INFO:root:[  262] Training loss: 0.34480551, Validation loss: 0.35464311, Gradient norm: 0.23171969
INFO:root:At the start of the epoch: mem (CPU python)=13425.1484375MB; mem (CPU total)=35633.7265625MB
INFO:root:[  263] Training loss: 0.34499504, Validation loss: 0.35473405, Gradient norm: 0.23650849
INFO:root:At the start of the epoch: mem (CPU python)=13446.31640625MB; mem (CPU total)=35698.68359375MB
INFO:root:[  264] Training loss: 0.34456892, Validation loss: 0.35477422, Gradient norm: 0.25333485
INFO:root:At the start of the epoch: mem (CPU python)=13467.4765625MB; mem (CPU total)=35762.8515625MB
INFO:root:[  265] Training loss: 0.34495215, Validation loss: 0.35557420, Gradient norm: 0.24947817
INFO:root:At the start of the epoch: mem (CPU python)=13488.64453125MB; mem (CPU total)=35827.3359375MB
INFO:root:[  266] Training loss: 0.34458182, Validation loss: 0.35524743, Gradient norm: 0.23466054
INFO:root:At the start of the epoch: mem (CPU python)=13509.80859375MB; mem (CPU total)=35891.42578125MB
INFO:root:[  267] Training loss: 0.34443027, Validation loss: 0.35578662, Gradient norm: 0.23794969
INFO:root:At the start of the epoch: mem (CPU python)=13531.10546875MB; mem (CPU total)=35956.6953125MB
INFO:root:[  268] Training loss: 0.34442898, Validation loss: 0.35451816, Gradient norm: 0.24882122
INFO:root:At the start of the epoch: mem (CPU python)=13552.51953125MB; mem (CPU total)=36022.1484375MB
INFO:root:[  269] Training loss: 0.34397215, Validation loss: 0.35585412, Gradient norm: 0.24906384
INFO:root:At the start of the epoch: mem (CPU python)=13573.6796875MB; mem (CPU total)=36086.92578125MB
INFO:root:[  270] Training loss: 0.34402434, Validation loss: 0.35422176, Gradient norm: 0.24448939
INFO:root:At the start of the epoch: mem (CPU python)=13594.84375MB; mem (CPU total)=36152.6875MB
INFO:root:[  271] Training loss: 0.34435542, Validation loss: 0.35349557, Gradient norm: 0.22515986
INFO:root:At the start of the epoch: mem (CPU python)=13616.0078125MB; mem (CPU total)=36216.94140625MB
INFO:root:[  272] Training loss: 0.34413604, Validation loss: 0.35380327, Gradient norm: 0.23962831
INFO:root:At the start of the epoch: mem (CPU python)=13637.171875MB; mem (CPU total)=36281.73828125MB
INFO:root:[  273] Training loss: 0.34410054, Validation loss: 0.35524074, Gradient norm: 0.24810778
INFO:root:At the start of the epoch: mem (CPU python)=13658.3359375MB; mem (CPU total)=36346.203125MB
INFO:root:[  274] Training loss: 0.34382544, Validation loss: 0.35498584, Gradient norm: 0.24215397
INFO:root:At the start of the epoch: mem (CPU python)=13679.5MB; mem (CPU total)=36410.125MB
INFO:root:[  275] Training loss: 0.34408855, Validation loss: 0.35444382, Gradient norm: 0.24239862
INFO:root:At the start of the epoch: mem (CPU python)=13700.6640625MB; mem (CPU total)=36474.84765625MB
INFO:root:[  276] Training loss: 0.34353922, Validation loss: 0.35363024, Gradient norm: 0.23677145
INFO:root:At the start of the epoch: mem (CPU python)=13721.828125MB; mem (CPU total)=36540.75MB
INFO:root:[  277] Training loss: 0.34434982, Validation loss: 0.35359135, Gradient norm: 0.24762195
INFO:root:At the start of the epoch: mem (CPU python)=13742.9921875MB; mem (CPU total)=36605.51953125MB
INFO:root:[  278] Training loss: 0.34362328, Validation loss: 0.35380694, Gradient norm: 0.23883413
INFO:root:At the start of the epoch: mem (CPU python)=13764.15625MB; mem (CPU total)=36670.92578125MB
INFO:root:[  279] Training loss: 0.34383273, Validation loss: 0.35424827, Gradient norm: 0.24183154
INFO:root:At the start of the epoch: mem (CPU python)=13785.32421875MB; mem (CPU total)=36735.89453125MB
INFO:root:[  280] Training loss: 0.34331817, Validation loss: 0.35394936, Gradient norm: 0.23670108
INFO:root:At the start of the epoch: mem (CPU python)=13806.48828125MB; mem (CPU total)=36800.86328125MB
INFO:root:EP 280: Early stopping
INFO:root:After finishing all epochs: mem (CPU python)=13827.65234375MB; mem (CPU total)=36854.97265625MB
INFO:root:Training the model took 11646.054s.
INFO:root:Emptying the cuda cache took 0.014s.
INFO:root:Starting evaluation: model SFNO & uncertainty quantification dropout
INFO:root:Evaluating the model on Validation data.
INFO:root:MSEValidation: 0.36707
INFO:root:EnergyScoreValidation: 0.27805
INFO:root:CRPSValidation: 0.11502
INFO:root:Gaussian NLLValidation: 0.63703
INFO:root:CoverageValidation: 0.66923
INFO:root:IntervalWidthValidation: 0.38457
INFO:root:Evaluating the model on Test data.
INFO:root:MSETest: 0.28589
INFO:root:EnergyScoreTest: 0.22131
INFO:root:CRPSTest: 0.08943
INFO:root:Gaussian NLLTest: 0.68225
INFO:root:CoverageTest: 0.61873
INFO:root:IntervalWidthTest: 0.25705
INFO:root:After validation: mem (CPU python)=13834.4296875MB; mem (CPU total)=37287.67578125MB
INFO:root:###3 out of 3 training parameter combinations ###
INFO:root:Training parameters: {'seed': 123456789, 'model': 'SFNO', 'uncertainty_quantification': 'dropout', 'batch_size': 32, 'n_epochs': 1000, 'early_stopping': 10, 'init': 'default', 'learning_rate': 0.005, 'lr_schedule': 'step', 'optimizer': 'adam', 'gradient_clipping': 1, 'layer_normalization': True, 'data_loader_pin_memory': False, 'data_loader_num_workers': 0, 'distributed_training': False, 'alpha': 0.05, 'n_samples_uq': 100, 'weight_decay': 0, 'dropout': 0.01, 'fourier_dropout': None, 'hidden_channels': 32, 'projection_channels': 256, 'lifting_channels': 256, 'n_modes': (32, 32), 'n_samples': 3}
INFO:root:After creating the dataloaders: mem (CPU python)=13834.4296875MB; mem (CPU total)=37295.796875MB
INFO:root:NumberParameters: 284835
INFO:root:GPU memory allocated: 176160768
INFO:root:After setting up the model: mem (CPU python)=13834.56640625MB; mem (CPU total)=37295.796875MB
INFO:root:Training starts now.
INFO:root:At the start of the epoch: mem (CPU python)=13834.56640625MB; mem (CPU total)=37303.91796875MB
INFO:root:[    1] Training loss: 0.83219751, Validation loss: 0.73868808, Gradient norm: 0.44399521
INFO:root:At the start of the epoch: mem (CPU python)=13855.625MB; mem (CPU total)=37353.26953125MB
INFO:root:[    2] Training loss: 0.73624094, Validation loss: 0.73419257, Gradient norm: 0.29655332
INFO:root:At the start of the epoch: mem (CPU python)=13876.8046875MB; mem (CPU total)=37405.015625MB
INFO:root:[    3] Training loss: 0.72619993, Validation loss: 0.71442821, Gradient norm: 0.22273329
INFO:root:At the start of the epoch: mem (CPU python)=13897.9765625MB; mem (CPU total)=37451.5390625MB
INFO:root:[    4] Training loss: 0.68284741, Validation loss: 0.65005164, Gradient norm: 0.32002082
INFO:root:At the start of the epoch: mem (CPU python)=13919.14453125MB; mem (CPU total)=37503.48046875MB
INFO:root:[    5] Training loss: 0.63027925, Validation loss: 0.60533513, Gradient norm: 0.31767753
INFO:root:At the start of the epoch: mem (CPU python)=13940.30859375MB; mem (CPU total)=37550.9609375MB
INFO:root:[    6] Training loss: 0.59605713, Validation loss: 0.58596335, Gradient norm: 0.27875271
INFO:root:At the start of the epoch: mem (CPU python)=13961.47265625MB; mem (CPU total)=37597.98046875MB
INFO:root:[    7] Training loss: 0.57759520, Validation loss: 0.57113455, Gradient norm: 0.29679969
INFO:root:At the start of the epoch: mem (CPU python)=13982.63671875MB; mem (CPU total)=37652.3203125MB
INFO:root:[    8] Training loss: 0.56033823, Validation loss: 0.54667417, Gradient norm: 0.33365492
INFO:root:At the start of the epoch: mem (CPU python)=14003.80078125MB; mem (CPU total)=37697.69921875MB
INFO:root:[    9] Training loss: 0.53123901, Validation loss: 0.51692339, Gradient norm: 0.34573203
INFO:root:At the start of the epoch: mem (CPU python)=14024.96484375MB; mem (CPU total)=37743.9609375MB
INFO:root:[   10] Training loss: 0.51191976, Validation loss: 0.50614928, Gradient norm: 0.36045217
INFO:root:At the start of the epoch: mem (CPU python)=14046.12890625MB; mem (CPU total)=37795.41015625MB
INFO:root:[   11] Training loss: 0.49890998, Validation loss: 0.49690622, Gradient norm: 0.34617241
INFO:root:At the start of the epoch: mem (CPU python)=14067.29296875MB; mem (CPU total)=37844.16015625MB
INFO:root:[   12] Training loss: 0.48993123, Validation loss: 0.48749572, Gradient norm: 0.33637384
INFO:root:At the start of the epoch: mem (CPU python)=14088.453125MB; mem (CPU total)=37892.84765625MB
INFO:root:[   13] Training loss: 0.48227702, Validation loss: 0.47944258, Gradient norm: 0.34829034
INFO:root:At the start of the epoch: mem (CPU python)=14109.6171875MB; mem (CPU total)=37942.55859375MB
INFO:root:[   14] Training loss: 0.47446875, Validation loss: 0.47164294, Gradient norm: 0.35157630
INFO:root:At the start of the epoch: mem (CPU python)=14130.78515625MB; mem (CPU total)=37990.28515625MB
INFO:root:[   15] Training loss: 0.46535011, Validation loss: 0.46160443, Gradient norm: 0.33925492
INFO:root:At the start of the epoch: mem (CPU python)=14151.94921875MB; mem (CPU total)=38041.44140625MB
INFO:root:[   16] Training loss: 0.45646791, Validation loss: 0.45262520, Gradient norm: 0.34114372
INFO:root:At the start of the epoch: mem (CPU python)=14173.11328125MB; mem (CPU total)=38088.44140625MB
INFO:root:[   17] Training loss: 0.44770748, Validation loss: 0.44548934, Gradient norm: 0.34600873
INFO:root:At the start of the epoch: mem (CPU python)=14194.27734375MB; mem (CPU total)=38136.953125MB
INFO:root:[   18] Training loss: 0.44125089, Validation loss: 0.43779137, Gradient norm: 0.35288289
INFO:root:At the start of the epoch: mem (CPU python)=14215.44140625MB; mem (CPU total)=38189.29296875MB
INFO:root:[   19] Training loss: 0.43575629, Validation loss: 0.44198863, Gradient norm: 0.35389769
INFO:root:At the start of the epoch: mem (CPU python)=14236.60546875MB; mem (CPU total)=38235.55078125MB
INFO:root:[   20] Training loss: 0.43128770, Validation loss: 0.43000808, Gradient norm: 0.34401090
INFO:root:At the start of the epoch: mem (CPU python)=14257.7734375MB; mem (CPU total)=38283.78515625MB
INFO:root:[   21] Training loss: 0.42750376, Validation loss: 0.42623527, Gradient norm: 0.32783370
INFO:root:At the start of the epoch: mem (CPU python)=14278.93359375MB; mem (CPU total)=38335.21875MB
INFO:root:[   22] Training loss: 0.42465864, Validation loss: 0.42318988, Gradient norm: 0.33501019
INFO:root:At the start of the epoch: mem (CPU python)=14300.09765625MB; mem (CPU total)=38383.9453125MB
INFO:root:[   23] Training loss: 0.42141300, Validation loss: 0.42047149, Gradient norm: 0.33720647
INFO:root:At the start of the epoch: mem (CPU python)=14321.26171875MB; mem (CPU total)=38434.31640625MB
INFO:root:[   24] Training loss: 0.41936744, Validation loss: 0.42020574, Gradient norm: 0.34157703
INFO:root:At the start of the epoch: mem (CPU python)=14342.4296875MB; mem (CPU total)=38485.99609375MB
INFO:root:[   25] Training loss: 0.41690730, Validation loss: 0.41729963, Gradient norm: 0.33351682
INFO:root:At the start of the epoch: mem (CPU python)=14363.59375MB; mem (CPU total)=38531.78515625MB
INFO:root:[   26] Training loss: 0.41491738, Validation loss: 0.41505953, Gradient norm: 0.34190086
INFO:root:At the start of the epoch: mem (CPU python)=14384.75390625MB; mem (CPU total)=38585.96484375MB
INFO:root:[   27] Training loss: 0.41260654, Validation loss: 0.41268466, Gradient norm: 0.32229879
INFO:root:At the start of the epoch: mem (CPU python)=14405.91796875MB; mem (CPU total)=38622.640625MB
INFO:root:[   28] Training loss: 0.41099334, Validation loss: 0.41076480, Gradient norm: 0.35324264
INFO:root:At the start of the epoch: mem (CPU python)=14427.08203125MB; mem (CPU total)=38658.33984375MB
INFO:root:[   29] Training loss: 0.40904236, Validation loss: 0.40910545, Gradient norm: 0.32874762
INFO:root:At the start of the epoch: mem (CPU python)=14448.25MB; mem (CPU total)=38695.25390625MB
INFO:root:[   30] Training loss: 0.40745959, Validation loss: 0.40742420, Gradient norm: 0.33610749
INFO:root:At the start of the epoch: mem (CPU python)=14469.4140625MB; mem (CPU total)=38732.18359375MB
INFO:root:[   31] Training loss: 0.40575488, Validation loss: 0.40776795, Gradient norm: 0.32594955
INFO:root:At the start of the epoch: mem (CPU python)=14490.57421875MB; mem (CPU total)=38770.09765625MB
INFO:root:[   32] Training loss: 0.40399748, Validation loss: 0.40605209, Gradient norm: 0.33457992
INFO:root:At the start of the epoch: mem (CPU python)=14512.11328125MB; mem (CPU total)=38806.53125MB
INFO:root:[   33] Training loss: 0.40268181, Validation loss: 0.40441106, Gradient norm: 0.34682797
INFO:root:At the start of the epoch: mem (CPU python)=14533.52734375MB; mem (CPU total)=38844.578125MB
INFO:root:[   34] Training loss: 0.40091339, Validation loss: 0.40279407, Gradient norm: 0.31306273
INFO:root:At the start of the epoch: mem (CPU python)=14555.1953125MB; mem (CPU total)=38910.0546875MB
INFO:root:[   35] Training loss: 0.39973004, Validation loss: 0.40148128, Gradient norm: 0.33762298
INFO:root:At the start of the epoch: mem (CPU python)=14576.36328125MB; mem (CPU total)=38955.6640625MB
INFO:root:[   36] Training loss: 0.39818751, Validation loss: 0.39935609, Gradient norm: 0.31642066
INFO:root:At the start of the epoch: mem (CPU python)=14597.52734375MB; mem (CPU total)=38978.546875MB
INFO:root:[   37] Training loss: 0.39751237, Validation loss: 0.39809784, Gradient norm: 0.34682966
INFO:root:At the start of the epoch: mem (CPU python)=14618.69140625MB; mem (CPU total)=39000.96484375MB
INFO:root:[   38] Training loss: 0.39612386, Validation loss: 0.39998315, Gradient norm: 0.33683969
INFO:root:At the start of the epoch: mem (CPU python)=14639.85546875MB; mem (CPU total)=39023.3125MB
INFO:root:[   39] Training loss: 0.39481921, Validation loss: 0.39722116, Gradient norm: 0.31516059
INFO:root:At the start of the epoch: mem (CPU python)=14661.01953125MB; mem (CPU total)=39044.734375MB
INFO:root:[   40] Training loss: 0.39445245, Validation loss: 0.39585892, Gradient norm: 0.33252160
INFO:root:At the start of the epoch: mem (CPU python)=14682.18359375MB; mem (CPU total)=23673.7578125MB
INFO:root:[   41] Training loss: 0.39274519, Validation loss: 0.39707136, Gradient norm: 0.31054466
INFO:root:At the start of the epoch: mem (CPU python)=14703.34375MB; mem (CPU total)=23703.55859375MB
INFO:root:[   42] Training loss: 0.39235238, Validation loss: 0.39536321, Gradient norm: 0.31774178
INFO:root:At the start of the epoch: mem (CPU python)=14724.51171875MB; mem (CPU total)=23725.70703125MB
INFO:root:[   43] Training loss: 0.39198379, Validation loss: 0.39258048, Gradient norm: 0.34258414
INFO:root:At the start of the epoch: mem (CPU python)=14745.671875MB; mem (CPU total)=23747.23828125MB
INFO:root:[   44] Training loss: 0.39106438, Validation loss: 0.39360315, Gradient norm: 0.32234515
INFO:root:At the start of the epoch: mem (CPU python)=14766.8359375MB; mem (CPU total)=23769.87890625MB
INFO:root:[   45] Training loss: 0.38998092, Validation loss: 0.39517692, Gradient norm: 0.31105958
INFO:root:At the start of the epoch: mem (CPU python)=14788.0MB; mem (CPU total)=23861.95703125MB
INFO:root:[   46] Training loss: 0.38946856, Validation loss: 0.39161223, Gradient norm: 0.31890285
INFO:root:At the start of the epoch: mem (CPU python)=14809.16796875MB; mem (CPU total)=23917.7890625MB
INFO:root:[   47] Training loss: 0.38891358, Validation loss: 0.39216543, Gradient norm: 0.32937229
INFO:root:At the start of the epoch: mem (CPU python)=14830.33203125MB; mem (CPU total)=23964.015625MB
INFO:root:[   48] Training loss: 0.38771262, Validation loss: 0.38993221, Gradient norm: 0.30210913
INFO:root:At the start of the epoch: mem (CPU python)=14851.49609375MB; mem (CPU total)=23984.859375MB
INFO:root:[   49] Training loss: 0.38760246, Validation loss: 0.39090776, Gradient norm: 0.32467440
INFO:root:At the start of the epoch: mem (CPU python)=14872.65625MB; mem (CPU total)=24007.8828125MB
INFO:root:[   50] Training loss: 0.38726936, Validation loss: 0.39149651, Gradient norm: 0.32974202
INFO:root:At the start of the epoch: mem (CPU python)=14893.8203125MB; mem (CPU total)=24001.0390625MB
INFO:root:[   51] Training loss: 0.38613311, Validation loss: 0.38781955, Gradient norm: 0.30832664
INFO:root:At the start of the epoch: mem (CPU python)=14915.03125MB; mem (CPU total)=24054.0625MB
INFO:root:[   52] Training loss: 0.38594733, Validation loss: 0.38914720, Gradient norm: 0.32822803
INFO:root:At the start of the epoch: mem (CPU python)=14936.1953125MB; mem (CPU total)=24048.125MB
INFO:root:[   53] Training loss: 0.38499899, Validation loss: 0.39026562, Gradient norm: 0.30676449
INFO:root:At the start of the epoch: mem (CPU python)=14957.69140625MB; mem (CPU total)=24070.83203125MB
INFO:root:[   54] Training loss: 0.38480832, Validation loss: 0.38737967, Gradient norm: 0.31594902
INFO:root:At the start of the epoch: mem (CPU python)=14978.8828125MB; mem (CPU total)=24092.8515625MB
INFO:root:[   55] Training loss: 0.38377971, Validation loss: 0.38734294, Gradient norm: 0.30333442
INFO:root:At the start of the epoch: mem (CPU python)=15000.7734375MB; mem (CPU total)=24117.23046875MB
INFO:root:[   56] Training loss: 0.38376351, Validation loss: 0.38678794, Gradient norm: 0.33264562
INFO:root:At the start of the epoch: mem (CPU python)=15021.94140625MB; mem (CPU total)=24137.09765625MB
INFO:root:[   57] Training loss: 0.38310833, Validation loss: 0.38681619, Gradient norm: 0.31148310
INFO:root:At the start of the epoch: mem (CPU python)=15043.8515625MB; mem (CPU total)=24159.9609375MB
INFO:root:[   58] Training loss: 0.38242436, Validation loss: 0.38530359, Gradient norm: 0.30154861
INFO:root:At the start of the epoch: mem (CPU python)=15065.015625MB; mem (CPU total)=24207.10546875MB
INFO:root:[   59] Training loss: 0.38244487, Validation loss: 0.38594073, Gradient norm: 0.31809830
INFO:root:At the start of the epoch: mem (CPU python)=15086.171875MB; mem (CPU total)=24228.2109375MB
INFO:root:[   60] Training loss: 0.38217034, Validation loss: 0.38512100, Gradient norm: 0.33037666
INFO:root:At the start of the epoch: mem (CPU python)=15107.3359375MB; mem (CPU total)=24249.921875MB
INFO:root:[   61] Training loss: 0.38178219, Validation loss: 0.38539404, Gradient norm: 0.32287412
INFO:root:At the start of the epoch: mem (CPU python)=15128.5MB; mem (CPU total)=24272.36328125MB
INFO:root:[   62] Training loss: 0.38092493, Validation loss: 0.38422255, Gradient norm: 0.30771694
INFO:root:At the start of the epoch: mem (CPU python)=15149.66796875MB; mem (CPU total)=24269.5390625MB
INFO:root:[   63] Training loss: 0.38054801, Validation loss: 0.38364591, Gradient norm: 0.32489169
INFO:root:At the start of the epoch: mem (CPU python)=15170.83203125MB; mem (CPU total)=24291.05078125MB
INFO:root:[   64] Training loss: 0.37997963, Validation loss: 0.38368275, Gradient norm: 0.30699412
INFO:root:At the start of the epoch: mem (CPU python)=15191.99609375MB; mem (CPU total)=24315.25390625MB
INFO:root:[   65] Training loss: 0.37991168, Validation loss: 0.38405158, Gradient norm: 0.33339214
INFO:root:At the start of the epoch: mem (CPU python)=15213.16015625MB; mem (CPU total)=24327.97265625MB
INFO:root:[   66] Training loss: 0.37922450, Validation loss: 0.38344163, Gradient norm: 0.31042204
INFO:root:At the start of the epoch: mem (CPU python)=15234.32421875MB; mem (CPU total)=24379.23046875MB
INFO:root:[   67] Training loss: 0.37888323, Validation loss: 0.38159960, Gradient norm: 0.31560409
INFO:root:At the start of the epoch: mem (CPU python)=15255.4921875MB; mem (CPU total)=24509.38671875MB
INFO:root:[   68] Training loss: 0.37805941, Validation loss: 0.38266088, Gradient norm: 0.31973722
INFO:root:At the start of the epoch: mem (CPU python)=15276.6484375MB; mem (CPU total)=24531.890625MB
INFO:root:[   69] Training loss: 0.37839003, Validation loss: 0.38062784, Gradient norm: 0.33681496
INFO:root:At the start of the epoch: mem (CPU python)=15297.81640625MB; mem (CPU total)=24468.4375MB
INFO:root:[   70] Training loss: 0.37758020, Validation loss: 0.38184444, Gradient norm: 0.31125607
INFO:root:At the start of the epoch: mem (CPU python)=15318.98046875MB; mem (CPU total)=24490.84765625MB
INFO:root:[   71] Training loss: 0.37700482, Validation loss: 0.38068475, Gradient norm: 0.32389166
INFO:root:At the start of the epoch: mem (CPU python)=15340.14453125MB; mem (CPU total)=24512.796875MB
INFO:root:[   72] Training loss: 0.37623348, Validation loss: 0.38093512, Gradient norm: 0.29865445
INFO:root:At the start of the epoch: mem (CPU python)=15361.30859375MB; mem (CPU total)=24535.19140625MB
INFO:root:[   73] Training loss: 0.37615191, Validation loss: 0.37960055, Gradient norm: 0.32366613
INFO:root:At the start of the epoch: mem (CPU python)=15382.4765625MB; mem (CPU total)=24557.21875MB
INFO:root:[   74] Training loss: 0.37553381, Validation loss: 0.37916583, Gradient norm: 0.30734941
INFO:root:At the start of the epoch: mem (CPU python)=15403.640625MB; mem (CPU total)=24579.33984375MB
INFO:root:[   75] Training loss: 0.37480354, Validation loss: 0.37858709, Gradient norm: 0.30681634
INFO:root:At the start of the epoch: mem (CPU python)=15424.8046875MB; mem (CPU total)=24626.73828125MB
INFO:root:[   76] Training loss: 0.37443104, Validation loss: 0.38033739, Gradient norm: 0.30637739
INFO:root:At the start of the epoch: mem (CPU python)=15445.96484375MB; mem (CPU total)=24683.79296875MB
INFO:root:[   77] Training loss: 0.37471712, Validation loss: 0.37892226, Gradient norm: 0.34859702
INFO:root:At the start of the epoch: mem (CPU python)=15467.1328125MB; mem (CPU total)=24734.44921875MB
INFO:root:[   78] Training loss: 0.37322646, Validation loss: 0.37881590, Gradient norm: 0.33009442
INFO:root:At the start of the epoch: mem (CPU python)=15488.29296875MB; mem (CPU total)=24702.01171875MB
INFO:root:[   79] Training loss: 0.37310784, Validation loss: 0.37763901, Gradient norm: 0.32645956
INFO:root:At the start of the epoch: mem (CPU python)=15509.4609375MB; mem (CPU total)=24782.390625MB
INFO:root:[   80] Training loss: 0.37221094, Validation loss: 0.37824187, Gradient norm: 0.33842422
INFO:root:At the start of the epoch: mem (CPU python)=15530.625MB; mem (CPU total)=24775.3125MB
INFO:root:[   81] Training loss: 0.37128546, Validation loss: 0.37481681, Gradient norm: 0.35933747
INFO:root:At the start of the epoch: mem (CPU python)=15551.7890625MB; mem (CPU total)=24815.48046875MB
INFO:root:[   82] Training loss: 0.36938259, Validation loss: 0.37379847, Gradient norm: 0.32920601
INFO:root:At the start of the epoch: mem (CPU python)=15572.953125MB; mem (CPU total)=24920.30859375MB
INFO:root:[   83] Training loss: 0.36763271, Validation loss: 0.37360919, Gradient norm: 0.33800550
INFO:root:At the start of the epoch: mem (CPU python)=15594.1171875MB; mem (CPU total)=24935.375MB
INFO:root:[   84] Training loss: 0.36585095, Validation loss: 0.36971220, Gradient norm: 0.36713711
INFO:root:At the start of the epoch: mem (CPU python)=15615.28515625MB; mem (CPU total)=24983.609375MB
INFO:root:[   85] Training loss: 0.36432216, Validation loss: 0.37052654, Gradient norm: 0.35683213
INFO:root:At the start of the epoch: mem (CPU python)=15636.44921875MB; mem (CPU total)=25030.67578125MB
INFO:root:[   86] Training loss: 0.36285187, Validation loss: 0.36558566, Gradient norm: 0.36432041
INFO:root:At the start of the epoch: mem (CPU python)=15657.61328125MB; mem (CPU total)=25077.140625MB
INFO:root:[   87] Training loss: 0.36097321, Validation loss: 0.36384739, Gradient norm: 0.35244118
INFO:root:At the start of the epoch: mem (CPU python)=15678.7734375MB; mem (CPU total)=25129.65234375MB
INFO:root:[   88] Training loss: 0.35948923, Validation loss: 0.36275921, Gradient norm: 0.34889356
INFO:root:At the start of the epoch: mem (CPU python)=15699.9375MB; mem (CPU total)=25197.1484375MB
INFO:root:[   89] Training loss: 0.35774687, Validation loss: 0.36172117, Gradient norm: 0.37895652
INFO:root:At the start of the epoch: mem (CPU python)=15721.10546875MB; mem (CPU total)=25244.27734375MB
INFO:root:[   90] Training loss: 0.35630563, Validation loss: 0.35934410, Gradient norm: 0.36332546
INFO:root:At the start of the epoch: mem (CPU python)=15742.26953125MB; mem (CPU total)=25230.63671875MB
INFO:root:[   91] Training loss: 0.35468969, Validation loss: 0.35709278, Gradient norm: 0.36555185
INFO:root:At the start of the epoch: mem (CPU python)=15763.43359375MB; mem (CPU total)=25337.19140625MB
INFO:root:[   92] Training loss: 0.35389588, Validation loss: 0.35991433, Gradient norm: 0.40221352
INFO:root:At the start of the epoch: mem (CPU python)=15784.59765625MB; mem (CPU total)=25360.4296875MB
INFO:root:[   93] Training loss: 0.35188769, Validation loss: 0.35482716, Gradient norm: 0.36608284
INFO:root:At the start of the epoch: mem (CPU python)=15805.76171875MB; mem (CPU total)=25407.16796875MB
INFO:root:[   94] Training loss: 0.35014201, Validation loss: 0.35857554, Gradient norm: 0.37738108
INFO:root:At the start of the epoch: mem (CPU python)=15826.921875MB; mem (CPU total)=25481.4140625MB
INFO:root:[   95] Training loss: 0.34944698, Validation loss: 0.35310243, Gradient norm: 0.41377322
INFO:root:At the start of the epoch: mem (CPU python)=15848.08984375MB; mem (CPU total)=25525.234375MB
INFO:root:[   96] Training loss: 0.34747740, Validation loss: 0.35066807, Gradient norm: 0.34279039
INFO:root:At the start of the epoch: mem (CPU python)=15869.25390625MB; mem (CPU total)=25541.515625MB
INFO:root:[   97] Training loss: 0.34704716, Validation loss: 0.35171220, Gradient norm: 0.41318788
INFO:root:At the start of the epoch: mem (CPU python)=15890.4140625MB; mem (CPU total)=25588.51953125MB
INFO:root:[   98] Training loss: 0.34566881, Validation loss: 0.34957921, Gradient norm: 0.37318847
INFO:root:At the start of the epoch: mem (CPU python)=15911.578125MB; mem (CPU total)=25634.5390625MB
INFO:root:[   99] Training loss: 0.34467654, Validation loss: 0.34896298, Gradient norm: 0.39785118
INFO:root:At the start of the epoch: mem (CPU python)=15932.7421875MB; mem (CPU total)=25626.6796875MB
INFO:root:[  100] Training loss: 0.34324598, Validation loss: 0.34736219, Gradient norm: 0.38985451
INFO:root:At the start of the epoch: mem (CPU python)=15953.91015625MB; mem (CPU total)=25670.9765625MB
INFO:root:[  101] Training loss: 0.34213839, Validation loss: 0.34740257, Gradient norm: 0.40476204
INFO:root:At the start of the epoch: mem (CPU python)=15975.0703125MB; mem (CPU total)=25718.2265625MB
INFO:root:[  102] Training loss: 0.34108658, Validation loss: 0.34701278, Gradient norm: 0.37608650
INFO:root:At the start of the epoch: mem (CPU python)=15996.23828125MB; mem (CPU total)=25766.0MB
INFO:root:[  103] Training loss: 0.34016014, Validation loss: 0.34339691, Gradient norm: 0.39631958
INFO:root:At the start of the epoch: mem (CPU python)=16017.40234375MB; mem (CPU total)=25812.1640625MB
INFO:root:[  104] Training loss: 0.33915689, Validation loss: 0.34529468, Gradient norm: 0.40952959
INFO:root:At the start of the epoch: mem (CPU python)=16038.56640625MB; mem (CPU total)=25887.46875MB
INFO:root:[  105] Training loss: 0.33846732, Validation loss: 0.34294428, Gradient norm: 0.40672031
INFO:root:At the start of the epoch: mem (CPU python)=16059.734375MB; mem (CPU total)=25964.05078125MB
INFO:root:[  106] Training loss: 0.33706539, Validation loss: 0.34380216, Gradient norm: 0.38648961
INFO:root:At the start of the epoch: mem (CPU python)=16080.890625MB; mem (CPU total)=25978.91015625MB
INFO:root:[  107] Training loss: 0.33655672, Validation loss: 0.34277215, Gradient norm: 0.42681478
INFO:root:At the start of the epoch: mem (CPU python)=16102.05859375MB; mem (CPU total)=26085.62109375MB
INFO:root:[  108] Training loss: 0.33533156, Validation loss: 0.33872450, Gradient norm: 0.40600881
INFO:root:At the start of the epoch: mem (CPU python)=16123.22265625MB; mem (CPU total)=26076.328125MB
INFO:root:[  109] Training loss: 0.33362256, Validation loss: 0.33787145, Gradient norm: 0.36832206
INFO:root:At the start of the epoch: mem (CPU python)=16144.38671875MB; mem (CPU total)=26151.41796875MB
INFO:root:[  110] Training loss: 0.33334700, Validation loss: 0.33889080, Gradient norm: 0.42079833
INFO:root:At the start of the epoch: mem (CPU python)=16165.546875MB; mem (CPU total)=26207.83984375MB
INFO:root:[  111] Training loss: 0.33340317, Validation loss: 0.33740738, Gradient norm: 0.43709370
INFO:root:At the start of the epoch: mem (CPU python)=16186.7109375MB; mem (CPU total)=26272.98046875MB
INFO:root:[  112] Training loss: 0.33176283, Validation loss: 0.34067733, Gradient norm: 0.40758428
INFO:root:At the start of the epoch: mem (CPU python)=16207.875MB; mem (CPU total)=26293.03515625MB
INFO:root:[  113] Training loss: 0.33132839, Validation loss: 0.33629168, Gradient norm: 0.42039873
INFO:root:At the start of the epoch: mem (CPU python)=16229.04296875MB; mem (CPU total)=26365.75390625MB
INFO:root:[  114] Training loss: 0.32971901, Validation loss: 0.33520793, Gradient norm: 0.41631886
INFO:root:At the start of the epoch: mem (CPU python)=16250.20703125MB; mem (CPU total)=26416.73046875MB
INFO:root:[  115] Training loss: 0.32955725, Validation loss: 0.33488660, Gradient norm: 0.44504602
INFO:root:At the start of the epoch: mem (CPU python)=16271.3671875MB; mem (CPU total)=26431.10546875MB
INFO:root:[  116] Training loss: 0.32783282, Validation loss: 0.33362525, Gradient norm: 0.41155881
INFO:root:At the start of the epoch: mem (CPU python)=16292.53125MB; mem (CPU total)=26483.35546875MB
INFO:root:[  117] Training loss: 0.32776815, Validation loss: 0.33165365, Gradient norm: 0.43054264
INFO:root:At the start of the epoch: mem (CPU python)=16313.69921875MB; mem (CPU total)=26457.484375MB
INFO:root:[  118] Training loss: 0.32629433, Validation loss: 0.33349572, Gradient norm: 0.42550197
INFO:root:At the start of the epoch: mem (CPU python)=16334.859375MB; mem (CPU total)=26593.703125MB
INFO:root:[  119] Training loss: 0.32542019, Validation loss: 0.32998427, Gradient norm: 0.42311321
INFO:root:At the start of the epoch: mem (CPU python)=16356.02734375MB; mem (CPU total)=26640.01953125MB
INFO:root:[  120] Training loss: 0.32465858, Validation loss: 0.33254083, Gradient norm: 0.45036936
INFO:root:At the start of the epoch: mem (CPU python)=16377.19140625MB; mem (CPU total)=26682.65625MB
INFO:root:[  121] Training loss: 0.32358431, Validation loss: 0.33071175, Gradient norm: 0.42196147
INFO:root:At the start of the epoch: mem (CPU python)=16398.35546875MB; mem (CPU total)=26732.66015625MB
INFO:root:[  122] Training loss: 0.32450835, Validation loss: 0.33128330, Gradient norm: 0.49702343
INFO:root:At the start of the epoch: mem (CPU python)=16419.51953125MB; mem (CPU total)=26745.55859375MB
INFO:root:[  123] Training loss: 0.32245107, Validation loss: 0.33009533, Gradient norm: 0.45945234
INFO:root:At the start of the epoch: mem (CPU python)=16440.6875MB; mem (CPU total)=26797.3125MB
INFO:root:[  124] Training loss: 0.32201869, Validation loss: 0.32679935, Gradient norm: 0.46537843
INFO:root:At the start of the epoch: mem (CPU python)=16461.8515625MB; mem (CPU total)=26845.0703125MB
INFO:root:[  125] Training loss: 0.32093704, Validation loss: 0.33142228, Gradient norm: 0.44020266
INFO:root:At the start of the epoch: mem (CPU python)=16483.015625MB; mem (CPU total)=26910.12109375MB
INFO:root:[  126] Training loss: 0.32049916, Validation loss: 0.32836455, Gradient norm: 0.47984504
INFO:root:At the start of the epoch: mem (CPU python)=16504.1796875MB; mem (CPU total)=26927.87890625MB
INFO:root:[  127] Training loss: 0.32044527, Validation loss: 0.32463021, Gradient norm: 0.46611457
INFO:root:At the start of the epoch: mem (CPU python)=16525.34375MB; mem (CPU total)=26842.2734375MB
INFO:root:[  128] Training loss: 0.31893496, Validation loss: 0.32453105, Gradient norm: 0.44091826
INFO:root:At the start of the epoch: mem (CPU python)=16546.5078125MB; mem (CPU total)=26906.59375MB
INFO:root:[  129] Training loss: 0.31810291, Validation loss: 0.32530873, Gradient norm: 0.46896185
INFO:root:At the start of the epoch: mem (CPU python)=16567.66796875MB; mem (CPU total)=26953.00390625MB
INFO:root:[  130] Training loss: 0.31820750, Validation loss: 0.32377619, Gradient norm: 0.51770948
INFO:root:At the start of the epoch: mem (CPU python)=16588.8359375MB; mem (CPU total)=27000.765625MB
INFO:root:[  131] Training loss: 0.31671583, Validation loss: 0.32437594, Gradient norm: 0.49836122
INFO:root:At the start of the epoch: mem (CPU python)=16610.0MB; mem (CPU total)=27050.55078125MB
INFO:root:[  132] Training loss: 0.31582729, Validation loss: 0.32283568, Gradient norm: 0.44782287
INFO:root:At the start of the epoch: mem (CPU python)=16631.1640625MB; mem (CPU total)=27161.2578125MB
INFO:root:[  133] Training loss: 0.31535038, Validation loss: 0.32396221, Gradient norm: 0.51297589
INFO:root:At the start of the epoch: mem (CPU python)=16652.328125MB; mem (CPU total)=27239.02734375MB
INFO:root:[  134] Training loss: 0.31490406, Validation loss: 0.32320251, Gradient norm: 0.45440348
INFO:root:At the start of the epoch: mem (CPU python)=16673.48828125MB; mem (CPU total)=27254.98046875MB
INFO:root:[  135] Training loss: 0.31406533, Validation loss: 0.32150445, Gradient norm: 0.51961979
INFO:root:At the start of the epoch: mem (CPU python)=16694.65625MB; mem (CPU total)=27333.015625MB
INFO:root:[  136] Training loss: 0.31326054, Validation loss: 0.32009244, Gradient norm: 0.48106391
INFO:root:At the start of the epoch: mem (CPU python)=16715.8203125MB; mem (CPU total)=27411.55078125MB
INFO:root:[  137] Training loss: 0.31180222, Validation loss: 0.32197852, Gradient norm: 0.49766834
INFO:root:At the start of the epoch: mem (CPU python)=16736.984375MB; mem (CPU total)=27458.2734375MB
INFO:root:[  138] Training loss: 0.31194624, Validation loss: 0.31778280, Gradient norm: 0.50020961
INFO:root:At the start of the epoch: mem (CPU python)=16758.1484375MB; mem (CPU total)=27480.4140625MB
INFO:root:[  139] Training loss: 0.31104852, Validation loss: 0.31794725, Gradient norm: 0.50028210
INFO:root:At the start of the epoch: mem (CPU python)=16779.3125MB; mem (CPU total)=27546.703125MB
INFO:root:[  140] Training loss: 0.31029496, Validation loss: 0.31666013, Gradient norm: 0.52179055
INFO:root:At the start of the epoch: mem (CPU python)=16800.48046875MB; mem (CPU total)=27506.15625MB
INFO:root:[  141] Training loss: 0.30975591, Validation loss: 0.31832398, Gradient norm: 0.53816900
INFO:root:At the start of the epoch: mem (CPU python)=16821.64453125MB; mem (CPU total)=27610.20703125MB
INFO:root:[  142] Training loss: 0.30935873, Validation loss: 0.31619038, Gradient norm: 0.50166797
INFO:root:At the start of the epoch: mem (CPU python)=16842.80859375MB; mem (CPU total)=27657.15625MB
INFO:root:[  143] Training loss: 0.30898826, Validation loss: 0.31608910, Gradient norm: 0.53802766
INFO:root:At the start of the epoch: mem (CPU python)=16863.97265625MB; mem (CPU total)=27730.28125MB
INFO:root:[  144] Training loss: 0.30799973, Validation loss: 0.31518909, Gradient norm: 0.49349143
INFO:root:At the start of the epoch: mem (CPU python)=16885.1328125MB; mem (CPU total)=27691.8125MB
INFO:root:[  145] Training loss: 0.30858713, Validation loss: 0.31531747, Gradient norm: 0.56728757
INFO:root:At the start of the epoch: mem (CPU python)=16906.29296875MB; mem (CPU total)=27795.0859375MB
INFO:root:[  146] Training loss: 0.30686656, Validation loss: 0.31586170, Gradient norm: 0.51525751
INFO:root:At the start of the epoch: mem (CPU python)=16927.4609375MB; mem (CPU total)=27842.8515625MB
INFO:root:[  147] Training loss: 0.30724301, Validation loss: 0.31296454, Gradient norm: 0.54420046
INFO:root:At the start of the epoch: mem (CPU python)=16948.625MB; mem (CPU total)=27913.16796875MB
INFO:root:[  148] Training loss: 0.30574919, Validation loss: 0.31419235, Gradient norm: 0.50703497
INFO:root:At the start of the epoch: mem (CPU python)=16969.7890625MB; mem (CPU total)=27959.8828125MB
INFO:root:[  149] Training loss: 0.30579750, Validation loss: 0.31265163, Gradient norm: 0.52728577
INFO:root:At the start of the epoch: mem (CPU python)=16990.953125MB; mem (CPU total)=28004.9375MB
INFO:root:[  150] Training loss: 0.30468351, Validation loss: 0.31120412, Gradient norm: 0.53338963
INFO:root:At the start of the epoch: mem (CPU python)=17012.12109375MB; mem (CPU total)=28049.6171875MB
INFO:root:[  151] Training loss: 0.30588563, Validation loss: 0.31209452, Gradient norm: 0.58684327
INFO:root:At the start of the epoch: mem (CPU python)=17033.28125MB; mem (CPU total)=28095.73046875MB
INFO:root:[  152] Training loss: 0.30404731, Validation loss: 0.31162435, Gradient norm: 0.50321364
INFO:root:At the start of the epoch: mem (CPU python)=17054.44921875MB; mem (CPU total)=28140.91015625MB
INFO:root:[  153] Training loss: 0.30426208, Validation loss: 0.31557496, Gradient norm: 0.57969300
INFO:root:At the start of the epoch: mem (CPU python)=17075.609375MB; mem (CPU total)=28158.2890625MB
INFO:root:[  154] Training loss: 0.30334917, Validation loss: 0.31132391, Gradient norm: 0.51753360
INFO:root:At the start of the epoch: mem (CPU python)=17096.7734375MB; mem (CPU total)=28207.66015625MB
INFO:root:[  155] Training loss: 0.30283200, Validation loss: 0.31134278, Gradient norm: 0.54710158
INFO:root:At the start of the epoch: mem (CPU python)=17117.9375MB; mem (CPU total)=28254.03125MB
INFO:root:[  156] Training loss: 0.30273888, Validation loss: 0.30969768, Gradient norm: 0.53329229
INFO:root:At the start of the epoch: mem (CPU python)=17139.10546875MB; mem (CPU total)=28244.47265625MB
INFO:root:[  157] Training loss: 0.30225933, Validation loss: 0.31099408, Gradient norm: 0.56014100
INFO:root:At the start of the epoch: mem (CPU python)=17160.26953125MB; mem (CPU total)=28288.26171875MB
INFO:root:[  158] Training loss: 0.30169687, Validation loss: 0.31024180, Gradient norm: 0.52937759
INFO:root:At the start of the epoch: mem (CPU python)=17181.43359375MB; mem (CPU total)=28335.53125MB
INFO:root:[  159] Training loss: 0.30059180, Validation loss: 0.30720089, Gradient norm: 0.52428823
INFO:root:At the start of the epoch: mem (CPU python)=17202.59765625MB; mem (CPU total)=28382.3046875MB
INFO:root:[  160] Training loss: 0.30062337, Validation loss: 0.30948018, Gradient norm: 0.55402606
INFO:root:At the start of the epoch: mem (CPU python)=17223.76171875MB; mem (CPU total)=28428.33984375MB
INFO:root:[  161] Training loss: 0.30141027, Validation loss: 0.31068029, Gradient norm: 0.57806717
INFO:root:At the start of the epoch: mem (CPU python)=17244.921875MB; mem (CPU total)=28474.625MB
INFO:root:[  162] Training loss: 0.29974030, Validation loss: 0.31072014, Gradient norm: 0.55976152
INFO:root:At the start of the epoch: mem (CPU python)=17266.08984375MB; mem (CPU total)=28585.5859375MB
INFO:root:[  163] Training loss: 0.29971592, Validation loss: 0.30977253, Gradient norm: 0.58999986
INFO:root:At the start of the epoch: mem (CPU python)=17287.25390625MB; mem (CPU total)=28594.10546875MB
INFO:root:[  164] Training loss: 0.29882966, Validation loss: 0.30872359, Gradient norm: 0.56078789
INFO:root:At the start of the epoch: mem (CPU python)=17308.41796875MB; mem (CPU total)=28677.09765625MB
INFO:root:[  165] Training loss: 0.30007307, Validation loss: 0.31369354, Gradient norm: 0.57844537
INFO:root:At the start of the epoch: mem (CPU python)=17329.58203125MB; mem (CPU total)=28745.10546875MB
INFO:root:Learning rate reduced to: 0.0025
INFO:root:[  166] Training loss: 0.29868950, Validation loss: 0.30805677, Gradient norm: 0.56615921
INFO:root:At the start of the epoch: mem (CPU python)=17350.74609375MB; mem (CPU total)=28791.13671875MB
INFO:root:Learning rate reduced to: 0.00125
INFO:root:[  167] Training loss: 0.29093960, Validation loss: 0.30111856, Gradient norm: 0.27830350
INFO:root:At the start of the epoch: mem (CPU python)=17371.91015625MB; mem (CPU total)=28780.24609375MB
INFO:root:[  168] Training loss: 0.28687786, Validation loss: 0.29899463, Gradient norm: 0.18635019
INFO:root:At the start of the epoch: mem (CPU python)=17393.078125MB; mem (CPU total)=28859.296875MB
INFO:root:[  169] Training loss: 0.28639200, Validation loss: 0.29818574, Gradient norm: 0.20435663
INFO:root:At the start of the epoch: mem (CPU python)=17414.2421875MB; mem (CPU total)=28908.3125MB
INFO:root:[  170] Training loss: 0.28687957, Validation loss: 0.29728850, Gradient norm: 0.22271236
INFO:root:At the start of the epoch: mem (CPU python)=17435.40625MB; mem (CPU total)=28976.88671875MB
INFO:root:[  171] Training loss: 0.28609627, Validation loss: 0.29812591, Gradient norm: 0.22911825
INFO:root:At the start of the epoch: mem (CPU python)=17456.5703125MB; mem (CPU total)=29016.95703125MB
INFO:root:[  172] Training loss: 0.28699049, Validation loss: 0.29838035, Gradient norm: 0.23247007
INFO:root:At the start of the epoch: mem (CPU python)=17477.73046875MB; mem (CPU total)=29040.46875MB
INFO:root:[  173] Training loss: 0.28615042, Validation loss: 0.29735018, Gradient norm: 0.26507129
INFO:root:At the start of the epoch: mem (CPU python)=17498.89453125MB; mem (CPU total)=29086.25390625MB
INFO:root:[  174] Training loss: 0.28579799, Validation loss: 0.29757783, Gradient norm: 0.24372599
INFO:root:At the start of the epoch: mem (CPU python)=17520.0625MB; mem (CPU total)=29132.29296875MB
INFO:root:[  175] Training loss: 0.28592216, Validation loss: 0.29683252, Gradient norm: 0.25390247
INFO:root:At the start of the epoch: mem (CPU python)=17541.2265625MB; mem (CPU total)=29179.06640625MB
INFO:root:[  176] Training loss: 0.28532516, Validation loss: 0.29816013, Gradient norm: 0.26136648
INFO:root:At the start of the epoch: mem (CPU python)=17562.390625MB; mem (CPU total)=29223.64453125MB
INFO:root:[  177] Training loss: 0.28540488, Validation loss: 0.29758454, Gradient norm: 0.26692836
INFO:root:At the start of the epoch: mem (CPU python)=17583.5546875MB; mem (CPU total)=29267.71484375MB
INFO:root:[  178] Training loss: 0.28558388, Validation loss: 0.29669088, Gradient norm: 0.26839918
INFO:root:At the start of the epoch: mem (CPU python)=17604.72265625MB; mem (CPU total)=29315.01171875MB
INFO:root:[  179] Training loss: 0.28536141, Validation loss: 0.29802399, Gradient norm: 0.28796072
INFO:root:At the start of the epoch: mem (CPU python)=17625.87890625MB; mem (CPU total)=29360.6015625MB
INFO:root:[  180] Training loss: 0.28572493, Validation loss: 0.29736887, Gradient norm: 0.30239214
INFO:root:At the start of the epoch: mem (CPU python)=17647.046875MB; mem (CPU total)=29406.640625MB
INFO:root:[  181] Training loss: 0.28450053, Validation loss: 0.29726567, Gradient norm: 0.29641760
INFO:root:At the start of the epoch: mem (CPU python)=17668.20703125MB; mem (CPU total)=29451.4453125MB
INFO:root:[  182] Training loss: 0.28522981, Validation loss: 0.29657840, Gradient norm: 0.35385221
INFO:root:At the start of the epoch: mem (CPU python)=17689.37109375MB; mem (CPU total)=29498.95703125MB
INFO:root:[  183] Training loss: 0.28474242, Validation loss: 0.29696135, Gradient norm: 0.32512798
INFO:root:At the start of the epoch: mem (CPU python)=17710.53515625MB; mem (CPU total)=29542.265625MB
INFO:root:[  184] Training loss: 0.28456600, Validation loss: 0.29724135, Gradient norm: 0.32541383
INFO:root:At the start of the epoch: mem (CPU python)=17731.69921875MB; mem (CPU total)=29533.16015625MB
INFO:root:[  185] Training loss: 0.28459394, Validation loss: 0.29633571, Gradient norm: 0.31447664
INFO:root:At the start of the epoch: mem (CPU python)=17752.8671875MB; mem (CPU total)=29579.93359375MB
INFO:root:[  186] Training loss: 0.28397760, Validation loss: 0.29664245, Gradient norm: 0.32617741
INFO:root:At the start of the epoch: mem (CPU python)=17774.03125MB; mem (CPU total)=29625.73828125MB
INFO:root:[  187] Training loss: 0.28416621, Validation loss: 0.29545258, Gradient norm: 0.34386149
INFO:root:At the start of the epoch: mem (CPU python)=17795.1953125MB; mem (CPU total)=29672.2578125MB
INFO:root:[  188] Training loss: 0.28405716, Validation loss: 0.29662417, Gradient norm: 0.34082608
INFO:root:At the start of the epoch: mem (CPU python)=17816.359375MB; mem (CPU total)=29718.5390625MB
INFO:root:[  189] Training loss: 0.28353239, Validation loss: 0.29538952, Gradient norm: 0.32235799
INFO:root:At the start of the epoch: mem (CPU python)=17837.5234375MB; mem (CPU total)=29766.54296875MB
INFO:root:[  190] Training loss: 0.28394687, Validation loss: 0.29620864, Gradient norm: 0.34185487
INFO:root:At the start of the epoch: mem (CPU python)=17858.6875MB; mem (CPU total)=29887.2890625MB
INFO:root:[  191] Training loss: 0.28347897, Validation loss: 0.29508618, Gradient norm: 0.32155874
INFO:root:At the start of the epoch: mem (CPU python)=17879.8515625MB; mem (CPU total)=29910.6015625MB
INFO:root:[  192] Training loss: 0.28350393, Validation loss: 0.29602553, Gradient norm: 0.36904423
INFO:root:At the start of the epoch: mem (CPU python)=17901.015625MB; mem (CPU total)=29956.94140625MB
INFO:root:[  193] Training loss: 0.28288994, Validation loss: 0.29691869, Gradient norm: 0.35013805
INFO:root:At the start of the epoch: mem (CPU python)=17922.1796875MB; mem (CPU total)=30001.9921875MB
INFO:root:[  194] Training loss: 0.28313770, Validation loss: 0.29559212, Gradient norm: 0.32774850
INFO:root:At the start of the epoch: mem (CPU python)=17943.34375MB; mem (CPU total)=30048.765625MB
INFO:root:[  195] Training loss: 0.28305974, Validation loss: 0.29768791, Gradient norm: 0.37445352
INFO:root:At the start of the epoch: mem (CPU python)=17964.50390625MB; mem (CPU total)=30094.80078125MB
INFO:root:[  196] Training loss: 0.28309338, Validation loss: 0.29493497, Gradient norm: 0.37072067
INFO:root:At the start of the epoch: mem (CPU python)=17985.671875MB; mem (CPU total)=30140.82421875MB
INFO:root:[  197] Training loss: 0.28290647, Validation loss: 0.29560984, Gradient norm: 0.33320189
INFO:root:At the start of the epoch: mem (CPU python)=18006.83203125MB; mem (CPU total)=30185.39453125MB
INFO:root:[  198] Training loss: 0.28247677, Validation loss: 0.29479214, Gradient norm: 0.37074787
INFO:root:At the start of the epoch: mem (CPU python)=18028.0MB; mem (CPU total)=30231.9921875MB
INFO:root:[  199] Training loss: 0.28311059, Validation loss: 0.29577017, Gradient norm: 0.34574289
INFO:root:At the start of the epoch: mem (CPU python)=18049.1640625MB; mem (CPU total)=30277.14453125MB
INFO:root:[  200] Training loss: 0.28199040, Validation loss: 0.29608336, Gradient norm: 0.36278908
INFO:root:At the start of the epoch: mem (CPU python)=18070.32421875MB; mem (CPU total)=30322.640625MB
INFO:root:[  201] Training loss: 0.28225171, Validation loss: 0.29569481, Gradient norm: 0.35383832
INFO:root:At the start of the epoch: mem (CPU python)=18091.48828125MB; mem (CPU total)=30369.16015625MB
INFO:root:[  202] Training loss: 0.28222934, Validation loss: 0.29523267, Gradient norm: 0.35847043
INFO:root:At the start of the epoch: mem (CPU python)=18112.65234375MB; mem (CPU total)=30415.1953125MB
INFO:root:[  203] Training loss: 0.28212737, Validation loss: 0.29462426, Gradient norm: 0.34965538
INFO:root:At the start of the epoch: mem (CPU python)=18133.91015625MB; mem (CPU total)=30462.22265625MB
INFO:root:[  204] Training loss: 0.28205804, Validation loss: 0.29533268, Gradient norm: 0.41508458
INFO:root:At the start of the epoch: mem (CPU python)=18155.36328125MB; mem (CPU total)=30531.796875MB
INFO:root:[  205] Training loss: 0.28168600, Validation loss: 0.29512095, Gradient norm: 0.33805960
INFO:root:At the start of the epoch: mem (CPU python)=18176.53125MB; mem (CPU total)=30576.6015625MB
INFO:root:[  206] Training loss: 0.28173733, Validation loss: 0.29420288, Gradient norm: 0.38680186
INFO:root:At the start of the epoch: mem (CPU python)=18197.703125MB; mem (CPU total)=30592.66796875MB
INFO:root:[  207] Training loss: 0.28142872, Validation loss: 0.29393800, Gradient norm: 0.37751824
INFO:root:At the start of the epoch: mem (CPU python)=18218.87109375MB; mem (CPU total)=30639.9375MB
INFO:root:[  208] Training loss: 0.28155212, Validation loss: 0.29453917, Gradient norm: 0.39069094
INFO:root:At the start of the epoch: mem (CPU python)=18240.03515625MB; mem (CPU total)=30689.203125MB
INFO:root:[  209] Training loss: 0.28137878, Validation loss: 0.29384834, Gradient norm: 0.37800177
INFO:root:At the start of the epoch: mem (CPU python)=18261.84765625MB; mem (CPU total)=30736.22265625MB
INFO:root:[  210] Training loss: 0.28087358, Validation loss: 0.29470477, Gradient norm: 0.34933031
INFO:root:At the start of the epoch: mem (CPU python)=18283.859375MB; mem (CPU total)=30783.72265625MB
INFO:root:[  211] Training loss: 0.28075293, Validation loss: 0.29422103, Gradient norm: 0.36037146
INFO:root:At the start of the epoch: mem (CPU python)=18305.0234375MB; mem (CPU total)=30826.8046875MB
INFO:root:[  212] Training loss: 0.28127083, Validation loss: 0.29306288, Gradient norm: 0.33974080
INFO:root:At the start of the epoch: mem (CPU python)=18326.19140625MB; mem (CPU total)=30738.56640625MB
INFO:root:[  213] Training loss: 0.28049728, Validation loss: 0.29283988, Gradient norm: 0.40378693
INFO:root:At the start of the epoch: mem (CPU python)=18347.3515625MB; mem (CPU total)=30790.23046875MB
INFO:root:[  214] Training loss: 0.28053837, Validation loss: 0.29365580, Gradient norm: 0.37253265
INFO:root:At the start of the epoch: mem (CPU python)=18368.515625MB; mem (CPU total)=30836.16015625MB
INFO:root:[  215] Training loss: 0.28016036, Validation loss: 0.29317123, Gradient norm: 0.39459424
INFO:root:At the start of the epoch: mem (CPU python)=18389.6796875MB; mem (CPU total)=30882.328125MB
INFO:root:[  216] Training loss: 0.28015024, Validation loss: 0.29373835, Gradient norm: 0.37124162
INFO:root:At the start of the epoch: mem (CPU python)=18410.84375MB; mem (CPU total)=30929.83984375MB
INFO:root:[  217] Training loss: 0.28057929, Validation loss: 0.29368018, Gradient norm: 0.40223218
INFO:root:At the start of the epoch: mem (CPU python)=18432.0078125MB; mem (CPU total)=31048.9296875MB
INFO:root:[  218] Training loss: 0.27996445, Validation loss: 0.29459335, Gradient norm: 0.36588428
INFO:root:At the start of the epoch: mem (CPU python)=18453.32421875MB; mem (CPU total)=31131.14453125MB
INFO:root:[  219] Training loss: 0.28028369, Validation loss: 0.29372241, Gradient norm: 0.42324177
INFO:root:At the start of the epoch: mem (CPU python)=18474.7109375MB; mem (CPU total)=31174.3203125MB
INFO:root:Learning rate reduced to: 0.000625
INFO:root:[  220] Training loss: 0.27978549, Validation loss: 0.29278254, Gradient norm: 0.35247178
INFO:root:At the start of the epoch: mem (CPU python)=18495.90625MB; mem (CPU total)=31223.0625MB
INFO:root:[  221] Training loss: 0.27794049, Validation loss: 0.29278674, Gradient norm: 0.22721415
INFO:root:At the start of the epoch: mem (CPU python)=18517.07421875MB; mem (CPU total)=31269.1328125MB
INFO:root:[  222] Training loss: 0.27726542, Validation loss: 0.29091800, Gradient norm: 0.22082137
INFO:root:At the start of the epoch: mem (CPU python)=18538.23828125MB; mem (CPU total)=31317.17578125MB
INFO:root:[  223] Training loss: 0.27761616, Validation loss: 0.29136992, Gradient norm: 0.23916779
INFO:root:At the start of the epoch: mem (CPU python)=18560.22265625MB; mem (CPU total)=31361.62890625MB
INFO:root:[  224] Training loss: 0.27782842, Validation loss: 0.29156281, Gradient norm: 0.26787833
INFO:root:At the start of the epoch: mem (CPU python)=18582.06640625MB; mem (CPU total)=31408.08984375MB
INFO:root:[  225] Training loss: 0.27761286, Validation loss: 0.29110288, Gradient norm: 0.27214004
INFO:root:At the start of the epoch: mem (CPU python)=18603.234375MB; mem (CPU total)=31456.953125MB
INFO:root:[  226] Training loss: 0.27728184, Validation loss: 0.29009728, Gradient norm: 0.29310266
INFO:root:At the start of the epoch: mem (CPU python)=18624.3984375MB; mem (CPU total)=31498.83984375MB
INFO:root:[  227] Training loss: 0.27776628, Validation loss: 0.29233562, Gradient norm: 0.26317711
INFO:root:At the start of the epoch: mem (CPU python)=18645.5625MB; mem (CPU total)=31544.875MB
INFO:root:[  228] Training loss: 0.27743430, Validation loss: 0.29056787, Gradient norm: 0.28104355
INFO:root:At the start of the epoch: mem (CPU python)=18666.72265625MB; mem (CPU total)=31591.26171875MB
INFO:root:[  229] Training loss: 0.27703174, Validation loss: 0.29212840, Gradient norm: 0.27274751
INFO:root:At the start of the epoch: mem (CPU python)=18687.8828125MB; mem (CPU total)=31633.16796875MB
INFO:root:[  230] Training loss: 0.27697132, Validation loss: 0.29045715, Gradient norm: 0.27826450
INFO:root:At the start of the epoch: mem (CPU python)=18709.046875MB; mem (CPU total)=31681.11328125MB
INFO:root:[  231] Training loss: 0.27689144, Validation loss: 0.29174265, Gradient norm: 0.29032481
INFO:root:At the start of the epoch: mem (CPU python)=18730.21484375MB; mem (CPU total)=31729.12109375MB
INFO:root:[  232] Training loss: 0.27731591, Validation loss: 0.29022052, Gradient norm: 0.28522874
INFO:root:At the start of the epoch: mem (CPU python)=18751.37890625MB; mem (CPU total)=31775.875MB
INFO:root:Learning rate reduced to: 0.0003125
INFO:root:[  233] Training loss: 0.27678427, Validation loss: 0.28972576, Gradient norm: 0.27325680
INFO:root:At the start of the epoch: mem (CPU python)=18772.54296875MB; mem (CPU total)=31819.78125MB
INFO:root:[  234] Training loss: 0.27568494, Validation loss: 0.28987450, Gradient norm: 0.21828354
INFO:root:At the start of the epoch: mem (CPU python)=18793.70703125MB; mem (CPU total)=31864.22265625MB
INFO:root:[  235] Training loss: 0.27621557, Validation loss: 0.28974113, Gradient norm: 0.21881215
INFO:root:At the start of the epoch: mem (CPU python)=18814.87109375MB; mem (CPU total)=31908.71875MB
INFO:root:[  236] Training loss: 0.27544050, Validation loss: 0.29195155, Gradient norm: 0.20224742
INFO:root:At the start of the epoch: mem (CPU python)=18836.0390625MB; mem (CPU total)=31955.91796875MB
INFO:root:[  237] Training loss: 0.27566399, Validation loss: 0.28976180, Gradient norm: 0.20237351
INFO:root:At the start of the epoch: mem (CPU python)=18857.203125MB; mem (CPU total)=31999.80859375MB
INFO:root:[  238] Training loss: 0.27595353, Validation loss: 0.28977015, Gradient norm: 0.22101125
INFO:root:At the start of the epoch: mem (CPU python)=18878.36328125MB; mem (CPU total)=32045.76171875MB
INFO:root:[  239] Training loss: 0.27532125, Validation loss: 0.28918907, Gradient norm: 0.21092697
INFO:root:At the start of the epoch: mem (CPU python)=18899.52734375MB; mem (CPU total)=32089.92578125MB
INFO:root:[  240] Training loss: 0.27581804, Validation loss: 0.28912542, Gradient norm: 0.21414881
INFO:root:At the start of the epoch: mem (CPU python)=18920.84765625MB; mem (CPU total)=32137.38671875MB
INFO:root:[  241] Training loss: 0.27578941, Validation loss: 0.29071001, Gradient norm: 0.20876714
INFO:root:At the start of the epoch: mem (CPU python)=18942.01171875MB; mem (CPU total)=32180.4296875MB
INFO:root:[  242] Training loss: 0.27573963, Validation loss: 0.28974748, Gradient norm: 0.21974601
INFO:root:At the start of the epoch: mem (CPU python)=18963.1796875MB; mem (CPU total)=32222.94921875MB
INFO:root:[  243] Training loss: 0.27581870, Validation loss: 0.29090255, Gradient norm: 0.23482518
INFO:root:At the start of the epoch: mem (CPU python)=18984.34375MB; mem (CPU total)=32268.21484375MB
INFO:root:[  244] Training loss: 0.27573874, Validation loss: 0.28923304, Gradient norm: 0.22241971
INFO:root:At the start of the epoch: mem (CPU python)=19005.5078125MB; mem (CPU total)=32314.5MB
INFO:root:[  245] Training loss: 0.27582544, Validation loss: 0.28984132, Gradient norm: 0.22862272
INFO:root:At the start of the epoch: mem (CPU python)=19026.68359375MB; mem (CPU total)=32360.2890625MB
INFO:root:[  246] Training loss: 0.27560837, Validation loss: 0.28973476, Gradient norm: 0.22958738
INFO:root:At the start of the epoch: mem (CPU python)=19047.84375MB; mem (CPU total)=32419.30859375MB
INFO:root:Learning rate reduced to: 0.00015625
INFO:root:[  247] Training loss: 0.27596650, Validation loss: 0.29085300, Gradient norm: 0.25957497
INFO:root:At the start of the epoch: mem (CPU python)=19069.01171875MB; mem (CPU total)=32447.28515625MB
INFO:root:Learning rate reduced to: 7.8125e-05
INFO:root:[  248] Training loss: 0.27489229, Validation loss: 0.28917731, Gradient norm: 0.18497242
INFO:root:At the start of the epoch: mem (CPU python)=19090.17578125MB; mem (CPU total)=32493.07421875MB
INFO:root:[  249] Training loss: 0.27464623, Validation loss: 0.28887534, Gradient norm: 0.15652232
INFO:root:At the start of the epoch: mem (CPU python)=19111.46484375MB; mem (CPU total)=32540.24609375MB
INFO:root:[  250] Training loss: 0.27474124, Validation loss: 0.28864354, Gradient norm: 0.16011048
INFO:root:At the start of the epoch: mem (CPU python)=19132.7734375MB; mem (CPU total)=32608.85546875MB
INFO:root:[  251] Training loss: 0.27446732, Validation loss: 0.28972323, Gradient norm: 0.15490945
INFO:root:At the start of the epoch: mem (CPU python)=19154.203125MB; mem (CPU total)=32654.03125MB
INFO:root:[  252] Training loss: 0.27467267, Validation loss: 0.28875254, Gradient norm: 0.15365887
INFO:root:At the start of the epoch: mem (CPU python)=19175.5546875MB; mem (CPU total)=32673.58203125MB
INFO:root:[  253] Training loss: 0.27479763, Validation loss: 0.28897302, Gradient norm: 0.15808648
INFO:root:At the start of the epoch: mem (CPU python)=19197.1171875MB; mem (CPU total)=32718.85546875MB
INFO:root:[  254] Training loss: 0.27474330, Validation loss: 0.28865561, Gradient norm: 0.16800113
INFO:root:At the start of the epoch: mem (CPU python)=19218.65625MB; mem (CPU total)=32789.47265625MB
INFO:root:[  255] Training loss: 0.27491047, Validation loss: 0.28964486, Gradient norm: 0.15268505
INFO:root:At the start of the epoch: mem (CPU python)=19240.14453125MB; mem (CPU total)=32767.76171875MB
INFO:root:[  256] Training loss: 0.27447087, Validation loss: 0.28805143, Gradient norm: 0.15651084
INFO:root:At the start of the epoch: mem (CPU python)=19261.30859375MB; mem (CPU total)=32854.421875MB
INFO:root:[  257] Training loss: 0.27463706, Validation loss: 0.28925888, Gradient norm: 0.15686573
INFO:root:At the start of the epoch: mem (CPU python)=19282.46875MB; mem (CPU total)=32904.1171875MB
INFO:root:[  258] Training loss: 0.27460250, Validation loss: 0.28907092, Gradient norm: 0.16529709
INFO:root:At the start of the epoch: mem (CPU python)=19303.6328125MB; mem (CPU total)=32946.91015625MB
INFO:root:[  259] Training loss: 0.27398600, Validation loss: 0.28908716, Gradient norm: 0.16577381
INFO:root:At the start of the epoch: mem (CPU python)=19324.80078125MB; mem (CPU total)=33016.68359375MB
INFO:root:[  260] Training loss: 0.27476118, Validation loss: 0.28929412, Gradient norm: 0.16886205
INFO:root:At the start of the epoch: mem (CPU python)=19345.96484375MB; mem (CPU total)=33062.703125MB
INFO:root:[  261] Training loss: 0.27431713, Validation loss: 0.28969077, Gradient norm: 0.16282930
INFO:root:At the start of the epoch: mem (CPU python)=19367.12890625MB; mem (CPU total)=33078.6015625MB
INFO:root:[  262] Training loss: 0.27438810, Validation loss: 0.28830049, Gradient norm: 0.17623593
INFO:root:At the start of the epoch: mem (CPU python)=19388.29296875MB; mem (CPU total)=33124.16015625MB
INFO:root:[  263] Training loss: 0.27428892, Validation loss: 0.29033945, Gradient norm: 0.16643827
INFO:root:At the start of the epoch: mem (CPU python)=19409.45703125MB; mem (CPU total)=33195.41015625MB
INFO:root:[  264] Training loss: 0.27429749, Validation loss: 0.28871469, Gradient norm: 0.16830492
INFO:root:At the start of the epoch: mem (CPU python)=19430.62109375MB; mem (CPU total)=33240.4765625MB
INFO:root:[  265] Training loss: 0.27487233, Validation loss: 0.29003932, Gradient norm: 0.17745680
INFO:root:At the start of the epoch: mem (CPU python)=19451.78515625MB; mem (CPU total)=33288.15625MB
INFO:root:EP 265: Early stopping
INFO:root:Training for autoregressive step 2 starts now.
INFO:root:Learning rate reduced to: [3.90625e-05]
INFO:root:At the start of the epoch: mem (CPU python)=19472.9453125MB; mem (CPU total)=33305.40234375MB
INFO:root:[  267] Training loss: 0.34864632, Validation loss: 0.35816151, Gradient norm: 0.34030362
INFO:root:At the start of the epoch: mem (CPU python)=19494.109375MB; mem (CPU total)=33297.6015625MB
INFO:root:[  268] Training loss: 0.34548021, Validation loss: 0.35919466, Gradient norm: 0.30959492
INFO:root:At the start of the epoch: mem (CPU python)=19515.2734375MB; mem (CPU total)=33352.7265625MB
INFO:root:[  269] Training loss: 0.34417454, Validation loss: 0.35689627, Gradient norm: 0.30264784
INFO:root:At the start of the epoch: mem (CPU python)=19536.44140625MB; mem (CPU total)=33411.05078125MB
INFO:root:[  270] Training loss: 0.34393617, Validation loss: 0.35739470, Gradient norm: 0.29574548
INFO:root:At the start of the epoch: mem (CPU python)=19557.6015625MB; mem (CPU total)=33468.38671875MB
INFO:root:[  271] Training loss: 0.34334845, Validation loss: 0.35572600, Gradient norm: 0.27816578
INFO:root:At the start of the epoch: mem (CPU python)=19578.76953125MB; mem (CPU total)=33593.140625MB
INFO:root:[  272] Training loss: 0.34280819, Validation loss: 0.35710483, Gradient norm: 0.27640526
INFO:root:At the start of the epoch: mem (CPU python)=19599.93359375MB; mem (CPU total)=33675.1875MB
INFO:root:[  273] Training loss: 0.34287950, Validation loss: 0.35574779, Gradient norm: 0.26681643
INFO:root:At the start of the epoch: mem (CPU python)=19621.09765625MB; mem (CPU total)=33704.4609375MB
INFO:root:[  274] Training loss: 0.34236600, Validation loss: 0.35619374, Gradient norm: 0.27723903
INFO:root:At the start of the epoch: mem (CPU python)=19642.26171875MB; mem (CPU total)=33760.32421875MB
INFO:root:[  275] Training loss: 0.34275540, Validation loss: 0.35634463, Gradient norm: 0.28562914
INFO:root:At the start of the epoch: mem (CPU python)=19663.421875MB; mem (CPU total)=33814.48046875MB
INFO:root:[  276] Training loss: 0.34260793, Validation loss: 0.35504936, Gradient norm: 0.28109655
INFO:root:At the start of the epoch: mem (CPU python)=19684.58984375MB; mem (CPU total)=33866.84375MB
INFO:root:[  277] Training loss: 0.34229345, Validation loss: 0.35509785, Gradient norm: 0.25906940
INFO:root:At the start of the epoch: mem (CPU python)=19705.75390625MB; mem (CPU total)=33926.98828125MB
INFO:root:[  278] Training loss: 0.34199253, Validation loss: 0.35640974, Gradient norm: 0.26081217
INFO:root:At the start of the epoch: mem (CPU python)=19726.91796875MB; mem (CPU total)=33978.9921875MB
INFO:root:[  279] Training loss: 0.34238472, Validation loss: 0.35474583, Gradient norm: 0.28666818
INFO:root:At the start of the epoch: mem (CPU python)=19748.08203125MB; mem (CPU total)=34036.01171875MB
INFO:root:[  280] Training loss: 0.34131746, Validation loss: 0.35530655, Gradient norm: 0.25967846
INFO:root:At the start of the epoch: mem (CPU python)=19769.2421875MB; mem (CPU total)=34114.91796875MB
INFO:root:[  281] Training loss: 0.34186184, Validation loss: 0.35479352, Gradient norm: 0.26666780
INFO:root:At the start of the epoch: mem (CPU python)=19790.40625MB; mem (CPU total)=34138.93359375MB
INFO:root:[  282] Training loss: 0.34179969, Validation loss: 0.35438931, Gradient norm: 0.25383993
INFO:root:At the start of the epoch: mem (CPU python)=19811.57421875MB; mem (CPU total)=34162.5703125MB
INFO:root:[  283] Training loss: 0.34121932, Validation loss: 0.35451984, Gradient norm: 0.27318232
INFO:root:At the start of the epoch: mem (CPU python)=19832.73828125MB; mem (CPU total)=34251.5625MB
INFO:root:[  284] Training loss: 0.34151090, Validation loss: 0.35344699, Gradient norm: 0.26111567
INFO:root:At the start of the epoch: mem (CPU python)=19853.90234375MB; mem (CPU total)=34258.15625MB
INFO:root:[  285] Training loss: 0.34157445, Validation loss: 0.35509164, Gradient norm: 0.27551056
INFO:root:At the start of the epoch: mem (CPU python)=19875.06640625MB; mem (CPU total)=34337.65234375MB
INFO:root:[  286] Training loss: 0.34131349, Validation loss: 0.35375540, Gradient norm: 0.27174660
INFO:root:At the start of the epoch: mem (CPU python)=19896.23046875MB; mem (CPU total)=32036.5MB
INFO:root:[  287] Training loss: 0.34097408, Validation loss: 0.35400422, Gradient norm: 0.24903411
INFO:root:At the start of the epoch: mem (CPU python)=19917.3984375MB; mem (CPU total)=32079.7578125MB
INFO:root:[  288] Training loss: 0.34051643, Validation loss: 0.35285527, Gradient norm: 0.26757430
INFO:root:At the start of the epoch: mem (CPU python)=19938.5625MB; mem (CPU total)=32122.6484375MB
INFO:root:[  289] Training loss: 0.34109376, Validation loss: 0.35417089, Gradient norm: 0.27571584
INFO:root:At the start of the epoch: mem (CPU python)=19959.7265625MB; mem (CPU total)=32164.94921875MB
INFO:root:[  290] Training loss: 0.34087136, Validation loss: 0.35294502, Gradient norm: 0.27988856
INFO:root:At the start of the epoch: mem (CPU python)=19980.890625MB; mem (CPU total)=32208.0078125MB
INFO:root:[  291] Training loss: 0.34078419, Validation loss: 0.35442782, Gradient norm: 0.26925929
INFO:root:At the start of the epoch: mem (CPU python)=20002.0546875MB; mem (CPU total)=32250.78125MB
INFO:root:[  292] Training loss: 0.34118165, Validation loss: 0.35397971, Gradient norm: 0.27911012
INFO:root:At the start of the epoch: mem (CPU python)=20023.22265625MB; mem (CPU total)=32294.3515625MB
INFO:root:[  293] Training loss: 0.34075020, Validation loss: 0.35323954, Gradient norm: 0.26114298
INFO:root:At the start of the epoch: mem (CPU python)=20044.38671875MB; mem (CPU total)=32338.66015625MB
INFO:root:[  294] Training loss: 0.34037781, Validation loss: 0.35262589, Gradient norm: 0.26742486
INFO:root:At the start of the epoch: mem (CPU python)=20065.546875MB; mem (CPU total)=32381.75MB
INFO:root:[  295] Training loss: 0.34058253, Validation loss: 0.35405812, Gradient norm: 0.26169479
INFO:root:At the start of the epoch: mem (CPU python)=20086.7109375MB; mem (CPU total)=32424.3359375MB
INFO:root:[  296] Training loss: 0.34006336, Validation loss: 0.35461649, Gradient norm: 0.26538620
INFO:root:At the start of the epoch: mem (CPU python)=20107.875MB; mem (CPU total)=32467.3984375MB
INFO:root:[  297] Training loss: 0.34028630, Validation loss: 0.35361917, Gradient norm: 0.26611584
INFO:root:At the start of the epoch: mem (CPU python)=20129.03515625MB; mem (CPU total)=32510.98046875MB
INFO:root:[  298] Training loss: 0.34061503, Validation loss: 0.35257696, Gradient norm: 0.25094864
INFO:root:At the start of the epoch: mem (CPU python)=20150.203125MB; mem (CPU total)=32554.56640625MB
INFO:root:[  299] Training loss: 0.34066183, Validation loss: 0.35310358, Gradient norm: 0.26979076
INFO:root:At the start of the epoch: mem (CPU python)=20171.3671875MB; mem (CPU total)=32597.65234375MB
INFO:root:[  300] Training loss: 0.34031759, Validation loss: 0.35221212, Gradient norm: 0.25638482
INFO:root:At the start of the epoch: mem (CPU python)=20192.53125MB; mem (CPU total)=32641.30078125MB
INFO:root:[  301] Training loss: 0.33969974, Validation loss: 0.35418735, Gradient norm: 0.27027456
INFO:root:At the start of the epoch: mem (CPU python)=20213.6953125MB; mem (CPU total)=32684.3359375MB
INFO:root:[  302] Training loss: 0.33959685, Validation loss: 0.35257528, Gradient norm: 0.25040507
INFO:root:At the start of the epoch: mem (CPU python)=20234.859375MB; mem (CPU total)=32727.19921875MB
INFO:root:[  303] Training loss: 0.34006129, Validation loss: 0.35281621, Gradient norm: 0.27955550
INFO:root:At the start of the epoch: mem (CPU python)=20256.02734375MB; mem (CPU total)=32770.5078125MB
INFO:root:[  304] Training loss: 0.33996041, Validation loss: 0.35328494, Gradient norm: 0.26112318
INFO:root:At the start of the epoch: mem (CPU python)=20277.1875MB; mem (CPU total)=32813.83984375MB
INFO:root:[  305] Training loss: 0.33990415, Validation loss: 0.35312938, Gradient norm: 0.25865281
INFO:root:At the start of the epoch: mem (CPU python)=20298.3515625MB; mem (CPU total)=32857.640625MB
INFO:root:[  306] Training loss: 0.33971515, Validation loss: 0.35336661, Gradient norm: 0.26344251
INFO:root:At the start of the epoch: mem (CPU python)=20319.515625MB; mem (CPU total)=32902.84765625MB
INFO:root:[  307] Training loss: 0.33953603, Validation loss: 0.35347484, Gradient norm: 0.25834390
INFO:root:At the start of the epoch: mem (CPU python)=20340.6796875MB; mem (CPU total)=32945.36328125MB
INFO:root:[  308] Training loss: 0.33974435, Validation loss: 0.35306930, Gradient norm: 0.25623806
INFO:root:At the start of the epoch: mem (CPU python)=20361.84375MB; mem (CPU total)=32987.99609375MB
INFO:root:[  309] Training loss: 0.33933306, Validation loss: 0.35331313, Gradient norm: 0.24940385
INFO:root:At the start of the epoch: mem (CPU python)=20383.01171875MB; mem (CPU total)=33030.30859375MB
INFO:root:[  310] Training loss: 0.33951955, Validation loss: 0.35207474, Gradient norm: 0.25843401
INFO:root:At the start of the epoch: mem (CPU python)=20404.17578125MB; mem (CPU total)=33071.95703125MB
INFO:root:[  311] Training loss: 0.33977051, Validation loss: 0.35280960, Gradient norm: 0.26387959
INFO:root:At the start of the epoch: mem (CPU python)=20425.33984375MB; mem (CPU total)=33114.55859375MB
INFO:root:[  312] Training loss: 0.33907305, Validation loss: 0.35233550, Gradient norm: 0.25628507
INFO:root:At the start of the epoch: mem (CPU python)=20446.50390625MB; mem (CPU total)=33157.15625MB
INFO:root:[  313] Training loss: 0.33941678, Validation loss: 0.35345177, Gradient norm: 0.25968303
INFO:root:At the start of the epoch: mem (CPU python)=20467.66796875MB; mem (CPU total)=33199.39453125MB
INFO:root:[  314] Training loss: 0.33920416, Validation loss: 0.35268700, Gradient norm: 0.26024868
INFO:root:At the start of the epoch: mem (CPU python)=20488.828125MB; mem (CPU total)=33241.2890625MB
INFO:root:[  315] Training loss: 0.34031265, Validation loss: 0.35202810, Gradient norm: 0.25352926
INFO:root:At the start of the epoch: mem (CPU python)=20509.9921875MB; mem (CPU total)=33284.0078125MB
INFO:root:[  316] Training loss: 0.33951493, Validation loss: 0.35147702, Gradient norm: 0.27388079
INFO:root:At the start of the epoch: mem (CPU python)=20531.16015625MB; mem (CPU total)=33325.89453125MB
INFO:root:[  317] Training loss: 0.33902246, Validation loss: 0.35172839, Gradient norm: 0.25224072
INFO:root:At the start of the epoch: mem (CPU python)=20552.32421875MB; mem (CPU total)=33368.9453125MB
INFO:root:[  318] Training loss: 0.33976348, Validation loss: 0.35164966, Gradient norm: 0.25475357
INFO:root:At the start of the epoch: mem (CPU python)=20573.48828125MB; mem (CPU total)=33411.48828125MB
INFO:root:[  319] Training loss: 0.33956182, Validation loss: 0.35278945, Gradient norm: 0.26821142
INFO:root:At the start of the epoch: mem (CPU python)=20594.65234375MB; mem (CPU total)=33453.98046875MB
INFO:root:[  320] Training loss: 0.33869238, Validation loss: 0.35106545, Gradient norm: 0.25717000
INFO:root:At the start of the epoch: mem (CPU python)=20615.81640625MB; mem (CPU total)=33496.27734375MB
INFO:root:[  321] Training loss: 0.33896967, Validation loss: 0.35288919, Gradient norm: 0.28075715
INFO:root:At the start of the epoch: mem (CPU python)=20636.98046875MB; mem (CPU total)=33538.359375MB
INFO:root:[  322] Training loss: 0.33939945, Validation loss: 0.35235836, Gradient norm: 0.26671702
INFO:root:At the start of the epoch: mem (CPU python)=20658.1484375MB; mem (CPU total)=33581.17578125MB
INFO:root:[  323] Training loss: 0.33867951, Validation loss: 0.35247889, Gradient norm: 0.26215793
INFO:root:At the start of the epoch: mem (CPU python)=20679.30859375MB; mem (CPU total)=33624.2421875MB
INFO:root:[  324] Training loss: 0.33837750, Validation loss: 0.35308608, Gradient norm: 0.26158998
INFO:root:At the start of the epoch: mem (CPU python)=20700.47265625MB; mem (CPU total)=33667.30859375MB
INFO:root:[  325] Training loss: 0.33955641, Validation loss: 0.35137496, Gradient norm: 0.26494550
INFO:root:At the start of the epoch: mem (CPU python)=20721.63671875MB; mem (CPU total)=33710.375MB
INFO:root:[  326] Training loss: 0.33857810, Validation loss: 0.35094472, Gradient norm: 0.26151867
INFO:root:At the start of the epoch: mem (CPU python)=20742.8046875MB; mem (CPU total)=33755.1015625MB
INFO:root:[  327] Training loss: 0.33907734, Validation loss: 0.35185599, Gradient norm: 0.25160674
INFO:root:At the start of the epoch: mem (CPU python)=20763.96484375MB; mem (CPU total)=33798.1953125MB
INFO:root:[  328] Training loss: 0.33900676, Validation loss: 0.35154571, Gradient norm: 0.24974751
INFO:root:At the start of the epoch: mem (CPU python)=20785.1328125MB; mem (CPU total)=33840.7734375MB
INFO:root:[  329] Training loss: 0.33856943, Validation loss: 0.35210602, Gradient norm: 0.25707093
INFO:root:At the start of the epoch: mem (CPU python)=20806.296875MB; mem (CPU total)=33883.86328125MB
INFO:root:[  330] Training loss: 0.33932699, Validation loss: 0.35170317, Gradient norm: 0.25502680
INFO:root:At the start of the epoch: mem (CPU python)=20827.4609375MB; mem (CPU total)=33926.78125MB
INFO:root:[  331] Training loss: 0.33908129, Validation loss: 0.35056502, Gradient norm: 0.25677071
INFO:root:At the start of the epoch: mem (CPU python)=20848.62890625MB; mem (CPU total)=33970.05859375MB
INFO:root:[  332] Training loss: 0.33886572, Validation loss: 0.35178324, Gradient norm: 0.23871509
INFO:root:At the start of the epoch: mem (CPU python)=20869.78125MB; mem (CPU total)=34013.57421875MB
INFO:root:[  333] Training loss: 0.33891746, Validation loss: 0.35223144, Gradient norm: 0.26344285
INFO:root:At the start of the epoch: mem (CPU python)=20890.94921875MB; mem (CPU total)=34056.90625MB
INFO:root:[  334] Training loss: 0.33915680, Validation loss: 0.35179420, Gradient norm: 0.26992201
INFO:root:At the start of the epoch: mem (CPU python)=20912.11328125MB; mem (CPU total)=34100.72265625MB
INFO:root:[  335] Training loss: 0.33832747, Validation loss: 0.35229071, Gradient norm: 0.27197932
INFO:root:At the start of the epoch: mem (CPU python)=20933.27734375MB; mem (CPU total)=34143.8125MB
INFO:root:[  336] Training loss: 0.33831390, Validation loss: 0.35285956, Gradient norm: 0.26038664
INFO:root:At the start of the epoch: mem (CPU python)=20954.44140625MB; mem (CPU total)=34186.90625MB
INFO:root:[  337] Training loss: 0.33853243, Validation loss: 0.35170703, Gradient norm: 0.24337969
INFO:root:At the start of the epoch: mem (CPU python)=20975.609375MB; mem (CPU total)=34230.65625MB
INFO:root:[  338] Training loss: 0.33807978, Validation loss: 0.35123834, Gradient norm: 0.26680708
INFO:root:At the start of the epoch: mem (CPU python)=20996.7734375MB; mem (CPU total)=34274.078125MB
INFO:root:[  339] Training loss: 0.33848181, Validation loss: 0.35052187, Gradient norm: 0.26262431
INFO:root:At the start of the epoch: mem (CPU python)=21017.9375MB; mem (CPU total)=34317.91015625MB
INFO:root:[  340] Training loss: 0.33933645, Validation loss: 0.35200806, Gradient norm: 0.26578480
INFO:root:At the start of the epoch: mem (CPU python)=21039.1015625MB; mem (CPU total)=34361.25MB
INFO:root:[  341] Training loss: 0.33851895, Validation loss: 0.35219083, Gradient norm: 0.24208410
INFO:root:At the start of the epoch: mem (CPU python)=21060.26171875MB; mem (CPU total)=34406.0625MB
INFO:root:[  342] Training loss: 0.33868528, Validation loss: 0.35139241, Gradient norm: 0.25668690
INFO:root:At the start of the epoch: mem (CPU python)=21081.42578125MB; mem (CPU total)=34451.3671875MB
INFO:root:[  343] Training loss: 0.33878354, Validation loss: 0.35166512, Gradient norm: 0.24625224
INFO:root:At the start of the epoch: mem (CPU python)=21102.58984375MB; mem (CPU total)=34493.69140625MB
INFO:root:[  344] Training loss: 0.33824452, Validation loss: 0.35068151, Gradient norm: 0.24860495
INFO:root:At the start of the epoch: mem (CPU python)=21123.7578125MB; mem (CPU total)=34536.04296875MB
INFO:root:[  345] Training loss: 0.33874936, Validation loss: 0.35146208, Gradient norm: 0.26213434
INFO:root:At the start of the epoch: mem (CPU python)=21144.92578125MB; mem (CPU total)=34578.64453125MB
INFO:root:[  346] Training loss: 0.33822290, Validation loss: 0.35219873, Gradient norm: 0.25112548
INFO:root:At the start of the epoch: mem (CPU python)=21166.08984375MB; mem (CPU total)=34621.796875MB
INFO:root:[  347] Training loss: 0.33833131, Validation loss: 0.35282808, Gradient norm: 0.25370890
INFO:root:At the start of the epoch: mem (CPU python)=21187.25390625MB; mem (CPU total)=34665.47265625MB
INFO:root:[  348] Training loss: 0.33828001, Validation loss: 0.35038972, Gradient norm: 0.26251727
INFO:root:At the start of the epoch: mem (CPU python)=21208.41796875MB; mem (CPU total)=34709.55078125MB
INFO:root:[  349] Training loss: 0.33842724, Validation loss: 0.35072448, Gradient norm: 0.25090025
INFO:root:At the start of the epoch: mem (CPU python)=21229.578125MB; mem (CPU total)=34753.4140625MB
INFO:root:[  350] Training loss: 0.33837105, Validation loss: 0.35081632, Gradient norm: 0.25324087
INFO:root:At the start of the epoch: mem (CPU python)=21250.74609375MB; mem (CPU total)=34796.015625MB
INFO:root:[  351] Training loss: 0.33820877, Validation loss: 0.35174288, Gradient norm: 0.24585198
INFO:root:At the start of the epoch: mem (CPU python)=21271.90625MB; mem (CPU total)=34839.59765625MB
INFO:root:[  352] Training loss: 0.33790324, Validation loss: 0.35205895, Gradient norm: 0.24535446
INFO:root:At the start of the epoch: mem (CPU python)=21293.0703125MB; mem (CPU total)=34881.953125MB
INFO:root:[  353] Training loss: 0.33791551, Validation loss: 0.35133670, Gradient norm: 0.26547414
INFO:root:At the start of the epoch: mem (CPU python)=21314.234375MB; mem (CPU total)=34923.66015625MB
INFO:root:[  354] Training loss: 0.33844488, Validation loss: 0.35126544, Gradient norm: 0.25684684
INFO:root:At the start of the epoch: mem (CPU python)=21335.3984375MB; mem (CPU total)=34965.078125MB
INFO:root:[  355] Training loss: 0.33823972, Validation loss: 0.34975883, Gradient norm: 0.25664639
INFO:root:At the start of the epoch: mem (CPU python)=21356.56640625MB; mem (CPU total)=35006.43359375MB
INFO:root:[  356] Training loss: 0.33831791, Validation loss: 0.35068043, Gradient norm: 0.23634954
INFO:root:At the start of the epoch: mem (CPU python)=21377.73046875MB; mem (CPU total)=35048.76171875MB
INFO:root:[  357] Training loss: 0.33799154, Validation loss: 0.35181977, Gradient norm: 0.25735837
INFO:root:At the start of the epoch: mem (CPU python)=21398.89453125MB; mem (CPU total)=35090.5390625MB
INFO:root:[  358] Training loss: 0.33797269, Validation loss: 0.35208210, Gradient norm: 0.25960172
INFO:root:At the start of the epoch: mem (CPU python)=21420.05859375MB; mem (CPU total)=35132.16015625MB
INFO:root:[  359] Training loss: 0.33812085, Validation loss: 0.35084914, Gradient norm: 0.25911303
INFO:root:At the start of the epoch: mem (CPU python)=21441.22265625MB; mem (CPU total)=35174.2421875MB
INFO:root:[  360] Training loss: 0.33855898, Validation loss: 0.35161032, Gradient norm: 0.26297376
INFO:root:At the start of the epoch: mem (CPU python)=21462.38671875MB; mem (CPU total)=35216.109375MB
INFO:root:[  361] Training loss: 0.33837197, Validation loss: 0.35148539, Gradient norm: 0.26257221
INFO:root:At the start of the epoch: mem (CPU python)=21483.55078125MB; mem (CPU total)=35259.171875MB
INFO:root:[  362] Training loss: 0.33831339, Validation loss: 0.35128099, Gradient norm: 0.23820278
INFO:root:At the start of the epoch: mem (CPU python)=21504.71484375MB; mem (CPU total)=35302.9765625MB
INFO:root:[  363] Training loss: 0.33795002, Validation loss: 0.35050980, Gradient norm: 0.27976597
INFO:root:At the start of the epoch: mem (CPU python)=21525.87890625MB; mem (CPU total)=35346.12890625MB
INFO:root:[  364] Training loss: 0.33783691, Validation loss: 0.35030847, Gradient norm: 0.25657022
INFO:root:At the start of the epoch: mem (CPU python)=21547.04296875MB; mem (CPU total)=35387.9453125MB
INFO:root:EP 364: Early stopping
INFO:root:After finishing all epochs: mem (CPU python)=21568.203125MB; mem (CPU total)=35424.8671875MB
INFO:root:Training the model took 18481.771s.
INFO:root:Emptying the cuda cache took 0.015s.
INFO:root:Starting evaluation: model SFNO & uncertainty quantification dropout
INFO:root:Evaluating the model on Validation data.
INFO:root:MSEValidation: 0.36055
INFO:root:EnergyScoreValidation: 0.27296
INFO:root:CRPSValidation: 0.11312
INFO:root:Gaussian NLLValidation: 0.68916
INFO:root:CoverageValidation: 0.66438
INFO:root:IntervalWidthValidation: 0.37747
INFO:root:Evaluating the model on Test data.
INFO:root:MSETest: 0.2882
INFO:root:EnergyScoreTest: 0.22343
INFO:root:CRPSTest: 0.08984
INFO:root:Gaussian NLLTest: 0.79189
INFO:root:CoverageTest: 0.61525
INFO:root:IntervalWidthTest: 0.25585
INFO:root:After validation: mem (CPU python)=21574.9296875MB; mem (CPU total)=35616.59765625MB
