INFO:root:Starting the logger.
INFO:root:Using cuda.
INFO:root:: mem (CPU python)=578.7109375MB; mem (CPU total)=7430.63671875MB
INFO:root:############### Starting experiment with config file sswe/sfno_deterministic_2_3.ini ###############
INFO:root:###1 out of 1 data set parameter combinations ###
INFO:root:Data parameters: {'dataset_name': 'SSWE', 'max_training_set_size': 5000, 'pred_horizon': 1, 'train_horizon': 2, 'stepwise_evaluation': False}
INFO:root:After loading the datasets: mem (CPU python)=589.56640625MB; mem (CPU total)=7436.51171875MB
INFO:root:###1 out of 3 training parameter combinations ###
INFO:root:Training parameters: {'seed': 1234567, 'model': 'SFNO', 'uncertainty_quantification': 'deterministic', 'batch_size': 32, 'n_epochs': 1000, 'early_stopping': 10, 'init': 'default', 'learning_rate': 0.005, 'lr_schedule': 'step', 'optimizer': 'adam', 'gradient_clipping': 1, 'layer_normalization': True, 'data_loader_pin_memory': False, 'data_loader_num_workers': 0, 'distributed_training': False, 'alpha': 0.05, 'n_samples_uq': 100, 'weight_decay': 0, 'dropout': 0.001, 'fourier_dropout': None, 'hidden_channels': 32, 'projection_channels': 256, 'lifting_channels': 256, 'n_modes': (32, 32), 'n_samples': 3}
INFO:root:After creating the dataloaders: mem (CPU python)=591.14453125MB; mem (CPU total)=7436.70703125MB
INFO:root:NumberParameters: 284835
INFO:root:GPU memory allocated: 2097152
INFO:root:After setting up the model: mem (CPU python)=2111.640625MB; mem (CPU total)=8711.5234375MB
INFO:root:Training starts now.
INFO:root:At the start of the epoch: mem (CPU python)=2121.19921875MB; mem (CPU total)=8721.19921875MB
INFO:root:[    1] Training loss: 0.82525657, Validation loss: 0.73462604, Gradient norm: 0.54866521
INFO:root:At the start of the epoch: mem (CPU python)=3082.28515625MB; mem (CPU total)=9444.96484375MB
INFO:root:[    2] Training loss: 0.73305685, Validation loss: 0.73047324, Gradient norm: 0.32040796
INFO:root:At the start of the epoch: mem (CPU python)=3104.9140625MB; mem (CPU total)=9477.3125MB
INFO:root:[    3] Training loss: 0.73007582, Validation loss: 0.72479287, Gradient norm: 0.25643945
INFO:root:At the start of the epoch: mem (CPU python)=3124.75390625MB; mem (CPU total)=9510.07421875MB
INFO:root:[    4] Training loss: 0.70252267, Validation loss: 0.67808969, Gradient norm: 0.39140757
INFO:root:At the start of the epoch: mem (CPU python)=3148.80859375MB; mem (CPU total)=9545.8515625MB
INFO:root:[    5] Training loss: 0.63313423, Validation loss: 0.59616020, Gradient norm: 0.48020817
INFO:root:At the start of the epoch: mem (CPU python)=3167.828125MB; mem (CPU total)=9574.5MB
INFO:root:[    6] Training loss: 0.58177252, Validation loss: 0.56392085, Gradient norm: 0.48161224
INFO:root:At the start of the epoch: mem (CPU python)=3188.77734375MB; mem (CPU total)=9607.625MB
INFO:root:[    7] Training loss: 0.55692361, Validation loss: 0.54208410, Gradient norm: 0.50318521
INFO:root:At the start of the epoch: mem (CPU python)=3212.79296875MB; mem (CPU total)=9645.53125MB
INFO:root:[    8] Training loss: 0.53796389, Validation loss: 0.52543932, Gradient norm: 0.50580873
INFO:root:At the start of the epoch: mem (CPU python)=3233.30859375MB; mem (CPU total)=9675.0703125MB
INFO:root:[    9] Training loss: 0.52214504, Validation loss: 0.50935078, Gradient norm: 0.51788027
INFO:root:At the start of the epoch: mem (CPU python)=3252.453125MB; mem (CPU total)=9706.19921875MB
INFO:root:[   10] Training loss: 0.50931586, Validation loss: 0.49856776, Gradient norm: 0.57707075
INFO:root:At the start of the epoch: mem (CPU python)=3275.2890625MB; mem (CPU total)=9741.13671875MB
INFO:root:[   11] Training loss: 0.49683423, Validation loss: 0.48915941, Gradient norm: 0.48762232
INFO:root:At the start of the epoch: mem (CPU python)=3294.609375MB; mem (CPU total)=9772.42578125MB
INFO:root:[   12] Training loss: 0.49019122, Validation loss: 0.48261208, Gradient norm: 0.54290990
INFO:root:At the start of the epoch: mem (CPU python)=3316.18359375MB; mem (CPU total)=9804.1015625MB
INFO:root:[   13] Training loss: 0.48413786, Validation loss: 0.47958945, Gradient norm: 0.48897086
INFO:root:At the start of the epoch: mem (CPU python)=3337.39453125MB; mem (CPU total)=9838.11328125MB
INFO:root:[   14] Training loss: 0.47925405, Validation loss: 0.47589591, Gradient norm: 0.49666870
INFO:root:At the start of the epoch: mem (CPU python)=3358.26171875MB; mem (CPU total)=9870.6640625MB
INFO:root:[   15] Training loss: 0.47541211, Validation loss: 0.46893292, Gradient norm: 0.50369177
INFO:root:At the start of the epoch: mem (CPU python)=3379.83984375MB; mem (CPU total)=9856.2109375MB
INFO:root:[   16] Training loss: 0.47045597, Validation loss: 0.46398262, Gradient norm: 0.48379502
INFO:root:At the start of the epoch: mem (CPU python)=3401.4765625MB; mem (CPU total)=9937.72265625MB
INFO:root:[   17] Training loss: 0.46663814, Validation loss: 0.46414628, Gradient norm: 0.51005092
INFO:root:At the start of the epoch: mem (CPU python)=3422.85546875MB; mem (CPU total)=9968.984375MB
INFO:root:[   18] Training loss: 0.46305682, Validation loss: 0.45809803, Gradient norm: 0.48704265
INFO:root:At the start of the epoch: mem (CPU python)=3442.8671875MB; mem (CPU total)=10002.765625MB
INFO:root:[   19] Training loss: 0.45925589, Validation loss: 0.45447548, Gradient norm: 0.51452642
INFO:root:At the start of the epoch: mem (CPU python)=3464.1484375MB; mem (CPU total)=10034.94140625MB
INFO:root:[   20] Training loss: 0.45484674, Validation loss: 0.45276193, Gradient norm: 0.48371729
INFO:root:At the start of the epoch: mem (CPU python)=3487.2265625MB; mem (CPU total)=10021.01953125MB
INFO:root:[   21] Training loss: 0.45230670, Validation loss: 0.44677997, Gradient norm: 0.52496196
INFO:root:At the start of the epoch: mem (CPU python)=3507.328125MB; mem (CPU total)=10101.6015625MB
INFO:root:[   22] Training loss: 0.44885764, Validation loss: 0.44370517, Gradient norm: 0.49925980
INFO:root:At the start of the epoch: mem (CPU python)=3528.4375MB; mem (CPU total)=10150.75MB
INFO:root:[   23] Training loss: 0.44583581, Validation loss: 0.44195792, Gradient norm: 0.49061687
INFO:root:At the start of the epoch: mem (CPU python)=3550.2265625MB; mem (CPU total)=10182.08984375MB
INFO:root:[   24] Training loss: 0.44324521, Validation loss: 0.43787100, Gradient norm: 0.49114357
INFO:root:At the start of the epoch: mem (CPU python)=3571.96875MB; mem (CPU total)=10207.0625MB
INFO:root:[   25] Training loss: 0.44104534, Validation loss: 0.43741921, Gradient norm: 0.50939801
INFO:root:At the start of the epoch: mem (CPU python)=3593.25390625MB; mem (CPU total)=10228.796875MB
INFO:root:[   26] Training loss: 0.43744346, Validation loss: 0.43266656, Gradient norm: 0.47956628
INFO:root:At the start of the epoch: mem (CPU python)=3614.70703125MB; mem (CPU total)=10247.86328125MB
INFO:root:[   27] Training loss: 0.43420196, Validation loss: 0.42881710, Gradient norm: 0.46908993
INFO:root:At the start of the epoch: mem (CPU python)=3638.13671875MB; mem (CPU total)=10274.8203125MB
INFO:root:[   28] Training loss: 0.43073906, Validation loss: 0.42684086, Gradient norm: 0.45776947
INFO:root:At the start of the epoch: mem (CPU python)=3660.375MB; mem (CPU total)=10297.30078125MB
INFO:root:[   29] Training loss: 0.42805022, Validation loss: 0.42430226, Gradient norm: 0.47365059
INFO:root:At the start of the epoch: mem (CPU python)=3682.42578125MB; mem (CPU total)=10320.08984375MB
INFO:root:[   30] Training loss: 0.42425964, Validation loss: 0.41972756, Gradient norm: 0.46103866
INFO:root:At the start of the epoch: mem (CPU python)=3704.578125MB; mem (CPU total)=10342.4296875MB
INFO:root:[   31] Training loss: 0.42003677, Validation loss: 0.41360365, Gradient norm: 0.47616530
INFO:root:At the start of the epoch: mem (CPU python)=3726.4140625MB; mem (CPU total)=10364.40234375MB
INFO:root:[   32] Training loss: 0.40466268, Validation loss: 0.38503906, Gradient norm: 0.53013457
INFO:root:At the start of the epoch: mem (CPU python)=3747.65625MB; mem (CPU total)=10386.00390625MB
INFO:root:[   33] Training loss: 0.38239495, Validation loss: 0.37514515, Gradient norm: 0.59578685
INFO:root:At the start of the epoch: mem (CPU python)=3768.8203125MB; mem (CPU total)=10407.87109375MB
INFO:root:[   34] Training loss: 0.37458235, Validation loss: 0.37027807, Gradient norm: 0.57953105
INFO:root:At the start of the epoch: mem (CPU python)=3789.98046875MB; mem (CPU total)=10429.71484375MB
INFO:root:[   35] Training loss: 0.36981744, Validation loss: 0.37046578, Gradient norm: 0.61724560
INFO:root:At the start of the epoch: mem (CPU python)=3812.2734375MB; mem (CPU total)=10452.60546875MB
INFO:root:[   36] Training loss: 0.36573393, Validation loss: 0.35870727, Gradient norm: 0.57628972
INFO:root:At the start of the epoch: mem (CPU python)=3833.4375MB; mem (CPU total)=10474.51953125MB
INFO:root:[   37] Training loss: 0.36174295, Validation loss: 0.35637839, Gradient norm: 0.60203919
INFO:root:At the start of the epoch: mem (CPU python)=3854.6015625MB; mem (CPU total)=10496.12109375MB
INFO:root:[   38] Training loss: 0.35912401, Validation loss: 0.35238992, Gradient norm: 0.59853379
INFO:root:At the start of the epoch: mem (CPU python)=3875.765625MB; mem (CPU total)=10517.90234375MB
INFO:root:[   39] Training loss: 0.35527333, Validation loss: 0.36721850, Gradient norm: 0.60922714
INFO:root:At the start of the epoch: mem (CPU python)=3896.9296875MB; mem (CPU total)=10539.5703125MB
INFO:root:[   40] Training loss: 0.35455053, Validation loss: 0.34649048, Gradient norm: 0.58230220
INFO:root:At the start of the epoch: mem (CPU python)=3918.09375MB; mem (CPU total)=10561.4375MB
INFO:root:[   41] Training loss: 0.35022096, Validation loss: 0.34512982, Gradient norm: 0.61795431
INFO:root:At the start of the epoch: mem (CPU python)=3939.6328125MB; mem (CPU total)=10582.95703125MB
INFO:root:[   42] Training loss: 0.34847611, Validation loss: 0.34286695, Gradient norm: 0.62149194
INFO:root:At the start of the epoch: mem (CPU python)=3960.796875MB; mem (CPU total)=10604.87109375MB
INFO:root:[   43] Training loss: 0.34531852, Validation loss: 0.34299098, Gradient norm: 0.58674239
INFO:root:At the start of the epoch: mem (CPU python)=3982.68359375MB; mem (CPU total)=10627.49609375MB
INFO:root:[   44] Training loss: 0.34368610, Validation loss: 0.33920611, Gradient norm: 0.62225416
INFO:root:At the start of the epoch: mem (CPU python)=4003.98046875MB; mem (CPU total)=10649.15234375MB
INFO:root:[   45] Training loss: 0.34116231, Validation loss: 0.33815504, Gradient norm: 0.59238976
INFO:root:At the start of the epoch: mem (CPU python)=4025.42578125MB; mem (CPU total)=10670.8203125MB
INFO:root:[   46] Training loss: 0.34085404, Validation loss: 0.33663538, Gradient norm: 0.62753691
INFO:root:At the start of the epoch: mem (CPU python)=4046.7265625MB; mem (CPU total)=10694.2109375MB
INFO:root:[   47] Training loss: 0.33951974, Validation loss: 0.33375909, Gradient norm: 0.66027773
INFO:root:At the start of the epoch: mem (CPU python)=4068.125MB; mem (CPU total)=10715.6484375MB
INFO:root:[   48] Training loss: 0.33670241, Validation loss: 0.33172311, Gradient norm: 0.59878821
INFO:root:At the start of the epoch: mem (CPU python)=4089.2890625MB; mem (CPU total)=10737.5625MB
INFO:root:[   49] Training loss: 0.33539356, Validation loss: 0.33376711, Gradient norm: 0.64072604
INFO:root:At the start of the epoch: mem (CPU python)=4110.44921875MB; mem (CPU total)=10759.4765625MB
INFO:root:[   50] Training loss: 0.33457369, Validation loss: 0.33079486, Gradient norm: 0.65592840
INFO:root:At the start of the epoch: mem (CPU python)=4131.9921875MB; mem (CPU total)=10781.63671875MB
INFO:root:[   51] Training loss: 0.33239924, Validation loss: 0.32977685, Gradient norm: 0.60306022
INFO:root:At the start of the epoch: mem (CPU python)=4153.15234375MB; mem (CPU total)=10804.07421875MB
INFO:root:[   52] Training loss: 0.33177362, Validation loss: 0.33314673, Gradient norm: 0.62695797
INFO:root:At the start of the epoch: mem (CPU python)=4174.31640625MB; mem (CPU total)=10825.49609375MB
INFO:root:[   53] Training loss: 0.33069199, Validation loss: 0.32996767, Gradient norm: 0.63732588
INFO:root:At the start of the epoch: mem (CPU python)=4195.484375MB; mem (CPU total)=10847.1640625MB
INFO:root:[   54] Training loss: 0.33005445, Validation loss: 0.32798651, Gradient norm: 0.64936837
INFO:root:At the start of the epoch: mem (CPU python)=4218.09765625MB; mem (CPU total)=10870.9375MB
INFO:root:[   55] Training loss: 0.32908149, Validation loss: 0.32755628, Gradient norm: 0.61370618
INFO:root:At the start of the epoch: mem (CPU python)=4239.6875MB; mem (CPU total)=10892.45703125MB
INFO:root:[   56] Training loss: 0.32791933, Validation loss: 0.32964100, Gradient norm: 0.64334727
INFO:root:At the start of the epoch: mem (CPU python)=4260.85546875MB; mem (CPU total)=10913.87890625MB
INFO:root:[   57] Training loss: 0.32879671, Validation loss: 0.33099059, Gradient norm: 0.67060886
INFO:root:At the start of the epoch: mem (CPU python)=4282.015625MB; mem (CPU total)=10934.79296875MB
INFO:root:[   58] Training loss: 0.32518934, Validation loss: 0.32492607, Gradient norm: 0.60678193
INFO:root:At the start of the epoch: mem (CPU python)=4303.1796875MB; mem (CPU total)=11087.5390625MB
INFO:root:[   59] Training loss: 0.32474550, Validation loss: 0.32446634, Gradient norm: 0.60623373
INFO:root:At the start of the epoch: mem (CPU python)=4324.71875MB; mem (CPU total)=11114.9609375MB
INFO:root:[   60] Training loss: 0.32360817, Validation loss: 0.32576431, Gradient norm: 0.63588826
INFO:root:At the start of the epoch: mem (CPU python)=4347.296875MB; mem (CPU total)=11137.859375MB
INFO:root:[   61] Training loss: 0.32201367, Validation loss: 0.32156336, Gradient norm: 0.67250171
INFO:root:At the start of the epoch: mem (CPU python)=4368.921875MB; mem (CPU total)=11160.265625MB
INFO:root:[   62] Training loss: 0.32155856, Validation loss: 0.32584266, Gradient norm: 0.64390632
INFO:root:At the start of the epoch: mem (CPU python)=4390.0859375MB; mem (CPU total)=11182.1796875MB
INFO:root:[   63] Training loss: 0.32053382, Validation loss: 0.32052225, Gradient norm: 0.63738982
INFO:root:At the start of the epoch: mem (CPU python)=4411.25390625MB; mem (CPU total)=11203.84765625MB
INFO:root:[   64] Training loss: 0.31898001, Validation loss: 0.32307861, Gradient norm: 0.63770389
INFO:root:At the start of the epoch: mem (CPU python)=4432.4140625MB; mem (CPU total)=11225.26171875MB
INFO:root:[   65] Training loss: 0.31880611, Validation loss: 0.31968639, Gradient norm: 0.64178521
INFO:root:At the start of the epoch: mem (CPU python)=4453.83203125MB; mem (CPU total)=11248.16015625MB
INFO:root:[   66] Training loss: 0.31787980, Validation loss: 0.32148474, Gradient norm: 0.68049209
INFO:root:At the start of the epoch: mem (CPU python)=4475.48828125MB; mem (CPU total)=11269.58203125MB
INFO:root:[   67] Training loss: 0.31715526, Validation loss: 0.31630277, Gradient norm: 0.67109452
INFO:root:At the start of the epoch: mem (CPU python)=4496.65625MB; mem (CPU total)=11291.00390625MB
INFO:root:[   68] Training loss: 0.31641381, Validation loss: 0.31708272, Gradient norm: 0.67145386
INFO:root:At the start of the epoch: mem (CPU python)=4517.81640625MB; mem (CPU total)=11312.37109375MB
INFO:root:[   69] Training loss: 0.31522303, Validation loss: 0.31536250, Gradient norm: 0.61876751
INFO:root:At the start of the epoch: mem (CPU python)=4538.98046875MB; mem (CPU total)=11333.5390625MB
INFO:root:[   70] Training loss: 0.31393768, Validation loss: 0.31757241, Gradient norm: 0.66901379
INFO:root:At the start of the epoch: mem (CPU python)=4560.5546875MB; mem (CPU total)=11357.4453125MB
INFO:root:[   71] Training loss: 0.31297507, Validation loss: 0.31868734, Gradient norm: 0.62346994
INFO:root:At the start of the epoch: mem (CPU python)=4581.87890625MB; mem (CPU total)=11380.109375MB
INFO:root:[   72] Training loss: 0.31367345, Validation loss: 0.31354752, Gradient norm: 0.71178828
INFO:root:At the start of the epoch: mem (CPU python)=4602.95703125MB; mem (CPU total)=11399.48828125MB
INFO:root:[   73] Training loss: 0.31189609, Validation loss: 0.31616479, Gradient norm: 0.61493487
INFO:root:At the start of the epoch: mem (CPU python)=4623.640625MB; mem (CPU total)=11421.63671875MB
INFO:root:[   74] Training loss: 0.31139697, Validation loss: 0.31815257, Gradient norm: 0.65610686
INFO:root:At the start of the epoch: mem (CPU python)=4646.18359375MB; mem (CPU total)=11444.390625MB
INFO:root:[   75] Training loss: 0.31138880, Validation loss: 0.31195470, Gradient norm: 0.68761637
INFO:root:At the start of the epoch: mem (CPU python)=4667.22265625MB; mem (CPU total)=11508.79296875MB
INFO:root:[   76] Training loss: 0.30956285, Validation loss: 0.31526763, Gradient norm: 0.65347079
INFO:root:At the start of the epoch: mem (CPU python)=4686.69140625MB; mem (CPU total)=11547.02734375MB
INFO:root:[   77] Training loss: 0.30837644, Validation loss: 0.31514110, Gradient norm: 0.64170153
INFO:root:At the start of the epoch: mem (CPU python)=4708.56640625MB; mem (CPU total)=11590.84375MB
INFO:root:[   78] Training loss: 0.30798166, Validation loss: 0.31376056, Gradient norm: 0.63167703
INFO:root:At the start of the epoch: mem (CPU python)=4729.99609375MB; mem (CPU total)=11631.94140625MB
INFO:root:[   79] Training loss: 0.30755656, Validation loss: 0.31414122, Gradient norm: 0.62182455
INFO:root:At the start of the epoch: mem (CPU python)=4752.5546875MB; mem (CPU total)=11628.09375MB
INFO:root:[   80] Training loss: 0.30771330, Validation loss: 0.31116371, Gradient norm: 0.71264318
INFO:root:At the start of the epoch: mem (CPU python)=4772.59765625MB; mem (CPU total)=11711.46875MB
INFO:root:[   81] Training loss: 0.30639247, Validation loss: 0.31206776, Gradient norm: 0.61839663
INFO:root:At the start of the epoch: mem (CPU python)=4794.32421875MB; mem (CPU total)=11759.83203125MB
INFO:root:[   82] Training loss: 0.30525142, Validation loss: 0.31201857, Gradient norm: 0.66322349
INFO:root:At the start of the epoch: mem (CPU python)=4815.91796875MB; mem (CPU total)=11801.70703125MB
INFO:root:[   83] Training loss: 0.30571972, Validation loss: 0.31442654, Gradient norm: 0.63120517
INFO:root:At the start of the epoch: mem (CPU python)=4839.34375MB; mem (CPU total)=11844.5390625MB
INFO:root:[   84] Training loss: 0.30461507, Validation loss: 0.31091425, Gradient norm: 0.66818164
INFO:root:At the start of the epoch: mem (CPU python)=4859.46875MB; mem (CPU total)=11884.07421875MB
INFO:root:[   85] Training loss: 0.30262146, Validation loss: 0.30892833, Gradient norm: 0.66114183
INFO:root:At the start of the epoch: mem (CPU python)=4881.7890625MB; mem (CPU total)=11924.8984375MB
INFO:root:[   86] Training loss: 0.30289491, Validation loss: 0.31757531, Gradient norm: 0.64193747
INFO:root:At the start of the epoch: mem (CPU python)=4903.25390625MB; mem (CPU total)=11965.8359375MB
INFO:root:[   87] Training loss: 0.30231000, Validation loss: 0.30717892, Gradient norm: 0.67584329
INFO:root:At the start of the epoch: mem (CPU python)=4924.94140625MB; mem (CPU total)=12006.21875MB
INFO:root:[   88] Training loss: 0.30243561, Validation loss: 0.31471413, Gradient norm: 0.67422226
INFO:root:At the start of the epoch: mem (CPU python)=4946.10546875MB; mem (CPU total)=12047.3359375MB
INFO:root:[   89] Training loss: 0.30134464, Validation loss: 0.31140872, Gradient norm: 0.64501000
INFO:root:At the start of the epoch: mem (CPU python)=4967.640625MB; mem (CPU total)=12088.7421875MB
INFO:root:[   90] Training loss: 0.30045553, Validation loss: 0.30649453, Gradient norm: 0.66349070
INFO:root:At the start of the epoch: mem (CPU python)=4989.53125MB; mem (CPU total)=12131.75390625MB
INFO:root:[   91] Training loss: 0.30048757, Validation loss: 0.31073914, Gradient norm: 0.65303384
INFO:root:At the start of the epoch: mem (CPU python)=5011.37109375MB; mem (CPU total)=12170.0390625MB
INFO:root:[   92] Training loss: 0.29944845, Validation loss: 0.30843929, Gradient norm: 0.67657251
INFO:root:At the start of the epoch: mem (CPU python)=5032.5390625MB; mem (CPU total)=12209.01953125MB
INFO:root:[   93] Training loss: 0.29946155, Validation loss: 0.30706145, Gradient norm: 0.63298392
INFO:root:At the start of the epoch: mem (CPU python)=5053.70703125MB; mem (CPU total)=12248.9453125MB
INFO:root:[   94] Training loss: 0.29877487, Validation loss: 0.31090662, Gradient norm: 0.68096160
INFO:root:At the start of the epoch: mem (CPU python)=5075.125MB; mem (CPU total)=12290.53515625MB
INFO:root:[   95] Training loss: 0.29845621, Validation loss: 0.30877318, Gradient norm: 0.67049164
INFO:root:At the start of the epoch: mem (CPU python)=5096.51171875MB; mem (CPU total)=12331.82421875MB
INFO:root:[   96] Training loss: 0.29763494, Validation loss: 0.30696483, Gradient norm: 0.66244636
INFO:root:At the start of the epoch: mem (CPU python)=5117.95703125MB; mem (CPU total)=12371.75390625MB
INFO:root:Learning rate reduced to: 0.0025
INFO:root:[   97] Training loss: 0.29653669, Validation loss: 0.30867490, Gradient norm: 0.66580652
INFO:root:At the start of the epoch: mem (CPU python)=5139.125MB; mem (CPU total)=12412.70703125MB
INFO:root:Learning rate reduced to: 0.00125
INFO:root:[   98] Training loss: 0.28862905, Validation loss: 0.29953742, Gradient norm: 0.33207094
INFO:root:At the start of the epoch: mem (CPU python)=5160.296875MB; mem (CPU total)=12453.07421875MB
INFO:root:[   99] Training loss: 0.28452591, Validation loss: 0.29808335, Gradient norm: 0.22172129
INFO:root:At the start of the epoch: mem (CPU python)=5181.45703125MB; mem (CPU total)=12493.57421875MB
INFO:root:[  100] Training loss: 0.28396370, Validation loss: 0.29864412, Gradient norm: 0.24107080
INFO:root:At the start of the epoch: mem (CPU python)=5202.6171875MB; mem (CPU total)=12534.6171875MB
INFO:root:[  101] Training loss: 0.28308448, Validation loss: 0.29836649, Gradient norm: 0.23299632
INFO:root:At the start of the epoch: mem (CPU python)=5223.78515625MB; mem (CPU total)=12575.41796875MB
INFO:root:[  102] Training loss: 0.28339189, Validation loss: 0.29763388, Gradient norm: 0.25349829
INFO:root:At the start of the epoch: mem (CPU python)=5244.9453125MB; mem (CPU total)=12615.5078125MB
INFO:root:[  103] Training loss: 0.28274905, Validation loss: 0.29647470, Gradient norm: 0.25205575
INFO:root:At the start of the epoch: mem (CPU python)=5266.1171875MB; mem (CPU total)=12657.62890625MB
INFO:root:[  104] Training loss: 0.28330967, Validation loss: 0.29835431, Gradient norm: 0.28785742
INFO:root:At the start of the epoch: mem (CPU python)=5287.28125MB; mem (CPU total)=12699.6328125MB
INFO:root:[  105] Training loss: 0.28276721, Validation loss: 0.29764584, Gradient norm: 0.31512760
INFO:root:At the start of the epoch: mem (CPU python)=5308.4453125MB; mem (CPU total)=12739.75390625MB
INFO:root:[  106] Training loss: 0.28307887, Validation loss: 0.29908066, Gradient norm: 0.31592305
INFO:root:At the start of the epoch: mem (CPU python)=5329.61328125MB; mem (CPU total)=12779.90625MB
INFO:root:[  107] Training loss: 0.28342125, Validation loss: 0.29810535, Gradient norm: 0.31717516
INFO:root:At the start of the epoch: mem (CPU python)=5350.77734375MB; mem (CPU total)=12820.5234375MB
INFO:root:[  108] Training loss: 0.28205067, Validation loss: 0.29733909, Gradient norm: 0.32097412
INFO:root:At the start of the epoch: mem (CPU python)=5371.9453125MB; mem (CPU total)=12861.22265625MB
INFO:root:[  109] Training loss: 0.28174764, Validation loss: 0.29702360, Gradient norm: 0.32687189
INFO:root:At the start of the epoch: mem (CPU python)=5393.11328125MB; mem (CPU total)=12901.7421875MB
INFO:root:Learning rate reduced to: 0.000625
INFO:root:[  110] Training loss: 0.28158102, Validation loss: 0.29695757, Gradient norm: 0.35879243
INFO:root:At the start of the epoch: mem (CPU python)=5414.64453125MB; mem (CPU total)=12942.48046875MB
INFO:root:Learning rate reduced to: 0.0003125
INFO:root:[  111] Training loss: 0.27996848, Validation loss: 0.29674809, Gradient norm: 0.21183309
INFO:root:At the start of the epoch: mem (CPU python)=5436.21484375MB; mem (CPU total)=12983.46484375MB
INFO:root:Learning rate reduced to: 0.00015625
INFO:root:[  112] Training loss: 0.27869320, Validation loss: 0.29554500, Gradient norm: 0.16714176
INFO:root:At the start of the epoch: mem (CPU python)=5457.39453125MB; mem (CPU total)=13024.171875MB
INFO:root:[  113] Training loss: 0.27850140, Validation loss: 0.29606021, Gradient norm: 0.14440592
INFO:root:At the start of the epoch: mem (CPU python)=5478.5546875MB; mem (CPU total)=13066.3515625MB
INFO:root:[  114] Training loss: 0.27800777, Validation loss: 0.29572550, Gradient norm: 0.13421264
INFO:root:At the start of the epoch: mem (CPU python)=5499.72265625MB; mem (CPU total)=13107.015625MB
INFO:root:[  115] Training loss: 0.27776164, Validation loss: 0.29607481, Gradient norm: 0.14605125
INFO:root:At the start of the epoch: mem (CPU python)=5520.89453125MB; mem (CPU total)=13147.5703125MB
INFO:root:[  116] Training loss: 0.27895601, Validation loss: 0.29657872, Gradient norm: 0.16089393
INFO:root:At the start of the epoch: mem (CPU python)=5542.05859375MB; mem (CPU total)=13189.16796875MB
INFO:root:[  117] Training loss: 0.27795988, Validation loss: 0.29609008, Gradient norm: 0.14552652
INFO:root:At the start of the epoch: mem (CPU python)=5563.26171875MB; mem (CPU total)=13231.98828125MB
INFO:root:[  118] Training loss: 0.27805059, Validation loss: 0.29587220, Gradient norm: 0.15439200
INFO:root:At the start of the epoch: mem (CPU python)=5584.453125MB; mem (CPU total)=13274.09375MB
INFO:root:Learning rate reduced to: 7.8125e-05
INFO:root:[  119] Training loss: 0.27807378, Validation loss: 0.29584707, Gradient norm: 0.15128867
INFO:root:At the start of the epoch: mem (CPU python)=5605.640625MB; mem (CPU total)=13312.7109375MB
INFO:root:[  120] Training loss: 0.27750106, Validation loss: 0.29553276, Gradient norm: 0.13296484
INFO:root:At the start of the epoch: mem (CPU python)=5626.80078125MB; mem (CPU total)=13353.66015625MB
INFO:root:[  121] Training loss: 0.27769355, Validation loss: 0.29602338, Gradient norm: 0.13052946
INFO:root:At the start of the epoch: mem (CPU python)=5648.2265625MB; mem (CPU total)=13394.8359375MB
INFO:root:[  122] Training loss: 0.27794324, Validation loss: 0.29592660, Gradient norm: 0.13836053
INFO:root:At the start of the epoch: mem (CPU python)=5669.3828125MB; mem (CPU total)=13435.4140625MB
INFO:root:[  123] Training loss: 0.27771836, Validation loss: 0.29563492, Gradient norm: 0.13363814
INFO:root:At the start of the epoch: mem (CPU python)=5690.6640625MB; mem (CPU total)=13476.80078125MB
INFO:root:[  124] Training loss: 0.27739700, Validation loss: 0.29622485, Gradient norm: 0.13077023
INFO:root:At the start of the epoch: mem (CPU python)=5712.08984375MB; mem (CPU total)=13517.6640625MB
INFO:root:[  125] Training loss: 0.27803598, Validation loss: 0.29647825, Gradient norm: 0.13698994
INFO:root:At the start of the epoch: mem (CPU python)=5733.74609375MB; mem (CPU total)=13558.4140625MB
INFO:root:[  126] Training loss: 0.27750296, Validation loss: 0.29553188, Gradient norm: 0.13577422
INFO:root:At the start of the epoch: mem (CPU python)=5754.9140625MB; mem (CPU total)=13599.2734375MB
INFO:root:[  127] Training loss: 0.27780927, Validation loss: 0.29602111, Gradient norm: 0.13299226
INFO:root:At the start of the epoch: mem (CPU python)=5776.078125MB; mem (CPU total)=13639.39453125MB
INFO:root:[  128] Training loss: 0.27757098, Validation loss: 0.29600050, Gradient norm: 0.13701318
INFO:root:At the start of the epoch: mem (CPU python)=5797.2421875MB; mem (CPU total)=13680.25MB
INFO:root:[  129] Training loss: 0.27747728, Validation loss: 0.29572043, Gradient norm: 0.14930834
INFO:root:At the start of the epoch: mem (CPU python)=5818.40625MB; mem (CPU total)=13722.58984375MB
INFO:root:[  130] Training loss: 0.27781331, Validation loss: 0.29571885, Gradient norm: 0.13833398
INFO:root:At the start of the epoch: mem (CPU python)=5839.56640625MB; mem (CPU total)=13764.9296875MB
INFO:root:[  131] Training loss: 0.27742543, Validation loss: 0.29553048, Gradient norm: 0.14560716
INFO:root:At the start of the epoch: mem (CPU python)=5860.80859375MB; mem (CPU total)=13807.265625MB
INFO:root:[  132] Training loss: 0.27747325, Validation loss: 0.29570045, Gradient norm: 0.13713443
INFO:root:At the start of the epoch: mem (CPU python)=5883.1484375MB; mem (CPU total)=13847.8515625MB
INFO:root:[  133] Training loss: 0.27773218, Validation loss: 0.29574525, Gradient norm: 0.13851780
INFO:root:At the start of the epoch: mem (CPU python)=5904.41015625MB; mem (CPU total)=13888.49609375MB
INFO:root:[  134] Training loss: 0.27762738, Validation loss: 0.29603594, Gradient norm: 0.15142270
INFO:root:At the start of the epoch: mem (CPU python)=5925.875MB; mem (CPU total)=13929.375MB
INFO:root:[  135] Training loss: 0.27741373, Validation loss: 0.29584754, Gradient norm: 0.15451516
INFO:root:At the start of the epoch: mem (CPU python)=5947.05078125MB; mem (CPU total)=13969.5MB
INFO:root:[  136] Training loss: 0.27689038, Validation loss: 0.29603686, Gradient norm: 0.15457394
INFO:root:At the start of the epoch: mem (CPU python)=5968.22265625MB; mem (CPU total)=14010.05859375MB
INFO:root:[  137] Training loss: 0.27775107, Validation loss: 0.29539047, Gradient norm: 0.14702617
INFO:root:At the start of the epoch: mem (CPU python)=5989.39453125MB; mem (CPU total)=14050.984375MB
INFO:root:[  138] Training loss: 0.27702941, Validation loss: 0.29582510, Gradient norm: 0.14083682
INFO:root:At the start of the epoch: mem (CPU python)=6010.56640625MB; mem (CPU total)=14091.99609375MB
INFO:root:[  139] Training loss: 0.27697273, Validation loss: 0.29612884, Gradient norm: 0.13938547
INFO:root:At the start of the epoch: mem (CPU python)=6031.84765625MB; mem (CPU total)=14133.20703125MB
INFO:root:[  140] Training loss: 0.27673427, Validation loss: 0.29623777, Gradient norm: 0.14027171
INFO:root:At the start of the epoch: mem (CPU python)=6053.02734375MB; mem (CPU total)=14173.7890625MB
INFO:root:[  141] Training loss: 0.27757422, Validation loss: 0.29628894, Gradient norm: 0.15918858
INFO:root:At the start of the epoch: mem (CPU python)=6074.703125MB; mem (CPU total)=14214.65234375MB
INFO:root:[  142] Training loss: 0.27736806, Validation loss: 0.29622963, Gradient norm: 0.15401851
INFO:root:At the start of the epoch: mem (CPU python)=6096.0078125MB; mem (CPU total)=14256.0078125MB
INFO:root:[  143] Training loss: 0.27729673, Validation loss: 0.29552818, Gradient norm: 0.14554997
INFO:root:At the start of the epoch: mem (CPU python)=6117.1796875MB; mem (CPU total)=14298.59375MB
INFO:root:[  144] Training loss: 0.27747500, Validation loss: 0.29600560, Gradient norm: 0.14670726
INFO:root:At the start of the epoch: mem (CPU python)=6138.34375MB; mem (CPU total)=14340.45703125MB
INFO:root:[  145] Training loss: 0.27664300, Validation loss: 0.29575590, Gradient norm: 0.14353949
INFO:root:At the start of the epoch: mem (CPU python)=6159.5234375MB; mem (CPU total)=14379.6171875MB
INFO:root:[  146] Training loss: 0.27697899, Validation loss: 0.29594121, Gradient norm: 0.14819184
INFO:root:At the start of the epoch: mem (CPU python)=6180.6875MB; mem (CPU total)=14419.95703125MB
INFO:root:EP 146: Early stopping
INFO:root:Training for autoregressive step 2 starts now.
INFO:root:Learning rate reduced to: [3.90625e-05]
INFO:root:At the start of the epoch: mem (CPU python)=6202.109375MB; mem (CPU total)=14461.7421875MB
INFO:root:[  148] Training loss: 0.35321579, Validation loss: 0.36129479, Gradient norm: 0.31784916
INFO:root:At the start of the epoch: mem (CPU python)=6211.0078125MB; mem (CPU total)=14505.3359375MB
INFO:root:[  149] Training loss: 0.35075096, Validation loss: 0.36073822, Gradient norm: 0.28009770
INFO:root:At the start of the epoch: mem (CPU python)=6232.5703125MB; mem (CPU total)=14559.953125MB
INFO:root:[  150] Training loss: 0.35051806, Validation loss: 0.36019015, Gradient norm: 0.24367157
INFO:root:At the start of the epoch: mem (CPU python)=6253.734375MB; mem (CPU total)=14612.390625MB
INFO:root:[  151] Training loss: 0.34976599, Validation loss: 0.36008108, Gradient norm: 0.24973108
INFO:root:At the start of the epoch: mem (CPU python)=6274.89453125MB; mem (CPU total)=14666.58203125MB
INFO:root:[  152] Training loss: 0.34906384, Validation loss: 0.36028972, Gradient norm: 0.24615725
INFO:root:At the start of the epoch: mem (CPU python)=6296.0546875MB; mem (CPU total)=14718.8515625MB
INFO:root:[  153] Training loss: 0.34878234, Validation loss: 0.35950346, Gradient norm: 0.27003222
INFO:root:At the start of the epoch: mem (CPU python)=6317.22265625MB; mem (CPU total)=14773.50390625MB
INFO:root:[  154] Training loss: 0.34840662, Validation loss: 0.35965553, Gradient norm: 0.25360415
INFO:root:At the start of the epoch: mem (CPU python)=6338.38671875MB; mem (CPU total)=14826.734375MB
INFO:root:[  155] Training loss: 0.34852598, Validation loss: 0.35950092, Gradient norm: 0.25415196
INFO:root:At the start of the epoch: mem (CPU python)=6359.55078125MB; mem (CPU total)=14880.62890625MB
INFO:root:[  156] Training loss: 0.34838304, Validation loss: 0.35989087, Gradient norm: 0.25458938
INFO:root:At the start of the epoch: mem (CPU python)=6380.71484375MB; mem (CPU total)=14933.5703125MB
INFO:root:[  157] Training loss: 0.34764066, Validation loss: 0.35852040, Gradient norm: 0.23712511
INFO:root:At the start of the epoch: mem (CPU python)=6401.87890625MB; mem (CPU total)=14986.74609375MB
INFO:root:[  158] Training loss: 0.34803778, Validation loss: 0.35876427, Gradient norm: 0.24209004
INFO:root:At the start of the epoch: mem (CPU python)=6423.04296875MB; mem (CPU total)=15039.421875MB
INFO:root:[  159] Training loss: 0.34786861, Validation loss: 0.35860970, Gradient norm: 0.21661831
INFO:root:At the start of the epoch: mem (CPU python)=6444.2109375MB; mem (CPU total)=15093.296875MB
INFO:root:[  160] Training loss: 0.34758986, Validation loss: 0.35869971, Gradient norm: 0.24620285
INFO:root:At the start of the epoch: mem (CPU python)=6465.375MB; mem (CPU total)=15146.8671875MB
INFO:root:[  161] Training loss: 0.34736108, Validation loss: 0.35833513, Gradient norm: 0.23909181
INFO:root:At the start of the epoch: mem (CPU python)=6486.5703125MB; mem (CPU total)=15200.37109375MB
INFO:root:[  162] Training loss: 0.34740938, Validation loss: 0.35852828, Gradient norm: 0.23703388
INFO:root:At the start of the epoch: mem (CPU python)=6507.953125MB; mem (CPU total)=15252.2578125MB
INFO:root:[  163] Training loss: 0.34705269, Validation loss: 0.35861789, Gradient norm: 0.24324281
INFO:root:At the start of the epoch: mem (CPU python)=6529.125MB; mem (CPU total)=15307.953125MB
INFO:root:[  164] Training loss: 0.34740799, Validation loss: 0.35874970, Gradient norm: 0.24493310
INFO:root:At the start of the epoch: mem (CPU python)=6550.4140625MB; mem (CPU total)=15359.828125MB
INFO:root:[  165] Training loss: 0.34695423, Validation loss: 0.35844955, Gradient norm: 0.24515576
INFO:root:At the start of the epoch: mem (CPU python)=6571.76953125MB; mem (CPU total)=15413.85546875MB
INFO:root:[  166] Training loss: 0.34654166, Validation loss: 0.35805999, Gradient norm: 0.22509928
INFO:root:At the start of the epoch: mem (CPU python)=6593.18359375MB; mem (CPU total)=15466.86328125MB
INFO:root:[  167] Training loss: 0.34633918, Validation loss: 0.35824138, Gradient norm: 0.26300536
INFO:root:At the start of the epoch: mem (CPU python)=6614.69921875MB; mem (CPU total)=15521.03515625MB
INFO:root:[  168] Training loss: 0.34670748, Validation loss: 0.35807325, Gradient norm: 0.23110205
INFO:root:At the start of the epoch: mem (CPU python)=6635.859375MB; mem (CPU total)=15571.9453125MB
INFO:root:[  169] Training loss: 0.34713047, Validation loss: 0.35809475, Gradient norm: 0.24838064
INFO:root:At the start of the epoch: mem (CPU python)=6657.02734375MB; mem (CPU total)=15626.3828125MB
INFO:root:[  170] Training loss: 0.34677269, Validation loss: 0.35804252, Gradient norm: 0.24395024
INFO:root:At the start of the epoch: mem (CPU python)=6678.1875MB; mem (CPU total)=15677.6015625MB
INFO:root:[  171] Training loss: 0.34650945, Validation loss: 0.35776821, Gradient norm: 0.23471857
INFO:root:At the start of the epoch: mem (CPU python)=6699.359375MB; mem (CPU total)=15731.3671875MB
INFO:root:[  172] Training loss: 0.34645485, Validation loss: 0.35771736, Gradient norm: 0.25296932
INFO:root:At the start of the epoch: mem (CPU python)=6720.51953125MB; mem (CPU total)=15783.45703125MB
INFO:root:[  173] Training loss: 0.34734060, Validation loss: 0.35836061, Gradient norm: 0.23671709
INFO:root:At the start of the epoch: mem (CPU python)=6741.68359375MB; mem (CPU total)=15837.59765625MB
INFO:root:[  174] Training loss: 0.34619846, Validation loss: 0.35755809, Gradient norm: 0.23081464
INFO:root:At the start of the epoch: mem (CPU python)=6762.8515625MB; mem (CPU total)=15889.734375MB
INFO:root:[  175] Training loss: 0.34604070, Validation loss: 0.35734675, Gradient norm: 0.23268934
INFO:root:At the start of the epoch: mem (CPU python)=6784.015625MB; mem (CPU total)=15944.12890625MB
INFO:root:[  176] Training loss: 0.34684270, Validation loss: 0.35767436, Gradient norm: 0.23435911
INFO:root:At the start of the epoch: mem (CPU python)=6805.1796875MB; mem (CPU total)=15995.27734375MB
INFO:root:[  177] Training loss: 0.34646571, Validation loss: 0.35834321, Gradient norm: 0.24520064
INFO:root:At the start of the epoch: mem (CPU python)=6826.34765625MB; mem (CPU total)=16049.1953125MB
INFO:root:[  178] Training loss: 0.34591228, Validation loss: 0.35744906, Gradient norm: 0.23251558
INFO:root:At the start of the epoch: mem (CPU python)=6847.5078125MB; mem (CPU total)=16101.859375MB
INFO:root:[  179] Training loss: 0.34600189, Validation loss: 0.35702651, Gradient norm: 0.23978435
INFO:root:At the start of the epoch: mem (CPU python)=6868.66796875MB; mem (CPU total)=16156.2265625MB
INFO:root:[  180] Training loss: 0.34606980, Validation loss: 0.35726245, Gradient norm: 0.22609257
INFO:root:At the start of the epoch: mem (CPU python)=6889.83203125MB; mem (CPU total)=16207.12890625MB
INFO:root:[  181] Training loss: 0.34604395, Validation loss: 0.35688550, Gradient norm: 0.22511449
INFO:root:At the start of the epoch: mem (CPU python)=6911.0MB; mem (CPU total)=16260.9921875MB
INFO:root:[  182] Training loss: 0.34621571, Validation loss: 0.35746067, Gradient norm: 0.24326486
INFO:root:At the start of the epoch: mem (CPU python)=6932.1640625MB; mem (CPU total)=16312.42578125MB
INFO:root:[  183] Training loss: 0.34590678, Validation loss: 0.35742770, Gradient norm: 0.23858150
INFO:root:At the start of the epoch: mem (CPU python)=6953.328125MB; mem (CPU total)=16367.05078125MB
INFO:root:[  184] Training loss: 0.34598954, Validation loss: 0.35706656, Gradient norm: 0.23898898
INFO:root:At the start of the epoch: mem (CPU python)=6974.4921875MB; mem (CPU total)=16419.0078125MB
INFO:root:[  185] Training loss: 0.34506173, Validation loss: 0.35736373, Gradient norm: 0.22586118
INFO:root:At the start of the epoch: mem (CPU python)=6995.65234375MB; mem (CPU total)=16472.87109375MB
INFO:root:[  186] Training loss: 0.34564831, Validation loss: 0.35725861, Gradient norm: 0.23923607
INFO:root:At the start of the epoch: mem (CPU python)=7016.8203125MB; mem (CPU total)=16525.0MB
INFO:root:[  187] Training loss: 0.34551995, Validation loss: 0.35706869, Gradient norm: 0.23797127
INFO:root:At the start of the epoch: mem (CPU python)=7037.984375MB; mem (CPU total)=16578.32421875MB
INFO:root:[  188] Training loss: 0.34619954, Validation loss: 0.35718812, Gradient norm: 0.25302910
INFO:root:At the start of the epoch: mem (CPU python)=7059.1484375MB; mem (CPU total)=16630.92578125MB
INFO:root:[  189] Training loss: 0.34573092, Validation loss: 0.35691829, Gradient norm: 0.25842553
INFO:root:At the start of the epoch: mem (CPU python)=7080.30859375MB; mem (CPU total)=16683.34375MB
INFO:root:[  190] Training loss: 0.34567287, Validation loss: 0.35687512, Gradient norm: 0.23355354
INFO:root:At the start of the epoch: mem (CPU python)=7101.47265625MB; mem (CPU total)=16739.26953125MB
INFO:root:[  191] Training loss: 0.34594061, Validation loss: 0.35693180, Gradient norm: 0.23660400
INFO:root:At the start of the epoch: mem (CPU python)=7122.63671875MB; mem (CPU total)=16792.08984375MB
INFO:root:[  192] Training loss: 0.34482092, Validation loss: 0.35647692, Gradient norm: 0.21650505
INFO:root:At the start of the epoch: mem (CPU python)=7143.8046875MB; mem (CPU total)=16846.61328125MB
INFO:root:[  193] Training loss: 0.34538595, Validation loss: 0.35689215, Gradient norm: 0.24719342
INFO:root:At the start of the epoch: mem (CPU python)=7164.96484375MB; mem (CPU total)=16896.83984375MB
INFO:root:[  194] Training loss: 0.34507692, Validation loss: 0.35658071, Gradient norm: 0.22514999
INFO:root:At the start of the epoch: mem (CPU python)=7186.1328125MB; mem (CPU total)=16952.65625MB
INFO:root:[  195] Training loss: 0.34561212, Validation loss: 0.35672208, Gradient norm: 0.24761005
INFO:root:At the start of the epoch: mem (CPU python)=7207.30078125MB; mem (CPU total)=17001.671875MB
INFO:root:[  196] Training loss: 0.34510446, Validation loss: 0.35673827, Gradient norm: 0.23555374
INFO:root:At the start of the epoch: mem (CPU python)=7228.46484375MB; mem (CPU total)=17055.78125MB
INFO:root:[  197] Training loss: 0.34513410, Validation loss: 0.35726586, Gradient norm: 0.22947421
INFO:root:At the start of the epoch: mem (CPU python)=7249.625MB; mem (CPU total)=17106.4296875MB
INFO:root:[  198] Training loss: 0.34578707, Validation loss: 0.35678538, Gradient norm: 0.25244707
INFO:root:At the start of the epoch: mem (CPU python)=7270.79296875MB; mem (CPU total)=17159.75MB
INFO:root:[  199] Training loss: 0.34483887, Validation loss: 0.35670137, Gradient norm: 0.23493454
INFO:root:At the start of the epoch: mem (CPU python)=7291.95703125MB; mem (CPU total)=17210.65625MB
INFO:root:[  200] Training loss: 0.34506473, Validation loss: 0.35676358, Gradient norm: 0.22650926
INFO:root:At the start of the epoch: mem (CPU python)=7313.12109375MB; mem (CPU total)=17264.3046875MB
INFO:root:[  201] Training loss: 0.34512800, Validation loss: 0.35683900, Gradient norm: 0.21862670
INFO:root:At the start of the epoch: mem (CPU python)=7334.28515625MB; mem (CPU total)=17315.03125MB
INFO:root:EP 201: Early stopping
INFO:root:After finishing all epochs: mem (CPU python)=7355.4453125MB; mem (CPU total)=17365.328125MB
INFO:root:Training the model took 7509.422s.
INFO:root:Emptying the cuda cache took 0.05s.
INFO:root:Starting evaluation: model SFNO & uncertainty quantification deterministic
INFO:root:Evaluating the model on Validation data.
INFO:root:MSEValidation: 0.41631
INFO:root:EnergyScoreValidation: 0.41631
INFO:root:CRPSValidation: 0.16728
INFO:root:Gaussian NLLValidation: 29025852764.73593
INFO:root:CoverageValidation: 0.0
INFO:root:IntervalWidthValidation: 0.0
INFO:root:Evaluating the model on Test data.
INFO:root:MSETest: 0.32493
INFO:root:EnergyScoreTest: 0.32009
INFO:root:CRPSTest: 0.12767
INFO:root:Gaussian NLLTest: 17766717546.496
INFO:root:CoverageTest: 0.0
INFO:root:IntervalWidthTest: 0.0
INFO:root:After validation: mem (CPU python)=7370.0390625MB; mem (CPU total)=17652.84765625MB
INFO:root:###2 out of 3 training parameter combinations ###
INFO:root:Training parameters: {'seed': 12345678, 'model': 'SFNO', 'uncertainty_quantification': 'deterministic', 'batch_size': 32, 'n_epochs': 1000, 'early_stopping': 10, 'init': 'default', 'learning_rate': 0.005, 'lr_schedule': 'step', 'optimizer': 'adam', 'gradient_clipping': 1, 'layer_normalization': True, 'data_loader_pin_memory': False, 'data_loader_num_workers': 0, 'distributed_training': False, 'alpha': 0.05, 'n_samples_uq': 100, 'weight_decay': 0, 'dropout': 0.001, 'fourier_dropout': None, 'hidden_channels': 32, 'projection_channels': 256, 'lifting_channels': 256, 'n_modes': (32, 32), 'n_samples': 3}
INFO:root:After creating the dataloaders: mem (CPU python)=7370.1015625MB; mem (CPU total)=17655.55078125MB
INFO:root:NumberParameters: 284835
INFO:root:GPU memory allocated: 176160768
INFO:root:After setting up the model: mem (CPU python)=7373.83203125MB; mem (CPU total)=17658.75MB
INFO:root:Training starts now.
INFO:root:At the start of the epoch: mem (CPU python)=7373.83203125MB; mem (CPU total)=17664.3125MB
INFO:root:[    1] Training loss: 0.83758096, Validation loss: 0.73409906, Gradient norm: 0.50621131
INFO:root:At the start of the epoch: mem (CPU python)=7398.17578125MB; mem (CPU total)=17704.0078125MB
INFO:root:[    2] Training loss: 0.73293127, Validation loss: 0.73058360, Gradient norm: 0.29872586
INFO:root:At the start of the epoch: mem (CPU python)=7419.67578125MB; mem (CPU total)=17743.1796875MB
INFO:root:[    3] Training loss: 0.72542559, Validation loss: 0.71578367, Gradient norm: 0.25523472
INFO:root:At the start of the epoch: mem (CPU python)=7440.8515625MB; mem (CPU total)=17783.8203125MB
INFO:root:[    4] Training loss: 0.70637023, Validation loss: 0.69370280, Gradient norm: 0.26593656
INFO:root:At the start of the epoch: mem (CPU python)=7462.01953125MB; mem (CPU total)=17821.4765625MB
INFO:root:[    5] Training loss: 0.66244820, Validation loss: 0.63269817, Gradient norm: 0.35070746
INFO:root:At the start of the epoch: mem (CPU python)=7483.18359375MB; mem (CPU total)=17862.58984375MB
INFO:root:[    6] Training loss: 0.60792577, Validation loss: 0.58483919, Gradient norm: 0.40631308
INFO:root:At the start of the epoch: mem (CPU python)=7504.34765625MB; mem (CPU total)=17904.4375MB
INFO:root:[    7] Training loss: 0.57468098, Validation loss: 0.56339896, Gradient norm: 0.34025601
INFO:root:At the start of the epoch: mem (CPU python)=7525.58984375MB; mem (CPU total)=17945.4765625MB
INFO:root:[    8] Training loss: 0.55788302, Validation loss: 0.55026991, Gradient norm: 0.35043784
INFO:root:At the start of the epoch: mem (CPU python)=7547.19140625MB; mem (CPU total)=17989.046875MB
INFO:root:[    9] Training loss: 0.54317227, Validation loss: 0.52494838, Gradient norm: 0.36422439
INFO:root:At the start of the epoch: mem (CPU python)=7568.59765625MB; mem (CPU total)=18032.40625MB
INFO:root:[   10] Training loss: 0.51103863, Validation loss: 0.49495935, Gradient norm: 0.40547795
INFO:root:At the start of the epoch: mem (CPU python)=7589.76171875MB; mem (CPU total)=18072.12109375MB
INFO:root:[   11] Training loss: 0.49040195, Validation loss: 0.47978015, Gradient norm: 0.40318444
INFO:root:At the start of the epoch: mem (CPU python)=7610.92578125MB; mem (CPU total)=18111.234375MB
INFO:root:[   12] Training loss: 0.47548895, Validation loss: 0.46414893, Gradient norm: 0.40882808
INFO:root:At the start of the epoch: mem (CPU python)=7632.09375MB; mem (CPU total)=18150.60546875MB
INFO:root:[   13] Training loss: 0.46213479, Validation loss: 0.45052021, Gradient norm: 0.41046231
INFO:root:At the start of the epoch: mem (CPU python)=7653.2578125MB; mem (CPU total)=18190.97265625MB
INFO:root:[   14] Training loss: 0.44612068, Validation loss: 0.43510014, Gradient norm: 0.44200008
INFO:root:At the start of the epoch: mem (CPU python)=7674.41796875MB; mem (CPU total)=18229.0078125MB
INFO:root:[   15] Training loss: 0.43341822, Validation loss: 0.42449614, Gradient norm: 0.44020301
INFO:root:At the start of the epoch: mem (CPU python)=7695.58203125MB; mem (CPU total)=18269.55078125MB
INFO:root:[   16] Training loss: 0.42461875, Validation loss: 0.41920005, Gradient norm: 0.38908887
INFO:root:At the start of the epoch: mem (CPU python)=7716.74609375MB; mem (CPU total)=18308.55078125MB
INFO:root:[   17] Training loss: 0.41963931, Validation loss: 0.41132883, Gradient norm: 0.40397244
INFO:root:At the start of the epoch: mem (CPU python)=7737.9140625MB; mem (CPU total)=18349.1796875MB
INFO:root:[   18] Training loss: 0.41471544, Validation loss: 0.41046154, Gradient norm: 0.38601476
INFO:root:At the start of the epoch: mem (CPU python)=7759.30859375MB; mem (CPU total)=18390.76171875MB
INFO:root:[   19] Training loss: 0.41125491, Validation loss: 0.40705549, Gradient norm: 0.38812193
INFO:root:At the start of the epoch: mem (CPU python)=7782.0078125MB; mem (CPU total)=18435.54296875MB
INFO:root:[   20] Training loss: 0.40762420, Validation loss: 0.40494462, Gradient norm: 0.36493923
INFO:root:At the start of the epoch: mem (CPU python)=7803.65234375MB; mem (CPU total)=18475.37890625MB
INFO:root:[   21] Training loss: 0.40554517, Validation loss: 0.40145762, Gradient norm: 0.37798203
INFO:root:At the start of the epoch: mem (CPU python)=7824.81640625MB; mem (CPU total)=18515.73828125MB
INFO:root:[   22] Training loss: 0.40196560, Validation loss: 0.39627273, Gradient norm: 0.35000906
INFO:root:At the start of the epoch: mem (CPU python)=7845.984375MB; mem (CPU total)=18555.6953125MB
INFO:root:[   23] Training loss: 0.40040943, Validation loss: 0.39887515, Gradient norm: 0.38751843
INFO:root:At the start of the epoch: mem (CPU python)=7867.1484375MB; mem (CPU total)=18595.31640625MB
INFO:root:[   24] Training loss: 0.39807001, Validation loss: 0.39687828, Gradient norm: 0.37543364
INFO:root:At the start of the epoch: mem (CPU python)=7888.30859375MB; mem (CPU total)=18635.40625MB
INFO:root:[   25] Training loss: 0.39531025, Validation loss: 0.39225886, Gradient norm: 0.33486572
INFO:root:At the start of the epoch: mem (CPU python)=7909.47265625MB; mem (CPU total)=18676.0078125MB
INFO:root:[   26] Training loss: 0.39432347, Validation loss: 0.39269839, Gradient norm: 0.40156319
INFO:root:At the start of the epoch: mem (CPU python)=7930.63671875MB; mem (CPU total)=18716.12109375MB
INFO:root:[   27] Training loss: 0.39156145, Validation loss: 0.38710135, Gradient norm: 0.34488899
INFO:root:At the start of the epoch: mem (CPU python)=7951.8046875MB; mem (CPU total)=18757.09765625MB
INFO:root:[   28] Training loss: 0.38968642, Validation loss: 0.38753610, Gradient norm: 0.34519344
INFO:root:At the start of the epoch: mem (CPU python)=7972.96484375MB; mem (CPU total)=18799.80078125MB
INFO:root:[   29] Training loss: 0.38807234, Validation loss: 0.38527956, Gradient norm: 0.36402616
INFO:root:At the start of the epoch: mem (CPU python)=7994.1328125MB; mem (CPU total)=18841.75MB
INFO:root:[   30] Training loss: 0.38610741, Validation loss: 0.38271663, Gradient norm: 0.35765236
INFO:root:At the start of the epoch: mem (CPU python)=8015.296875MB; mem (CPU total)=18881.8671875MB
INFO:root:[   31] Training loss: 0.38522745, Validation loss: 0.38184253, Gradient norm: 0.38388868
INFO:root:At the start of the epoch: mem (CPU python)=8036.4609375MB; mem (CPU total)=18922.703125MB
INFO:root:[   32] Training loss: 0.38265046, Validation loss: 0.38011655, Gradient norm: 0.35715518
INFO:root:At the start of the epoch: mem (CPU python)=8057.63671875MB; mem (CPU total)=18963.00390625MB
INFO:root:[   33] Training loss: 0.38142105, Validation loss: 0.38044045, Gradient norm: 0.36006771
INFO:root:At the start of the epoch: mem (CPU python)=8079.16796875MB; mem (CPU total)=19002.90625MB
INFO:root:[   34] Training loss: 0.38053481, Validation loss: 0.37884273, Gradient norm: 0.38460676
INFO:root:At the start of the epoch: mem (CPU python)=8100.33203125MB; mem (CPU total)=19042.78515625MB
INFO:root:[   35] Training loss: 0.37875381, Validation loss: 0.37437939, Gradient norm: 0.35804025
INFO:root:At the start of the epoch: mem (CPU python)=8121.49609375MB; mem (CPU total)=19082.375MB
INFO:root:[   36] Training loss: 0.37724611, Validation loss: 0.37421552, Gradient norm: 0.35702733
INFO:root:At the start of the epoch: mem (CPU python)=8142.66015625MB; mem (CPU total)=19121.74609375MB
INFO:root:[   37] Training loss: 0.37635910, Validation loss: 0.37270240, Gradient norm: 0.37573742
INFO:root:At the start of the epoch: mem (CPU python)=8163.82421875MB; mem (CPU total)=19162.06640625MB
INFO:root:[   38] Training loss: 0.37510648, Validation loss: 0.37461180, Gradient norm: 0.35374914
INFO:root:At the start of the epoch: mem (CPU python)=8184.984375MB; mem (CPU total)=19203.66796875MB
INFO:root:[   39] Training loss: 0.37405820, Validation loss: 0.37125207, Gradient norm: 0.36606920
INFO:root:At the start of the epoch: mem (CPU python)=8206.15234375MB; mem (CPU total)=19246.2578125MB
INFO:root:[   40] Training loss: 0.37384647, Validation loss: 0.37295254, Gradient norm: 0.41188768
INFO:root:At the start of the epoch: mem (CPU python)=8227.31640625MB; mem (CPU total)=19287.1328125MB
INFO:root:[   41] Training loss: 0.37159341, Validation loss: 0.36840120, Gradient norm: 0.34765832
INFO:root:At the start of the epoch: mem (CPU python)=8248.60546875MB; mem (CPU total)=19326.90234375MB
INFO:root:[   42] Training loss: 0.37066536, Validation loss: 0.36998030, Gradient norm: 0.36050489
INFO:root:At the start of the epoch: mem (CPU python)=8270.39453125MB; mem (CPU total)=19367.03125MB
INFO:root:[   43] Training loss: 0.37036328, Validation loss: 0.37029439, Gradient norm: 0.39321654
INFO:root:At the start of the epoch: mem (CPU python)=8291.5546875MB; mem (CPU total)=19386.0859375MB
INFO:root:[   44] Training loss: 0.36876236, Validation loss: 0.36564292, Gradient norm: 0.35984350
INFO:root:At the start of the epoch: mem (CPU python)=8312.72265625MB; mem (CPU total)=19421.70703125MB
INFO:root:[   45] Training loss: 0.36793692, Validation loss: 0.36603219, Gradient norm: 0.36613544
INFO:root:At the start of the epoch: mem (CPU python)=8333.88671875MB; mem (CPU total)=19453.22265625MB
INFO:root:[   46] Training loss: 0.36722268, Validation loss: 0.36512854, Gradient norm: 0.36188015
INFO:root:At the start of the epoch: mem (CPU python)=8355.05078125MB; mem (CPU total)=19486.48828125MB
INFO:root:[   47] Training loss: 0.36682450, Validation loss: 0.36477423, Gradient norm: 0.39189174
INFO:root:At the start of the epoch: mem (CPU python)=8376.21484375MB; mem (CPU total)=19520.70703125MB
INFO:root:[   48] Training loss: 0.36556450, Validation loss: 0.36239734, Gradient norm: 0.38486583
INFO:root:At the start of the epoch: mem (CPU python)=8397.37890625MB; mem (CPU total)=19553.91015625MB
INFO:root:[   49] Training loss: 0.36434564, Validation loss: 0.36306561, Gradient norm: 0.35419749
INFO:root:At the start of the epoch: mem (CPU python)=8418.54296875MB; mem (CPU total)=19587.72265625MB
INFO:root:[   50] Training loss: 0.36388474, Validation loss: 0.36300350, Gradient norm: 0.36525819
INFO:root:At the start of the epoch: mem (CPU python)=8439.71484375MB; mem (CPU total)=19620.7265625MB
INFO:root:[   51] Training loss: 0.36288544, Validation loss: 0.36226167, Gradient norm: 0.35791849
INFO:root:At the start of the epoch: mem (CPU python)=8460.87890625MB; mem (CPU total)=19655.046875MB
INFO:root:[   52] Training loss: 0.36187027, Validation loss: 0.36037226, Gradient norm: 0.36108101
INFO:root:At the start of the epoch: mem (CPU python)=8482.0390625MB; mem (CPU total)=19687.79296875MB
INFO:root:[   53] Training loss: 0.36184286, Validation loss: 0.35971861, Gradient norm: 0.38848947
INFO:root:At the start of the epoch: mem (CPU python)=8503.203125MB; mem (CPU total)=19722.28515625MB
INFO:root:[   54] Training loss: 0.36037477, Validation loss: 0.35843407, Gradient norm: 0.34604050
INFO:root:At the start of the epoch: mem (CPU python)=8524.36328125MB; mem (CPU total)=19756.99609375MB
INFO:root:[   55] Training loss: 0.36042037, Validation loss: 0.35959993, Gradient norm: 0.38545048
INFO:root:At the start of the epoch: mem (CPU python)=8545.53125MB; mem (CPU total)=19789.6953125MB
INFO:root:[   56] Training loss: 0.35970165, Validation loss: 0.35787824, Gradient norm: 0.37844364
INFO:root:At the start of the epoch: mem (CPU python)=8566.69921875MB; mem (CPU total)=19826.12890625MB
INFO:root:[   57] Training loss: 0.35813117, Validation loss: 0.35548769, Gradient norm: 0.34049600
INFO:root:At the start of the epoch: mem (CPU python)=8587.92578125MB; mem (CPU total)=19856.625MB
INFO:root:[   58] Training loss: 0.35783265, Validation loss: 0.35659565, Gradient norm: 0.35490602
INFO:root:At the start of the epoch: mem (CPU python)=8609.08984375MB; mem (CPU total)=19889.8046875MB
INFO:root:[   59] Training loss: 0.35727468, Validation loss: 0.35481180, Gradient norm: 0.37344281
INFO:root:At the start of the epoch: mem (CPU python)=8630.25390625MB; mem (CPU total)=19923.25390625MB
INFO:root:[   60] Training loss: 0.35662004, Validation loss: 0.35430489, Gradient norm: 0.36501583
INFO:root:At the start of the epoch: mem (CPU python)=8651.421875MB; mem (CPU total)=19956.734375MB
INFO:root:[   61] Training loss: 0.35587569, Validation loss: 0.35481575, Gradient norm: 0.37905366
INFO:root:At the start of the epoch: mem (CPU python)=8672.58203125MB; mem (CPU total)=19991.6953125MB
INFO:root:[   62] Training loss: 0.35546980, Validation loss: 0.35512755, Gradient norm: 0.37442633
INFO:root:At the start of the epoch: mem (CPU python)=8693.74609375MB; mem (CPU total)=20023.8671875MB
INFO:root:[   63] Training loss: 0.35479528, Validation loss: 0.35325300, Gradient norm: 0.36202163
INFO:root:At the start of the epoch: mem (CPU python)=8714.91015625MB; mem (CPU total)=20058.046875MB
INFO:root:[   64] Training loss: 0.35378292, Validation loss: 0.35335464, Gradient norm: 0.36347590
INFO:root:At the start of the epoch: mem (CPU python)=8736.07421875MB; mem (CPU total)=20090.88671875MB
INFO:root:[   65] Training loss: 0.35342035, Validation loss: 0.35386468, Gradient norm: 0.37513298
INFO:root:At the start of the epoch: mem (CPU python)=8757.61328125MB; mem (CPU total)=20125.08984375MB
INFO:root:[   66] Training loss: 0.35250602, Validation loss: 0.35083452, Gradient norm: 0.35822354
INFO:root:At the start of the epoch: mem (CPU python)=8778.78125MB; mem (CPU total)=20159.3125MB
INFO:root:[   67] Training loss: 0.35232655, Validation loss: 0.35266910, Gradient norm: 0.38460786
INFO:root:At the start of the epoch: mem (CPU python)=8799.9453125MB; mem (CPU total)=20192.12109375MB
INFO:root:[   68] Training loss: 0.35153100, Validation loss: 0.35011431, Gradient norm: 0.36824585
INFO:root:At the start of the epoch: mem (CPU python)=8821.63671875MB; mem (CPU total)=20228.5546875MB
INFO:root:[   69] Training loss: 0.35120682, Validation loss: 0.35110909, Gradient norm: 0.37866254
INFO:root:At the start of the epoch: mem (CPU python)=8843.3984375MB; mem (CPU total)=20260.5234375MB
INFO:root:[   70] Training loss: 0.35067956, Validation loss: 0.34998235, Gradient norm: 0.37234907
INFO:root:At the start of the epoch: mem (CPU python)=8864.5625MB; mem (CPU total)=20293.7578125MB
INFO:root:[   71] Training loss: 0.34992632, Validation loss: 0.34900463, Gradient norm: 0.37121298
INFO:root:At the start of the epoch: mem (CPU python)=8885.72265625MB; mem (CPU total)=20328.22265625MB
INFO:root:[   72] Training loss: 0.34949085, Validation loss: 0.34894538, Gradient norm: 0.38694604
INFO:root:At the start of the epoch: mem (CPU python)=8906.88671875MB; mem (CPU total)=20361.70703125MB
INFO:root:[   73] Training loss: 0.34893526, Validation loss: 0.34830727, Gradient norm: 0.36992511
INFO:root:At the start of the epoch: mem (CPU python)=8928.05078125MB; mem (CPU total)=20398.5859375MB
INFO:root:[   74] Training loss: 0.34798707, Validation loss: 0.34925894, Gradient norm: 0.35337349
INFO:root:At the start of the epoch: mem (CPU python)=8949.21484375MB; mem (CPU total)=20429.16015625MB
INFO:root:[   75] Training loss: 0.34737243, Validation loss: 0.34592015, Gradient norm: 0.35705012
INFO:root:At the start of the epoch: mem (CPU python)=8970.37890625MB; mem (CPU total)=20462.53515625MB
INFO:root:[   76] Training loss: 0.34765524, Validation loss: 0.34700775, Gradient norm: 0.39228110
INFO:root:At the start of the epoch: mem (CPU python)=8991.54296875MB; mem (CPU total)=20497.24609375MB
INFO:root:[   77] Training loss: 0.34670455, Validation loss: 0.34690334, Gradient norm: 0.35896261
INFO:root:At the start of the epoch: mem (CPU python)=9012.70703125MB; mem (CPU total)=20530.203125MB
INFO:root:[   78] Training loss: 0.34692086, Validation loss: 0.34806411, Gradient norm: 0.38564812
INFO:root:At the start of the epoch: mem (CPU python)=9033.875MB; mem (CPU total)=20566.14453125MB
INFO:root:[   79] Training loss: 0.34597804, Validation loss: 0.34638398, Gradient norm: 0.36620412
INFO:root:At the start of the epoch: mem (CPU python)=9055.0390625MB; mem (CPU total)=20598.39453125MB
INFO:root:[   80] Training loss: 0.34573508, Validation loss: 0.34575981, Gradient norm: 0.37411998
INFO:root:At the start of the epoch: mem (CPU python)=9076.35546875MB; mem (CPU total)=20632.33984375MB
INFO:root:[   81] Training loss: 0.34520097, Validation loss: 0.34337742, Gradient norm: 0.37851279
INFO:root:At the start of the epoch: mem (CPU python)=9098.1171875MB; mem (CPU total)=20667.32421875MB
INFO:root:[   82] Training loss: 0.34482217, Validation loss: 0.34486087, Gradient norm: 0.40626968
INFO:root:At the start of the epoch: mem (CPU python)=9119.65234375MB; mem (CPU total)=20700.51171875MB
INFO:root:[   83] Training loss: 0.34400151, Validation loss: 0.34279038, Gradient norm: 0.35830407
INFO:root:At the start of the epoch: mem (CPU python)=9140.8203125MB; mem (CPU total)=20735.44921875MB
INFO:root:[   84] Training loss: 0.34378913, Validation loss: 0.34362002, Gradient norm: 0.37954985
INFO:root:At the start of the epoch: mem (CPU python)=9162.15234375MB; mem (CPU total)=20768.4140625MB
INFO:root:[   85] Training loss: 0.34369296, Validation loss: 0.34294523, Gradient norm: 0.39509179
INFO:root:At the start of the epoch: mem (CPU python)=9183.31640625MB; mem (CPU total)=20802.875MB
INFO:root:[   86] Training loss: 0.34308778, Validation loss: 0.34227577, Gradient norm: 0.35772201
INFO:root:At the start of the epoch: mem (CPU python)=9205.0625MB; mem (CPU total)=20836.4765625MB
INFO:root:[   87] Training loss: 0.34211749, Validation loss: 0.34139501, Gradient norm: 0.35799903
INFO:root:At the start of the epoch: mem (CPU python)=9226.2265625MB; mem (CPU total)=20869.7109375MB
INFO:root:[   88] Training loss: 0.34210891, Validation loss: 0.34235928, Gradient norm: 0.38373094
INFO:root:At the start of the epoch: mem (CPU python)=9247.38671875MB; mem (CPU total)=20904.42578125MB
INFO:root:[   89] Training loss: 0.34149045, Validation loss: 0.34096929, Gradient norm: 0.36188488
INFO:root:At the start of the epoch: mem (CPU python)=9268.5546875MB; mem (CPU total)=20938.390625MB
INFO:root:[   90] Training loss: 0.34152990, Validation loss: 0.34140035, Gradient norm: 0.38184394
INFO:root:At the start of the epoch: mem (CPU python)=9289.71484375MB; mem (CPU total)=20973.0390625MB
INFO:root:[   91] Training loss: 0.34160878, Validation loss: 0.34117573, Gradient norm: 0.40062738
INFO:root:At the start of the epoch: mem (CPU python)=9310.87890625MB; mem (CPU total)=21006.02734375MB
INFO:root:[   92] Training loss: 0.34029609, Validation loss: 0.34021440, Gradient norm: 0.36924907
INFO:root:At the start of the epoch: mem (CPU python)=9332.04296875MB; mem (CPU total)=21039.26171875MB
INFO:root:[   93] Training loss: 0.34056635, Validation loss: 0.34456969, Gradient norm: 0.38233892
INFO:root:At the start of the epoch: mem (CPU python)=9353.79296875MB; mem (CPU total)=21074.70703125MB
INFO:root:[   94] Training loss: 0.34028472, Validation loss: 0.34065099, Gradient norm: 0.37291974
INFO:root:At the start of the epoch: mem (CPU python)=9375.4375MB; mem (CPU total)=21108.37109375MB
INFO:root:[   95] Training loss: 0.33979647, Validation loss: 0.33931848, Gradient norm: 0.37634423
INFO:root:At the start of the epoch: mem (CPU python)=9396.60546875MB; mem (CPU total)=21143.82421875MB
INFO:root:[   96] Training loss: 0.33935520, Validation loss: 0.34094906, Gradient norm: 0.37540554
INFO:root:At the start of the epoch: mem (CPU python)=9417.76953125MB; mem (CPU total)=21176.2890625MB
INFO:root:[   97] Training loss: 0.33892772, Validation loss: 0.33927807, Gradient norm: 0.38103053
INFO:root:At the start of the epoch: mem (CPU python)=9438.93359375MB; mem (CPU total)=21209.484375MB
INFO:root:[   98] Training loss: 0.33858273, Validation loss: 0.33902553, Gradient norm: 0.38223556
INFO:root:At the start of the epoch: mem (CPU python)=9460.09765625MB; mem (CPU total)=21244.44140625MB
INFO:root:[   99] Training loss: 0.33840467, Validation loss: 0.33867184, Gradient norm: 0.39982403
INFO:root:At the start of the epoch: mem (CPU python)=9481.26171875MB; mem (CPU total)=21277.8671875MB
INFO:root:[  100] Training loss: 0.33756056, Validation loss: 0.33746767, Gradient norm: 0.38371977
INFO:root:At the start of the epoch: mem (CPU python)=9503.14453125MB; mem (CPU total)=21314.796875MB
INFO:root:[  101] Training loss: 0.33749438, Validation loss: 0.33931111, Gradient norm: 0.38245715
INFO:root:At the start of the epoch: mem (CPU python)=9524.546875MB; mem (CPU total)=21348.015625MB
INFO:root:[  102] Training loss: 0.33668715, Validation loss: 0.33706278, Gradient norm: 0.38591089
INFO:root:At the start of the epoch: mem (CPU python)=9545.84765625MB; mem (CPU total)=21382.72265625MB
INFO:root:[  103] Training loss: 0.33645407, Validation loss: 0.33710250, Gradient norm: 0.36255623
INFO:root:At the start of the epoch: mem (CPU python)=9567.01171875MB; mem (CPU total)=21418.171875MB
INFO:root:[  104] Training loss: 0.33647439, Validation loss: 0.33582492, Gradient norm: 0.40003245
INFO:root:At the start of the epoch: mem (CPU python)=9588.1796875MB; mem (CPU total)=21452.35546875MB
INFO:root:[  105] Training loss: 0.33523375, Validation loss: 0.33536022, Gradient norm: 0.36469534
INFO:root:At the start of the epoch: mem (CPU python)=9610.01171875MB; mem (CPU total)=21490.1640625MB
INFO:root:[  106] Training loss: 0.33627228, Validation loss: 0.33829720, Gradient norm: 0.43831528
INFO:root:At the start of the epoch: mem (CPU python)=9631.546875MB; mem (CPU total)=21523.15234375MB
INFO:root:[  107] Training loss: 0.33466138, Validation loss: 0.33713583, Gradient norm: 0.35758295
INFO:root:At the start of the epoch: mem (CPU python)=9653.54296875MB; mem (CPU total)=21556.8828125MB
INFO:root:[  108] Training loss: 0.33416985, Validation loss: 0.33680315, Gradient norm: 0.36640970
INFO:root:At the start of the epoch: mem (CPU python)=9674.703125MB; mem (CPU total)=21591.59375MB
INFO:root:[  109] Training loss: 0.33457364, Validation loss: 0.33716791, Gradient norm: 0.39789925
INFO:root:At the start of the epoch: mem (CPU python)=9695.8671875MB; mem (CPU total)=21625.078125MB
INFO:root:[  110] Training loss: 0.33423080, Validation loss: 0.33654263, Gradient norm: 0.39981212
INFO:root:At the start of the epoch: mem (CPU python)=9717.03125MB; mem (CPU total)=21660.7734375MB
INFO:root:[  111] Training loss: 0.33326060, Validation loss: 0.33369276, Gradient norm: 0.37884447
INFO:root:At the start of the epoch: mem (CPU python)=9738.19921875MB; mem (CPU total)=21693.48828125MB
INFO:root:[  112] Training loss: 0.33330023, Validation loss: 0.33350364, Gradient norm: 0.39273642
INFO:root:At the start of the epoch: mem (CPU python)=9760.2265625MB; mem (CPU total)=21727.953125MB
INFO:root:[  113] Training loss: 0.33226485, Validation loss: 0.33352668, Gradient norm: 0.36365546
INFO:root:At the start of the epoch: mem (CPU python)=9781.390625MB; mem (CPU total)=21763.05859375MB
INFO:root:[  114] Training loss: 0.33247347, Validation loss: 0.33363242, Gradient norm: 0.39565532
INFO:root:At the start of the epoch: mem (CPU python)=9802.81640625MB; mem (CPU total)=21799.20703125MB
INFO:root:[  115] Training loss: 0.33274452, Validation loss: 0.33365595, Gradient norm: 0.41371628
INFO:root:At the start of the epoch: mem (CPU python)=9824.0703125MB; mem (CPU total)=21835.22265625MB
INFO:root:[  116] Training loss: 0.33230058, Validation loss: 0.33162423, Gradient norm: 0.41007299
INFO:root:At the start of the epoch: mem (CPU python)=9845.23828125MB; mem (CPU total)=21868.15234375MB
INFO:root:[  117] Training loss: 0.33134241, Validation loss: 0.33172716, Gradient norm: 0.37346807
INFO:root:At the start of the epoch: mem (CPU python)=9866.7734375MB; mem (CPU total)=21902.0546875MB
INFO:root:[  118] Training loss: 0.33086534, Validation loss: 0.33292003, Gradient norm: 0.37563844
INFO:root:At the start of the epoch: mem (CPU python)=9888.22265625MB; mem (CPU total)=21936.953125MB
INFO:root:[  119] Training loss: 0.33117380, Validation loss: 0.33128023, Gradient norm: 0.40781328
INFO:root:At the start of the epoch: mem (CPU python)=9909.38671875MB; mem (CPU total)=21970.375MB
INFO:root:[  120] Training loss: 0.33004536, Validation loss: 0.33154771, Gradient norm: 0.36596747
INFO:root:At the start of the epoch: mem (CPU python)=9930.5546875MB; mem (CPU total)=22005.23046875MB
INFO:root:[  121] Training loss: 0.33043216, Validation loss: 0.33034431, Gradient norm: 0.40430134
INFO:root:At the start of the epoch: mem (CPU python)=9952.27734375MB; mem (CPU total)=22040.390625MB
INFO:root:[  122] Training loss: 0.33021517, Validation loss: 0.33087636, Gradient norm: 0.40108788
INFO:root:At the start of the epoch: mem (CPU python)=9974.26953125MB; mem (CPU total)=22074.875MB
INFO:root:[  123] Training loss: 0.32967043, Validation loss: 0.33336633, Gradient norm: 0.38693401
INFO:root:At the start of the epoch: mem (CPU python)=9995.921875MB; mem (CPU total)=22110.2890625MB
INFO:root:[  124] Training loss: 0.32883105, Validation loss: 0.33041964, Gradient norm: 0.36849980
INFO:root:At the start of the epoch: mem (CPU python)=10017.0859375MB; mem (CPU total)=22143.48046875MB
INFO:root:[  125] Training loss: 0.32919963, Validation loss: 0.32885350, Gradient norm: 0.42012993
INFO:root:At the start of the epoch: mem (CPU python)=10038.25MB; mem (CPU total)=22177.4140625MB
INFO:root:[  126] Training loss: 0.32860934, Validation loss: 0.33312930, Gradient norm: 0.38577843
INFO:root:At the start of the epoch: mem (CPU python)=10059.4140625MB; mem (CPU total)=22211.62109375MB
INFO:root:[  127] Training loss: 0.32818747, Validation loss: 0.32829502, Gradient norm: 0.37431212
INFO:root:At the start of the epoch: mem (CPU python)=10080.578125MB; mem (CPU total)=22245.58203125MB
INFO:root:[  128] Training loss: 0.32788827, Validation loss: 0.32949018, Gradient norm: 0.39029039
INFO:root:At the start of the epoch: mem (CPU python)=10101.73828125MB; mem (CPU total)=22281.55859375MB
INFO:root:[  129] Training loss: 0.32781095, Validation loss: 0.32945582, Gradient norm: 0.40221148
INFO:root:At the start of the epoch: mem (CPU python)=10122.90625MB; mem (CPU total)=22314.04296875MB
INFO:root:[  130] Training loss: 0.32753902, Validation loss: 0.32924956, Gradient norm: 0.39110328
INFO:root:At the start of the epoch: mem (CPU python)=10144.0703125MB; mem (CPU total)=22347.41796875MB
INFO:root:[  131] Training loss: 0.32711691, Validation loss: 0.33021173, Gradient norm: 0.39876266
INFO:root:At the start of the epoch: mem (CPU python)=10165.234375MB; mem (CPU total)=22382.1171875MB
INFO:root:[  132] Training loss: 0.32684272, Validation loss: 0.32700168, Gradient norm: 0.38623268
INFO:root:At the start of the epoch: mem (CPU python)=10186.70703125MB; mem (CPU total)=22416.81640625MB
INFO:root:[  133] Training loss: 0.32630313, Validation loss: 0.32960643, Gradient norm: 0.39672667
INFO:root:At the start of the epoch: mem (CPU python)=10208.3125MB; mem (CPU total)=22453.73046875MB
INFO:root:[  134] Training loss: 0.32591354, Validation loss: 0.32827385, Gradient norm: 0.39392385
INFO:root:At the start of the epoch: mem (CPU python)=10229.4765625MB; mem (CPU total)=22485.3984375MB
INFO:root:[  135] Training loss: 0.32565711, Validation loss: 0.32820094, Gradient norm: 0.41921355
INFO:root:At the start of the epoch: mem (CPU python)=10250.640625MB; mem (CPU total)=22518.875MB
INFO:root:[  136] Training loss: 0.32546717, Validation loss: 0.32525107, Gradient norm: 0.40161650
INFO:root:At the start of the epoch: mem (CPU python)=10271.8046875MB; mem (CPU total)=22553.8125MB
INFO:root:[  137] Training loss: 0.32416492, Validation loss: 0.32748237, Gradient norm: 0.37422029
INFO:root:At the start of the epoch: mem (CPU python)=10292.96484375MB; mem (CPU total)=22587.296875MB
INFO:root:[  138] Training loss: 0.32438082, Validation loss: 0.32583353, Gradient norm: 0.44126021
INFO:root:At the start of the epoch: mem (CPU python)=10314.125MB; mem (CPU total)=22623.47265625MB
INFO:root:[  139] Training loss: 0.32338064, Validation loss: 0.32776526, Gradient norm: 0.39285936
INFO:root:At the start of the epoch: mem (CPU python)=10335.29296875MB; mem (CPU total)=22656.203125MB
INFO:root:[  140] Training loss: 0.32312991, Validation loss: 0.32362016, Gradient norm: 0.40970776
INFO:root:At the start of the epoch: mem (CPU python)=10356.45703125MB; mem (CPU total)=22690.15625MB
INFO:root:[  141] Training loss: 0.32201390, Validation loss: 0.32336995, Gradient norm: 0.38450980
INFO:root:At the start of the epoch: mem (CPU python)=10377.62890625MB; mem (CPU total)=22725.06640625MB
INFO:root:[  142] Training loss: 0.32242955, Validation loss: 0.32510355, Gradient norm: 0.40503340
INFO:root:At the start of the epoch: mem (CPU python)=10398.79296875MB; mem (CPU total)=22758.2890625MB
INFO:root:[  143] Training loss: 0.32199068, Validation loss: 0.32621940, Gradient norm: 0.42116352
INFO:root:At the start of the epoch: mem (CPU python)=10420.1875MB; mem (CPU total)=22792.9296875MB
INFO:root:[  144] Training loss: 0.32195032, Validation loss: 0.32307625, Gradient norm: 0.43195140
INFO:root:At the start of the epoch: mem (CPU python)=10441.35546875MB; mem (CPU total)=22827.375MB
INFO:root:[  145] Training loss: 0.32185532, Validation loss: 0.32212080, Gradient norm: 0.44210291
INFO:root:At the start of the epoch: mem (CPU python)=10462.96484375MB; mem (CPU total)=22862.34765625MB
INFO:root:[  146] Training loss: 0.32031484, Validation loss: 0.32266204, Gradient norm: 0.40758429
INFO:root:At the start of the epoch: mem (CPU python)=10484.57421875MB; mem (CPU total)=22898.5234375MB
INFO:root:[  147] Training loss: 0.32053875, Validation loss: 0.32052200, Gradient norm: 0.41887416
INFO:root:At the start of the epoch: mem (CPU python)=10505.86328125MB; mem (CPU total)=22931.0390625MB
INFO:root:[  148] Training loss: 0.31998325, Validation loss: 0.32112196, Gradient norm: 0.40085769
INFO:root:At the start of the epoch: mem (CPU python)=10527.27734375MB; mem (CPU total)=22964.7578125MB
INFO:root:[  149] Training loss: 0.31966686, Validation loss: 0.32102286, Gradient norm: 0.40780702
INFO:root:At the start of the epoch: mem (CPU python)=10548.8828125MB; mem (CPU total)=23000.65625MB
INFO:root:[  150] Training loss: 0.31934173, Validation loss: 0.32151827, Gradient norm: 0.40404242
INFO:root:At the start of the epoch: mem (CPU python)=10570.05078125MB; mem (CPU total)=23034.36328125MB
INFO:root:[  151] Training loss: 0.31888200, Validation loss: 0.31985509, Gradient norm: 0.40491776
INFO:root:At the start of the epoch: mem (CPU python)=10591.546875MB; mem (CPU total)=23071.03125MB
INFO:root:[  152] Training loss: 0.31933431, Validation loss: 0.32035403, Gradient norm: 0.42813091
INFO:root:At the start of the epoch: mem (CPU python)=10612.72265625MB; mem (CPU total)=23102.80078125MB
INFO:root:[  153] Training loss: 0.31817797, Validation loss: 0.31983650, Gradient norm: 0.39887459
INFO:root:At the start of the epoch: mem (CPU python)=10633.88671875MB; mem (CPU total)=23135.98046875MB
INFO:root:[  154] Training loss: 0.31808451, Validation loss: 0.31955554, Gradient norm: 0.41014837
INFO:root:At the start of the epoch: mem (CPU python)=10655.0625MB; mem (CPU total)=23171.6640625MB
INFO:root:[  155] Training loss: 0.31758581, Validation loss: 0.32130002, Gradient norm: 0.40671576
INFO:root:At the start of the epoch: mem (CPU python)=10676.23828125MB; mem (CPU total)=23205.6796875MB
INFO:root:[  156] Training loss: 0.31748581, Validation loss: 0.31927396, Gradient norm: 0.41987006
INFO:root:At the start of the epoch: mem (CPU python)=10698.49609375MB; mem (CPU total)=23242.328125MB
INFO:root:[  157] Training loss: 0.31738176, Validation loss: 0.31799403, Gradient norm: 0.41463869
INFO:root:At the start of the epoch: mem (CPU python)=10720.42578125MB; mem (CPU total)=23276.05859375MB
INFO:root:[  158] Training loss: 0.31687136, Validation loss: 0.31762405, Gradient norm: 0.42621513
INFO:root:At the start of the epoch: mem (CPU python)=10741.6015625MB; mem (CPU total)=23310.71875MB
INFO:root:[  159] Training loss: 0.31642361, Validation loss: 0.31785579, Gradient norm: 0.40462807
INFO:root:At the start of the epoch: mem (CPU python)=10762.8203125MB; mem (CPU total)=23346.6640625MB
INFO:root:[  160] Training loss: 0.31661745, Validation loss: 0.32022449, Gradient norm: 0.42610101
INFO:root:At the start of the epoch: mem (CPU python)=10783.99609375MB; mem (CPU total)=23379.16015625MB
INFO:root:[  161] Training loss: 0.31554040, Validation loss: 0.31754485, Gradient norm: 0.39457924
INFO:root:At the start of the epoch: mem (CPU python)=10805.1640625MB; mem (CPU total)=23413.16796875MB
INFO:root:[  162] Training loss: 0.31581510, Validation loss: 0.31736185, Gradient norm: 0.42662523
INFO:root:At the start of the epoch: mem (CPU python)=10826.33984375MB; mem (CPU total)=23448.37109375MB
INFO:root:[  163] Training loss: 0.31504971, Validation loss: 0.31706706, Gradient norm: 0.41071010
INFO:root:At the start of the epoch: mem (CPU python)=10847.515625MB; mem (CPU total)=23482.1015625MB
INFO:root:[  164] Training loss: 0.31491234, Validation loss: 0.31773783, Gradient norm: 0.42357976
INFO:root:At the start of the epoch: mem (CPU python)=10868.6796875MB; mem (CPU total)=23519.02734375MB
INFO:root:[  165] Training loss: 0.31465866, Validation loss: 0.32408274, Gradient norm: 0.40989529
INFO:root:At the start of the epoch: mem (CPU python)=10890.06640625MB; mem (CPU total)=23551.421875MB
INFO:root:[  166] Training loss: 0.31451365, Validation loss: 0.31691087, Gradient norm: 0.45209682
INFO:root:At the start of the epoch: mem (CPU python)=10911.234375MB; mem (CPU total)=23585.328125MB
INFO:root:[  167] Training loss: 0.31332430, Validation loss: 0.31681345, Gradient norm: 0.38458802
INFO:root:At the start of the epoch: mem (CPU python)=10932.5703125MB; mem (CPU total)=23620.28515625MB
INFO:root:[  168] Training loss: 0.31342806, Validation loss: 0.31454266, Gradient norm: 0.42980627
INFO:root:At the start of the epoch: mem (CPU python)=10953.74609375MB; mem (CPU total)=23653.10546875MB
INFO:root:[  169] Training loss: 0.31269565, Validation loss: 0.31385067, Gradient norm: 0.42174514
INFO:root:At the start of the epoch: mem (CPU python)=10974.9140625MB; mem (CPU total)=23688.05078125MB
INFO:root:[  170] Training loss: 0.31248846, Validation loss: 0.31535814, Gradient norm: 0.44526275
INFO:root:At the start of the epoch: mem (CPU python)=10996.08984375MB; mem (CPU total)=23721.77734375MB
INFO:root:[  171] Training loss: 0.31193342, Validation loss: 0.31251936, Gradient norm: 0.43590399
INFO:root:At the start of the epoch: mem (CPU python)=11017.25390625MB; mem (CPU total)=23755.75MB
INFO:root:[  172] Training loss: 0.31059124, Validation loss: 0.31505373, Gradient norm: 0.42368634
INFO:root:At the start of the epoch: mem (CPU python)=11038.42578125MB; mem (CPU total)=23792.01171875MB
INFO:root:[  173] Training loss: 0.31118720, Validation loss: 0.31168155, Gradient norm: 0.47997632
INFO:root:At the start of the epoch: mem (CPU python)=11059.60546875MB; mem (CPU total)=23824.51171875MB
INFO:root:[  174] Training loss: 0.30968465, Validation loss: 0.31168190, Gradient norm: 0.40804373
INFO:root:At the start of the epoch: mem (CPU python)=11080.765625MB; mem (CPU total)=23858.23828125MB
INFO:root:[  175] Training loss: 0.30942192, Validation loss: 0.31392280, Gradient norm: 0.42862132
INFO:root:At the start of the epoch: mem (CPU python)=11102.31640625MB; mem (CPU total)=23893.19921875MB
INFO:root:[  176] Training loss: 0.30946140, Validation loss: 0.31004391, Gradient norm: 0.44308266
INFO:root:At the start of the epoch: mem (CPU python)=11125.07421875MB; mem (CPU total)=23929.6015625MB
INFO:root:[  177] Training loss: 0.30839128, Validation loss: 0.31130206, Gradient norm: 0.45245989
INFO:root:At the start of the epoch: mem (CPU python)=11146.91015625MB; mem (CPU total)=23966.53125MB
INFO:root:[  178] Training loss: 0.30761980, Validation loss: 0.31001960, Gradient norm: 0.41618805
INFO:root:At the start of the epoch: mem (CPU python)=11168.09375MB; mem (CPU total)=23998.8125MB
INFO:root:[  179] Training loss: 0.30768127, Validation loss: 0.30874096, Gradient norm: 0.44585333
INFO:root:At the start of the epoch: mem (CPU python)=11189.26953125MB; mem (CPU total)=24035.49609375MB
INFO:root:[  180] Training loss: 0.30671928, Validation loss: 0.30811257, Gradient norm: 0.42227902
INFO:root:At the start of the epoch: mem (CPU python)=11210.43359375MB; mem (CPU total)=24070.45703125MB
INFO:root:[  181] Training loss: 0.30703245, Validation loss: 0.30853036, Gradient norm: 0.44907757
INFO:root:At the start of the epoch: mem (CPU python)=11231.60546875MB; mem (CPU total)=24104.84765625MB
INFO:root:[  182] Training loss: 0.30650236, Validation loss: 0.30759789, Gradient norm: 0.43521032
INFO:root:At the start of the epoch: mem (CPU python)=11252.76953125MB; mem (CPU total)=24139.5625MB
INFO:root:[  183] Training loss: 0.30611700, Validation loss: 0.30951684, Gradient norm: 0.46820239
INFO:root:At the start of the epoch: mem (CPU python)=11273.953125MB; mem (CPU total)=24173.28515625MB
INFO:root:[  184] Training loss: 0.30554372, Validation loss: 0.30779846, Gradient norm: 0.43178867
INFO:root:At the start of the epoch: mem (CPU python)=11295.1171875MB; mem (CPU total)=24206.80078125MB
INFO:root:[  185] Training loss: 0.30483300, Validation loss: 0.30869776, Gradient norm: 0.43369315
INFO:root:At the start of the epoch: mem (CPU python)=11316.2890625MB; mem (CPU total)=24242.95703125MB
INFO:root:[  186] Training loss: 0.30531968, Validation loss: 0.30845924, Gradient norm: 0.44972887
INFO:root:At the start of the epoch: mem (CPU python)=11337.46484375MB; mem (CPU total)=24275.203125MB
INFO:root:[  187] Training loss: 0.30528683, Validation loss: 0.30713819, Gradient norm: 0.49668695
INFO:root:At the start of the epoch: mem (CPU python)=11358.640625MB; mem (CPU total)=24309.2109375MB
INFO:root:[  188] Training loss: 0.30465615, Validation loss: 0.30748146, Gradient norm: 0.46569249
INFO:root:At the start of the epoch: mem (CPU python)=11379.8046875MB; mem (CPU total)=24344.90625MB
INFO:root:[  189] Training loss: 0.30392241, Validation loss: 0.30753733, Gradient norm: 0.45184195
INFO:root:At the start of the epoch: mem (CPU python)=11400.98828125MB; mem (CPU total)=24378.390625MB
INFO:root:[  190] Training loss: 0.30400610, Validation loss: 0.30590610, Gradient norm: 0.46973266
INFO:root:At the start of the epoch: mem (CPU python)=11419.8828125MB; mem (CPU total)=24413.31640625MB
INFO:root:[  191] Training loss: 0.30342371, Validation loss: 0.30577369, Gradient norm: 0.46524555
INFO:root:At the start of the epoch: mem (CPU python)=11442.8125MB; mem (CPU total)=24446.0625MB
INFO:root:[  192] Training loss: 0.30292414, Validation loss: 0.31036751, Gradient norm: 0.45212811
INFO:root:At the start of the epoch: mem (CPU python)=11463.84765625MB; mem (CPU total)=24481.23828125MB
INFO:root:[  193] Training loss: 0.30237840, Validation loss: 0.30499800, Gradient norm: 0.46265565
INFO:root:At the start of the epoch: mem (CPU python)=11485.66796875MB; mem (CPU total)=24516.43359375MB
INFO:root:[  194] Training loss: 0.30260156, Validation loss: 0.30604970, Gradient norm: 0.48241664
INFO:root:At the start of the epoch: mem (CPU python)=11506.84375MB; mem (CPU total)=24550.35546875MB
INFO:root:[  195] Training loss: 0.30249733, Validation loss: 0.30694779, Gradient norm: 0.46319760
INFO:root:At the start of the epoch: mem (CPU python)=11529.390625MB; mem (CPU total)=24587.09765625MB
INFO:root:[  196] Training loss: 0.30096316, Validation loss: 0.30686795, Gradient norm: 0.44466825
INFO:root:At the start of the epoch: mem (CPU python)=11547.95703125MB; mem (CPU total)=24619.53515625MB
INFO:root:[  197] Training loss: 0.30162087, Validation loss: 0.30492078, Gradient norm: 0.49330103
INFO:root:At the start of the epoch: mem (CPU python)=11570.12890625MB; mem (CPU total)=24653.51171875MB
INFO:root:[  198] Training loss: 0.30152224, Validation loss: 0.30533493, Gradient norm: 0.48646735
INFO:root:At the start of the epoch: mem (CPU python)=11591.29296875MB; mem (CPU total)=24691.421875MB
INFO:root:[  199] Training loss: 0.30100646, Validation loss: 0.30526984, Gradient norm: 0.45212546
INFO:root:At the start of the epoch: mem (CPU python)=11612.1015625MB; mem (CPU total)=24720.4765625MB
INFO:root:[  200] Training loss: 0.30118408, Validation loss: 0.30455408, Gradient norm: 0.47851667
INFO:root:At the start of the epoch: mem (CPU python)=11633.54296875MB; mem (CPU total)=24756.171875MB
INFO:root:[  201] Training loss: 0.29992373, Validation loss: 0.30398506, Gradient norm: 0.45306264
INFO:root:At the start of the epoch: mem (CPU python)=11654.875MB; mem (CPU total)=24792.40234375MB
INFO:root:[  202] Training loss: 0.29995181, Validation loss: 0.30570251, Gradient norm: 0.49289529
INFO:root:At the start of the epoch: mem (CPU python)=11675.26171875MB; mem (CPU total)=24824.68359375MB
INFO:root:[  203] Training loss: 0.30008211, Validation loss: 0.30420635, Gradient norm: 0.47990710
INFO:root:At the start of the epoch: mem (CPU python)=11697.3671875MB; mem (CPU total)=24861.1171875MB
INFO:root:[  204] Training loss: 0.30019029, Validation loss: 0.30411175, Gradient norm: 0.51817336
INFO:root:At the start of the epoch: mem (CPU python)=11718.44140625MB; mem (CPU total)=24894.59375MB
INFO:root:[  205] Training loss: 0.29945028, Validation loss: 0.30279942, Gradient norm: 0.48489273
INFO:root:At the start of the epoch: mem (CPU python)=11739.12890625MB; mem (CPU total)=24928.32421875MB
INFO:root:[  206] Training loss: 0.29878725, Validation loss: 0.30470681, Gradient norm: 0.48338450
INFO:root:At the start of the epoch: mem (CPU python)=11760.6640625MB; mem (CPU total)=24963.30078125MB
INFO:root:[  207] Training loss: 0.29923359, Validation loss: 0.30358003, Gradient norm: 0.47393003
INFO:root:At the start of the epoch: mem (CPU python)=11781.453125MB; mem (CPU total)=24997.68359375MB
INFO:root:[  208] Training loss: 0.29833720, Validation loss: 0.30324247, Gradient norm: 0.50336611
INFO:root:At the start of the epoch: mem (CPU python)=11803.8046875MB; mem (CPU total)=25032.1484375MB
INFO:root:[  209] Training loss: 0.29820926, Validation loss: 0.30340798, Gradient norm: 0.47443527
INFO:root:At the start of the epoch: mem (CPU python)=11824.40234375MB; mem (CPU total)=25066.33984375MB
INFO:root:[  210] Training loss: 0.29840224, Validation loss: 0.30240266, Gradient norm: 0.51203081
INFO:root:At the start of the epoch: mem (CPU python)=11845.66015625MB; mem (CPU total)=25100.546875MB
INFO:root:[  211] Training loss: 0.29836245, Validation loss: 0.30155754, Gradient norm: 0.47738795
INFO:root:At the start of the epoch: mem (CPU python)=11867.83984375MB; mem (CPU total)=25138.2109375MB
INFO:root:[  212] Training loss: 0.29704277, Validation loss: 0.30318805, Gradient norm: 0.45807167
INFO:root:At the start of the epoch: mem (CPU python)=11889.33984375MB; mem (CPU total)=25171.94140625MB
INFO:root:[  213] Training loss: 0.29760652, Validation loss: 0.30375096, Gradient norm: 0.49698915
INFO:root:At the start of the epoch: mem (CPU python)=11908.58984375MB; mem (CPU total)=25203.171875MB
INFO:root:[  214] Training loss: 0.29750296, Validation loss: 0.30374591, Gradient norm: 0.53257702
INFO:root:At the start of the epoch: mem (CPU python)=11930.03125MB; mem (CPU total)=25241.078125MB
INFO:root:[  215] Training loss: 0.29713022, Validation loss: 0.30375251, Gradient norm: 0.47458609
INFO:root:At the start of the epoch: mem (CPU python)=11952.4453125MB; mem (CPU total)=25274.80859375MB
INFO:root:[  216] Training loss: 0.29700475, Validation loss: 0.30275194, Gradient norm: 0.49956975
INFO:root:At the start of the epoch: mem (CPU python)=11975.171875MB; mem (CPU total)=25309.171875MB
INFO:root:[  217] Training loss: 0.29698159, Validation loss: 0.30224164, Gradient norm: 0.52961944
INFO:root:At the start of the epoch: mem (CPU python)=11997.0078125MB; mem (CPU total)=25345.109375MB
INFO:root:Learning rate reduced to: 0.0025
INFO:root:[  218] Training loss: 0.29633934, Validation loss: 0.30286591, Gradient norm: 0.49056695
INFO:root:At the start of the epoch: mem (CPU python)=12018.34375MB; mem (CPU total)=25378.578125MB
INFO:root:Learning rate reduced to: 0.00125
INFO:root:[  219] Training loss: 0.28994431, Validation loss: 0.29617807, Gradient norm: 0.23880004
INFO:root:At the start of the epoch: mem (CPU python)=12039.51953125MB; mem (CPU total)=25415.27734375MB
INFO:root:[  220] Training loss: 0.28652836, Validation loss: 0.29418343, Gradient norm: 0.18046433
INFO:root:At the start of the epoch: mem (CPU python)=12060.6953125MB; mem (CPU total)=25448.05859375MB
INFO:root:[  221] Training loss: 0.28673723, Validation loss: 0.29523434, Gradient norm: 0.18824094
INFO:root:At the start of the epoch: mem (CPU python)=12082.484375MB; mem (CPU total)=27829.2109375MB
INFO:root:[  222] Training loss: 0.28572196, Validation loss: 0.29438611, Gradient norm: 0.21341953
INFO:root:At the start of the epoch: mem (CPU python)=12104.15234375MB; mem (CPU total)=27889.5390625MB
INFO:root:[  223] Training loss: 0.28603004, Validation loss: 0.29515545, Gradient norm: 0.21526840
INFO:root:At the start of the epoch: mem (CPU python)=12125.32421875MB; mem (CPU total)=27952.4609375MB
INFO:root:[  224] Training loss: 0.28630560, Validation loss: 0.29398095, Gradient norm: 0.21386249
INFO:root:At the start of the epoch: mem (CPU python)=12146.5MB; mem (CPU total)=28009.33984375MB
INFO:root:[  225] Training loss: 0.28603604, Validation loss: 0.29431240, Gradient norm: 0.20928533
INFO:root:At the start of the epoch: mem (CPU python)=12167.6640625MB; mem (CPU total)=28068.7890625MB
INFO:root:[  226] Training loss: 0.28552478, Validation loss: 0.29386352, Gradient norm: 0.22652801
INFO:root:At the start of the epoch: mem (CPU python)=12188.83984375MB; mem (CPU total)=28127.03125MB
INFO:root:[  227] Training loss: 0.28596208, Validation loss: 0.29470124, Gradient norm: 0.23567081
INFO:root:At the start of the epoch: mem (CPU python)=12210.015625MB; mem (CPU total)=28187.34765625MB
INFO:root:[  228] Training loss: 0.28525844, Validation loss: 0.29432323, Gradient norm: 0.23297569
INFO:root:At the start of the epoch: mem (CPU python)=12231.1796875MB; mem (CPU total)=28246.46484375MB
INFO:root:[  229] Training loss: 0.28544775, Validation loss: 0.29426527, Gradient norm: 0.25499978
INFO:root:At the start of the epoch: mem (CPU python)=12252.3515625MB; mem (CPU total)=28303.89453125MB
INFO:root:[  230] Training loss: 0.28582922, Validation loss: 0.29388491, Gradient norm: 0.24460131
INFO:root:At the start of the epoch: mem (CPU python)=12273.52734375MB; mem (CPU total)=28364.6796875MB
INFO:root:[  231] Training loss: 0.28505241, Validation loss: 0.29393443, Gradient norm: 0.24807462
INFO:root:At the start of the epoch: mem (CPU python)=12294.69921875MB; mem (CPU total)=28420.02734375MB
INFO:root:[  232] Training loss: 0.28530501, Validation loss: 0.29395218, Gradient norm: 0.27200696
INFO:root:At the start of the epoch: mem (CPU python)=12315.875MB; mem (CPU total)=28476.37890625MB
INFO:root:Learning rate reduced to: 0.000625
INFO:root:[  233] Training loss: 0.28504352, Validation loss: 0.29412644, Gradient norm: 0.27886873
INFO:root:At the start of the epoch: mem (CPU python)=12337.20703125MB; mem (CPU total)=28535.41015625MB
INFO:root:Learning rate reduced to: 0.0003125
INFO:root:[  234] Training loss: 0.28349708, Validation loss: 0.29332129, Gradient norm: 0.19488099
INFO:root:At the start of the epoch: mem (CPU python)=12358.8828125MB; mem (CPU total)=28594.71875MB
INFO:root:[  235] Training loss: 0.28234863, Validation loss: 0.29200930, Gradient norm: 0.14433122
INFO:root:At the start of the epoch: mem (CPU python)=12381.1953125MB; mem (CPU total)=28656.46484375MB
INFO:root:[  236] Training loss: 0.28219837, Validation loss: 0.29217300, Gradient norm: 0.14592925
INFO:root:At the start of the epoch: mem (CPU python)=12402.80859375MB; mem (CPU total)=28713.58984375MB
INFO:root:[  237] Training loss: 0.28243955, Validation loss: 0.29226123, Gradient norm: 0.16383576
INFO:root:At the start of the epoch: mem (CPU python)=12423.984375MB; mem (CPU total)=28771.17578125MB
INFO:root:[  238] Training loss: 0.28247683, Validation loss: 0.29211697, Gradient norm: 0.16461686
INFO:root:At the start of the epoch: mem (CPU python)=12445.1484375MB; mem (CPU total)=28831.9609375MB
INFO:root:[  239] Training loss: 0.28238701, Validation loss: 0.29246375, Gradient norm: 0.16662072
INFO:root:At the start of the epoch: mem (CPU python)=12466.32421875MB; mem (CPU total)=28890.02734375MB
INFO:root:[  240] Training loss: 0.28273674, Validation loss: 0.29291311, Gradient norm: 0.16841335
INFO:root:At the start of the epoch: mem (CPU python)=12487.4921875MB; mem (CPU total)=28949.6015625MB
INFO:root:[  241] Training loss: 0.28213910, Validation loss: 0.29236240, Gradient norm: 0.16581701
INFO:root:At the start of the epoch: mem (CPU python)=12508.66015625MB; mem (CPU total)=29006.6953125MB
INFO:root:Learning rate reduced to: 0.00015625
INFO:root:[  242] Training loss: 0.28234928, Validation loss: 0.29222568, Gradient norm: 0.15507331
INFO:root:At the start of the epoch: mem (CPU python)=12529.8359375MB; mem (CPU total)=29065.265625MB
INFO:root:Learning rate reduced to: 7.8125e-05
INFO:root:[  243] Training loss: 0.28219350, Validation loss: 0.29200055, Gradient norm: 0.13275125
INFO:root:At the start of the epoch: mem (CPU python)=12551.01171875MB; mem (CPU total)=29127.50390625MB
INFO:root:[  244] Training loss: 0.28145607, Validation loss: 0.29210764, Gradient norm: 0.11904118
INFO:root:At the start of the epoch: mem (CPU python)=12572.17578125MB; mem (CPU total)=29184.08203125MB
INFO:root:[  245] Training loss: 0.28116800, Validation loss: 0.29189767, Gradient norm: 0.11737936
INFO:root:At the start of the epoch: mem (CPU python)=12595.1015625MB; mem (CPU total)=29242.17578125MB
INFO:root:[  246] Training loss: 0.28142856, Validation loss: 0.29189109, Gradient norm: 0.12342533
INFO:root:At the start of the epoch: mem (CPU python)=12616.27734375MB; mem (CPU total)=29301.8515625MB
INFO:root:[  247] Training loss: 0.28177071, Validation loss: 0.29205428, Gradient norm: 0.12125249
INFO:root:At the start of the epoch: mem (CPU python)=12637.9453125MB; mem (CPU total)=29360.6796875MB
INFO:root:[  248] Training loss: 0.28161852, Validation loss: 0.29196908, Gradient norm: 0.12641239
INFO:root:At the start of the epoch: mem (CPU python)=12659.12109375MB; mem (CPU total)=29420.22265625MB
INFO:root:[  249] Training loss: 0.28138845, Validation loss: 0.29168150, Gradient norm: 0.11649106
INFO:root:At the start of the epoch: mem (CPU python)=12680.296875MB; mem (CPU total)=29478.28125MB
INFO:root:[  250] Training loss: 0.28171825, Validation loss: 0.29193301, Gradient norm: 0.12898442
INFO:root:At the start of the epoch: mem (CPU python)=12701.45703125MB; mem (CPU total)=29536.08203125MB
INFO:root:[  251] Training loss: 0.28153415, Validation loss: 0.29188819, Gradient norm: 0.13197571
INFO:root:At the start of the epoch: mem (CPU python)=12722.6328125MB; mem (CPU total)=29596.48828125MB
INFO:root:[  252] Training loss: 0.28161824, Validation loss: 0.29214735, Gradient norm: 0.13207203
INFO:root:At the start of the epoch: mem (CPU python)=12743.92578125MB; mem (CPU total)=29655.828125MB
INFO:root:[  253] Training loss: 0.28127825, Validation loss: 0.29194918, Gradient norm: 0.11871979
INFO:root:At the start of the epoch: mem (CPU python)=12765.3515625MB; mem (CPU total)=29714.12109375MB
INFO:root:[  254] Training loss: 0.28143523, Validation loss: 0.29200106, Gradient norm: 0.12506003
INFO:root:At the start of the epoch: mem (CPU python)=12786.52734375MB; mem (CPU total)=29773.67578125MB
INFO:root:[  255] Training loss: 0.28184682, Validation loss: 0.29188957, Gradient norm: 0.12722258
INFO:root:At the start of the epoch: mem (CPU python)=12807.8828125MB; mem (CPU total)=29838.28125MB
INFO:root:[  256] Training loss: 0.28167063, Validation loss: 0.29223067, Gradient norm: 0.13554050
INFO:root:At the start of the epoch: mem (CPU python)=12829.6171875MB; mem (CPU total)=29899.8203125MB
INFO:root:[  257] Training loss: 0.28131330, Validation loss: 0.29173084, Gradient norm: 0.12720272
INFO:root:At the start of the epoch: mem (CPU python)=12850.79296875MB; mem (CPU total)=29957.171875MB
INFO:root:[  258] Training loss: 0.28172660, Validation loss: 0.29203486, Gradient norm: 0.13260379
INFO:root:At the start of the epoch: mem (CPU python)=12871.95703125MB; mem (CPU total)=30014.98828125MB
INFO:root:EP 258: Early stopping
INFO:root:Training for autoregressive step 2 starts now.
INFO:root:Learning rate reduced to: [3.90625e-05]
INFO:root:At the start of the epoch: mem (CPU python)=12893.12890625MB; mem (CPU total)=30074.234375MB
INFO:root:[  260] Training loss: 0.35631844, Validation loss: 0.36007640, Gradient norm: 0.25619120
INFO:root:At the start of the epoch: mem (CPU python)=12900.42578125MB; mem (CPU total)=30139.2265625MB
INFO:root:[  261] Training loss: 0.35404119, Validation loss: 0.35897423, Gradient norm: 0.20864899
INFO:root:At the start of the epoch: mem (CPU python)=12921.58984375MB; mem (CPU total)=30218.40625MB
INFO:root:[  262] Training loss: 0.35407940, Validation loss: 0.35883453, Gradient norm: 0.20728953
INFO:root:At the start of the epoch: mem (CPU python)=12942.7578125MB; mem (CPU total)=30297.89453125MB
INFO:root:[  263] Training loss: 0.35304159, Validation loss: 0.35826962, Gradient norm: 0.19929057
INFO:root:At the start of the epoch: mem (CPU python)=12963.921875MB; mem (CPU total)=30377.15625MB
INFO:root:[  264] Training loss: 0.35280122, Validation loss: 0.35814644, Gradient norm: 0.19729321
INFO:root:At the start of the epoch: mem (CPU python)=12985.0859375MB; mem (CPU total)=30457.2734375MB
INFO:root:[  265] Training loss: 0.35291249, Validation loss: 0.35807117, Gradient norm: 0.19947219
INFO:root:At the start of the epoch: mem (CPU python)=13006.25MB; mem (CPU total)=30538.09375MB
INFO:root:[  266] Training loss: 0.35219357, Validation loss: 0.35751052, Gradient norm: 0.19440497
INFO:root:At the start of the epoch: mem (CPU python)=13027.4140625MB; mem (CPU total)=30618.09375MB
INFO:root:[  267] Training loss: 0.35235640, Validation loss: 0.35794075, Gradient norm: 0.19383778
INFO:root:At the start of the epoch: mem (CPU python)=13048.578125MB; mem (CPU total)=30697.359375MB
INFO:root:[  268] Training loss: 0.35200675, Validation loss: 0.35728855, Gradient norm: 0.19136984
INFO:root:At the start of the epoch: mem (CPU python)=13069.74609375MB; mem (CPU total)=30776.8984375MB
INFO:root:[  269] Training loss: 0.35187899, Validation loss: 0.35743704, Gradient norm: 0.18553157
INFO:root:At the start of the epoch: mem (CPU python)=13090.90234375MB; mem (CPU total)=30856.2734375MB
INFO:root:[  270] Training loss: 0.35180490, Validation loss: 0.35721050, Gradient norm: 0.19071476
INFO:root:At the start of the epoch: mem (CPU python)=13112.0703125MB; mem (CPU total)=30936.48046875MB
INFO:root:[  271] Training loss: 0.35127609, Validation loss: 0.35687988, Gradient norm: 0.18564999
INFO:root:At the start of the epoch: mem (CPU python)=13133.234375MB; mem (CPU total)=31015.4453125MB
INFO:root:[  272] Training loss: 0.35171949, Validation loss: 0.35687905, Gradient norm: 0.19685752
INFO:root:At the start of the epoch: mem (CPU python)=13154.3984375MB; mem (CPU total)=31096.2109375MB
INFO:root:[  273] Training loss: 0.35127553, Validation loss: 0.35673169, Gradient norm: 0.18908151
INFO:root:At the start of the epoch: mem (CPU python)=13175.5625MB; mem (CPU total)=31173.94140625MB
INFO:root:[  274] Training loss: 0.35144512, Validation loss: 0.35674196, Gradient norm: 0.19871232
INFO:root:At the start of the epoch: mem (CPU python)=13196.72265625MB; mem (CPU total)=31254.19140625MB
INFO:root:[  275] Training loss: 0.35119583, Validation loss: 0.35700530, Gradient norm: 0.20091756
INFO:root:At the start of the epoch: mem (CPU python)=13217.890625MB; mem (CPU total)=31333.68359375MB
INFO:root:[  276] Training loss: 0.35111233, Validation loss: 0.35638160, Gradient norm: 0.20236976
INFO:root:At the start of the epoch: mem (CPU python)=13239.0546875MB; mem (CPU total)=31424.265625MB
INFO:root:[  277] Training loss: 0.35076383, Validation loss: 0.35663546, Gradient norm: 0.19330735
INFO:root:At the start of the epoch: mem (CPU python)=13260.21875MB; mem (CPU total)=31503.46484375MB
INFO:root:[  278] Training loss: 0.35095096, Validation loss: 0.35646136, Gradient norm: 0.18177946
INFO:root:At the start of the epoch: mem (CPU python)=13281.40234375MB; mem (CPU total)=31615.92578125MB
INFO:root:[  279] Training loss: 0.35056680, Validation loss: 0.35615891, Gradient norm: 0.18731059
INFO:root:At the start of the epoch: mem (CPU python)=13302.5703125MB; mem (CPU total)=31713.43359375MB
INFO:root:[  280] Training loss: 0.35090002, Validation loss: 0.35614803, Gradient norm: 0.18765165
INFO:root:At the start of the epoch: mem (CPU python)=13323.734375MB; mem (CPU total)=31773.640625MB
INFO:root:[  281] Training loss: 0.35050806, Validation loss: 0.35630855, Gradient norm: 0.19343347
INFO:root:At the start of the epoch: mem (CPU python)=13344.8984375MB; mem (CPU total)=31833.9296875MB
INFO:root:[  282] Training loss: 0.35115035, Validation loss: 0.35643556, Gradient norm: 0.19244307
INFO:root:At the start of the epoch: mem (CPU python)=13366.0625MB; mem (CPU total)=31894.234375MB
INFO:root:[  283] Training loss: 0.35055069, Validation loss: 0.35627641, Gradient norm: 0.19336843
INFO:root:At the start of the epoch: mem (CPU python)=13387.2265625MB; mem (CPU total)=31953.04296875MB
INFO:root:[  284] Training loss: 0.35093621, Validation loss: 0.35640849, Gradient norm: 0.21123510
INFO:root:At the start of the epoch: mem (CPU python)=13408.390625MB; mem (CPU total)=32016.32421875MB
INFO:root:[  285] Training loss: 0.35055935, Validation loss: 0.35591180, Gradient norm: 0.18905233
INFO:root:At the start of the epoch: mem (CPU python)=13429.55859375MB; mem (CPU total)=32078.2578125MB
INFO:root:[  286] Training loss: 0.35002595, Validation loss: 0.35562086, Gradient norm: 0.19425653
INFO:root:At the start of the epoch: mem (CPU python)=13450.72265625MB; mem (CPU total)=32139.6171875MB
INFO:root:[  287] Training loss: 0.35076190, Validation loss: 0.35636010, Gradient norm: 0.19402678
INFO:root:At the start of the epoch: mem (CPU python)=13471.8828125MB; mem (CPU total)=32199.02734375MB
INFO:root:[  288] Training loss: 0.35047914, Validation loss: 0.35589589, Gradient norm: 0.18749412
INFO:root:At the start of the epoch: mem (CPU python)=13493.046875MB; mem (CPU total)=32259.890625MB
INFO:root:[  289] Training loss: 0.35029333, Validation loss: 0.35558250, Gradient norm: 0.19007960
INFO:root:At the start of the epoch: mem (CPU python)=13514.2109375MB; mem (CPU total)=32320.4609375MB
INFO:root:[  290] Training loss: 0.34997371, Validation loss: 0.35563731, Gradient norm: 0.18750890
INFO:root:At the start of the epoch: mem (CPU python)=13535.375MB; mem (CPU total)=32380.01953125MB
INFO:root:[  291] Training loss: 0.34982503, Validation loss: 0.35560620, Gradient norm: 0.18699723
INFO:root:At the start of the epoch: mem (CPU python)=13556.53515625MB; mem (CPU total)=32435.6796875MB
INFO:root:[  292] Training loss: 0.35003353, Validation loss: 0.35543989, Gradient norm: 0.19090355
INFO:root:At the start of the epoch: mem (CPU python)=13577.703125MB; mem (CPU total)=32494.2578125MB
INFO:root:[  293] Training loss: 0.34982122, Validation loss: 0.35552871, Gradient norm: 0.19556882
INFO:root:At the start of the epoch: mem (CPU python)=13598.8671875MB; mem (CPU total)=32555.046875MB
INFO:root:[  294] Training loss: 0.35004418, Validation loss: 0.35560555, Gradient norm: 0.19253430
INFO:root:At the start of the epoch: mem (CPU python)=13620.03125MB; mem (CPU total)=32615.76953125MB
INFO:root:[  295] Training loss: 0.35010085, Validation loss: 0.35562056, Gradient norm: 0.18358632
INFO:root:At the start of the epoch: mem (CPU python)=13641.1953125MB; mem (CPU total)=32675.59375MB
INFO:root:[  296] Training loss: 0.35018521, Validation loss: 0.35546550, Gradient norm: 0.19617148
INFO:root:At the start of the epoch: mem (CPU python)=13662.359375MB; mem (CPU total)=32745.80859375MB
INFO:root:[  297] Training loss: 0.34950168, Validation loss: 0.35504496, Gradient norm: 0.18766162
INFO:root:At the start of the epoch: mem (CPU python)=13683.52734375MB; mem (CPU total)=32804.8828125MB
INFO:root:[  298] Training loss: 0.34971512, Validation loss: 0.35514459, Gradient norm: 0.18108737
INFO:root:At the start of the epoch: mem (CPU python)=13704.69140625MB; mem (CPU total)=32864.66796875MB
INFO:root:[  299] Training loss: 0.34992911, Validation loss: 0.35558271, Gradient norm: 0.18983944
INFO:root:At the start of the epoch: mem (CPU python)=13725.85546875MB; mem (CPU total)=32926.15625MB
INFO:root:[  300] Training loss: 0.35008737, Validation loss: 0.35564940, Gradient norm: 0.19268832
INFO:root:At the start of the epoch: mem (CPU python)=13747.01953125MB; mem (CPU total)=32985.13671875MB
INFO:root:[  301] Training loss: 0.34948016, Validation loss: 0.35519164, Gradient norm: 0.17923789
INFO:root:At the start of the epoch: mem (CPU python)=13768.18359375MB; mem (CPU total)=33045.7890625MB
INFO:root:[  302] Training loss: 0.34934594, Validation loss: 0.35503954, Gradient norm: 0.19099953
INFO:root:At the start of the epoch: mem (CPU python)=13789.3515625MB; mem (CPU total)=33103.76171875MB
INFO:root:[  303] Training loss: 0.34968592, Validation loss: 0.35532232, Gradient norm: 0.18535759
INFO:root:At the start of the epoch: mem (CPU python)=13810.515625MB; mem (CPU total)=33167.2890625MB
INFO:root:[  304] Training loss: 0.34944615, Validation loss: 0.35520382, Gradient norm: 0.18008023
INFO:root:At the start of the epoch: mem (CPU python)=13831.6796875MB; mem (CPU total)=33228.625MB
INFO:root:[  305] Training loss: 0.34982532, Validation loss: 0.35495326, Gradient norm: 0.18729628
INFO:root:At the start of the epoch: mem (CPU python)=13852.84375MB; mem (CPU total)=33289.86328125MB
INFO:root:[  306] Training loss: 0.34928897, Validation loss: 0.35477777, Gradient norm: 0.18413401
INFO:root:At the start of the epoch: mem (CPU python)=13874.00390625MB; mem (CPU total)=33292.33984375MB
INFO:root:[  307] Training loss: 0.34953015, Validation loss: 0.35530955, Gradient norm: 0.18947813
INFO:root:At the start of the epoch: mem (CPU python)=13895.16796875MB; mem (CPU total)=33371.8671875MB
INFO:root:[  308] Training loss: 0.34948567, Validation loss: 0.35504601, Gradient norm: 0.18614771
INFO:root:At the start of the epoch: mem (CPU python)=13916.33203125MB; mem (CPU total)=33466.1171875MB
INFO:root:[  309] Training loss: 0.34934011, Validation loss: 0.35518989, Gradient norm: 0.18054076
INFO:root:At the start of the epoch: mem (CPU python)=13937.49609375MB; mem (CPU total)=33555.17578125MB
INFO:root:[  310] Training loss: 0.34909690, Validation loss: 0.35491695, Gradient norm: 0.18968863
INFO:root:At the start of the epoch: mem (CPU python)=13958.66015625MB; mem (CPU total)=33654.796875MB
INFO:root:[  311] Training loss: 0.34923007, Validation loss: 0.35516319, Gradient norm: 0.19008682
INFO:root:At the start of the epoch: mem (CPU python)=13979.82421875MB; mem (CPU total)=33744.0234375MB
INFO:root:[  312] Training loss: 0.34945841, Validation loss: 0.35513588, Gradient norm: 0.19486530
INFO:root:At the start of the epoch: mem (CPU python)=14000.98828125MB; mem (CPU total)=33820.75MB
INFO:root:[  313] Training loss: 0.34947381, Validation loss: 0.35487243, Gradient norm: 0.18625819
INFO:root:At the start of the epoch: mem (CPU python)=14022.15625MB; mem (CPU total)=33915.203125MB
INFO:root:[  314] Training loss: 0.34959301, Validation loss: 0.35489219, Gradient norm: 0.19688502
INFO:root:At the start of the epoch: mem (CPU python)=14043.3203125MB; mem (CPU total)=34021.86328125MB
INFO:root:[  315] Training loss: 0.34922700, Validation loss: 0.35470155, Gradient norm: 0.19073742
INFO:root:At the start of the epoch: mem (CPU python)=14064.484375MB; mem (CPU total)=34098.328125MB
INFO:root:[  316] Training loss: 0.34914864, Validation loss: 0.35474984, Gradient norm: 0.18269116
INFO:root:At the start of the epoch: mem (CPU python)=14085.64453125MB; mem (CPU total)=34184.4765625MB
INFO:root:[  317] Training loss: 0.34952885, Validation loss: 0.35461212, Gradient norm: 0.19172860
INFO:root:At the start of the epoch: mem (CPU python)=14106.80859375MB; mem (CPU total)=34275.51953125MB
INFO:root:[  318] Training loss: 0.34909576, Validation loss: 0.35458649, Gradient norm: 0.17824322
INFO:root:At the start of the epoch: mem (CPU python)=14127.97265625MB; mem (CPU total)=34361.70703125MB
INFO:root:[  319] Training loss: 0.34890646, Validation loss: 0.35464402, Gradient norm: 0.18185687
INFO:root:At the start of the epoch: mem (CPU python)=14149.13671875MB; mem (CPU total)=34451.5546875MB
INFO:root:[  320] Training loss: 0.34916159, Validation loss: 0.35485763, Gradient norm: 0.19433295
INFO:root:At the start of the epoch: mem (CPU python)=14170.3046875MB; mem (CPU total)=34540.2578125MB
INFO:root:[  321] Training loss: 0.34882659, Validation loss: 0.35472402, Gradient norm: 0.18144865
INFO:root:At the start of the epoch: mem (CPU python)=14191.46875MB; mem (CPU total)=34629.359375MB
INFO:root:[  322] Training loss: 0.34898863, Validation loss: 0.35474762, Gradient norm: 0.19784190
INFO:root:At the start of the epoch: mem (CPU python)=14212.6328125MB; mem (CPU total)=34721.20703125MB
INFO:root:[  323] Training loss: 0.34890466, Validation loss: 0.35478491, Gradient norm: 0.18787290
INFO:root:At the start of the epoch: mem (CPU python)=14233.796875MB; mem (CPU total)=34805.32421875MB
INFO:root:[  324] Training loss: 0.34857815, Validation loss: 0.35434561, Gradient norm: 0.18489223
INFO:root:At the start of the epoch: mem (CPU python)=14254.96875MB; mem (CPU total)=34895.359375MB
INFO:root:[  325] Training loss: 0.34859691, Validation loss: 0.35446646, Gradient norm: 0.18828950
INFO:root:At the start of the epoch: mem (CPU python)=14276.125MB; mem (CPU total)=34981.51171875MB
INFO:root:[  326] Training loss: 0.34855402, Validation loss: 0.35438245, Gradient norm: 0.18479821
INFO:root:At the start of the epoch: mem (CPU python)=14297.2890625MB; mem (CPU total)=35110.0546875MB
INFO:root:[  327] Training loss: 0.34884913, Validation loss: 0.35439628, Gradient norm: 0.18739554
INFO:root:At the start of the epoch: mem (CPU python)=14318.453125MB; mem (CPU total)=35160.03515625MB
INFO:root:[  328] Training loss: 0.34865276, Validation loss: 0.35441915, Gradient norm: 0.18260968
INFO:root:At the start of the epoch: mem (CPU python)=14339.6171875MB; mem (CPU total)=35215.671875MB
INFO:root:[  329] Training loss: 0.34872773, Validation loss: 0.35433448, Gradient norm: 0.18725947
INFO:root:At the start of the epoch: mem (CPU python)=14360.78515625MB; mem (CPU total)=35267.8671875MB
INFO:root:[  330] Training loss: 0.34873161, Validation loss: 0.35498132, Gradient norm: 0.18151401
INFO:root:At the start of the epoch: mem (CPU python)=14381.9453125MB; mem (CPU total)=35320.984375MB
INFO:root:[  331] Training loss: 0.34854151, Validation loss: 0.35445197, Gradient norm: 0.19152949
INFO:root:At the start of the epoch: mem (CPU python)=14403.11328125MB; mem (CPU total)=35376.0703125MB
INFO:root:[  332] Training loss: 0.34884062, Validation loss: 0.35455277, Gradient norm: 0.19029163
INFO:root:At the start of the epoch: mem (CPU python)=14424.27734375MB; mem (CPU total)=35426.26953125MB
INFO:root:[  333] Training loss: 0.34868148, Validation loss: 0.35434461, Gradient norm: 0.19029615
INFO:root:At the start of the epoch: mem (CPU python)=14445.44140625MB; mem (CPU total)=35483.74609375MB
INFO:root:[  334] Training loss: 0.34881123, Validation loss: 0.35442078, Gradient norm: 0.18519178
INFO:root:At the start of the epoch: mem (CPU python)=14466.6015625MB; mem (CPU total)=35532.390625MB
INFO:root:[  335] Training loss: 0.34848635, Validation loss: 0.35429727, Gradient norm: 0.19229361
INFO:root:At the start of the epoch: mem (CPU python)=14487.76953125MB; mem (CPU total)=35588.69140625MB
INFO:root:[  336] Training loss: 0.34892661, Validation loss: 0.35418633, Gradient norm: 0.19329091
INFO:root:At the start of the epoch: mem (CPU python)=14508.93359375MB; mem (CPU total)=35637.6171875MB
INFO:root:[  337] Training loss: 0.34845885, Validation loss: 0.35418325, Gradient norm: 0.18019350
INFO:root:At the start of the epoch: mem (CPU python)=14530.09765625MB; mem (CPU total)=35693.25MB
INFO:root:[  338] Training loss: 0.34871989, Validation loss: 0.35419932, Gradient norm: 0.18681102
INFO:root:At the start of the epoch: mem (CPU python)=14551.26171875MB; mem (CPU total)=35743.48046875MB
INFO:root:[  339] Training loss: 0.34854086, Validation loss: 0.35423093, Gradient norm: 0.19722989
INFO:root:At the start of the epoch: mem (CPU python)=14572.42578125MB; mem (CPU total)=35797.359375MB
INFO:root:[  340] Training loss: 0.34830629, Validation loss: 0.35390787, Gradient norm: 0.18525869
INFO:root:At the start of the epoch: mem (CPU python)=14593.58984375MB; mem (CPU total)=35851.78515625MB
INFO:root:[  341] Training loss: 0.34853458, Validation loss: 0.35419832, Gradient norm: 0.19120934
INFO:root:At the start of the epoch: mem (CPU python)=14614.75390625MB; mem (CPU total)=35903.703125MB
INFO:root:[  342] Training loss: 0.34833966, Validation loss: 0.35408857, Gradient norm: 0.18115198
INFO:root:At the start of the epoch: mem (CPU python)=14635.91796875MB; mem (CPU total)=35961.140625MB
INFO:root:[  343] Training loss: 0.34821494, Validation loss: 0.35412594, Gradient norm: 0.18534847
INFO:root:At the start of the epoch: mem (CPU python)=14657.08203125MB; mem (CPU total)=36009.61328125MB
INFO:root:[  344] Training loss: 0.34823324, Validation loss: 0.35403050, Gradient norm: 0.18042626
INFO:root:At the start of the epoch: mem (CPU python)=14678.2421875MB; mem (CPU total)=36066.42578125MB
INFO:root:[  345] Training loss: 0.34819990, Validation loss: 0.35404568, Gradient norm: 0.20084108
INFO:root:At the start of the epoch: mem (CPU python)=14699.40625MB; mem (CPU total)=36114.33203125MB
INFO:root:[  346] Training loss: 0.34870723, Validation loss: 0.35432372, Gradient norm: 0.19563730
INFO:root:At the start of the epoch: mem (CPU python)=14720.5703125MB; mem (CPU total)=36169.94921875MB
INFO:root:[  347] Training loss: 0.34834162, Validation loss: 0.35412479, Gradient norm: 0.19109836
INFO:root:At the start of the epoch: mem (CPU python)=14741.73828125MB; mem (CPU total)=36220.18359375MB
INFO:root:[  348] Training loss: 0.34775436, Validation loss: 0.35408582, Gradient norm: 0.17912364
INFO:root:At the start of the epoch: mem (CPU python)=14762.90234375MB; mem (CPU total)=36364.81640625MB
INFO:root:[  349] Training loss: 0.34820484, Validation loss: 0.35414045, Gradient norm: 0.19661002
INFO:root:At the start of the epoch: mem (CPU python)=14784.06640625MB; mem (CPU total)=36423.89453125MB
INFO:root:[  350] Training loss: 0.34838765, Validation loss: 0.35378148, Gradient norm: 0.19208805
INFO:root:At the start of the epoch: mem (CPU python)=14805.23046875MB; mem (CPU total)=36476.55078125MB
INFO:root:[  351] Training loss: 0.34846478, Validation loss: 0.35412886, Gradient norm: 0.18114334
INFO:root:At the start of the epoch: mem (CPU python)=14826.39453125MB; mem (CPU total)=36533.16796875MB
INFO:root:[  352] Training loss: 0.34785812, Validation loss: 0.35376160, Gradient norm: 0.19197099
INFO:root:At the start of the epoch: mem (CPU python)=14847.5625MB; mem (CPU total)=36593.546875MB
INFO:root:[  353] Training loss: 0.34821555, Validation loss: 0.35379871, Gradient norm: 0.18220188
INFO:root:At the start of the epoch: mem (CPU python)=14868.71875MB; mem (CPU total)=36650.625MB
INFO:root:[  354] Training loss: 0.34817775, Validation loss: 0.35384307, Gradient norm: 0.18397093
INFO:root:At the start of the epoch: mem (CPU python)=14889.88671875MB; mem (CPU total)=36727.60546875MB
INFO:root:[  355] Training loss: 0.34817360, Validation loss: 0.35387018, Gradient norm: 0.19229984
INFO:root:At the start of the epoch: mem (CPU python)=14911.05078125MB; mem (CPU total)=36817.40234375MB
INFO:root:[  356] Training loss: 0.34775943, Validation loss: 0.35404604, Gradient norm: 0.18220333
INFO:root:At the start of the epoch: mem (CPU python)=14932.21484375MB; mem (CPU total)=36905.9921875MB
INFO:root:[  357] Training loss: 0.34824006, Validation loss: 0.35399100, Gradient norm: 0.19386472
INFO:root:At the start of the epoch: mem (CPU python)=14953.3828125MB; mem (CPU total)=36995.5390625MB
INFO:root:[  358] Training loss: 0.34816311, Validation loss: 0.35383922, Gradient norm: 0.18854153
INFO:root:At the start of the epoch: mem (CPU python)=14974.546875MB; mem (CPU total)=37087.5234375MB
INFO:root:[  359] Training loss: 0.34785834, Validation loss: 0.35368955, Gradient norm: 0.18227153
INFO:root:At the start of the epoch: mem (CPU python)=14995.71484375MB; mem (CPU total)=37172.09375MB
INFO:root:[  360] Training loss: 0.34803095, Validation loss: 0.35344595, Gradient norm: 0.18638424
INFO:root:At the start of the epoch: mem (CPU python)=15016.875MB; mem (CPU total)=37264.1875MB
INFO:root:[  361] Training loss: 0.34783034, Validation loss: 0.35378586, Gradient norm: 0.18096840
INFO:root:At the start of the epoch: mem (CPU python)=15038.0390625MB; mem (CPU total)=37348.08984375MB
INFO:root:[  362] Training loss: 0.34798273, Validation loss: 0.35395698, Gradient norm: 0.19868904
INFO:root:At the start of the epoch: mem (CPU python)=15059.203125MB; mem (CPU total)=37437.21484375MB
INFO:root:[  363] Training loss: 0.34815479, Validation loss: 0.35395845, Gradient norm: 0.18579434
INFO:root:At the start of the epoch: mem (CPU python)=15080.36328125MB; mem (CPU total)=37524.34765625MB
INFO:root:[  364] Training loss: 0.34789129, Validation loss: 0.35380753, Gradient norm: 0.18635008
INFO:root:At the start of the epoch: mem (CPU python)=15101.52734375MB; mem (CPU total)=37610.96484375MB
INFO:root:[  365] Training loss: 0.34790244, Validation loss: 0.35352427, Gradient norm: 0.18022021
INFO:root:At the start of the epoch: mem (CPU python)=15122.6953125MB; mem (CPU total)=37704.734375MB
INFO:root:[  366] Training loss: 0.34808452, Validation loss: 0.35357958, Gradient norm: 0.18857107
INFO:root:At the start of the epoch: mem (CPU python)=15143.859375MB; mem (CPU total)=37785.71875MB
INFO:root:[  367] Training loss: 0.34788621, Validation loss: 0.35387725, Gradient norm: 0.18706251
INFO:root:At the start of the epoch: mem (CPU python)=15165.0234375MB; mem (CPU total)=37879.74609375MB
INFO:root:[  368] Training loss: 0.34821162, Validation loss: 0.35422191, Gradient norm: 0.18594801
INFO:root:At the start of the epoch: mem (CPU python)=15186.1875MB; mem (CPU total)=37965.5703125MB
INFO:root:[  369] Training loss: 0.34774356, Validation loss: 0.35365441, Gradient norm: 0.18621507
INFO:root:At the start of the epoch: mem (CPU python)=15207.3515625MB; mem (CPU total)=38057.87109375MB
INFO:root:EP 369: Early stopping
INFO:root:After finishing all epochs: mem (CPU python)=15228.51953125MB; mem (CPU total)=38131.078125MB
INFO:root:Training the model took 15925.893s.
INFO:root:Emptying the cuda cache took 0.055s.
INFO:root:Starting evaluation: model SFNO & uncertainty quantification deterministic
INFO:root:Evaluating the model on Validation data.
INFO:root:MSEValidation: 0.41348
INFO:root:EnergyScoreValidation: 0.41348
INFO:root:CRPSValidation: 0.16485
INFO:root:Gaussian NLLValidation: 28554703364.59012
INFO:root:CoverageValidation: 0.0
INFO:root:IntervalWidthValidation: 0.0
INFO:root:Evaluating the model on Test data.
INFO:root:MSETest: 0.32027
INFO:root:EnergyScoreTest: 0.31541
INFO:root:CRPSTest: 0.12577
INFO:root:Gaussian NLLTest: 17148212240.384
INFO:root:CoverageTest: 0.0
INFO:root:IntervalWidthTest: 0.0
INFO:root:After validation: mem (CPU python)=15229.20703125MB; mem (CPU total)=38629.0MB
INFO:root:###3 out of 3 training parameter combinations ###
INFO:root:Training parameters: {'seed': 123456789, 'model': 'SFNO', 'uncertainty_quantification': 'deterministic', 'batch_size': 32, 'n_epochs': 1000, 'early_stopping': 10, 'init': 'default', 'learning_rate': 0.005, 'lr_schedule': 'step', 'optimizer': 'adam', 'gradient_clipping': 1, 'layer_normalization': True, 'data_loader_pin_memory': False, 'data_loader_num_workers': 0, 'distributed_training': False, 'alpha': 0.05, 'n_samples_uq': 100, 'weight_decay': 0, 'dropout': 0.001, 'fourier_dropout': None, 'hidden_channels': 32, 'projection_channels': 256, 'lifting_channels': 256, 'n_modes': (32, 32), 'n_samples': 3}
INFO:root:After creating the dataloaders: mem (CPU python)=15229.20703125MB; mem (CPU total)=38638.6015625MB
INFO:root:NumberParameters: 284835
INFO:root:GPU memory allocated: 176160768
INFO:root:After setting up the model: mem (CPU python)=15229.20703125MB; mem (CPU total)=38668.29296875MB
INFO:root:Training starts now.
INFO:root:At the start of the epoch: mem (CPU python)=15229.20703125MB; mem (CPU total)=38683.0625MB
INFO:root:[    1] Training loss: 0.82923425, Validation loss: 0.73640361, Gradient norm: 0.53885970
INFO:root:At the start of the epoch: mem (CPU python)=15243.578125MB; mem (CPU total)=38745.9609375MB
INFO:root:[    2] Training loss: 0.73262494, Validation loss: 0.73037926, Gradient norm: 0.28120228
INFO:root:At the start of the epoch: mem (CPU python)=15265.24609375MB; mem (CPU total)=38810.9765625MB
INFO:root:[    3] Training loss: 0.72268478, Validation loss: 0.70646253, Gradient norm: 0.31279197
INFO:root:At the start of the epoch: mem (CPU python)=15286.421875MB; mem (CPU total)=38877.21875MB
INFO:root:[    4] Training loss: 0.68294780, Validation loss: 0.65173396, Gradient norm: 0.42090090
INFO:root:At the start of the epoch: mem (CPU python)=15307.5859375MB; mem (CPU total)=38944.140625MB
INFO:root:[    5] Training loss: 0.63386943, Validation loss: 0.60637519, Gradient norm: 0.43908888
INFO:root:At the start of the epoch: mem (CPU python)=15328.75MB; mem (CPU total)=39010.81640625MB
INFO:root:[    6] Training loss: 0.58858706, Validation loss: 0.57123246, Gradient norm: 0.47012575
INFO:root:At the start of the epoch: mem (CPU python)=15349.9140625MB; mem (CPU total)=39081.25MB
INFO:root:[    7] Training loss: 0.55131927, Validation loss: 0.53721787, Gradient norm: 0.48792651
INFO:root:At the start of the epoch: mem (CPU python)=15371.08203125MB; mem (CPU total)=39145.5234375MB
INFO:root:[    8] Training loss: 0.52846636, Validation loss: 0.51648642, Gradient norm: 0.49766184
INFO:root:At the start of the epoch: mem (CPU python)=15392.24609375MB; mem (CPU total)=39212.71875MB
INFO:root:[    9] Training loss: 0.51066271, Validation loss: 0.49532655, Gradient norm: 0.54563126
INFO:root:At the start of the epoch: mem (CPU python)=15413.41015625MB; mem (CPU total)=39277.2109375MB
INFO:root:[   10] Training loss: 0.48988188, Validation loss: 0.47468273, Gradient norm: 0.56790672
INFO:root:At the start of the epoch: mem (CPU python)=15434.5703125MB; mem (CPU total)=39342.47265625MB
INFO:root:[   11] Training loss: 0.47277594, Validation loss: 0.46217380, Gradient norm: 0.61937242
INFO:root:At the start of the epoch: mem (CPU python)=15455.734375MB; mem (CPU total)=39407.48828125MB
INFO:root:[   12] Training loss: 0.45653334, Validation loss: 0.44566582, Gradient norm: 0.59404643
INFO:root:At the start of the epoch: mem (CPU python)=15476.89453125MB; mem (CPU total)=39476.5546875MB
INFO:root:[   13] Training loss: 0.44337221, Validation loss: 0.43281325, Gradient norm: 0.59937769
INFO:root:At the start of the epoch: mem (CPU python)=15498.0625MB; mem (CPU total)=39539.6171875MB
INFO:root:[   14] Training loss: 0.43289311, Validation loss: 0.42344922, Gradient norm: 0.58209513
INFO:root:At the start of the epoch: mem (CPU python)=15519.2265625MB; mem (CPU total)=39605.09375MB
INFO:root:[   15] Training loss: 0.42436719, Validation loss: 0.41461471, Gradient norm: 0.61393411
INFO:root:At the start of the epoch: mem (CPU python)=15540.390625MB; mem (CPU total)=39670.81640625MB
INFO:root:[   16] Training loss: 0.41694119, Validation loss: 0.40931087, Gradient norm: 0.58891491
INFO:root:At the start of the epoch: mem (CPU python)=15561.5546875MB; mem (CPU total)=39736.78515625MB
INFO:root:[   17] Training loss: 0.41107259, Validation loss: 0.40495385, Gradient norm: 0.60095566
INFO:root:At the start of the epoch: mem (CPU python)=15582.71875MB; mem (CPU total)=39801.94140625MB
INFO:root:[   18] Training loss: 0.40646994, Validation loss: 0.39948229, Gradient norm: 0.59902379
INFO:root:At the start of the epoch: mem (CPU python)=15603.88671875MB; mem (CPU total)=39869.3515625MB
INFO:root:[   19] Training loss: 0.40263845, Validation loss: 0.39676055, Gradient norm: 0.63111629
INFO:root:At the start of the epoch: mem (CPU python)=15625.05078125MB; mem (CPU total)=39932.6953125MB
INFO:root:[   20] Training loss: 0.39772060, Validation loss: 0.39110140, Gradient norm: 0.59665543
INFO:root:At the start of the epoch: mem (CPU python)=15646.21484375MB; mem (CPU total)=39998.6640625MB
INFO:root:[   21] Training loss: 0.39406101, Validation loss: 0.38908722, Gradient norm: 0.59096490
INFO:root:At the start of the epoch: mem (CPU python)=15667.375MB; mem (CPU total)=40065.84765625MB
INFO:root:[   22] Training loss: 0.39157444, Validation loss: 0.38514990, Gradient norm: 0.60534464
INFO:root:At the start of the epoch: mem (CPU python)=15688.5390625MB; mem (CPU total)=40134.953125MB
INFO:root:[   23] Training loss: 0.38737499, Validation loss: 0.38363590, Gradient norm: 0.55615513
INFO:root:At the start of the epoch: mem (CPU python)=15709.703125MB; mem (CPU total)=40201.81640625MB
INFO:root:[   24] Training loss: 0.38879380, Validation loss: 0.38269679, Gradient norm: 0.64883627
INFO:root:At the start of the epoch: mem (CPU python)=15730.87109375MB; mem (CPU total)=40270.9140625MB
INFO:root:[   25] Training loss: 0.38273450, Validation loss: 0.37967336, Gradient norm: 0.53705099
INFO:root:At the start of the epoch: mem (CPU python)=15752.03515625MB; mem (CPU total)=40331.71484375MB
INFO:root:[   26] Training loss: 0.38046575, Validation loss: 0.37674447, Gradient norm: 0.56053161
INFO:root:At the start of the epoch: mem (CPU python)=15773.19921875MB; mem (CPU total)=40397.41796875MB
INFO:root:[   27] Training loss: 0.37923780, Validation loss: 0.37430433, Gradient norm: 0.58086690
INFO:root:At the start of the epoch: mem (CPU python)=15794.359375MB; mem (CPU total)=40462.3828125MB
INFO:root:[   28] Training loss: 0.37763971, Validation loss: 0.37719724, Gradient norm: 0.59038036
INFO:root:At the start of the epoch: mem (CPU python)=15815.52734375MB; mem (CPU total)=40527.9609375MB
INFO:root:[   29] Training loss: 0.37585504, Validation loss: 0.37247611, Gradient norm: 0.56740482
INFO:root:At the start of the epoch: mem (CPU python)=15836.6953125MB; mem (CPU total)=40593.63671875MB
INFO:root:[   30] Training loss: 0.37326020, Validation loss: 0.37033007, Gradient norm: 0.55460729
INFO:root:At the start of the epoch: mem (CPU python)=15857.859375MB; mem (CPU total)=40659.80078125MB
INFO:root:[   31] Training loss: 0.37305869, Validation loss: 0.36793577, Gradient norm: 0.60157231
INFO:root:At the start of the epoch: mem (CPU python)=15879.01953125MB; mem (CPU total)=40724.02734375MB
INFO:root:[   32] Training loss: 0.37003285, Validation loss: 0.36849804, Gradient norm: 0.52558706
INFO:root:At the start of the epoch: mem (CPU python)=15900.18359375MB; mem (CPU total)=40787.765625MB
INFO:root:[   33] Training loss: 0.36905475, Validation loss: 0.36817553, Gradient norm: 0.56652664
INFO:root:At the start of the epoch: mem (CPU python)=15921.34765625MB; mem (CPU total)=40852.2265625MB
INFO:root:[   34] Training loss: 0.36800527, Validation loss: 0.36828340, Gradient norm: 0.54218470
INFO:root:At the start of the epoch: mem (CPU python)=15942.515625MB; mem (CPU total)=40916.734375MB
INFO:root:[   35] Training loss: 0.36672773, Validation loss: 0.36441736, Gradient norm: 0.58049764
INFO:root:At the start of the epoch: mem (CPU python)=15963.6796875MB; mem (CPU total)=40982.44921875MB
INFO:root:[   36] Training loss: 0.36490097, Validation loss: 0.36299717, Gradient norm: 0.56449659
INFO:root:At the start of the epoch: mem (CPU python)=15984.84375MB; mem (CPU total)=41049.62109375MB
INFO:root:[   37] Training loss: 0.36435196, Validation loss: 0.36217449, Gradient norm: 0.58937911
INFO:root:At the start of the epoch: mem (CPU python)=16006.0078125MB; mem (CPU total)=41116.43359375MB
INFO:root:[   38] Training loss: 0.36203603, Validation loss: 0.36156582, Gradient norm: 0.56644318
INFO:root:At the start of the epoch: mem (CPU python)=16027.171875MB; mem (CPU total)=41184.125MB
INFO:root:[   39] Training loss: 0.36129814, Validation loss: 0.36068473, Gradient norm: 0.59930855
INFO:root:At the start of the epoch: mem (CPU python)=16048.33984375MB; mem (CPU total)=41249.81640625MB
INFO:root:[   40] Training loss: 0.35943364, Validation loss: 0.35724150, Gradient norm: 0.55073084
INFO:root:At the start of the epoch: mem (CPU python)=16069.5MB; mem (CPU total)=41313.29296875MB
INFO:root:[   41] Training loss: 0.35841122, Validation loss: 0.35558774, Gradient norm: 0.54693780
INFO:root:At the start of the epoch: mem (CPU python)=16090.6640625MB; mem (CPU total)=41377.9609375MB
INFO:root:[   42] Training loss: 0.35830873, Validation loss: 0.35708485, Gradient norm: 0.58395604
INFO:root:At the start of the epoch: mem (CPU python)=16111.82421875MB; mem (CPU total)=41441.46875MB
INFO:root:[   43] Training loss: 0.35607872, Validation loss: 0.35356959, Gradient norm: 0.56617355
INFO:root:At the start of the epoch: mem (CPU python)=16132.9921875MB; mem (CPU total)=41505.4375MB
INFO:root:[   44] Training loss: 0.35378942, Validation loss: 0.35151191, Gradient norm: 0.53367191
INFO:root:At the start of the epoch: mem (CPU python)=16154.15234375MB; mem (CPU total)=41568.453125MB
INFO:root:[   45] Training loss: 0.35284238, Validation loss: 0.35417979, Gradient norm: 0.58765241
INFO:root:At the start of the epoch: mem (CPU python)=16175.31640625MB; mem (CPU total)=41632.73046875MB
INFO:root:[   46] Training loss: 0.35249637, Validation loss: 0.35120844, Gradient norm: 0.59259995
INFO:root:At the start of the epoch: mem (CPU python)=16196.484375MB; mem (CPU total)=41697.75390625MB
INFO:root:[   47] Training loss: 0.34947911, Validation loss: 0.34790637, Gradient norm: 0.56258058
INFO:root:At the start of the epoch: mem (CPU python)=16217.6484375MB; mem (CPU total)=41761.640625MB
INFO:root:[   48] Training loss: 0.34837607, Validation loss: 0.34893839, Gradient norm: 0.59507345
INFO:root:At the start of the epoch: mem (CPU python)=16238.8125MB; mem (CPU total)=41825.703125MB
INFO:root:[   49] Training loss: 0.34630897, Validation loss: 0.34397448, Gradient norm: 0.58547964
INFO:root:At the start of the epoch: mem (CPU python)=16259.97265625MB; mem (CPU total)=41891.91796875MB
INFO:root:[   50] Training loss: 0.34420195, Validation loss: 0.34281386, Gradient norm: 0.61473742
INFO:root:At the start of the epoch: mem (CPU python)=16281.140625MB; mem (CPU total)=41954.46875MB
INFO:root:[   51] Training loss: 0.34219334, Validation loss: 0.34340939, Gradient norm: 0.57745155
INFO:root:At the start of the epoch: mem (CPU python)=16302.30078125MB; mem (CPU total)=42020.4375MB
INFO:root:[   52] Training loss: 0.34141541, Validation loss: 0.34159362, Gradient norm: 0.61098724
INFO:root:At the start of the epoch: mem (CPU python)=16323.46875MB; mem (CPU total)=42085.4453125MB
INFO:root:[   53] Training loss: 0.33906144, Validation loss: 0.33751567, Gradient norm: 0.58774597
INFO:root:At the start of the epoch: mem (CPU python)=16344.6328125MB; mem (CPU total)=42151.62109375MB
INFO:root:[   54] Training loss: 0.33765305, Validation loss: 0.33539268, Gradient norm: 0.61575827
INFO:root:At the start of the epoch: mem (CPU python)=16365.796875MB; mem (CPU total)=42218.09375MB
INFO:root:[   55] Training loss: 0.33557065, Validation loss: 0.33738306, Gradient norm: 0.57190620
INFO:root:At the start of the epoch: mem (CPU python)=16386.9609375MB; mem (CPU total)=42286.03125MB
INFO:root:[   56] Training loss: 0.33487354, Validation loss: 0.34452228, Gradient norm: 0.60762863
INFO:root:At the start of the epoch: mem (CPU python)=16408.125MB; mem (CPU total)=42355.34765625MB
INFO:root:[   57] Training loss: 0.33345979, Validation loss: 0.33164879, Gradient norm: 0.59278814
INFO:root:At the start of the epoch: mem (CPU python)=16429.29296875MB; mem (CPU total)=42418.48046875MB
INFO:root:[   58] Training loss: 0.33174543, Validation loss: 0.33029266, Gradient norm: 0.62047595
INFO:root:At the start of the epoch: mem (CPU python)=16450.45703125MB; mem (CPU total)=42485.43359375MB
INFO:root:[   59] Training loss: 0.33034262, Validation loss: 0.32913004, Gradient norm: 0.58204120
INFO:root:At the start of the epoch: mem (CPU python)=16471.6171875MB; mem (CPU total)=42551.41796875MB
INFO:root:[   60] Training loss: 0.32903786, Validation loss: 0.32884793, Gradient norm: 0.59148534
INFO:root:At the start of the epoch: mem (CPU python)=16492.78125MB; mem (CPU total)=42609.375MB
INFO:root:[   61] Training loss: 0.32846462, Validation loss: 0.32670870, Gradient norm: 0.60438831
INFO:root:At the start of the epoch: mem (CPU python)=16513.94140625MB; mem (CPU total)=42667.22265625MB
INFO:root:[   62] Training loss: 0.32691225, Validation loss: 0.32889217, Gradient norm: 0.61912644
INFO:root:At the start of the epoch: mem (CPU python)=16535.109375MB; mem (CPU total)=42729.64453125MB
INFO:root:[   63] Training loss: 0.32601721, Validation loss: 0.32556774, Gradient norm: 0.61657167
INFO:root:At the start of the epoch: mem (CPU python)=16556.2734375MB; mem (CPU total)=42788.69140625MB
INFO:root:[   64] Training loss: 0.32423847, Validation loss: 0.32510821, Gradient norm: 0.63658237
INFO:root:At the start of the epoch: mem (CPU python)=16577.4375MB; mem (CPU total)=42844.58203125MB
INFO:root:[   65] Training loss: 0.32263523, Validation loss: 0.32154744, Gradient norm: 0.63016321
INFO:root:At the start of the epoch: mem (CPU python)=16598.6015625MB; mem (CPU total)=42907.3203125MB
INFO:root:[   66] Training loss: 0.32211523, Validation loss: 0.32023581, Gradient norm: 0.60216239
INFO:root:At the start of the epoch: mem (CPU python)=16619.765625MB; mem (CPU total)=43006.8515625MB
INFO:root:[   67] Training loss: 0.32002465, Validation loss: 0.32725273, Gradient norm: 0.65300870
INFO:root:At the start of the epoch: mem (CPU python)=16640.9296875MB; mem (CPU total)=43043.97265625MB
INFO:root:[   68] Training loss: 0.31911633, Validation loss: 0.31915828, Gradient norm: 0.60980873
INFO:root:At the start of the epoch: mem (CPU python)=16662.09375MB; mem (CPU total)=43080.5703125MB
INFO:root:[   69] Training loss: 0.31749711, Validation loss: 0.32133870, Gradient norm: 0.62830817
INFO:root:At the start of the epoch: mem (CPU python)=16683.2578125MB; mem (CPU total)=43114.7265625MB
INFO:root:[   70] Training loss: 0.31766082, Validation loss: 0.31875860, Gradient norm: 0.64890979
INFO:root:At the start of the epoch: mem (CPU python)=16705.16796875MB; mem (CPU total)=43154.1015625MB
INFO:root:[   71] Training loss: 0.31665286, Validation loss: 0.32076464, Gradient norm: 0.63756866
INFO:root:At the start of the epoch: mem (CPU python)=16726.71484375MB; mem (CPU total)=43188.3046875MB
INFO:root:[   72] Training loss: 0.31489510, Validation loss: 0.31858397, Gradient norm: 0.64603954
INFO:root:At the start of the epoch: mem (CPU python)=16747.8828125MB; mem (CPU total)=43222.54296875MB
INFO:root:[   73] Training loss: 0.31432436, Validation loss: 0.31927696, Gradient norm: 0.65332395
INFO:root:At the start of the epoch: mem (CPU python)=16769.04296875MB; mem (CPU total)=43261.19140625MB
INFO:root:[   74] Training loss: 0.31548848, Validation loss: 0.31789245, Gradient norm: 0.71449411
INFO:root:At the start of the epoch: mem (CPU python)=16790.2109375MB; mem (CPU total)=43294.12109375MB
INFO:root:[   75] Training loss: 0.31299110, Validation loss: 0.31742968, Gradient norm: 0.59637432
INFO:root:At the start of the epoch: mem (CPU python)=16811.375MB; mem (CPU total)=43328.8515625MB
INFO:root:[   76] Training loss: 0.31153064, Validation loss: 0.31656658, Gradient norm: 0.66897845
INFO:root:At the start of the epoch: mem (CPU python)=16833.00390625MB; mem (CPU total)=43369.1640625MB
INFO:root:[   77] Training loss: 0.30966615, Validation loss: 0.31581890, Gradient norm: 0.65587604
INFO:root:At the start of the epoch: mem (CPU python)=16854.16796875MB; mem (CPU total)=43401.92578125MB
INFO:root:[   78] Training loss: 0.30960975, Validation loss: 0.31500254, Gradient norm: 0.67082311
INFO:root:At the start of the epoch: mem (CPU python)=16875.984375MB; mem (CPU total)=43436.37890625MB
INFO:root:[   79] Training loss: 0.30878829, Validation loss: 0.31449786, Gradient norm: 0.65267309
INFO:root:At the start of the epoch: mem (CPU python)=16897.15234375MB; mem (CPU total)=43474.515625MB
INFO:root:[   80] Training loss: 0.30702814, Validation loss: 0.31664272, Gradient norm: 0.64321828
INFO:root:At the start of the epoch: mem (CPU python)=16918.31640625MB; mem (CPU total)=43510.21484375MB
INFO:root:[   81] Training loss: 0.30684247, Validation loss: 0.31197105, Gradient norm: 0.70662503
INFO:root:At the start of the epoch: mem (CPU python)=16939.48046875MB; mem (CPU total)=43543.9375MB
INFO:root:[   82] Training loss: 0.30606710, Validation loss: 0.31418673, Gradient norm: 0.63461693
INFO:root:At the start of the epoch: mem (CPU python)=16960.64453125MB; mem (CPU total)=43581.35546875MB
INFO:root:[   83] Training loss: 0.30580572, Validation loss: 0.31009209, Gradient norm: 0.68458457
INFO:root:At the start of the epoch: mem (CPU python)=16981.80859375MB; mem (CPU total)=43615.53125MB
INFO:root:[   84] Training loss: 0.30430877, Validation loss: 0.31010800, Gradient norm: 0.66734611
INFO:root:At the start of the epoch: mem (CPU python)=17002.97265625MB; mem (CPU total)=43651.72265625MB
INFO:root:[   85] Training loss: 0.30379716, Validation loss: 0.30982026, Gradient norm: 0.64249834
INFO:root:At the start of the epoch: mem (CPU python)=17024.140625MB; mem (CPU total)=43688.40625MB
INFO:root:[   86] Training loss: 0.30364644, Validation loss: 0.30986528, Gradient norm: 0.72199572
INFO:root:At the start of the epoch: mem (CPU python)=17045.3046875MB; mem (CPU total)=43722.8203125MB
INFO:root:[   87] Training loss: 0.30243127, Validation loss: 0.30983726, Gradient norm: 0.69993258
INFO:root:At the start of the epoch: mem (CPU python)=17066.46484375MB; mem (CPU total)=43760.48828125MB
INFO:root:[   88] Training loss: 0.30173341, Validation loss: 0.30855449, Gradient norm: 0.68764507
INFO:root:At the start of the epoch: mem (CPU python)=17087.62890625MB; mem (CPU total)=43795.7265625MB
INFO:root:[   89] Training loss: 0.30086796, Validation loss: 0.30821089, Gradient norm: 0.70340042
INFO:root:At the start of the epoch: mem (CPU python)=17109.390625MB; mem (CPU total)=43831.6953125MB
INFO:root:[   90] Training loss: 0.30053339, Validation loss: 0.31187635, Gradient norm: 0.69621725
INFO:root:At the start of the epoch: mem (CPU python)=17131.08203125MB; mem (CPU total)=43869.328125MB
INFO:root:[   91] Training loss: 0.29868123, Validation loss: 0.31021836, Gradient norm: 0.68094986
INFO:root:At the start of the epoch: mem (CPU python)=17152.3828125MB; mem (CPU total)=43904.2890625MB
INFO:root:[   92] Training loss: 0.29833120, Validation loss: 0.31366629, Gradient norm: 0.73833352
INFO:root:At the start of the epoch: mem (CPU python)=17173.7890625MB; mem (CPU total)=43939.50390625MB
INFO:root:[   93] Training loss: 0.29758911, Validation loss: 0.30967560, Gradient norm: 0.71478592
INFO:root:At the start of the epoch: mem (CPU python)=17194.94921875MB; mem (CPU total)=43977.93359375MB
INFO:root:[   94] Training loss: 0.29676355, Validation loss: 0.30844410, Gradient norm: 0.67051164
INFO:root:At the start of the epoch: mem (CPU python)=17216.15625MB; mem (CPU total)=44012.92578125MB
INFO:root:[   95] Training loss: 0.29645887, Validation loss: 0.30729045, Gradient norm: 0.70115793
INFO:root:At the start of the epoch: mem (CPU python)=17237.66015625MB; mem (CPU total)=44047.58984375MB
INFO:root:[   96] Training loss: 0.29508449, Validation loss: 0.30659427, Gradient norm: 0.72810445
INFO:root:At the start of the epoch: mem (CPU python)=17258.8203125MB; mem (CPU total)=44086.01171875MB
INFO:root:[   97] Training loss: 0.29407574, Validation loss: 0.30557932, Gradient norm: 0.69121339
INFO:root:At the start of the epoch: mem (CPU python)=17280.35546875MB; mem (CPU total)=44119.19921875MB
INFO:root:[   98] Training loss: 0.29449162, Validation loss: 0.30301760, Gradient norm: 0.76690140
INFO:root:At the start of the epoch: mem (CPU python)=17301.51953125MB; mem (CPU total)=44153.375MB
INFO:root:[   99] Training loss: 0.29221341, Validation loss: 0.31058786, Gradient norm: 0.70711856
INFO:root:At the start of the epoch: mem (CPU python)=17322.6875MB; mem (CPU total)=44194.12109375MB
INFO:root:[  100] Training loss: 0.29357832, Validation loss: 0.30249407, Gradient norm: 0.71694537
INFO:root:At the start of the epoch: mem (CPU python)=17343.85546875MB; mem (CPU total)=44226.37109375MB
INFO:root:[  101] Training loss: 0.29205733, Validation loss: 0.30765811, Gradient norm: 0.75257536
INFO:root:At the start of the epoch: mem (CPU python)=17365.12890625MB; mem (CPU total)=44261.06640625MB
INFO:root:[  102] Training loss: 0.29124563, Validation loss: 0.30289121, Gradient norm: 0.72589169
INFO:root:At the start of the epoch: mem (CPU python)=17386.5546875MB; mem (CPU total)=44301.1328125MB
INFO:root:[  103] Training loss: 0.29019494, Validation loss: 0.30398784, Gradient norm: 0.70436406
INFO:root:At the start of the epoch: mem (CPU python)=17407.72265625MB; mem (CPU total)=44334.08984375MB
INFO:root:[  104] Training loss: 0.28918381, Validation loss: 0.30631899, Gradient norm: 0.74034503
INFO:root:At the start of the epoch: mem (CPU python)=17428.88671875MB; mem (CPU total)=44368.7890625MB
INFO:root:[  105] Training loss: 0.28788636, Validation loss: 0.30383547, Gradient norm: 0.69525330
INFO:root:At the start of the epoch: mem (CPU python)=17450.68359375MB; mem (CPU total)=44408.84765625MB
INFO:root:[  106] Training loss: 0.28777783, Validation loss: 0.30331854, Gradient norm: 0.71780490
INFO:root:At the start of the epoch: mem (CPU python)=17472.33984375MB; mem (CPU total)=44441.98828125MB
INFO:root:Learning rate reduced to: 0.0025
INFO:root:[  107] Training loss: 0.28699876, Validation loss: 0.30166432, Gradient norm: 0.70270752
INFO:root:At the start of the epoch: mem (CPU python)=17493.671875MB; mem (CPU total)=44418.0MB
INFO:root:[  108] Training loss: 0.27704288, Validation loss: 0.29582662, Gradient norm: 0.38376964
INFO:root:At the start of the epoch: mem (CPU python)=17515.2265625MB; mem (CPU total)=44477.5MB
INFO:root:[  109] Training loss: 0.27576741, Validation loss: 0.29463763, Gradient norm: 0.45660380
INFO:root:At the start of the epoch: mem (CPU python)=17536.8515625MB; mem (CPU total)=44534.6015625MB
INFO:root:[  110] Training loss: 0.27514972, Validation loss: 0.29451055, Gradient norm: 0.50140433
INFO:root:At the start of the epoch: mem (CPU python)=17558.49609375MB; mem (CPU total)=44592.1875MB
INFO:root:[  111] Training loss: 0.27581058, Validation loss: 0.29304233, Gradient norm: 0.56957617
INFO:root:At the start of the epoch: mem (CPU python)=17579.66015625MB; mem (CPU total)=44654.140625MB
INFO:root:[  112] Training loss: 0.27419196, Validation loss: 0.29636038, Gradient norm: 0.53049954
INFO:root:At the start of the epoch: mem (CPU python)=17601.0703125MB; mem (CPU total)=44713.59765625MB
INFO:root:[  113] Training loss: 0.27371201, Validation loss: 0.29228949, Gradient norm: 0.54624116
INFO:root:At the start of the epoch: mem (CPU python)=17622.73828125MB; mem (CPU total)=44773.15234375MB
INFO:root:[  114] Training loss: 0.27324595, Validation loss: 0.29436386, Gradient norm: 0.58326371
INFO:root:At the start of the epoch: mem (CPU python)=17643.90234375MB; mem (CPU total)=44834.18359375MB
INFO:root:[  115] Training loss: 0.27359357, Validation loss: 0.29271802, Gradient norm: 0.64042450
INFO:root:At the start of the epoch: mem (CPU python)=17665.0625MB; mem (CPU total)=44893.984375MB
INFO:root:[  116] Training loss: 0.27348073, Validation loss: 0.29263297, Gradient norm: 0.63772268
INFO:root:At the start of the epoch: mem (CPU python)=17686.2265625MB; mem (CPU total)=44951.32421875MB
INFO:root:[  117] Training loss: 0.27233819, Validation loss: 0.29408360, Gradient norm: 0.58853561
INFO:root:At the start of the epoch: mem (CPU python)=17707.390625MB; mem (CPU total)=45011.6171875MB
INFO:root:[  118] Training loss: 0.27320865, Validation loss: 0.29204920, Gradient norm: 0.62145613
INFO:root:At the start of the epoch: mem (CPU python)=17728.5625MB; mem (CPU total)=45069.78515625MB
INFO:root:[  119] Training loss: 0.27230608, Validation loss: 0.29214644, Gradient norm: 0.59629249
INFO:root:At the start of the epoch: mem (CPU python)=17749.7265625MB; mem (CPU total)=45131.0625MB
INFO:root:[  120] Training loss: 0.27238432, Validation loss: 0.29156785, Gradient norm: 0.60665123
INFO:root:At the start of the epoch: mem (CPU python)=17770.890625MB; mem (CPU total)=45191.6015625MB
INFO:root:[  121] Training loss: 0.27055716, Validation loss: 0.29341010, Gradient norm: 0.61769404
INFO:root:At the start of the epoch: mem (CPU python)=17792.0546875MB; mem (CPU total)=45252.64453125MB
INFO:root:[  122] Training loss: 0.27153480, Validation loss: 0.29286179, Gradient norm: 0.63415208
INFO:root:At the start of the epoch: mem (CPU python)=17813.42578125MB; mem (CPU total)=45312.1953125MB
INFO:root:[  123] Training loss: 0.27054298, Validation loss: 0.29489195, Gradient norm: 0.57715700
INFO:root:At the start of the epoch: mem (CPU python)=17834.7578125MB; mem (CPU total)=45372.453125MB
INFO:root:[  124] Training loss: 0.27014129, Validation loss: 0.29133294, Gradient norm: 0.67054170
INFO:root:At the start of the epoch: mem (CPU python)=17855.92578125MB; mem (CPU total)=45432.25390625MB
INFO:root:[  125] Training loss: 0.26935916, Validation loss: 0.28982486, Gradient norm: 0.62916581
INFO:root:At the start of the epoch: mem (CPU python)=17877.0859375MB; mem (CPU total)=45495.1796875MB
INFO:root:[  126] Training loss: 0.26982548, Validation loss: 0.29310194, Gradient norm: 0.60834204
INFO:root:At the start of the epoch: mem (CPU python)=17898.25MB; mem (CPU total)=45553.2578125MB
INFO:root:[  127] Training loss: 0.26904312, Validation loss: 0.28915843, Gradient norm: 0.63109837
INFO:root:At the start of the epoch: mem (CPU python)=17919.4140625MB; mem (CPU total)=45612.3203125MB
INFO:root:[  128] Training loss: 0.26771733, Validation loss: 0.28927276, Gradient norm: 0.56271862
INFO:root:At the start of the epoch: mem (CPU python)=17940.57421875MB; mem (CPU total)=45674.578125MB
INFO:root:[  129] Training loss: 0.26813801, Validation loss: 0.29007852, Gradient norm: 0.58500931
INFO:root:At the start of the epoch: mem (CPU python)=17961.7421875MB; mem (CPU total)=45733.1484375MB
INFO:root:[  130] Training loss: 0.26753708, Validation loss: 0.29574632, Gradient norm: 0.68761977
INFO:root:At the start of the epoch: mem (CPU python)=17982.90625MB; mem (CPU total)=45791.22265625MB
INFO:root:[  131] Training loss: 0.26603994, Validation loss: 0.29008925, Gradient norm: 0.64693851
INFO:root:At the start of the epoch: mem (CPU python)=18004.0703125MB; mem (CPU total)=45856.18359375MB
INFO:root:[  132] Training loss: 0.26630211, Validation loss: 0.29081624, Gradient norm: 0.61931688
INFO:root:At the start of the epoch: mem (CPU python)=18025.234375MB; mem (CPU total)=45916.96875MB
INFO:root:[  133] Training loss: 0.26578736, Validation loss: 0.29157273, Gradient norm: 0.63036778
INFO:root:At the start of the epoch: mem (CPU python)=18046.3984375MB; mem (CPU total)=45971.84765625MB
INFO:root:Learning rate reduced to: 0.00125
INFO:root:[  134] Training loss: 0.26596582, Validation loss: 0.29271130, Gradient norm: 0.69774250
INFO:root:At the start of the epoch: mem (CPU python)=18067.55859375MB; mem (CPU total)=46037.21484375MB
INFO:root:Learning rate reduced to: 0.000625
INFO:root:[  135] Training loss: 0.26035165, Validation loss: 0.28636959, Gradient norm: 0.37989508
INFO:root:At the start of the epoch: mem (CPU python)=18088.7265625MB; mem (CPU total)=46094.77734375MB
INFO:root:[  136] Training loss: 0.25708602, Validation loss: 0.28554574, Gradient norm: 0.23792158
INFO:root:At the start of the epoch: mem (CPU python)=18109.90625MB; mem (CPU total)=46153.87109375MB
INFO:root:[  137] Training loss: 0.25745040, Validation loss: 0.28582824, Gradient norm: 0.25540453
INFO:root:At the start of the epoch: mem (CPU python)=18131.74609375MB; mem (CPU total)=46219.1171875MB
INFO:root:[  138] Training loss: 0.25722604, Validation loss: 0.28639091, Gradient norm: 0.28487660
INFO:root:At the start of the epoch: mem (CPU python)=18153.34375MB; mem (CPU total)=46278.12109375MB
INFO:root:[  139] Training loss: 0.25712800, Validation loss: 0.28488269, Gradient norm: 0.27941349
INFO:root:At the start of the epoch: mem (CPU python)=18174.51171875MB; mem (CPU total)=46333.42578125MB
INFO:root:[  140] Training loss: 0.25674000, Validation loss: 0.28620623, Gradient norm: 0.28939239
INFO:root:At the start of the epoch: mem (CPU python)=18195.87890625MB; mem (CPU total)=46398.45703125MB
INFO:root:[  141] Training loss: 0.25667933, Validation loss: 0.28644073, Gradient norm: 0.32287477
INFO:root:At the start of the epoch: mem (CPU python)=18217.04296875MB; mem (CPU total)=46456.3203125MB
INFO:root:[  142] Training loss: 0.25644324, Validation loss: 0.28379504, Gradient norm: 0.30363213
INFO:root:At the start of the epoch: mem (CPU python)=18238.75390625MB; mem (CPU total)=46515.13671875MB
INFO:root:[  143] Training loss: 0.25638347, Validation loss: 0.28572847, Gradient norm: 0.32583632
INFO:root:At the start of the epoch: mem (CPU python)=18260.45703125MB; mem (CPU total)=46578.328125MB
INFO:root:[  144] Training loss: 0.25656551, Validation loss: 0.28496199, Gradient norm: 0.33838405
INFO:root:At the start of the epoch: mem (CPU python)=18281.82421875MB; mem (CPU total)=46636.8984375MB
INFO:root:[  145] Training loss: 0.25635369, Validation loss: 0.28556307, Gradient norm: 0.34751083
INFO:root:At the start of the epoch: mem (CPU python)=18302.98828125MB; mem (CPU total)=46694.484375MB
INFO:root:[  146] Training loss: 0.25625815, Validation loss: 0.28630465, Gradient norm: 0.32291166
INFO:root:At the start of the epoch: mem (CPU python)=18324.15625MB; mem (CPU total)=46753.79296875MB
INFO:root:[  147] Training loss: 0.25582467, Validation loss: 0.28453854, Gradient norm: 0.33887713
INFO:root:At the start of the epoch: mem (CPU python)=18345.3203125MB; mem (CPU total)=46812.60546875MB
INFO:root:[  148] Training loss: 0.25710899, Validation loss: 0.28554392, Gradient norm: 0.35759661
INFO:root:At the start of the epoch: mem (CPU python)=18367.39453125MB; mem (CPU total)=46871.390625MB
INFO:root:Learning rate reduced to: 0.0003125
INFO:root:[  149] Training loss: 0.25561160, Validation loss: 0.28586352, Gradient norm: 0.34037402
INFO:root:At the start of the epoch: mem (CPU python)=18389.1484375MB; mem (CPU total)=46931.859375MB
INFO:root:Learning rate reduced to: 0.00015625
INFO:root:[  150] Training loss: 0.25398475, Validation loss: 0.28354019, Gradient norm: 0.25173517
INFO:root:At the start of the epoch: mem (CPU python)=18410.3125MB; mem (CPU total)=46989.4453125MB
INFO:root:[  151] Training loss: 0.25323432, Validation loss: 0.28369981, Gradient norm: 0.20639105
INFO:root:At the start of the epoch: mem (CPU python)=18431.4765625MB; mem (CPU total)=47068.0MB
INFO:root:[  152] Training loss: 0.25380553, Validation loss: 0.28411032, Gradient norm: 0.21180349
INFO:root:At the start of the epoch: mem (CPU python)=18452.64453125MB; mem (CPU total)=47125.25MB
INFO:root:[  153] Training loss: 0.25300848, Validation loss: 0.28477950, Gradient norm: 0.22304859
INFO:root:At the start of the epoch: mem (CPU python)=18473.8046875MB; mem (CPU total)=47172.22265625MB
INFO:root:[  154] Training loss: 0.25353241, Validation loss: 0.28326329, Gradient norm: 0.21558653
INFO:root:At the start of the epoch: mem (CPU python)=18494.96875MB; mem (CPU total)=47217.10546875MB
INFO:root:[  155] Training loss: 0.25359922, Validation loss: 0.28419963, Gradient norm: 0.21040039
INFO:root:At the start of the epoch: mem (CPU python)=18516.13671875MB; mem (CPU total)=47263.6484375MB
INFO:root:[  156] Training loss: 0.25294990, Validation loss: 0.28461507, Gradient norm: 0.22806931
INFO:root:At the start of the epoch: mem (CPU python)=18537.30078125MB; mem (CPU total)=47307.62890625MB
INFO:root:[  157] Training loss: 0.25352085, Validation loss: 0.28442096, Gradient norm: 0.21750397
INFO:root:At the start of the epoch: mem (CPU python)=18557.03125MB; mem (CPU total)=47353.18359375MB
INFO:root:[  158] Training loss: 0.25323083, Validation loss: 0.28475620, Gradient norm: 0.23546685
INFO:root:At the start of the epoch: mem (CPU python)=18579.3671875MB; mem (CPU total)=47401.203125MB
INFO:root:[  159] Training loss: 0.25312444, Validation loss: 0.28385565, Gradient norm: 0.22667159
INFO:root:At the start of the epoch: mem (CPU python)=18599.6953125MB; mem (CPU total)=47447.46875MB
INFO:root:[  160] Training loss: 0.25323972, Validation loss: 0.28474718, Gradient norm: 0.24783276
INFO:root:At the start of the epoch: mem (CPU python)=18621.6171875MB; mem (CPU total)=47448.3828125MB
INFO:root:Learning rate reduced to: 7.8125e-05
INFO:root:[  161] Training loss: 0.25358175, Validation loss: 0.28542238, Gradient norm: 0.22944910
INFO:root:At the start of the epoch: mem (CPU python)=18642.7109375MB; mem (CPU total)=47540.83984375MB
INFO:root:[  162] Training loss: 0.25271485, Validation loss: 0.28419257, Gradient norm: 0.20441926
INFO:root:At the start of the epoch: mem (CPU python)=18664.0MB; mem (CPU total)=47584.83984375MB
INFO:root:[  163] Training loss: 0.25213530, Validation loss: 0.28406991, Gradient norm: 0.19682614
INFO:root:At the start of the epoch: mem (CPU python)=18685.82421875MB; mem (CPU total)=47634.08984375MB
INFO:root:EP 163: Early stopping
INFO:root:Training for autoregressive step 2 starts now.
INFO:root:Learning rate reduced to: [3.90625e-05]
INFO:root:At the start of the epoch: mem (CPU python)=18706.5703125MB; mem (CPU total)=47681.09765625MB
INFO:root:[  165] Training loss: 0.33289231, Validation loss: 0.35081691, Gradient norm: 0.47320340
INFO:root:At the start of the epoch: mem (CPU python)=18715.0234375MB; mem (CPU total)=47725.2578125MB
INFO:root:[  166] Training loss: 0.33005848, Validation loss: 0.34963876, Gradient norm: 0.38875533
INFO:root:At the start of the epoch: mem (CPU python)=18736.1875MB; mem (CPU total)=47789.62109375MB
INFO:root:[  167] Training loss: 0.32901279, Validation loss: 0.34905086, Gradient norm: 0.37020023
INFO:root:At the start of the epoch: mem (CPU python)=18757.35546875MB; mem (CPU total)=47846.27734375MB
INFO:root:[  168] Training loss: 0.32897611, Validation loss: 0.34876695, Gradient norm: 0.40057827
INFO:root:At the start of the epoch: mem (CPU python)=18778.51953125MB; mem (CPU total)=47904.90234375MB
INFO:root:[  169] Training loss: 0.32900262, Validation loss: 0.34835475, Gradient norm: 0.40222017
INFO:root:At the start of the epoch: mem (CPU python)=18799.68359375MB; mem (CPU total)=47964.234375MB
INFO:root:[  170] Training loss: 0.32794074, Validation loss: 0.34776134, Gradient norm: 0.37885535
INFO:root:At the start of the epoch: mem (CPU python)=18820.84765625MB; mem (CPU total)=48022.5859375MB
INFO:root:[  171] Training loss: 0.32761321, Validation loss: 0.34843037, Gradient norm: 0.39269717
INFO:root:At the start of the epoch: mem (CPU python)=18842.01171875MB; mem (CPU total)=48079.69921875MB
INFO:root:[  172] Training loss: 0.32731801, Validation loss: 0.34728499, Gradient norm: 0.38298589
INFO:root:At the start of the epoch: mem (CPU python)=18863.171875MB; mem (CPU total)=48076.23828125MB
INFO:root:[  173] Training loss: 0.32732133, Validation loss: 0.34719204, Gradient norm: 0.36679279
INFO:root:At the start of the epoch: mem (CPU python)=18884.33984375MB; mem (CPU total)=48139.15625MB
INFO:root:[  174] Training loss: 0.32687305, Validation loss: 0.34686146, Gradient norm: 0.37736736
INFO:root:At the start of the epoch: mem (CPU python)=18905.50390625MB; mem (CPU total)=48195.47265625MB
INFO:root:[  175] Training loss: 0.32643014, Validation loss: 0.34660656, Gradient norm: 0.36668415
INFO:root:At the start of the epoch: mem (CPU python)=18926.66796875MB; mem (CPU total)=48252.8125MB
INFO:root:[  176] Training loss: 0.32615194, Validation loss: 0.34679243, Gradient norm: 0.38209131
INFO:root:At the start of the epoch: mem (CPU python)=18947.83203125MB; mem (CPU total)=48313.51171875MB
INFO:root:[  177] Training loss: 0.32658162, Validation loss: 0.34653452, Gradient norm: 0.39246264
INFO:root:At the start of the epoch: mem (CPU python)=18968.99609375MB; mem (CPU total)=48374.53515625MB
INFO:root:[  178] Training loss: 0.32646976, Validation loss: 0.34671065, Gradient norm: 0.37750874
INFO:root:At the start of the epoch: mem (CPU python)=18990.15625MB; mem (CPU total)=48437.56640625MB
INFO:root:[  179] Training loss: 0.32583931, Validation loss: 0.34605029, Gradient norm: 0.33937983
INFO:root:At the start of the epoch: mem (CPU python)=19011.328125MB; mem (CPU total)=48495.2265625MB
INFO:root:[  180] Training loss: 0.32573134, Validation loss: 0.34629767, Gradient norm: 0.35815230
INFO:root:At the start of the epoch: mem (CPU python)=19032.484375MB; mem (CPU total)=48556.7890625MB
INFO:root:[  181] Training loss: 0.32542793, Validation loss: 0.34532830, Gradient norm: 0.36068936
INFO:root:At the start of the epoch: mem (CPU python)=19053.6484375MB; mem (CPU total)=29588.88671875MB
INFO:root:[  182] Training loss: 0.32564673, Validation loss: 0.34597653, Gradient norm: 0.37719388
INFO:root:At the start of the epoch: mem (CPU python)=19074.8125MB; mem (CPU total)=29646.1015625MB
INFO:root:[  183] Training loss: 0.32526072, Validation loss: 0.34532395, Gradient norm: 0.37948525
INFO:root:At the start of the epoch: mem (CPU python)=19095.9765625MB; mem (CPU total)=29702.703125MB
INFO:root:[  184] Training loss: 0.32531684, Validation loss: 0.34588630, Gradient norm: 0.35345245
INFO:root:At the start of the epoch: mem (CPU python)=19117.140625MB; mem (CPU total)=29764.91796875MB
INFO:root:[  185] Training loss: 0.32499896, Validation loss: 0.34573473, Gradient norm: 0.35322648
INFO:root:At the start of the epoch: mem (CPU python)=19138.3046875MB; mem (CPU total)=29820.78125MB
INFO:root:[  186] Training loss: 0.32571192, Validation loss: 0.34537298, Gradient norm: 0.35327299
INFO:root:At the start of the epoch: mem (CPU python)=19159.47265625MB; mem (CPU total)=29879.10546875MB
INFO:root:[  187] Training loss: 0.32487084, Validation loss: 0.34484903, Gradient norm: 0.36537259
INFO:root:At the start of the epoch: mem (CPU python)=19180.63671875MB; mem (CPU total)=29936.7265625MB
INFO:root:[  188] Training loss: 0.32526035, Validation loss: 0.34489299, Gradient norm: 0.36268074
INFO:root:At the start of the epoch: mem (CPU python)=19201.80078125MB; mem (CPU total)=29999.234375MB
INFO:root:[  189] Training loss: 0.32471695, Validation loss: 0.34396962, Gradient norm: 0.35554215
INFO:root:At the start of the epoch: mem (CPU python)=19222.96484375MB; mem (CPU total)=30054.8203125MB
INFO:root:[  190] Training loss: 0.32432727, Validation loss: 0.34524500, Gradient norm: 0.35215891
INFO:root:At the start of the epoch: mem (CPU python)=19244.12890625MB; mem (CPU total)=30113.1328125MB
INFO:root:[  191] Training loss: 0.32479308, Validation loss: 0.34524880, Gradient norm: 0.34937619
INFO:root:At the start of the epoch: mem (CPU python)=19265.29296875MB; mem (CPU total)=30170.953125MB
INFO:root:[  192] Training loss: 0.32485672, Validation loss: 0.34508682, Gradient norm: 0.36007087
INFO:root:At the start of the epoch: mem (CPU python)=19286.45703125MB; mem (CPU total)=30232.1953125MB
INFO:root:[  193] Training loss: 0.32498169, Validation loss: 0.34511902, Gradient norm: 0.34837531
INFO:root:At the start of the epoch: mem (CPU python)=19307.62109375MB; mem (CPU total)=30288.0546875MB
INFO:root:[  194] Training loss: 0.32350877, Validation loss: 0.34403142, Gradient norm: 0.32886306
INFO:root:At the start of the epoch: mem (CPU python)=19328.78515625MB; mem (CPU total)=30345.57421875MB
INFO:root:[  195] Training loss: 0.32453713, Validation loss: 0.34530716, Gradient norm: 0.35317969
INFO:root:At the start of the epoch: mem (CPU python)=19349.9453125MB; mem (CPU total)=30405.375MB
INFO:root:[  196] Training loss: 0.32474446, Validation loss: 0.34411238, Gradient norm: 0.38332063
INFO:root:At the start of the epoch: mem (CPU python)=19371.11328125MB; mem (CPU total)=30464.71484375MB
INFO:root:[  197] Training loss: 0.32446593, Validation loss: 0.34470203, Gradient norm: 0.34106280
INFO:root:At the start of the epoch: mem (CPU python)=19392.27734375MB; mem (CPU total)=30522.08203125MB
INFO:root:[  198] Training loss: 0.32427823, Validation loss: 0.34391152, Gradient norm: 0.35053072
INFO:root:At the start of the epoch: mem (CPU python)=19413.4453125MB; mem (CPU total)=30579.15234375MB
INFO:root:[  199] Training loss: 0.32458560, Validation loss: 0.34425309, Gradient norm: 0.35446213
INFO:root:At the start of the epoch: mem (CPU python)=19434.609375MB; mem (CPU total)=30638.953125MB
INFO:root:[  200] Training loss: 0.32377169, Validation loss: 0.34414524, Gradient norm: 0.34963709
INFO:root:At the start of the epoch: mem (CPU python)=19455.76953125MB; mem (CPU total)=30696.84375MB
INFO:root:[  201] Training loss: 0.32389472, Validation loss: 0.34454484, Gradient norm: 0.34976489
INFO:root:At the start of the epoch: mem (CPU python)=19476.93359375MB; mem (CPU total)=30755.29296875MB
INFO:root:[  202] Training loss: 0.32433960, Validation loss: 0.34501353, Gradient norm: 0.36492736
INFO:root:At the start of the epoch: mem (CPU python)=19498.1015625MB; mem (CPU total)=30812.8828125MB
INFO:root:[  203] Training loss: 0.32426586, Validation loss: 0.34487540, Gradient norm: 0.36456195
INFO:root:At the start of the epoch: mem (CPU python)=19519.265625MB; mem (CPU total)=30873.92578125MB
INFO:root:[  204] Training loss: 0.32445824, Validation loss: 0.34436084, Gradient norm: 0.34643900
INFO:root:At the start of the epoch: mem (CPU python)=19540.4296875MB; mem (CPU total)=30930.65234375MB
INFO:root:[  205] Training loss: 0.32369186, Validation loss: 0.34360684, Gradient norm: 0.35333499
INFO:root:At the start of the epoch: mem (CPU python)=19561.6015625MB; mem (CPU total)=30987.3359375MB
INFO:root:[  206] Training loss: 0.32418935, Validation loss: 0.34415441, Gradient norm: 0.37918280
INFO:root:At the start of the epoch: mem (CPU python)=19582.765625MB; mem (CPU total)=31044.2421875MB
INFO:root:[  207] Training loss: 0.32384847, Validation loss: 0.34402010, Gradient norm: 0.36090215
INFO:root:At the start of the epoch: mem (CPU python)=19603.9296875MB; mem (CPU total)=31106.5234375MB
INFO:root:[  208] Training loss: 0.32339686, Validation loss: 0.34377974, Gradient norm: 0.34645714
INFO:root:At the start of the epoch: mem (CPU python)=19625.09765625MB; mem (CPU total)=31161.953125MB
INFO:root:[  209] Training loss: 0.32389678, Validation loss: 0.34313755, Gradient norm: 0.35141906
INFO:root:At the start of the epoch: mem (CPU python)=19646.2578125MB; mem (CPU total)=31218.4765625MB
INFO:root:[  210] Training loss: 0.32361543, Validation loss: 0.34287574, Gradient norm: 0.34721546
INFO:root:At the start of the epoch: mem (CPU python)=19667.421875MB; mem (CPU total)=31276.91796875MB
INFO:root:[  211] Training loss: 0.32323002, Validation loss: 0.34299367, Gradient norm: 0.34068027
INFO:root:At the start of the epoch: mem (CPU python)=19688.5859375MB; mem (CPU total)=31335.85546875MB
INFO:root:[  212] Training loss: 0.32269212, Validation loss: 0.34313707, Gradient norm: 0.35037318
INFO:root:At the start of the epoch: mem (CPU python)=19709.74609375MB; mem (CPU total)=31392.97265625MB
INFO:root:[  213] Training loss: 0.32410762, Validation loss: 0.34345213, Gradient norm: 0.36436932
INFO:root:At the start of the epoch: mem (CPU python)=19730.91015625MB; mem (CPU total)=31448.61328125MB
INFO:root:[  214] Training loss: 0.32360027, Validation loss: 0.34367414, Gradient norm: 0.36063217
INFO:root:At the start of the epoch: mem (CPU python)=19752.078125MB; mem (CPU total)=31509.8828125MB
INFO:root:[  215] Training loss: 0.32303992, Validation loss: 0.34306360, Gradient norm: 0.33800925
INFO:root:At the start of the epoch: mem (CPU python)=19773.2421875MB; mem (CPU total)=31565.46484375MB
INFO:root:[  216] Training loss: 0.32368414, Validation loss: 0.34340422, Gradient norm: 0.36741225
INFO:root:At the start of the epoch: mem (CPU python)=19794.40625MB; mem (CPU total)=31621.59765625MB
INFO:root:[  217] Training loss: 0.32300348, Validation loss: 0.34290194, Gradient norm: 0.34439264
INFO:root:At the start of the epoch: mem (CPU python)=19815.5703125MB; mem (CPU total)=31679.6953125MB
INFO:root:[  218] Training loss: 0.32336132, Validation loss: 0.34267198, Gradient norm: 0.35437465
INFO:root:At the start of the epoch: mem (CPU python)=19836.73828125MB; mem (CPU total)=31739.53125MB
INFO:root:[  219] Training loss: 0.32311557, Validation loss: 0.34270394, Gradient norm: 0.37285499
INFO:root:At the start of the epoch: mem (CPU python)=19857.89453125MB; mem (CPU total)=31796.6953125MB
INFO:root:[  220] Training loss: 0.32281920, Validation loss: 0.34280718, Gradient norm: 0.37242443
INFO:root:At the start of the epoch: mem (CPU python)=19879.0625MB; mem (CPU total)=31851.6015625MB
INFO:root:[  221] Training loss: 0.32297188, Validation loss: 0.34316565, Gradient norm: 0.32877403
INFO:root:At the start of the epoch: mem (CPU python)=19900.2265625MB; mem (CPU total)=31913.640625MB
INFO:root:[  222] Training loss: 0.32348090, Validation loss: 0.34237265, Gradient norm: 0.36873565
INFO:root:At the start of the epoch: mem (CPU python)=19921.390625MB; mem (CPU total)=31967.0703125MB
INFO:root:[  223] Training loss: 0.32259476, Validation loss: 0.34308446, Gradient norm: 0.34751152
INFO:root:At the start of the epoch: mem (CPU python)=19942.5546875MB; mem (CPU total)=32023.2109375MB
INFO:root:[  224] Training loss: 0.32320513, Validation loss: 0.34290697, Gradient norm: 0.35536411
INFO:root:At the start of the epoch: mem (CPU python)=19963.71875MB; mem (CPU total)=32134.6328125MB
INFO:root:[  225] Training loss: 0.32262939, Validation loss: 0.34452324, Gradient norm: 0.36856300
INFO:root:At the start of the epoch: mem (CPU python)=19984.88671875MB; mem (CPU total)=32169.05859375MB
INFO:root:[  226] Training loss: 0.32304747, Validation loss: 0.34358681, Gradient norm: 0.38345960
INFO:root:At the start of the epoch: mem (CPU python)=20006.05078125MB; mem (CPU total)=32191.1796875MB
INFO:root:[  227] Training loss: 0.32306882, Validation loss: 0.34245974, Gradient norm: 0.36479659
INFO:root:At the start of the epoch: mem (CPU python)=20027.21484375MB; mem (CPU total)=32213.51953125MB
INFO:root:[  228] Training loss: 0.32259528, Validation loss: 0.34211730, Gradient norm: 0.36208089
INFO:root:At the start of the epoch: mem (CPU python)=20048.375MB; mem (CPU total)=32235.6875MB
INFO:root:[  229] Training loss: 0.32279803, Validation loss: 0.34292398, Gradient norm: 0.36153753
INFO:root:At the start of the epoch: mem (CPU python)=20069.53515625MB; mem (CPU total)=32258.07421875MB
INFO:root:[  230] Training loss: 0.32221363, Validation loss: 0.34275777, Gradient norm: 0.36850607
INFO:root:At the start of the epoch: mem (CPU python)=20090.703125MB; mem (CPU total)=32280.28125MB
INFO:root:[  231] Training loss: 0.32307219, Validation loss: 0.34215729, Gradient norm: 0.36479157
INFO:root:At the start of the epoch: mem (CPU python)=20111.8671875MB; mem (CPU total)=32302.453125MB
INFO:root:[  232] Training loss: 0.32228931, Validation loss: 0.34185592, Gradient norm: 0.34872480
INFO:root:At the start of the epoch: mem (CPU python)=20133.03125MB; mem (CPU total)=32324.80859375MB
INFO:root:[  233] Training loss: 0.32256038, Validation loss: 0.34250925, Gradient norm: 0.35808946
INFO:root:At the start of the epoch: mem (CPU python)=20154.1953125MB; mem (CPU total)=32346.6484375MB
INFO:root:[  234] Training loss: 0.32263341, Validation loss: 0.34180574, Gradient norm: 0.36405314
INFO:root:At the start of the epoch: mem (CPU python)=20175.359375MB; mem (CPU total)=32368.82421875MB
INFO:root:[  235] Training loss: 0.32247954, Validation loss: 0.34277944, Gradient norm: 0.34003552
INFO:root:At the start of the epoch: mem (CPU python)=20196.5234375MB; mem (CPU total)=32390.97265625MB
INFO:root:[  236] Training loss: 0.32283793, Validation loss: 0.34165733, Gradient norm: 0.36676028
INFO:root:At the start of the epoch: mem (CPU python)=20217.69140625MB; mem (CPU total)=32413.4765625MB
INFO:root:[  237] Training loss: 0.32237832, Validation loss: 0.34238967, Gradient norm: 0.35785327
INFO:root:At the start of the epoch: mem (CPU python)=20238.85546875MB; mem (CPU total)=32435.11328125MB
INFO:root:[  238] Training loss: 0.32211524, Validation loss: 0.34206203, Gradient norm: 0.33015105
INFO:root:At the start of the epoch: mem (CPU python)=20260.015625MB; mem (CPU total)=32457.26171875MB
INFO:root:[  239] Training loss: 0.32190480, Validation loss: 0.34125398, Gradient norm: 0.35563348
INFO:root:At the start of the epoch: mem (CPU python)=20281.1796875MB; mem (CPU total)=32479.90234375MB
INFO:root:[  240] Training loss: 0.32220145, Validation loss: 0.34139925, Gradient norm: 0.36431222
INFO:root:At the start of the epoch: mem (CPU python)=20302.34765625MB; mem (CPU total)=32501.55859375MB
INFO:root:[  241] Training loss: 0.32255937, Validation loss: 0.34148087, Gradient norm: 0.34527936
INFO:root:At the start of the epoch: mem (CPU python)=20323.515625MB; mem (CPU total)=32523.41796875MB
INFO:root:[  242] Training loss: 0.32216064, Validation loss: 0.34196441, Gradient norm: 0.35912220
INFO:root:At the start of the epoch: mem (CPU python)=20344.6796875MB; mem (CPU total)=32545.80859375MB
INFO:root:[  243] Training loss: 0.32280243, Validation loss: 0.34156892, Gradient norm: 0.34508200
INFO:root:At the start of the epoch: mem (CPU python)=20365.84375MB; mem (CPU total)=32567.95703125MB
INFO:root:[  244] Training loss: 0.32211935, Validation loss: 0.34153709, Gradient norm: 0.35993232
INFO:root:At the start of the epoch: mem (CPU python)=20387.0078125MB; mem (CPU total)=32601.98046875MB
INFO:root:[  245] Training loss: 0.32199424, Validation loss: 0.34185110, Gradient norm: 0.34589706
INFO:root:At the start of the epoch: mem (CPU python)=20408.171875MB; mem (CPU total)=32565.37890625MB
INFO:root:[  246] Training loss: 0.32196765, Validation loss: 0.34213650, Gradient norm: 0.34985185
INFO:root:At the start of the epoch: mem (CPU python)=20429.33203125MB; mem (CPU total)=32587.56640625MB
INFO:root:[  247] Training loss: 0.32168666, Validation loss: 0.34183279, Gradient norm: 0.35045839
INFO:root:At the start of the epoch: mem (CPU python)=20450.49609375MB; mem (CPU total)=32609.7109375MB
INFO:root:[  248] Training loss: 0.32285206, Validation loss: 0.34129372, Gradient norm: 0.34818190
INFO:root:At the start of the epoch: mem (CPU python)=20471.66015625MB; mem (CPU total)=32632.05859375MB
INFO:root:[  249] Training loss: 0.32194968, Validation loss: 0.34123461, Gradient norm: 0.34607509
INFO:root:At the start of the epoch: mem (CPU python)=20492.82421875MB; mem (CPU total)=32654.484375MB
INFO:root:[  250] Training loss: 0.32246105, Validation loss: 0.34214567, Gradient norm: 0.36589937
INFO:root:At the start of the epoch: mem (CPU python)=20513.98828125MB; mem (CPU total)=32676.7890625MB
INFO:root:[  251] Training loss: 0.32175117, Validation loss: 0.34228866, Gradient norm: 0.34103111
INFO:root:At the start of the epoch: mem (CPU python)=20535.15234375MB; mem (CPU total)=22176.60546875MB
INFO:root:[  252] Training loss: 0.32145691, Validation loss: 0.34127096, Gradient norm: 0.35370842
INFO:root:At the start of the epoch: mem (CPU python)=20556.31640625MB; mem (CPU total)=22933.6640625MB
INFO:root:[  253] Training loss: 0.32152164, Validation loss: 0.34142368, Gradient norm: 0.33622482
INFO:root:At the start of the epoch: mem (CPU python)=20577.484375MB; mem (CPU total)=22996.05859375MB
INFO:root:[  254] Training loss: 0.32151990, Validation loss: 0.34208999, Gradient norm: 0.34442033
INFO:root:At the start of the epoch: mem (CPU python)=20598.6484375MB; mem (CPU total)=23065.00390625MB
INFO:root:[  255] Training loss: 0.32140341, Validation loss: 0.34201139, Gradient norm: 0.34238251
INFO:root:At the start of the epoch: mem (CPU python)=20619.8125MB; mem (CPU total)=23127.23828125MB
INFO:root:[  256] Training loss: 0.32172090, Validation loss: 0.34250477, Gradient norm: 0.35962407
INFO:root:At the start of the epoch: mem (CPU python)=20640.9765625MB; mem (CPU total)=23168.2109375MB
INFO:root:[  257] Training loss: 0.32194147, Validation loss: 0.34134269, Gradient norm: 0.36165863
INFO:root:At the start of the epoch: mem (CPU python)=20662.13671875MB; mem (CPU total)=23258.7421875MB
INFO:root:[  258] Training loss: 0.32170956, Validation loss: 0.34119561, Gradient norm: 0.36122818
INFO:root:At the start of the epoch: mem (CPU python)=20683.3046875MB; mem (CPU total)=25693.23828125MB
INFO:root:[  259] Training loss: 0.32172852, Validation loss: 0.34094286, Gradient norm: 0.34425765
INFO:root:At the start of the epoch: mem (CPU python)=20704.46875MB; mem (CPU total)=25803.546875MB
INFO:root:[  260] Training loss: 0.32142171, Validation loss: 0.34166236, Gradient norm: 0.33170608
INFO:root:At the start of the epoch: mem (CPU python)=20725.6328125MB; mem (CPU total)=25914.96484375MB
INFO:root:[  261] Training loss: 0.32208067, Validation loss: 0.34247314, Gradient norm: 0.36308452
INFO:root:At the start of the epoch: mem (CPU python)=20746.796875MB; mem (CPU total)=26027.6484375MB
INFO:root:[  262] Training loss: 0.32133261, Validation loss: 0.34137331, Gradient norm: 0.34702213
INFO:root:At the start of the epoch: mem (CPU python)=20767.9609375MB; mem (CPU total)=26140.82421875MB
INFO:root:[  263] Training loss: 0.32140563, Validation loss: 0.34210516, Gradient norm: 0.36803801
INFO:root:At the start of the epoch: mem (CPU python)=20789.12109375MB; mem (CPU total)=26209.66015625MB
INFO:root:[  264] Training loss: 0.32206766, Validation loss: 0.34136383, Gradient norm: 0.34208246
INFO:root:At the start of the epoch: mem (CPU python)=20810.2890625MB; mem (CPU total)=26368.828125MB
INFO:root:[  265] Training loss: 0.32131408, Validation loss: 0.34106675, Gradient norm: 0.34847209
INFO:root:At the start of the epoch: mem (CPU python)=20831.453125MB; mem (CPU total)=26436.24609375MB
INFO:root:[  266] Training loss: 0.32129290, Validation loss: 0.34112046, Gradient norm: 0.34964853
INFO:root:At the start of the epoch: mem (CPU python)=20852.61328125MB; mem (CPU total)=26596.68359375MB
INFO:root:[  267] Training loss: 0.32115096, Validation loss: 0.34172740, Gradient norm: 0.35402298
INFO:root:At the start of the epoch: mem (CPU python)=20873.77734375MB; mem (CPU total)=26709.640625MB
INFO:root:[  268] Training loss: 0.32121907, Validation loss: 0.34039040, Gradient norm: 0.36067872
INFO:root:At the start of the epoch: mem (CPU python)=20894.9453125MB; mem (CPU total)=26819.17578125MB
INFO:root:[  269] Training loss: 0.32128768, Validation loss: 0.34110149, Gradient norm: 0.36257715
INFO:root:At the start of the epoch: mem (CPU python)=20916.10546875MB; mem (CPU total)=26936.5625MB
INFO:root:[  270] Training loss: 0.32183855, Validation loss: 0.34137027, Gradient norm: 0.34604375
INFO:root:At the start of the epoch: mem (CPU python)=20937.2734375MB; mem (CPU total)=27044.13671875MB
INFO:root:[  271] Training loss: 0.32113850, Validation loss: 0.34119801, Gradient norm: 0.35628408
INFO:root:At the start of the epoch: mem (CPU python)=20958.4375MB; mem (CPU total)=27112.9921875MB
INFO:root:[  272] Training loss: 0.32089963, Validation loss: 0.34040860, Gradient norm: 0.34252652
INFO:root:At the start of the epoch: mem (CPU python)=20979.6015625MB; mem (CPU total)=27270.296875MB
INFO:root:[  273] Training loss: 0.32118069, Validation loss: 0.34045406, Gradient norm: 0.33915400
INFO:root:At the start of the epoch: mem (CPU python)=21000.765625MB; mem (CPU total)=27384.94140625MB
INFO:root:[  274] Training loss: 0.32142001, Validation loss: 0.34166472, Gradient norm: 0.35357724
INFO:root:At the start of the epoch: mem (CPU python)=21021.9296875MB; mem (CPU total)=27497.9296875MB
INFO:root:[  275] Training loss: 0.32108176, Validation loss: 0.34022581, Gradient norm: 0.35584505
INFO:root:At the start of the epoch: mem (CPU python)=21043.09375MB; mem (CPU total)=27609.5546875MB
INFO:root:[  276] Training loss: 0.32047366, Validation loss: 0.33991770, Gradient norm: 0.33295671
INFO:root:At the start of the epoch: mem (CPU python)=21064.2578125MB; mem (CPU total)=27721.2734375MB
INFO:root:[  277] Training loss: 0.32067761, Validation loss: 0.34085845, Gradient norm: 0.35089706
INFO:root:At the start of the epoch: mem (CPU python)=21085.421875MB; mem (CPU total)=27838.52734375MB
INFO:root:[  278] Training loss: 0.32128411, Validation loss: 0.34031622, Gradient norm: 0.34038441
INFO:root:At the start of the epoch: mem (CPU python)=21106.5859375MB; mem (CPU total)=27894.9375MB
INFO:root:[  279] Training loss: 0.32132338, Validation loss: 0.34048523, Gradient norm: 0.37832867
INFO:root:At the start of the epoch: mem (CPU python)=21127.75MB; mem (CPU total)=28055.2734375MB
INFO:root:[  280] Training loss: 0.32119267, Validation loss: 0.34143231, Gradient norm: 0.36386701
INFO:root:At the start of the epoch: mem (CPU python)=21148.9140625MB; mem (CPU total)=28164.5MB
INFO:root:[  281] Training loss: 0.32017921, Validation loss: 0.33994218, Gradient norm: 0.34548952
INFO:root:At the start of the epoch: mem (CPU python)=21170.08203125MB; mem (CPU total)=28279.9765625MB
INFO:root:[  282] Training loss: 0.32096798, Validation loss: 0.34029865, Gradient norm: 0.33471717
INFO:root:At the start of the epoch: mem (CPU python)=21191.24609375MB; mem (CPU total)=28388.06640625MB
INFO:root:[  283] Training loss: 0.32073121, Validation loss: 0.34065832, Gradient norm: 0.35212837
INFO:root:At the start of the epoch: mem (CPU python)=21212.41015625MB; mem (CPU total)=28503.29296875MB
INFO:root:[  284] Training loss: 0.32054718, Validation loss: 0.34066020, Gradient norm: 0.32212889
INFO:root:At the start of the epoch: mem (CPU python)=21233.57421875MB; mem (CPU total)=28613.765625MB
INFO:root:[  285] Training loss: 0.32113542, Validation loss: 0.33995631, Gradient norm: 0.34633004
INFO:root:At the start of the epoch: mem (CPU python)=21254.734375MB; mem (CPU total)=28722.8125MB
INFO:root:EP 285: Early stopping
INFO:root:After finishing all epochs: mem (CPU python)=21275.90234375MB; mem (CPU total)=28810.4921875MB
INFO:root:Training the model took 15056.316s.
INFO:root:Emptying the cuda cache took 0.053s.
INFO:root:Starting evaluation: model SFNO & uncertainty quantification deterministic
INFO:root:Evaluating the model on Validation data.
INFO:root:MSEValidation: 0.39488
INFO:root:EnergyScoreValidation: 0.39488
INFO:root:CRPSValidation: 0.16068
INFO:root:Gaussian NLLValidation: 26248570331.81046
INFO:root:CoverageValidation: 0.0
INFO:root:IntervalWidthValidation: 0.0
INFO:root:Evaluating the model on Test data.
INFO:root:MSETest: 0.32008
INFO:root:EnergyScoreTest: 0.31526
INFO:root:CRPSTest: 0.12668
INFO:root:Gaussian NLLTest: 17381911150.59201
INFO:root:CoverageTest: 0.0
INFO:root:IntervalWidthTest: 0.0
INFO:root:After validation: mem (CPU python)=21282.58203125MB; mem (CPU total)=29507.4375MB
