INFO:root:Starting the logger.
INFO:root:Using cuda.
INFO:root:: mem (CPU python)=577.84765625MB; mem (CPU total)=9431.5625MB
INFO:root:############### Starting experiment with config file sswe/sfno_deterministic_2_1.ini ###############
INFO:root:###1 out of 1 data set parameter combinations ###
INFO:root:Data parameters: {'dataset_name': 'SSWE', 'max_training_set_size': 5000, 'pred_horizon': 1, 'train_horizon': 2, 'stepwise_evaluation': False}
INFO:root:After loading the datasets: mem (CPU python)=588.96484375MB; mem (CPU total)=9438.8203125MB
INFO:root:###1 out of 3 training parameter combinations ###
INFO:root:Training parameters: {'seed': 1, 'model': 'SFNO', 'uncertainty_quantification': 'deterministic', 'batch_size': 32, 'n_epochs': 1000, 'early_stopping': 10, 'init': 'default', 'learning_rate': 0.005, 'lr_schedule': 'step', 'optimizer': 'adam', 'gradient_clipping': 1, 'layer_normalization': True, 'data_loader_pin_memory': False, 'data_loader_num_workers': 0, 'distributed_training': False, 'alpha': 0.05, 'n_samples_uq': 100, 'weight_decay': 0, 'dropout': 0.001, 'fourier_dropout': None, 'hidden_channels': 32, 'projection_channels': 256, 'lifting_channels': 256, 'n_modes': (32, 32), 'n_samples': 3}
INFO:root:After creating the dataloaders: mem (CPU python)=590.18359375MB; mem (CPU total)=9438.57421875MB
INFO:root:NumberParameters: 284835
INFO:root:GPU memory allocated: 2097152
INFO:root:After setting up the model: mem (CPU python)=2108.71484375MB; mem (CPU total)=10718.2890625MB
INFO:root:Training starts now.
INFO:root:At the start of the epoch: mem (CPU python)=2118.2421875MB; mem (CPU total)=10727.7890625MB
INFO:root:[    1] Training loss: 0.83105891, Validation loss: 0.73638595, Gradient norm: 0.56746883
INFO:root:At the start of the epoch: mem (CPU python)=3078.3984375MB; mem (CPU total)=11470.76171875MB
INFO:root:[    2] Training loss: 0.73300277, Validation loss: 0.73109778, Gradient norm: 0.27494331
INFO:root:At the start of the epoch: mem (CPU python)=3101.171875MB; mem (CPU total)=11533.37109375MB
INFO:root:[    3] Training loss: 0.72516747, Validation loss: 0.71500515, Gradient norm: 0.28172725
INFO:root:At the start of the epoch: mem (CPU python)=3125.51953125MB; mem (CPU total)=11592.1484375MB
INFO:root:[    4] Training loss: 0.68348995, Validation loss: 0.64253017, Gradient norm: 0.40056759
INFO:root:At the start of the epoch: mem (CPU python)=3148.59375MB; mem (CPU total)=11651.6796875MB
INFO:root:[    5] Training loss: 0.61453222, Validation loss: 0.58990096, Gradient norm: 0.47859095
INFO:root:At the start of the epoch: mem (CPU python)=3170.44921875MB; mem (CPU total)=11709.28125MB
INFO:root:[    6] Training loss: 0.58183252, Validation loss: 0.57169926, Gradient norm: 0.36075003
INFO:root:At the start of the epoch: mem (CPU python)=3191.6328125MB; mem (CPU total)=11767.55078125MB
INFO:root:[    7] Training loss: 0.56695204, Validation loss: 0.56754223, Gradient norm: 0.42080526
INFO:root:At the start of the epoch: mem (CPU python)=3212.81640625MB; mem (CPU total)=11827.59765625MB
INFO:root:[    8] Training loss: 0.55421019, Validation loss: 0.54721822, Gradient norm: 0.37404125
INFO:root:At the start of the epoch: mem (CPU python)=3234.01171875MB; mem (CPU total)=11887.3984375MB
INFO:root:[    9] Training loss: 0.54421716, Validation loss: 0.53715488, Gradient norm: 0.38625263
INFO:root:At the start of the epoch: mem (CPU python)=3253.86328125MB; mem (CPU total)=11946.0078125MB
INFO:root:[   10] Training loss: 0.53654601, Validation loss: 0.53229119, Gradient norm: 0.35922394
INFO:root:At the start of the epoch: mem (CPU python)=3276.0625MB; mem (CPU total)=12004.125MB
INFO:root:[   11] Training loss: 0.52036478, Validation loss: 0.50410819, Gradient norm: 0.40651494
INFO:root:At the start of the epoch: mem (CPU python)=3297.2265625MB; mem (CPU total)=12064.84765625MB
INFO:root:[   12] Training loss: 0.50082681, Validation loss: 0.49398718, Gradient norm: 0.42154593
INFO:root:At the start of the epoch: mem (CPU python)=3319.05078125MB; mem (CPU total)=12125.01171875MB
INFO:root:[   13] Training loss: 0.48994398, Validation loss: 0.48034452, Gradient norm: 0.44812001
INFO:root:At the start of the epoch: mem (CPU python)=3339.4375MB; mem (CPU total)=12184.06640625MB
INFO:root:[   14] Training loss: 0.47785140, Validation loss: 0.46750252, Gradient norm: 0.45911397
INFO:root:At the start of the epoch: mem (CPU python)=3359.5625MB; mem (CPU total)=12242.19140625MB
INFO:root:[   15] Training loss: 0.46353420, Validation loss: 0.45152301, Gradient norm: 0.49869856
INFO:root:At the start of the epoch: mem (CPU python)=3381.73046875MB; mem (CPU total)=12303.03515625MB
INFO:root:[   16] Training loss: 0.44847342, Validation loss: 0.43653329, Gradient norm: 0.52831345
INFO:root:At the start of the epoch: mem (CPU python)=3403.34765625MB; mem (CPU total)=12361.9140625MB
INFO:root:[   17] Training loss: 0.43695929, Validation loss: 0.43012482, Gradient norm: 0.47090173
INFO:root:At the start of the epoch: mem (CPU python)=3425.38671875MB; mem (CPU total)=12425.32421875MB
INFO:root:[   18] Training loss: 0.43145950, Validation loss: 0.42401329, Gradient norm: 0.52756768
INFO:root:At the start of the epoch: mem (CPU python)=3446.5546875MB; mem (CPU total)=12483.3671875MB
INFO:root:[   19] Training loss: 0.42574483, Validation loss: 0.42204138, Gradient norm: 0.50836879
INFO:root:At the start of the epoch: mem (CPU python)=3468.09765625MB; mem (CPU total)=12541.6484375MB
INFO:root:[   20] Training loss: 0.42069191, Validation loss: 0.41563892, Gradient norm: 0.48367749
INFO:root:At the start of the epoch: mem (CPU python)=3489.2734375MB; mem (CPU total)=12601.69140625MB
INFO:root:[   21] Training loss: 0.41760773, Validation loss: 0.41081752, Gradient norm: 0.49988276
INFO:root:At the start of the epoch: mem (CPU python)=3510.5625MB; mem (CPU total)=12661.65234375MB
INFO:root:[   22] Training loss: 0.41346690, Validation loss: 0.40777465, Gradient norm: 0.48350842
INFO:root:At the start of the epoch: mem (CPU python)=3531.62109375MB; mem (CPU total)=12721.0MB
INFO:root:[   23] Training loss: 0.41024194, Validation loss: 0.40392268, Gradient norm: 0.48388567
INFO:root:At the start of the epoch: mem (CPU python)=3552.79296875MB; mem (CPU total)=12780.2109375MB
INFO:root:[   24] Training loss: 0.40726960, Validation loss: 0.40155974, Gradient norm: 0.48858802
INFO:root:At the start of the epoch: mem (CPU python)=3572.46875MB; mem (CPU total)=12838.984375MB
INFO:root:[   25] Training loss: 0.40459519, Validation loss: 0.40000266, Gradient norm: 0.47526090
INFO:root:At the start of the epoch: mem (CPU python)=3594.63671875MB; mem (CPU total)=12900.51171875MB
INFO:root:[   26] Training loss: 0.40192940, Validation loss: 0.39518490, Gradient norm: 0.48705608
INFO:root:At the start of the epoch: mem (CPU python)=3616.35546875MB; mem (CPU total)=12958.74609375MB
INFO:root:[   27] Training loss: 0.39958187, Validation loss: 0.39183170, Gradient norm: 0.48711212
INFO:root:At the start of the epoch: mem (CPU python)=3637.08984375MB; mem (CPU total)=13018.49609375MB
INFO:root:[   28] Training loss: 0.39812674, Validation loss: 0.39208964, Gradient norm: 0.50615850
INFO:root:At the start of the epoch: mem (CPU python)=3659.09765625MB; mem (CPU total)=13079.1875MB
INFO:root:[   29] Training loss: 0.39485562, Validation loss: 0.39216575, Gradient norm: 0.50422328
INFO:root:At the start of the epoch: mem (CPU python)=3679.2109375MB; mem (CPU total)=13137.33203125MB
INFO:root:[   30] Training loss: 0.39313949, Validation loss: 0.38704034, Gradient norm: 0.48468594
INFO:root:At the start of the epoch: mem (CPU python)=3702.44140625MB; mem (CPU total)=13199.72265625MB
INFO:root:[   31] Training loss: 0.39126519, Validation loss: 0.38648220, Gradient norm: 0.49198413
INFO:root:At the start of the epoch: mem (CPU python)=3721.48046875MB; mem (CPU total)=13257.6875MB
INFO:root:[   32] Training loss: 0.38920169, Validation loss: 0.38399420, Gradient norm: 0.49490166
INFO:root:At the start of the epoch: mem (CPU python)=3744.15234375MB; mem (CPU total)=13271.71484375MB
INFO:root:[   33] Training loss: 0.38736047, Validation loss: 0.38645733, Gradient norm: 0.47700993
INFO:root:At the start of the epoch: mem (CPU python)=3765.4296875MB; mem (CPU total)=13382.08203125MB
INFO:root:[   34] Training loss: 0.38600164, Validation loss: 0.38274193, Gradient norm: 0.52598559
INFO:root:At the start of the epoch: mem (CPU python)=3787.30078125MB; mem (CPU total)=13443.27734375MB
INFO:root:[   35] Training loss: 0.38332726, Validation loss: 0.37845830, Gradient norm: 0.50441025
INFO:root:At the start of the epoch: mem (CPU python)=3807.83203125MB; mem (CPU total)=13503.515625MB
INFO:root:[   36] Training loss: 0.38140372, Validation loss: 0.37622672, Gradient norm: 0.49540529
INFO:root:At the start of the epoch: mem (CPU python)=3830.078125MB; mem (CPU total)=13562.58203125MB
INFO:root:[   37] Training loss: 0.37945095, Validation loss: 0.37429146, Gradient norm: 0.51113858
INFO:root:At the start of the epoch: mem (CPU python)=3851.2265625MB; mem (CPU total)=13624.390625MB
INFO:root:[   38] Training loss: 0.37679462, Validation loss: 0.36875975, Gradient norm: 0.53321899
INFO:root:At the start of the epoch: mem (CPU python)=3873.58203125MB; mem (CPU total)=13685.8046875MB
INFO:root:[   39] Training loss: 0.37356193, Validation loss: 0.36753109, Gradient norm: 0.52347364
INFO:root:At the start of the epoch: mem (CPU python)=3895.0703125MB; mem (CPU total)=13745.953125MB
INFO:root:[   40] Training loss: 0.37028099, Validation loss: 0.36446092, Gradient norm: 0.52833666
INFO:root:At the start of the epoch: mem (CPU python)=3916.33984375MB; mem (CPU total)=13806.01171875MB
INFO:root:[   41] Training loss: 0.36695569, Validation loss: 0.36257570, Gradient norm: 0.50192515
INFO:root:At the start of the epoch: mem (CPU python)=3937.51171875MB; mem (CPU total)=13865.546875MB
INFO:root:[   42] Training loss: 0.36411997, Validation loss: 0.36269180, Gradient norm: 0.54781351
INFO:root:At the start of the epoch: mem (CPU python)=3958.71484375MB; mem (CPU total)=13927.35546875MB
INFO:root:[   43] Training loss: 0.36208979, Validation loss: 0.35446914, Gradient norm: 0.55889539
INFO:root:At the start of the epoch: mem (CPU python)=3980.66015625MB; mem (CPU total)=13988.65234375MB
INFO:root:[   44] Training loss: 0.35965773, Validation loss: 0.35578370, Gradient norm: 0.54443996
INFO:root:At the start of the epoch: mem (CPU python)=4002.04296875MB; mem (CPU total)=14048.84375MB
INFO:root:[   45] Training loss: 0.35661431, Validation loss: 0.35158334, Gradient norm: 0.54083995
INFO:root:At the start of the epoch: mem (CPU python)=4023.703125MB; mem (CPU total)=14108.1640625MB
INFO:root:[   46] Training loss: 0.35391702, Validation loss: 0.34943470, Gradient norm: 0.54324067
INFO:root:At the start of the epoch: mem (CPU python)=4044.87109375MB; mem (CPU total)=14166.7421875MB
INFO:root:[   47] Training loss: 0.35322166, Validation loss: 0.34658645, Gradient norm: 0.60100892
INFO:root:At the start of the epoch: mem (CPU python)=4066.0546875MB; mem (CPU total)=14227.29296875MB
INFO:root:[   48] Training loss: 0.35010568, Validation loss: 0.34572370, Gradient norm: 0.56865564
INFO:root:At the start of the epoch: mem (CPU python)=4087.22265625MB; mem (CPU total)=14287.34765625MB
INFO:root:[   49] Training loss: 0.34725558, Validation loss: 0.34124953, Gradient norm: 0.56357742
INFO:root:At the start of the epoch: mem (CPU python)=4108.80859375MB; mem (CPU total)=14341.9453125MB
INFO:root:[   50] Training loss: 0.34460317, Validation loss: 0.33804100, Gradient norm: 0.54259734
INFO:root:At the start of the epoch: mem (CPU python)=4130.69140625MB; mem (CPU total)=14405.94140625MB
INFO:root:[   51] Training loss: 0.34388164, Validation loss: 0.33976232, Gradient norm: 0.59960657
INFO:root:At the start of the epoch: mem (CPU python)=4151.85546875MB; mem (CPU total)=14464.76953125MB
INFO:root:[   52] Training loss: 0.34223301, Validation loss: 0.33968159, Gradient norm: 0.60589939
INFO:root:At the start of the epoch: mem (CPU python)=4173.02734375MB; mem (CPU total)=14523.84375MB
INFO:root:[   53] Training loss: 0.33925383, Validation loss: 0.33353118, Gradient norm: 0.55704469
INFO:root:At the start of the epoch: mem (CPU python)=4194.203125MB; mem (CPU total)=14587.34765625MB
INFO:root:[   54] Training loss: 0.33781639, Validation loss: 0.33167300, Gradient norm: 0.59148964
INFO:root:At the start of the epoch: mem (CPU python)=4215.375MB; mem (CPU total)=14648.38671875MB
INFO:root:[   55] Training loss: 0.33688873, Validation loss: 0.33087331, Gradient norm: 0.61867710
INFO:root:At the start of the epoch: mem (CPU python)=4236.55078125MB; mem (CPU total)=14706.23046875MB
INFO:root:[   56] Training loss: 0.33524273, Validation loss: 0.33085966, Gradient norm: 0.60308440
INFO:root:At the start of the epoch: mem (CPU python)=4257.71484375MB; mem (CPU total)=14767.5703125MB
INFO:root:[   57] Training loss: 0.33250651, Validation loss: 0.33023913, Gradient norm: 0.56837137
INFO:root:At the start of the epoch: mem (CPU python)=4278.88671875MB; mem (CPU total)=14829.19140625MB
INFO:root:[   58] Training loss: 0.33152166, Validation loss: 0.32664054, Gradient norm: 0.58152581
INFO:root:At the start of the epoch: mem (CPU python)=4300.0625MB; mem (CPU total)=14891.36328125MB
INFO:root:[   59] Training loss: 0.33120120, Validation loss: 0.32806561, Gradient norm: 0.61426723
INFO:root:At the start of the epoch: mem (CPU python)=4321.23046875MB; mem (CPU total)=14951.31640625MB
INFO:root:[   60] Training loss: 0.33088574, Validation loss: 0.32380016, Gradient norm: 0.62069031
INFO:root:At the start of the epoch: mem (CPU python)=4342.40234375MB; mem (CPU total)=15011.62109375MB
INFO:root:[   61] Training loss: 0.32901324, Validation loss: 0.32285260, Gradient norm: 0.61871327
INFO:root:At the start of the epoch: mem (CPU python)=4363.5703125MB; mem (CPU total)=15073.0859375MB
INFO:root:[   62] Training loss: 0.32636008, Validation loss: 0.32309965, Gradient norm: 0.60486310
INFO:root:At the start of the epoch: mem (CPU python)=4384.74609375MB; mem (CPU total)=15133.66796875MB
INFO:root:[   63] Training loss: 0.32514098, Validation loss: 0.32015370, Gradient norm: 0.58364608
INFO:root:At the start of the epoch: mem (CPU python)=4406.9609375MB; mem (CPU total)=15197.91796875MB
INFO:root:[   64] Training loss: 0.32452985, Validation loss: 0.32172589, Gradient norm: 0.59591923
INFO:root:At the start of the epoch: mem (CPU python)=4428.59765625MB; mem (CPU total)=15260.43359375MB
INFO:root:[   65] Training loss: 0.32402321, Validation loss: 0.32143482, Gradient norm: 0.61796884
INFO:root:At the start of the epoch: mem (CPU python)=4449.890625MB; mem (CPU total)=15319.50390625MB
INFO:root:[   66] Training loss: 0.32239043, Validation loss: 0.32333039, Gradient norm: 0.61794318
INFO:root:At the start of the epoch: mem (CPU python)=4472.18359375MB; mem (CPU total)=15379.06640625MB
INFO:root:[   67] Training loss: 0.32127221, Validation loss: 0.31604678, Gradient norm: 0.61103441
INFO:root:At the start of the epoch: mem (CPU python)=4493.359375MB; mem (CPU total)=15439.64453125MB
INFO:root:[   68] Training loss: 0.32058116, Validation loss: 0.31946024, Gradient norm: 0.64211595
INFO:root:At the start of the epoch: mem (CPU python)=4514.5234375MB; mem (CPU total)=15499.91015625MB
INFO:root:[   69] Training loss: 0.31916113, Validation loss: 0.31923227, Gradient norm: 0.63706057
INFO:root:At the start of the epoch: mem (CPU python)=4535.69921875MB; mem (CPU total)=15560.70703125MB
INFO:root:[   70] Training loss: 0.31770545, Validation loss: 0.32633419, Gradient norm: 0.61784435
INFO:root:At the start of the epoch: mem (CPU python)=4556.765625MB; mem (CPU total)=15607.10546875MB
INFO:root:[   71] Training loss: 0.31738524, Validation loss: 0.31538022, Gradient norm: 0.62578310
INFO:root:At the start of the epoch: mem (CPU python)=4577.453125MB; mem (CPU total)=15661.2265625MB
INFO:root:[   72] Training loss: 0.31663385, Validation loss: 0.31576612, Gradient norm: 0.63910043
INFO:root:At the start of the epoch: mem (CPU python)=4599.20703125MB; mem (CPU total)=15715.1640625MB
INFO:root:[   73] Training loss: 0.31582243, Validation loss: 0.31304382, Gradient norm: 0.63126395
INFO:root:At the start of the epoch: mem (CPU python)=4620.3828125MB; mem (CPU total)=15768.36328125MB
INFO:root:[   74] Training loss: 0.31473024, Validation loss: 0.31367794, Gradient norm: 0.65189840
INFO:root:At the start of the epoch: mem (CPU python)=4641.9765625MB; mem (CPU total)=15821.296875MB
INFO:root:[   75] Training loss: 0.31389589, Validation loss: 0.31380909, Gradient norm: 0.64105121
INFO:root:At the start of the epoch: mem (CPU python)=4663.48046875MB; mem (CPU total)=15875.41796875MB
INFO:root:[   76] Training loss: 0.31286892, Validation loss: 0.31255685, Gradient norm: 0.64933173
INFO:root:At the start of the epoch: mem (CPU python)=4684.6484375MB; mem (CPU total)=15926.89453125MB
INFO:root:[   77] Training loss: 0.31172564, Validation loss: 0.31051743, Gradient norm: 0.58955565
INFO:root:At the start of the epoch: mem (CPU python)=4705.8203125MB; mem (CPU total)=15980.48046875MB
INFO:root:[   78] Training loss: 0.31126647, Validation loss: 0.31090911, Gradient norm: 0.64243341
INFO:root:At the start of the epoch: mem (CPU python)=4727.8515625MB; mem (CPU total)=16034.37890625MB
INFO:root:[   79] Training loss: 0.31087899, Validation loss: 0.31089168, Gradient norm: 0.60842048
INFO:root:At the start of the epoch: mem (CPU python)=4748.80859375MB; mem (CPU total)=16087.98828125MB
INFO:root:[   80] Training loss: 0.30923655, Validation loss: 0.30898412, Gradient norm: 0.63459634
INFO:root:At the start of the epoch: mem (CPU python)=4768.73046875MB; mem (CPU total)=16139.51953125MB
INFO:root:[   81] Training loss: 0.30929031, Validation loss: 0.31152125, Gradient norm: 0.66788540
INFO:root:At the start of the epoch: mem (CPU python)=4790.51171875MB; mem (CPU total)=16191.45703125MB
INFO:root:[   82] Training loss: 0.30822034, Validation loss: 0.30977708, Gradient norm: 0.61771846
INFO:root:At the start of the epoch: mem (CPU python)=4812.0625MB; mem (CPU total)=16243.45703125MB
INFO:root:[   83] Training loss: 0.30710576, Validation loss: 0.30859391, Gradient norm: 0.61176724
INFO:root:At the start of the epoch: mem (CPU python)=4833.7734375MB; mem (CPU total)=16298.31640625MB
INFO:root:[   84] Training loss: 0.30685220, Validation loss: 0.30608495, Gradient norm: 0.65320152
INFO:root:At the start of the epoch: mem (CPU python)=4854.02734375MB; mem (CPU total)=16349.26953125MB
INFO:root:[   85] Training loss: 0.30673693, Validation loss: 0.30913224, Gradient norm: 0.68808856
INFO:root:At the start of the epoch: mem (CPU python)=4875.35546875MB; mem (CPU total)=16403.81640625MB
INFO:root:[   86] Training loss: 0.30541598, Validation loss: 0.30636500, Gradient norm: 0.65269469
INFO:root:At the start of the epoch: mem (CPU python)=4896.7734375MB; mem (CPU total)=16416.0859375MB
INFO:root:[   87] Training loss: 0.30446794, Validation loss: 0.30721054, Gradient norm: 0.62875308
INFO:root:At the start of the epoch: mem (CPU python)=4917.26953125MB; mem (CPU total)=16466.5390625MB
INFO:root:[   88] Training loss: 0.30471468, Validation loss: 0.30561951, Gradient norm: 0.64609083
INFO:root:At the start of the epoch: mem (CPU python)=4938.91796875MB; mem (CPU total)=16562.2265625MB
INFO:root:[   89] Training loss: 0.30347051, Validation loss: 0.30945677, Gradient norm: 0.63472784
INFO:root:At the start of the epoch: mem (CPU python)=4960.328125MB; mem (CPU total)=16613.91796875MB
INFO:root:[   90] Training loss: 0.30347389, Validation loss: 0.30466847, Gradient norm: 0.68100264
INFO:root:At the start of the epoch: mem (CPU python)=4980.5859375MB; mem (CPU total)=16666.53125MB
INFO:root:[   91] Training loss: 0.30288823, Validation loss: 0.30824660, Gradient norm: 0.66738843
INFO:root:At the start of the epoch: mem (CPU python)=5002.68359375MB; mem (CPU total)=16719.20703125MB
INFO:root:[   92] Training loss: 0.30316090, Validation loss: 0.30587840, Gradient norm: 0.66026818
INFO:root:At the start of the epoch: mem (CPU python)=5024.37109375MB; mem (CPU total)=16773.6953125MB
INFO:root:[   93] Training loss: 0.30155192, Validation loss: 0.30359835, Gradient norm: 0.65952791
INFO:root:At the start of the epoch: mem (CPU python)=5044.44921875MB; mem (CPU total)=16824.42578125MB
INFO:root:[   94] Training loss: 0.30097085, Validation loss: 0.30465297, Gradient norm: 0.60716944
INFO:root:At the start of the epoch: mem (CPU python)=5067.359375MB; mem (CPU total)=16876.6015625MB
INFO:root:[   95] Training loss: 0.30018141, Validation loss: 0.30258015, Gradient norm: 0.63198879
INFO:root:At the start of the epoch: mem (CPU python)=5089.0625MB; mem (CPU total)=16934.69140625MB
INFO:root:[   96] Training loss: 0.30029272, Validation loss: 0.30453537, Gradient norm: 0.68327725
INFO:root:At the start of the epoch: mem (CPU python)=5108.99609375MB; mem (CPU total)=16985.8203125MB
INFO:root:[   97] Training loss: 0.29984857, Validation loss: 0.30254374, Gradient norm: 0.63135007
INFO:root:At the start of the epoch: mem (CPU python)=5130.66015625MB; mem (CPU total)=17041.59375MB
INFO:root:[   98] Training loss: 0.29922007, Validation loss: 0.30382604, Gradient norm: 0.69557855
INFO:root:At the start of the epoch: mem (CPU python)=5151.78515625MB; mem (CPU total)=17094.6015625MB
INFO:root:[   99] Training loss: 0.29866314, Validation loss: 0.30331116, Gradient norm: 0.63371674
INFO:root:At the start of the epoch: mem (CPU python)=5173.26171875MB; mem (CPU total)=17145.85546875MB
INFO:root:[  100] Training loss: 0.29866803, Validation loss: 0.30570109, Gradient norm: 0.67031448
INFO:root:At the start of the epoch: mem (CPU python)=5195.34375MB; mem (CPU total)=17200.546875MB
INFO:root:[  101] Training loss: 0.29806955, Validation loss: 0.30614492, Gradient norm: 0.67614852
INFO:root:At the start of the epoch: mem (CPU python)=5217.29296875MB; mem (CPU total)=17256.14453125MB
INFO:root:[  102] Training loss: 0.29835905, Validation loss: 0.30428168, Gradient norm: 0.70384109
INFO:root:At the start of the epoch: mem (CPU python)=5237.9296875MB; mem (CPU total)=17308.04296875MB
INFO:root:[  103] Training loss: 0.29636728, Validation loss: 0.30157254, Gradient norm: 0.68016113
INFO:root:At the start of the epoch: mem (CPU python)=5259.76171875MB; mem (CPU total)=17360.2265625MB
INFO:root:[  104] Training loss: 0.29712379, Validation loss: 0.30130081, Gradient norm: 0.63823073
INFO:root:At the start of the epoch: mem (CPU python)=5279.921875MB; mem (CPU total)=17415.60546875MB
INFO:root:[  105] Training loss: 0.29661338, Validation loss: 0.29996113, Gradient norm: 0.70390870
INFO:root:At the start of the epoch: mem (CPU python)=5302.12109375MB; mem (CPU total)=17467.65625MB
INFO:root:[  106] Training loss: 0.29605343, Validation loss: 0.30079843, Gradient norm: 0.67648750
INFO:root:At the start of the epoch: mem (CPU python)=5321.33203125MB; mem (CPU total)=17501.30859375MB
INFO:root:[  107] Training loss: 0.29548085, Validation loss: 0.30075816, Gradient norm: 0.63999219
INFO:root:At the start of the epoch: mem (CPU python)=5345.94921875MB; mem (CPU total)=17551.70703125MB
INFO:root:[  108] Training loss: 0.29378799, Validation loss: 0.30093889, Gradient norm: 0.63610576
INFO:root:At the start of the epoch: mem (CPU python)=5365.51171875MB; mem (CPU total)=17595.3359375MB
INFO:root:[  109] Training loss: 0.29583314, Validation loss: 0.29885357, Gradient norm: 0.80072254
INFO:root:At the start of the epoch: mem (CPU python)=5386.234375MB; mem (CPU total)=17639.640625MB
INFO:root:[  110] Training loss: 0.29310832, Validation loss: 0.29955181, Gradient norm: 0.62695339
INFO:root:At the start of the epoch: mem (CPU python)=5407.88671875MB; mem (CPU total)=17686.00390625MB
INFO:root:[  111] Training loss: 0.29247061, Validation loss: 0.29718889, Gradient norm: 0.66756812
INFO:root:At the start of the epoch: mem (CPU python)=5429.7109375MB; mem (CPU total)=17734.09375MB
INFO:root:[  112] Training loss: 0.29254227, Validation loss: 0.29887969, Gradient norm: 0.71763907
INFO:root:At the start of the epoch: mem (CPU python)=5450.453125MB; mem (CPU total)=17776.828125MB
INFO:root:[  113] Training loss: 0.29260446, Validation loss: 0.30037572, Gradient norm: 0.74459163
INFO:root:At the start of the epoch: mem (CPU python)=5473.07421875MB; mem (CPU total)=17821.1953125MB
INFO:root:[  114] Training loss: 0.29066518, Validation loss: 0.29824768, Gradient norm: 0.68389033
INFO:root:At the start of the epoch: mem (CPU python)=5492.31640625MB; mem (CPU total)=17868.87890625MB
INFO:root:[  115] Training loss: 0.29056556, Validation loss: 0.29877460, Gradient norm: 0.64285642
INFO:root:At the start of the epoch: mem (CPU python)=5515.74609375MB; mem (CPU total)=17916.23046875MB
INFO:root:[  116] Training loss: 0.29031271, Validation loss: 0.29894894, Gradient norm: 0.73049585
INFO:root:At the start of the epoch: mem (CPU python)=5537.53125MB; mem (CPU total)=17961.23828125MB
INFO:root:[  117] Training loss: 0.28985673, Validation loss: 0.29821358, Gradient norm: 0.69037348
INFO:root:At the start of the epoch: mem (CPU python)=5558.7109375MB; mem (CPU total)=18006.98828125MB
INFO:root:Learning rate reduced to: 0.0025
INFO:root:[  118] Training loss: 0.28869835, Validation loss: 0.29669218, Gradient norm: 0.72803782
INFO:root:At the start of the epoch: mem (CPU python)=5579.8828125MB; mem (CPU total)=18052.734375MB
INFO:root:[  119] Training loss: 0.27931734, Validation loss: 0.28892885, Gradient norm: 0.37003812
INFO:root:At the start of the epoch: mem (CPU python)=5601.3984375MB; mem (CPU total)=18099.15625MB
INFO:root:[  120] Training loss: 0.27775544, Validation loss: 0.28848177, Gradient norm: 0.41963137
INFO:root:At the start of the epoch: mem (CPU python)=5622.5703125MB; mem (CPU total)=18145.09375MB
INFO:root:[  121] Training loss: 0.27822587, Validation loss: 0.28939323, Gradient norm: 0.42261545
INFO:root:At the start of the epoch: mem (CPU python)=5644.14453125MB; mem (CPU total)=18190.421875MB
INFO:root:[  122] Training loss: 0.27772882, Validation loss: 0.28758328, Gradient norm: 0.53311433
INFO:root:At the start of the epoch: mem (CPU python)=5665.3203125MB; mem (CPU total)=18235.8046875MB
INFO:root:[  123] Training loss: 0.27770777, Validation loss: 0.28701172, Gradient norm: 0.49471914
INFO:root:At the start of the epoch: mem (CPU python)=5686.484375MB; mem (CPU total)=18280.6328125MB
INFO:root:[  124] Training loss: 0.27670443, Validation loss: 0.28861526, Gradient norm: 0.50483143
INFO:root:At the start of the epoch: mem (CPU python)=5707.88671875MB; mem (CPU total)=18327.27734375MB
INFO:root:[  125] Training loss: 0.27708422, Validation loss: 0.28770573, Gradient norm: 0.53655670
INFO:root:At the start of the epoch: mem (CPU python)=5729.30859375MB; mem (CPU total)=18372.4765625MB
INFO:root:[  126] Training loss: 0.27646976, Validation loss: 0.28596495, Gradient norm: 0.56010991
INFO:root:At the start of the epoch: mem (CPU python)=5750.9609375MB; mem (CPU total)=18419.97265625MB
INFO:root:[  127] Training loss: 0.27613128, Validation loss: 0.28727701, Gradient norm: 0.56827662
INFO:root:At the start of the epoch: mem (CPU python)=5772.2578125MB; mem (CPU total)=18465.078125MB
INFO:root:[  128] Training loss: 0.27521281, Validation loss: 0.28568806, Gradient norm: 0.51957921
INFO:root:At the start of the epoch: mem (CPU python)=5793.84375MB; mem (CPU total)=18534.96875MB
INFO:root:[  129] Training loss: 0.27535268, Validation loss: 0.28773728, Gradient norm: 0.58726267
INFO:root:At the start of the epoch: mem (CPU python)=5815.015625MB; mem (CPU total)=18569.0625MB
INFO:root:[  130] Training loss: 0.27521462, Validation loss: 0.28686042, Gradient norm: 0.64044057
INFO:root:At the start of the epoch: mem (CPU python)=5836.31640625MB; mem (CPU total)=18603.61328125MB
INFO:root:[  131] Training loss: 0.27503141, Validation loss: 0.28683534, Gradient norm: 0.66375048
INFO:root:At the start of the epoch: mem (CPU python)=5858.1171875MB; mem (CPU total)=18638.4609375MB
INFO:root:[  132] Training loss: 0.27470629, Validation loss: 0.28602979, Gradient norm: 0.56510189
INFO:root:At the start of the epoch: mem (CPU python)=5880.28125MB; mem (CPU total)=18672.4609375MB
INFO:root:[  133] Training loss: 0.27430177, Validation loss: 0.28673897, Gradient norm: 0.62853581
INFO:root:At the start of the epoch: mem (CPU python)=5901.453125MB; mem (CPU total)=18706.5546875MB
INFO:root:[  134] Training loss: 0.27345523, Validation loss: 0.28674389, Gradient norm: 0.59824153
INFO:root:At the start of the epoch: mem (CPU python)=5922.62890625MB; mem (CPU total)=18740.9375MB
INFO:root:Learning rate reduced to: 0.00125
INFO:root:[  135] Training loss: 0.27397281, Validation loss: 0.28650134, Gradient norm: 0.57813750
INFO:root:At the start of the epoch: mem (CPU python)=5943.79296875MB; mem (CPU total)=18774.9140625MB
INFO:root:Learning rate reduced to: 0.000625
INFO:root:[  136] Training loss: 0.26847326, Validation loss: 0.28252885, Gradient norm: 0.31508670
INFO:root:At the start of the epoch: mem (CPU python)=5964.98046875MB; mem (CPU total)=18809.25390625MB
INFO:root:[  137] Training loss: 0.26623633, Validation loss: 0.28121107, Gradient norm: 0.25830626
INFO:root:At the start of the epoch: mem (CPU python)=5986.51171875MB; mem (CPU total)=18843.99609375MB
INFO:root:[  138] Training loss: 0.26593533, Validation loss: 0.28135500, Gradient norm: 0.24255111
INFO:root:At the start of the epoch: mem (CPU python)=6007.69140625MB; mem (CPU total)=18878.63671875MB
INFO:root:[  139] Training loss: 0.26575767, Validation loss: 0.28051415, Gradient norm: 0.25180493
INFO:root:At the start of the epoch: mem (CPU python)=6028.86328125MB; mem (CPU total)=18924.0625MB
INFO:root:[  140] Training loss: 0.26573409, Validation loss: 0.28137522, Gradient norm: 0.29211221
INFO:root:At the start of the epoch: mem (CPU python)=6050.03125MB; mem (CPU total)=18958.27734375MB
INFO:root:[  141] Training loss: 0.26506595, Validation loss: 0.28068340, Gradient norm: 0.25902086
INFO:root:At the start of the epoch: mem (CPU python)=6071.20703125MB; mem (CPU total)=18992.25MB
INFO:root:[  142] Training loss: 0.26554454, Validation loss: 0.28066275, Gradient norm: 0.28831311
INFO:root:At the start of the epoch: mem (CPU python)=6092.44921875MB; mem (CPU total)=19026.9921875MB
INFO:root:[  143] Training loss: 0.26453102, Validation loss: 0.28126215, Gradient norm: 0.27906774
INFO:root:At the start of the epoch: mem (CPU python)=6113.97265625MB; mem (CPU total)=19063.609375MB
INFO:root:[  144] Training loss: 0.26477734, Validation loss: 0.28029741, Gradient norm: 0.32810057
INFO:root:At the start of the epoch: mem (CPU python)=6135.46484375MB; mem (CPU total)=19096.09765625MB
INFO:root:[  145] Training loss: 0.26604012, Validation loss: 0.28238385, Gradient norm: 0.31529568
INFO:root:At the start of the epoch: mem (CPU python)=6156.640625MB; mem (CPU total)=19130.0703125MB
INFO:root:[  146] Training loss: 0.26569377, Validation loss: 0.28091670, Gradient norm: 0.31778936
INFO:root:At the start of the epoch: mem (CPU python)=6177.8125MB; mem (CPU total)=19164.5390625MB
INFO:root:[  147] Training loss: 0.26543791, Validation loss: 0.28019399, Gradient norm: 0.33731590
INFO:root:At the start of the epoch: mem (CPU python)=6198.984375MB; mem (CPU total)=19198.94140625MB
INFO:root:[  148] Training loss: 0.26494336, Validation loss: 0.28128091, Gradient norm: 0.33545143
INFO:root:At the start of the epoch: mem (CPU python)=6220.35546875MB; mem (CPU total)=19234.82421875MB
INFO:root:[  149] Training loss: 0.26514210, Validation loss: 0.28057443, Gradient norm: 0.30855053
INFO:root:At the start of the epoch: mem (CPU python)=6241.70703125MB; mem (CPU total)=19267.8125MB
INFO:root:[  150] Training loss: 0.26449812, Validation loss: 0.28023266, Gradient norm: 0.33980625
INFO:root:At the start of the epoch: mem (CPU python)=6262.8828125MB; mem (CPU total)=19303.24609375MB
INFO:root:[  151] Training loss: 0.26485992, Validation loss: 0.28105096, Gradient norm: 0.32396501
INFO:root:At the start of the epoch: mem (CPU python)=6284.29296875MB; mem (CPU total)=19339.3359375MB
INFO:root:[  152] Training loss: 0.26409230, Validation loss: 0.28085331, Gradient norm: 0.34210840
INFO:root:At the start of the epoch: mem (CPU python)=6305.59765625MB; mem (CPU total)=19372.671875MB
INFO:root:[  153] Training loss: 0.26513948, Validation loss: 0.28105538, Gradient norm: 0.35059458
INFO:root:At the start of the epoch: mem (CPU python)=6326.76953125MB; mem (CPU total)=19407.13671875MB
INFO:root:Learning rate reduced to: 0.0003125
INFO:root:[  154] Training loss: 0.26435655, Validation loss: 0.28121507, Gradient norm: 0.36322420
INFO:root:At the start of the epoch: mem (CPU python)=6348.3984375MB; mem (CPU total)=19441.05078125MB
INFO:root:Learning rate reduced to: 0.00015625
INFO:root:[  155] Training loss: 0.26249131, Validation loss: 0.27984218, Gradient norm: 0.25505904
INFO:root:At the start of the epoch: mem (CPU python)=6369.8671875MB; mem (CPU total)=19475.0234375MB
INFO:root:[  156] Training loss: 0.26201306, Validation loss: 0.27959994, Gradient norm: 0.19413271
INFO:root:At the start of the epoch: mem (CPU python)=6391.26953125MB; mem (CPU total)=19512.0546875MB
INFO:root:[  157] Training loss: 0.26176462, Validation loss: 0.27926022, Gradient norm: 0.19992401
INFO:root:At the start of the epoch: mem (CPU python)=6412.9609375MB; mem (CPU total)=19545.234375MB
INFO:root:[  158] Training loss: 0.26199145, Validation loss: 0.28033044, Gradient norm: 0.20540524
INFO:root:At the start of the epoch: mem (CPU python)=6434.12890625MB; mem (CPU total)=19579.6015625MB
INFO:root:[  159] Training loss: 0.26242347, Validation loss: 0.27959543, Gradient norm: 0.21503856
INFO:root:At the start of the epoch: mem (CPU python)=6455.3046875MB; mem (CPU total)=19614.09375MB
INFO:root:[  160] Training loss: 0.26152035, Validation loss: 0.28094184, Gradient norm: 0.20163356
INFO:root:At the start of the epoch: mem (CPU python)=6476.60546875MB; mem (CPU total)=19648.34375MB
INFO:root:[  161] Training loss: 0.26149795, Validation loss: 0.27961791, Gradient norm: 0.19535774
INFO:root:At the start of the epoch: mem (CPU python)=6498.01953125MB; mem (CPU total)=19681.828125MB
INFO:root:[  162] Training loss: 0.26183486, Validation loss: 0.28010936, Gradient norm: 0.21639633
INFO:root:At the start of the epoch: mem (CPU python)=6519.1953125MB; mem (CPU total)=19715.73828125MB
INFO:root:[  163] Training loss: 0.26173593, Validation loss: 0.27947496, Gradient norm: 0.21384313
INFO:root:At the start of the epoch: mem (CPU python)=6540.359375MB; mem (CPU total)=19750.203125MB
INFO:root:Learning rate reduced to: 7.8125e-05
INFO:root:[  164] Training loss: 0.26123693, Validation loss: 0.27985708, Gradient norm: 0.22138634
INFO:root:At the start of the epoch: mem (CPU python)=6561.5390625MB; mem (CPU total)=19784.41796875MB
INFO:root:[  165] Training loss: 0.26114046, Validation loss: 0.27943117, Gradient norm: 0.17786438
INFO:root:At the start of the epoch: mem (CPU python)=6582.83203125MB; mem (CPU total)=19819.8671875MB
INFO:root:[  166] Training loss: 0.26125550, Validation loss: 0.27954253, Gradient norm: 0.18484745
INFO:root:At the start of the epoch: mem (CPU python)=6604.2578125MB; mem (CPU total)=19853.328125MB
INFO:root:EP 166: Early stopping
INFO:root:Training for autoregressive step 2 starts now.
INFO:root:Learning rate reduced to: [3.90625e-05]
INFO:root:At the start of the epoch: mem (CPU python)=6625.71484375MB; mem (CPU total)=19889.9375MB
INFO:root:[  168] Training loss: 0.33499213, Validation loss: 0.34184391, Gradient norm: 0.41345159
INFO:root:At the start of the epoch: mem (CPU python)=6643.1171875MB; mem (CPU total)=19917.09375MB
INFO:root:[  169] Training loss: 0.33337774, Validation loss: 0.34190108, Gradient norm: 0.40903746
INFO:root:At the start of the epoch: mem (CPU python)=6654.0MB; mem (CPU total)=19959.78515625MB
INFO:root:[  170] Training loss: 0.33218630, Validation loss: 0.34118639, Gradient norm: 0.37677552
INFO:root:At the start of the epoch: mem (CPU python)=6675.1640625MB; mem (CPU total)=20002.90625MB
INFO:root:[  171] Training loss: 0.33216208, Validation loss: 0.34047521, Gradient norm: 0.35151628
INFO:root:At the start of the epoch: mem (CPU python)=6696.33203125MB; mem (CPU total)=20169.4296875MB
INFO:root:[  172] Training loss: 0.33180033, Validation loss: 0.34038092, Gradient norm: 0.35396264
INFO:root:At the start of the epoch: mem (CPU python)=6717.4921875MB; mem (CPU total)=20212.078125MB
INFO:root:[  173] Training loss: 0.33187187, Validation loss: 0.34054060, Gradient norm: 0.33166390
INFO:root:At the start of the epoch: mem (CPU python)=6738.66015625MB; mem (CPU total)=20255.91796875MB
INFO:root:[  174] Training loss: 0.33134063, Validation loss: 0.34005446, Gradient norm: 0.35877170
INFO:root:At the start of the epoch: mem (CPU python)=6759.82421875MB; mem (CPU total)=20297.98828125MB
INFO:root:[  175] Training loss: 0.33055279, Validation loss: 0.33976941, Gradient norm: 0.34780207
INFO:root:At the start of the epoch: mem (CPU python)=6780.9921875MB; mem (CPU total)=20340.578125MB
INFO:root:[  176] Training loss: 0.33066563, Validation loss: 0.33970032, Gradient norm: 0.31932901
INFO:root:At the start of the epoch: mem (CPU python)=6802.16015625MB; mem (CPU total)=20384.6484375MB
INFO:root:[  177] Training loss: 0.33004637, Validation loss: 0.33988207, Gradient norm: 0.32720650
INFO:root:At the start of the epoch: mem (CPU python)=6823.3203125MB; mem (CPU total)=20426.85546875MB
INFO:root:[  178] Training loss: 0.33099751, Validation loss: 0.33977647, Gradient norm: 0.34959410
INFO:root:At the start of the epoch: mem (CPU python)=6844.484375MB; mem (CPU total)=20470.6171875MB
INFO:root:[  179] Training loss: 0.33021248, Validation loss: 0.33933357, Gradient norm: 0.34898911
INFO:root:At the start of the epoch: mem (CPU python)=6865.6484375MB; mem (CPU total)=20513.4609375MB
INFO:root:[  180] Training loss: 0.33014821, Validation loss: 0.33944564, Gradient norm: 0.35635342
INFO:root:At the start of the epoch: mem (CPU python)=6886.80859375MB; mem (CPU total)=20561.2890625MB
INFO:root:[  181] Training loss: 0.32994726, Validation loss: 0.33885726, Gradient norm: 0.35267482
INFO:root:At the start of the epoch: mem (CPU python)=6907.9765625MB; mem (CPU total)=20602.984375MB
INFO:root:[  182] Training loss: 0.32989173, Validation loss: 0.33881586, Gradient norm: 0.32439344
INFO:root:At the start of the epoch: mem (CPU python)=6929.140625MB; mem (CPU total)=20645.5625MB
INFO:root:[  183] Training loss: 0.33015133, Validation loss: 0.33933739, Gradient norm: 0.33657155
INFO:root:At the start of the epoch: mem (CPU python)=6950.3046875MB; mem (CPU total)=20750.58203125MB
INFO:root:[  184] Training loss: 0.32955431, Validation loss: 0.33959040, Gradient norm: 0.29948238
INFO:root:At the start of the epoch: mem (CPU python)=6971.46875MB; mem (CPU total)=20824.6796875MB
INFO:root:[  185] Training loss: 0.33025117, Validation loss: 0.33903262, Gradient norm: 0.33482661
INFO:root:At the start of the epoch: mem (CPU python)=6992.63671875MB; mem (CPU total)=20898.51953125MB
INFO:root:[  186] Training loss: 0.32889262, Validation loss: 0.33896275, Gradient norm: 0.37592990
INFO:root:At the start of the epoch: mem (CPU python)=7013.796875MB; mem (CPU total)=20960.46484375MB
INFO:root:[  187] Training loss: 0.32990402, Validation loss: 0.33853711, Gradient norm: 0.34626394
INFO:root:At the start of the epoch: mem (CPU python)=7034.9609375MB; mem (CPU total)=21014.0390625MB
INFO:root:[  188] Training loss: 0.32892283, Validation loss: 0.33872340, Gradient norm: 0.33882492
INFO:root:At the start of the epoch: mem (CPU python)=7056.125MB; mem (CPU total)=21069.6171875MB
INFO:root:[  189] Training loss: 0.32935696, Validation loss: 0.33944928, Gradient norm: 0.36752004
INFO:root:At the start of the epoch: mem (CPU python)=7077.2890625MB; mem (CPU total)=21124.25390625MB
INFO:root:[  190] Training loss: 0.32861344, Validation loss: 0.33848791, Gradient norm: 0.35860759
INFO:root:At the start of the epoch: mem (CPU python)=7098.453125MB; mem (CPU total)=21181.56640625MB
INFO:root:[  191] Training loss: 0.32910311, Validation loss: 0.33855519, Gradient norm: 0.31950800
INFO:root:At the start of the epoch: mem (CPU python)=7119.61328125MB; mem (CPU total)=21234.484375MB
INFO:root:[  192] Training loss: 0.32913190, Validation loss: 0.33799192, Gradient norm: 0.31703476
INFO:root:At the start of the epoch: mem (CPU python)=7140.78125MB; mem (CPU total)=21289.13671875MB
INFO:root:[  193] Training loss: 0.32909223, Validation loss: 0.33855325, Gradient norm: 0.33205775
INFO:root:At the start of the epoch: mem (CPU python)=7161.9453125MB; mem (CPU total)=21343.7890625MB
INFO:root:[  194] Training loss: 0.32938405, Validation loss: 0.33856862, Gradient norm: 0.32340643
INFO:root:At the start of the epoch: mem (CPU python)=7183.109375MB; mem (CPU total)=21397.95703125MB
INFO:root:[  195] Training loss: 0.32922323, Validation loss: 0.33808632, Gradient norm: 0.33716702
INFO:root:At the start of the epoch: mem (CPU python)=7204.2734375MB; mem (CPU total)=21453.5859375MB
INFO:root:[  196] Training loss: 0.32797804, Validation loss: 0.33835007, Gradient norm: 0.30900835
INFO:root:At the start of the epoch: mem (CPU python)=7225.4375MB; mem (CPU total)=21529.08984375MB
INFO:root:[  197] Training loss: 0.32892456, Validation loss: 0.33800767, Gradient norm: 0.35805532
INFO:root:At the start of the epoch: mem (CPU python)=7246.609375MB; mem (CPU total)=21619.046875MB
INFO:root:[  198] Training loss: 0.32886589, Validation loss: 0.33822145, Gradient norm: 0.31809207
INFO:root:At the start of the epoch: mem (CPU python)=7267.765625MB; mem (CPU total)=21705.515625MB
INFO:root:[  199] Training loss: 0.32869943, Validation loss: 0.33837733, Gradient norm: 0.33808445
INFO:root:At the start of the epoch: mem (CPU python)=7288.9296875MB; mem (CPU total)=21795.94140625MB
INFO:root:[  200] Training loss: 0.32859138, Validation loss: 0.33802147, Gradient norm: 0.30237669
INFO:root:At the start of the epoch: mem (CPU python)=7310.09375MB; mem (CPU total)=21881.546875MB
INFO:root:[  201] Training loss: 0.32854435, Validation loss: 0.33812382, Gradient norm: 0.32215302
INFO:root:At the start of the epoch: mem (CPU python)=7331.26171875MB; mem (CPU total)=21967.33203125MB
INFO:root:EP 201: Early stopping
INFO:root:After finishing all epochs: mem (CPU python)=7352.375MB; mem (CPU total)=22049.91015625MB
INFO:root:Training the model took 7156.345s.
INFO:root:Emptying the cuda cache took 0.051s.
INFO:root:Starting evaluation: model SFNO & uncertainty quantification deterministic
INFO:root:Evaluating the model on Validation data.
INFO:root:MSEValidation: 0.39614
INFO:root:EnergyScoreValidation: 0.39614
INFO:root:CRPSValidation: 0.15994
INFO:root:Gaussian NLLValidation: 26297882910.91923
INFO:root:CoverageValidation: 0.0
INFO:root:IntervalWidthValidation: 0.0
INFO:root:Evaluating the model on Test data.
INFO:root:MSETest: 0.31276
INFO:root:EnergyScoreTest: 0.30794
INFO:root:CRPSTest: 0.12352
INFO:root:Gaussian NLLTest: 16463028338.688
INFO:root:CoverageTest: 0.0
INFO:root:IntervalWidthTest: 0.0
INFO:root:After validation: mem (CPU python)=7369.5390625MB; mem (CPU total)=22629.51953125MB
INFO:root:###2 out of 3 training parameter combinations ###
INFO:root:Training parameters: {'seed': 12, 'model': 'SFNO', 'uncertainty_quantification': 'deterministic', 'batch_size': 32, 'n_epochs': 1000, 'early_stopping': 10, 'init': 'default', 'learning_rate': 0.005, 'lr_schedule': 'step', 'optimizer': 'adam', 'gradient_clipping': 1, 'layer_normalization': True, 'data_loader_pin_memory': False, 'data_loader_num_workers': 0, 'distributed_training': False, 'alpha': 0.05, 'n_samples_uq': 100, 'weight_decay': 0, 'dropout': 0.001, 'fourier_dropout': None, 'hidden_channels': 32, 'projection_channels': 256, 'lifting_channels': 256, 'n_modes': (32, 32), 'n_samples': 3}
INFO:root:After creating the dataloaders: mem (CPU python)=7369.5390625MB; mem (CPU total)=22635.30859375MB
INFO:root:NumberParameters: 284835
INFO:root:GPU memory allocated: 176160768
INFO:root:After setting up the model: mem (CPU python)=7372.69921875MB; mem (CPU total)=22639.0MB
INFO:root:Training starts now.
INFO:root:At the start of the epoch: mem (CPU python)=7372.69921875MB; mem (CPU total)=22645.15234375MB
INFO:root:[    1] Training loss: 0.82442975, Validation loss: 0.73273520, Gradient norm: 0.52802241
INFO:root:At the start of the epoch: mem (CPU python)=7405.76953125MB; mem (CPU total)=22718.5078125MB
INFO:root:[    2] Training loss: 0.73283650, Validation loss: 0.73303037, Gradient norm: 0.29904038
INFO:root:At the start of the epoch: mem (CPU python)=7427.79296875MB; mem (CPU total)=22780.01171875MB
INFO:root:[    3] Training loss: 0.72792147, Validation loss: 0.71493501, Gradient norm: 0.27063059
INFO:root:At the start of the epoch: mem (CPU python)=7448.9765625MB; mem (CPU total)=22840.92578125MB
INFO:root:[    4] Training loss: 0.67288159, Validation loss: 0.62731814, Gradient norm: 0.46275447
INFO:root:At the start of the epoch: mem (CPU python)=7470.1484375MB; mem (CPU total)=22902.16796875MB
INFO:root:[    5] Training loss: 0.60328142, Validation loss: 0.58456205, Gradient norm: 0.45107947
INFO:root:At the start of the epoch: mem (CPU python)=7491.30859375MB; mem (CPU total)=22962.7421875MB
INFO:root:[    6] Training loss: 0.57544205, Validation loss: 0.56345747, Gradient norm: 0.36272583
INFO:root:At the start of the epoch: mem (CPU python)=7512.50390625MB; mem (CPU total)=23024.48828125MB
INFO:root:[    7] Training loss: 0.55925373, Validation loss: 0.54884976, Gradient norm: 0.43162903
INFO:root:At the start of the epoch: mem (CPU python)=7533.6796875MB; mem (CPU total)=23085.25MB
INFO:root:[    8] Training loss: 0.54352972, Validation loss: 0.53667228, Gradient norm: 0.44283924
INFO:root:At the start of the epoch: mem (CPU python)=7554.84375MB; mem (CPU total)=23146.69140625MB
INFO:root:[    9] Training loss: 0.52004075, Validation loss: 0.50564275, Gradient norm: 0.48739574
INFO:root:At the start of the epoch: mem (CPU python)=7576.01171875MB; mem (CPU total)=23209.26171875MB
INFO:root:[   10] Training loss: 0.49858744, Validation loss: 0.48967710, Gradient norm: 0.46012504
INFO:root:At the start of the epoch: mem (CPU python)=7597.17578125MB; mem (CPU total)=23272.15234375MB
INFO:root:[   11] Training loss: 0.48500241, Validation loss: 0.47604467, Gradient norm: 0.49649134
INFO:root:At the start of the epoch: mem (CPU python)=7618.34375MB; mem (CPU total)=23335.28125MB
INFO:root:[   12] Training loss: 0.47128744, Validation loss: 0.46483713, Gradient norm: 0.50434512
INFO:root:At the start of the epoch: mem (CPU python)=7639.51953125MB; mem (CPU total)=23394.3046875MB
INFO:root:[   13] Training loss: 0.45701866, Validation loss: 0.44732901, Gradient norm: 0.52195537
INFO:root:At the start of the epoch: mem (CPU python)=7660.703125MB; mem (CPU total)=23456.94921875MB
INFO:root:[   14] Training loss: 0.44303982, Validation loss: 0.44005845, Gradient norm: 0.50712750
INFO:root:At the start of the epoch: mem (CPU python)=7681.86328125MB; mem (CPU total)=23518.3203125MB
INFO:root:[   15] Training loss: 0.43548955, Validation loss: 0.42904160, Gradient norm: 0.57606945
INFO:root:At the start of the epoch: mem (CPU python)=7703.0390625MB; mem (CPU total)=23579.9140625MB
INFO:root:[   16] Training loss: 0.42835407, Validation loss: 0.42216456, Gradient norm: 0.51793789
INFO:root:At the start of the epoch: mem (CPU python)=7724.2109375MB; mem (CPU total)=23642.1875MB
INFO:root:[   17] Training loss: 0.42345516, Validation loss: 0.41721066, Gradient norm: 0.48887303
INFO:root:At the start of the epoch: mem (CPU python)=7745.41015625MB; mem (CPU total)=23703.4140625MB
INFO:root:[   18] Training loss: 0.42003764, Validation loss: 0.41647903, Gradient norm: 0.52342606
INFO:root:At the start of the epoch: mem (CPU python)=7766.578125MB; mem (CPU total)=23765.28125MB
INFO:root:[   19] Training loss: 0.41713558, Validation loss: 0.41254249, Gradient norm: 0.50032851
INFO:root:At the start of the epoch: mem (CPU python)=7787.75MB; mem (CPU total)=23828.10546875MB
INFO:root:[   20] Training loss: 0.41489854, Validation loss: 0.41082169, Gradient norm: 0.49188397
INFO:root:At the start of the epoch: mem (CPU python)=7808.9140625MB; mem (CPU total)=23890.34765625MB
INFO:root:[   21] Training loss: 0.41240637, Validation loss: 0.40874482, Gradient norm: 0.49526940
INFO:root:At the start of the epoch: mem (CPU python)=7830.0859375MB; mem (CPU total)=23951.859375MB
INFO:root:[   22] Training loss: 0.41121869, Validation loss: 0.40857107, Gradient norm: 0.49618047
INFO:root:At the start of the epoch: mem (CPU python)=7851.2578125MB; mem (CPU total)=24014.47265625MB
INFO:root:[   23] Training loss: 0.40889148, Validation loss: 0.40901616, Gradient norm: 0.52376245
INFO:root:At the start of the epoch: mem (CPU python)=7872.4453125MB; mem (CPU total)=24079.95703125MB
INFO:root:[   24] Training loss: 0.40678706, Validation loss: 0.40264798, Gradient norm: 0.47042427
INFO:root:At the start of the epoch: mem (CPU python)=7893.62890625MB; mem (CPU total)=24141.703125MB
INFO:root:[   25] Training loss: 0.40458730, Validation loss: 0.40377405, Gradient norm: 0.48518462
INFO:root:At the start of the epoch: mem (CPU python)=7914.79296875MB; mem (CPU total)=24203.31640625MB
INFO:root:[   26] Training loss: 0.40270386, Validation loss: 0.40261990, Gradient norm: 0.47472209
INFO:root:At the start of the epoch: mem (CPU python)=7935.9765625MB; mem (CPU total)=24265.11328125MB
INFO:root:[   27] Training loss: 0.40026126, Validation loss: 0.39570195, Gradient norm: 0.48700694
INFO:root:At the start of the epoch: mem (CPU python)=7957.140625MB; mem (CPU total)=24327.140625MB
INFO:root:[   28] Training loss: 0.39868018, Validation loss: 0.39616092, Gradient norm: 0.51207577
INFO:root:At the start of the epoch: mem (CPU python)=7978.3046875MB; mem (CPU total)=24389.87890625MB
INFO:root:[   29] Training loss: 0.39572229, Validation loss: 0.39326638, Gradient norm: 0.46415648
INFO:root:At the start of the epoch: mem (CPU python)=7999.47265625MB; mem (CPU total)=24452.6484375MB
INFO:root:[   30] Training loss: 0.39292366, Validation loss: 0.38866372, Gradient norm: 0.48617056
INFO:root:At the start of the epoch: mem (CPU python)=8020.63671875MB; mem (CPU total)=24514.73046875MB
INFO:root:[   31] Training loss: 0.39054661, Validation loss: 0.38437895, Gradient norm: 0.52459469
INFO:root:At the start of the epoch: mem (CPU python)=8041.80078125MB; mem (CPU total)=24575.3828125MB
INFO:root:[   32] Training loss: 0.38579127, Validation loss: 0.38089147, Gradient norm: 0.48019326
INFO:root:At the start of the epoch: mem (CPU python)=8062.96484375MB; mem (CPU total)=24635.93359375MB
INFO:root:[   33] Training loss: 0.38176417, Validation loss: 0.37989354, Gradient norm: 0.52528651
INFO:root:At the start of the epoch: mem (CPU python)=8084.12890625MB; mem (CPU total)=24698.2109375MB
INFO:root:[   34] Training loss: 0.37693564, Validation loss: 0.37345594, Gradient norm: 0.52768881
INFO:root:At the start of the epoch: mem (CPU python)=8105.296875MB; mem (CPU total)=24760.73046875MB
INFO:root:[   35] Training loss: 0.37163094, Validation loss: 0.36585055, Gradient norm: 0.53031046
INFO:root:At the start of the epoch: mem (CPU python)=8126.4609375MB; mem (CPU total)=24822.5703125MB
INFO:root:[   36] Training loss: 0.36630392, Validation loss: 0.36119222, Gradient norm: 0.54844002
INFO:root:At the start of the epoch: mem (CPU python)=8147.625MB; mem (CPU total)=24884.2578125MB
INFO:root:[   37] Training loss: 0.36100183, Validation loss: 0.35603183, Gradient norm: 0.54994485
INFO:root:At the start of the epoch: mem (CPU python)=8168.78515625MB; mem (CPU total)=24945.79296875MB
INFO:root:[   38] Training loss: 0.35675532, Validation loss: 0.35236624, Gradient norm: 0.55816122
INFO:root:At the start of the epoch: mem (CPU python)=8189.953125MB; mem (CPU total)=25007.98046875MB
INFO:root:[   39] Training loss: 0.35155932, Validation loss: 0.35098596, Gradient norm: 0.55491260
INFO:root:At the start of the epoch: mem (CPU python)=8211.1171875MB; mem (CPU total)=25069.02734375MB
INFO:root:[   40] Training loss: 0.34816262, Validation loss: 0.34491298, Gradient norm: 0.58398271
INFO:root:At the start of the epoch: mem (CPU python)=8232.28125MB; mem (CPU total)=25131.296875MB
INFO:root:[   41] Training loss: 0.34386529, Validation loss: 0.33686399, Gradient norm: 0.53579431
INFO:root:At the start of the epoch: mem (CPU python)=8253.44921875MB; mem (CPU total)=25192.34375MB
INFO:root:[   42] Training loss: 0.34195113, Validation loss: 0.33633255, Gradient norm: 0.58467737
INFO:root:At the start of the epoch: mem (CPU python)=8274.61328125MB; mem (CPU total)=25254.125MB
INFO:root:[   43] Training loss: 0.33839932, Validation loss: 0.33459509, Gradient norm: 0.55679968
INFO:root:At the start of the epoch: mem (CPU python)=8295.77734375MB; mem (CPU total)=25317.3671875MB
INFO:root:[   44] Training loss: 0.33628850, Validation loss: 0.33166891, Gradient norm: 0.58478353
INFO:root:At the start of the epoch: mem (CPU python)=8316.94140625MB; mem (CPU total)=25378.65625MB
INFO:root:[   45] Training loss: 0.33419219, Validation loss: 0.32983240, Gradient norm: 0.56906251
INFO:root:At the start of the epoch: mem (CPU python)=8338.10546875MB; mem (CPU total)=25440.12109375MB
INFO:root:[   46] Training loss: 0.33292633, Validation loss: 0.32721487, Gradient norm: 0.56289239
INFO:root:At the start of the epoch: mem (CPU python)=8359.26953125MB; mem (CPU total)=25502.9609375MB
INFO:root:[   47] Training loss: 0.32923094, Validation loss: 0.32541958, Gradient norm: 0.52096653
INFO:root:At the start of the epoch: mem (CPU python)=8380.43359375MB; mem (CPU total)=25565.05859375MB
INFO:root:[   48] Training loss: 0.32836335, Validation loss: 0.32398701, Gradient norm: 0.56377195
INFO:root:At the start of the epoch: mem (CPU python)=8401.59765625MB; mem (CPU total)=25627.82421875MB
INFO:root:[   49] Training loss: 0.32677912, Validation loss: 0.32303029, Gradient norm: 0.58863408
INFO:root:At the start of the epoch: mem (CPU python)=8422.765625MB; mem (CPU total)=25691.0703125MB
INFO:root:[   50] Training loss: 0.32453615, Validation loss: 0.32129555, Gradient norm: 0.52047502
INFO:root:At the start of the epoch: mem (CPU python)=8443.9296875MB; mem (CPU total)=25753.3046875MB
INFO:root:[   51] Training loss: 0.32327417, Validation loss: 0.32134897, Gradient norm: 0.60979447
INFO:root:At the start of the epoch: mem (CPU python)=8465.09375MB; mem (CPU total)=25814.4765625MB
INFO:root:[   52] Training loss: 0.32144164, Validation loss: 0.31918798, Gradient norm: 0.53036461
INFO:root:At the start of the epoch: mem (CPU python)=8486.2578125MB; mem (CPU total)=25877.91015625MB
INFO:root:[   53] Training loss: 0.31958764, Validation loss: 0.31695231, Gradient norm: 0.55230118
INFO:root:At the start of the epoch: mem (CPU python)=8507.421875MB; mem (CPU total)=25940.67578125MB
INFO:root:[   54] Training loss: 0.31878498, Validation loss: 0.31670149, Gradient norm: 0.58892803
INFO:root:At the start of the epoch: mem (CPU python)=8528.58203125MB; mem (CPU total)=26001.72265625MB
INFO:root:[   55] Training loss: 0.31723422, Validation loss: 0.31841177, Gradient norm: 0.55928725
INFO:root:At the start of the epoch: mem (CPU python)=8549.74609375MB; mem (CPU total)=26063.2578125MB
INFO:root:[   56] Training loss: 0.31666677, Validation loss: 0.31267736, Gradient norm: 0.58205443
INFO:root:At the start of the epoch: mem (CPU python)=8570.9140625MB; mem (CPU total)=26123.546875MB
INFO:root:[   57] Training loss: 0.31401932, Validation loss: 0.31222179, Gradient norm: 0.53865001
INFO:root:At the start of the epoch: mem (CPU python)=8592.078125MB; mem (CPU total)=26185.8203125MB
INFO:root:[   58] Training loss: 0.31321622, Validation loss: 0.31130059, Gradient norm: 0.54660039
INFO:root:At the start of the epoch: mem (CPU python)=8613.2421875MB; mem (CPU total)=26247.4921875MB
INFO:root:[   59] Training loss: 0.31218211, Validation loss: 0.31378846, Gradient norm: 0.54632899
INFO:root:At the start of the epoch: mem (CPU python)=8634.40625MB; mem (CPU total)=26309.0MB
INFO:root:[   60] Training loss: 0.31093953, Validation loss: 0.31133025, Gradient norm: 0.53542730
INFO:root:At the start of the epoch: mem (CPU python)=8655.5703125MB; mem (CPU total)=26370.99609375MB
INFO:root:[   61] Training loss: 0.31065229, Validation loss: 0.31266285, Gradient norm: 0.58915128
INFO:root:At the start of the epoch: mem (CPU python)=8676.73046875MB; mem (CPU total)=26432.18359375MB
INFO:root:[   62] Training loss: 0.30951331, Validation loss: 0.31262467, Gradient norm: 0.52859851
INFO:root:At the start of the epoch: mem (CPU python)=8697.8984375MB; mem (CPU total)=26494.06640625MB
INFO:root:[   63] Training loss: 0.30835446, Validation loss: 0.30894179, Gradient norm: 0.54847579
INFO:root:At the start of the epoch: mem (CPU python)=8719.0625MB; mem (CPU total)=26555.51953125MB
INFO:root:[   64] Training loss: 0.30675783, Validation loss: 0.30614731, Gradient norm: 0.54214762
INFO:root:At the start of the epoch: mem (CPU python)=8740.2265625MB; mem (CPU total)=26615.14453125MB
INFO:root:[   65] Training loss: 0.30717635, Validation loss: 0.30786307, Gradient norm: 0.58316524
INFO:root:At the start of the epoch: mem (CPU python)=8761.390625MB; mem (CPU total)=26677.41796875MB
INFO:root:[   66] Training loss: 0.30538842, Validation loss: 0.30891476, Gradient norm: 0.53104302
INFO:root:At the start of the epoch: mem (CPU python)=8782.5546875MB; mem (CPU total)=26740.1875MB
INFO:root:[   67] Training loss: 0.30525290, Validation loss: 0.30854382, Gradient norm: 0.55920993
INFO:root:At the start of the epoch: mem (CPU python)=8803.71875MB; mem (CPU total)=26801.23046875MB
INFO:root:[   68] Training loss: 0.30410411, Validation loss: 0.30818104, Gradient norm: 0.56184824
INFO:root:At the start of the epoch: mem (CPU python)=8824.88671875MB; mem (CPU total)=26861.2890625MB
INFO:root:[   69] Training loss: 0.30291971, Validation loss: 0.30737639, Gradient norm: 0.54651932
INFO:root:At the start of the epoch: mem (CPU python)=8846.05078125MB; mem (CPU total)=26921.59765625MB
INFO:root:[   70] Training loss: 0.30322832, Validation loss: 0.30669364, Gradient norm: 0.58895167
INFO:root:At the start of the epoch: mem (CPU python)=8867.2109375MB; mem (CPU total)=26984.1171875MB
INFO:root:Learning rate reduced to: 0.0025
INFO:root:[   71] Training loss: 0.30230888, Validation loss: 0.30735890, Gradient norm: 0.55897184
INFO:root:At the start of the epoch: mem (CPU python)=8888.37109375MB; mem (CPU total)=27045.41015625MB
INFO:root:Learning rate reduced to: 0.00125
INFO:root:[   72] Training loss: 0.29293494, Validation loss: 0.29782300, Gradient norm: 0.29681819
INFO:root:At the start of the epoch: mem (CPU python)=8909.5390625MB; mem (CPU total)=27106.94140625MB
INFO:root:[   73] Training loss: 0.28919240, Validation loss: 0.29611413, Gradient norm: 0.21516515
INFO:root:At the start of the epoch: mem (CPU python)=8930.703125MB; mem (CPU total)=27168.34765625MB
INFO:root:[   74] Training loss: 0.28883163, Validation loss: 0.29546768, Gradient norm: 0.20724213
INFO:root:At the start of the epoch: mem (CPU python)=8951.8671875MB; mem (CPU total)=27228.07421875MB
INFO:root:[   75] Training loss: 0.28824375, Validation loss: 0.29583871, Gradient norm: 0.23197063
INFO:root:At the start of the epoch: mem (CPU python)=8973.03125MB; mem (CPU total)=27289.80078125MB
INFO:root:[   76] Training loss: 0.28754713, Validation loss: 0.29540487, Gradient norm: 0.26464298
INFO:root:At the start of the epoch: mem (CPU python)=8994.1953125MB; mem (CPU total)=27351.5859375MB
INFO:root:[   77] Training loss: 0.28775249, Validation loss: 0.29494483, Gradient norm: 0.26537821
INFO:root:At the start of the epoch: mem (CPU python)=9015.36328125MB; mem (CPU total)=27415.58203125MB
INFO:root:[   78] Training loss: 0.28743346, Validation loss: 0.29640243, Gradient norm: 0.25455237
INFO:root:At the start of the epoch: mem (CPU python)=9036.5234375MB; mem (CPU total)=27479.0703125MB
INFO:root:[   79] Training loss: 0.28729421, Validation loss: 0.29666929, Gradient norm: 0.25855007
INFO:root:At the start of the epoch: mem (CPU python)=9057.69140625MB; mem (CPU total)=27541.09765625MB
INFO:root:[   80] Training loss: 0.28669382, Validation loss: 0.29550973, Gradient norm: 0.28698084
INFO:root:At the start of the epoch: mem (CPU python)=9078.8515625MB; mem (CPU total)=27602.2890625MB
INFO:root:[   81] Training loss: 0.28637346, Validation loss: 0.29622183, Gradient norm: 0.29020696
INFO:root:At the start of the epoch: mem (CPU python)=9100.015625MB; mem (CPU total)=27661.46484375MB
INFO:root:[   82] Training loss: 0.28650073, Validation loss: 0.29565171, Gradient norm: 0.36763445
INFO:root:At the start of the epoch: mem (CPU python)=9121.1796875MB; mem (CPU total)=27721.98828125MB
INFO:root:[   83] Training loss: 0.28599365, Validation loss: 0.29529091, Gradient norm: 0.33756534
INFO:root:At the start of the epoch: mem (CPU python)=9142.34765625MB; mem (CPU total)=27783.984375MB
INFO:root:Learning rate reduced to: 0.000625
INFO:root:[   84] Training loss: 0.28618696, Validation loss: 0.29591226, Gradient norm: 0.28875016
INFO:root:At the start of the epoch: mem (CPU python)=9163.51171875MB; mem (CPU total)=27844.53125MB
INFO:root:Learning rate reduced to: 0.0003125
INFO:root:[   85] Training loss: 0.28394615, Validation loss: 0.29475685, Gradient norm: 0.18397531
INFO:root:At the start of the epoch: mem (CPU python)=9184.67578125MB; mem (CPU total)=27906.26953125MB
INFO:root:[   86] Training loss: 0.28262221, Validation loss: 0.29362636, Gradient norm: 0.14852129
INFO:root:At the start of the epoch: mem (CPU python)=9205.83984375MB; mem (CPU total)=27966.68359375MB
INFO:root:[   87] Training loss: 0.28217148, Validation loss: 0.29368559, Gradient norm: 0.14943495
INFO:root:At the start of the epoch: mem (CPU python)=9227.0MB; mem (CPU total)=28027.73046875MB
INFO:root:[   88] Training loss: 0.28214708, Validation loss: 0.29354257, Gradient norm: 0.16457691
INFO:root:At the start of the epoch: mem (CPU python)=9248.16796875MB; mem (CPU total)=28090.21484375MB
INFO:root:[   89] Training loss: 0.28202864, Validation loss: 0.29332373, Gradient norm: 0.16025546
INFO:root:At the start of the epoch: mem (CPU python)=9269.33203125MB; mem (CPU total)=28150.5390625MB
INFO:root:[   90] Training loss: 0.28194080, Validation loss: 0.29348903, Gradient norm: 0.16441701
INFO:root:At the start of the epoch: mem (CPU python)=9290.4921875MB; mem (CPU total)=28211.828125MB
INFO:root:[   91] Training loss: 0.28166300, Validation loss: 0.29288447, Gradient norm: 0.17136245
INFO:root:At the start of the epoch: mem (CPU python)=9311.65625MB; mem (CPU total)=28274.36328125MB
INFO:root:[   92] Training loss: 0.28184877, Validation loss: 0.29349690, Gradient norm: 0.16332339
INFO:root:At the start of the epoch: mem (CPU python)=9332.8203125MB; mem (CPU total)=28338.1171875MB
INFO:root:[   93] Training loss: 0.28197842, Validation loss: 0.29269388, Gradient norm: 0.16832965
INFO:root:At the start of the epoch: mem (CPU python)=9353.984375MB; mem (CPU total)=28400.87890625MB
INFO:root:[   94] Training loss: 0.28151959, Validation loss: 0.29304095, Gradient norm: 0.17031562
INFO:root:At the start of the epoch: mem (CPU python)=9375.1484375MB; mem (CPU total)=28460.6953125MB
INFO:root:[   95] Training loss: 0.28168243, Validation loss: 0.29361195, Gradient norm: 0.16743177
INFO:root:At the start of the epoch: mem (CPU python)=9396.31640625MB; mem (CPU total)=28521.49609375MB
INFO:root:[   96] Training loss: 0.28152993, Validation loss: 0.29289895, Gradient norm: 0.17183740
INFO:root:At the start of the epoch: mem (CPU python)=9417.484375MB; mem (CPU total)=28583.2734375MB
INFO:root:[   97] Training loss: 0.28192598, Validation loss: 0.29346573, Gradient norm: 0.18596571
INFO:root:At the start of the epoch: mem (CPU python)=9438.6484375MB; mem (CPU total)=28644.0390625MB
INFO:root:[   98] Training loss: 0.28151466, Validation loss: 0.29218468, Gradient norm: 0.18840760
INFO:root:At the start of the epoch: mem (CPU python)=9459.8125MB; mem (CPU total)=28703.8203125MB
INFO:root:[   99] Training loss: 0.28163192, Validation loss: 0.29252734, Gradient norm: 0.19087842
INFO:root:At the start of the epoch: mem (CPU python)=9480.97265625MB; mem (CPU total)=28765.5859375MB
INFO:root:[  100] Training loss: 0.28124586, Validation loss: 0.29235111, Gradient norm: 0.20137757
INFO:root:At the start of the epoch: mem (CPU python)=9502.13671875MB; mem (CPU total)=28827.86328125MB
INFO:root:[  101] Training loss: 0.28110311, Validation loss: 0.29230322, Gradient norm: 0.18086490
INFO:root:At the start of the epoch: mem (CPU python)=9523.3046875MB; mem (CPU total)=28890.3828125MB
INFO:root:[  102] Training loss: 0.28115371, Validation loss: 0.29279167, Gradient norm: 0.18021360
INFO:root:At the start of the epoch: mem (CPU python)=9544.46875MB; mem (CPU total)=28953.15234375MB
INFO:root:[  103] Training loss: 0.28060114, Validation loss: 0.29242398, Gradient norm: 0.20537217
INFO:root:At the start of the epoch: mem (CPU python)=9565.6328125MB; mem (CPU total)=29015.45703125MB
INFO:root:[  104] Training loss: 0.28084350, Validation loss: 0.29274005, Gradient norm: 0.18722956
INFO:root:At the start of the epoch: mem (CPU python)=9586.79296875MB; mem (CPU total)=29076.1484375MB
INFO:root:Learning rate reduced to: 0.00015625
INFO:root:[  105] Training loss: 0.28066575, Validation loss: 0.29258228, Gradient norm: 0.20814568
INFO:root:At the start of the epoch: mem (CPU python)=9607.95703125MB; mem (CPU total)=29137.29296875MB
INFO:root:Learning rate reduced to: 7.8125e-05
INFO:root:[  106] Training loss: 0.28048190, Validation loss: 0.29167232, Gradient norm: 0.16243828
INFO:root:At the start of the epoch: mem (CPU python)=9629.125MB; mem (CPU total)=29199.3203125MB
INFO:root:[  107] Training loss: 0.28004156, Validation loss: 0.29229754, Gradient norm: 0.13068099
INFO:root:At the start of the epoch: mem (CPU python)=9650.2890625MB; mem (CPU total)=29262.3046875MB
INFO:root:[  108] Training loss: 0.28005707, Validation loss: 0.29177014, Gradient norm: 0.12948405
INFO:root:At the start of the epoch: mem (CPU python)=9671.44921875MB; mem (CPU total)=29325.5625MB
INFO:root:[  109] Training loss: 0.27965630, Validation loss: 0.29291032, Gradient norm: 0.12518784
INFO:root:At the start of the epoch: mem (CPU python)=9693.21484375MB; mem (CPU total)=29388.33203125MB
INFO:root:[  110] Training loss: 0.28013604, Validation loss: 0.29220245, Gradient norm: 0.13964630
INFO:root:At the start of the epoch: mem (CPU python)=9714.37890625MB; mem (CPU total)=29448.63671875MB
INFO:root:[  111] Training loss: 0.27964576, Validation loss: 0.29207808, Gradient norm: 0.12859633
INFO:root:At the start of the epoch: mem (CPU python)=9736.06640625MB; mem (CPU total)=29509.68359375MB
INFO:root:[  112] Training loss: 0.27981434, Validation loss: 0.29260582, Gradient norm: 0.14095651
INFO:root:At the start of the epoch: mem (CPU python)=9757.234375MB; mem (CPU total)=29572.96875MB
INFO:root:[  113] Training loss: 0.28041339, Validation loss: 0.29256720, Gradient norm: 0.13962592
INFO:root:At the start of the epoch: mem (CPU python)=9778.3984375MB; mem (CPU total)=29634.015625MB
INFO:root:[  114] Training loss: 0.27927977, Validation loss: 0.29231895, Gradient norm: 0.13593140
INFO:root:At the start of the epoch: mem (CPU python)=9799.5625MB; mem (CPU total)=29694.80859375MB
INFO:root:[  115] Training loss: 0.27939002, Validation loss: 0.29197259, Gradient norm: 0.12628769
INFO:root:At the start of the epoch: mem (CPU python)=9820.7265625MB; mem (CPU total)=29755.8671875MB
INFO:root:EP 115: Early stopping
INFO:root:Training for autoregressive step 2 starts now.
INFO:root:Learning rate reduced to: [3.90625e-05]
INFO:root:At the start of the epoch: mem (CPU python)=9841.890625MB; mem (CPU total)=29817.39453125MB
INFO:root:[  117] Training loss: 0.35435028, Validation loss: 0.35768270, Gradient norm: 0.30305860
INFO:root:At the start of the epoch: mem (CPU python)=9863.05859375MB; mem (CPU total)=29907.3046875MB
INFO:root:[  118] Training loss: 0.35254065, Validation loss: 0.35659484, Gradient norm: 0.28028773
INFO:root:At the start of the epoch: mem (CPU python)=9884.21875MB; mem (CPU total)=29987.05859375MB
INFO:root:[  119] Training loss: 0.35120309, Validation loss: 0.35592960, Gradient norm: 0.25806429
INFO:root:At the start of the epoch: mem (CPU python)=9905.41796875MB; mem (CPU total)=30077.64453125MB
INFO:root:[  120] Training loss: 0.35094232, Validation loss: 0.35584255, Gradient norm: 0.24332445
INFO:root:At the start of the epoch: mem (CPU python)=9926.59375MB; mem (CPU total)=30155.921875MB
INFO:root:[  121] Training loss: 0.35041098, Validation loss: 0.35615936, Gradient norm: 0.25598763
INFO:root:At the start of the epoch: mem (CPU python)=9947.75390625MB; mem (CPU total)=30248.4375MB
INFO:root:[  122] Training loss: 0.35046428, Validation loss: 0.35570300, Gradient norm: 0.24933986
INFO:root:At the start of the epoch: mem (CPU python)=9968.921875MB; mem (CPU total)=30328.40234375MB
INFO:root:[  123] Training loss: 0.35009948, Validation loss: 0.35569399, Gradient norm: 0.26269735
INFO:root:At the start of the epoch: mem (CPU python)=9990.0859375MB; mem (CPU total)=30416.5234375MB
INFO:root:[  124] Training loss: 0.34961619, Validation loss: 0.35535153, Gradient norm: 0.25661390
INFO:root:At the start of the epoch: mem (CPU python)=10011.25MB; mem (CPU total)=30496.25390625MB
INFO:root:[  125] Training loss: 0.34961230, Validation loss: 0.35511433, Gradient norm: 0.24225386
INFO:root:At the start of the epoch: mem (CPU python)=10032.4140625MB; mem (CPU total)=30583.6640625MB
INFO:root:[  126] Training loss: 0.34908438, Validation loss: 0.35471554, Gradient norm: 0.24121508
INFO:root:At the start of the epoch: mem (CPU python)=10053.578125MB; mem (CPU total)=30663.6953125MB
INFO:root:[  127] Training loss: 0.34981374, Validation loss: 0.35492847, Gradient norm: 0.25265241
INFO:root:At the start of the epoch: mem (CPU python)=10074.89453125MB; mem (CPU total)=30750.54296875MB
INFO:root:[  128] Training loss: 0.34918034, Validation loss: 0.35455071, Gradient norm: 0.22888529
INFO:root:At the start of the epoch: mem (CPU python)=10096.05859375MB; mem (CPU total)=30832.26171875MB
INFO:root:[  129] Training loss: 0.34920350, Validation loss: 0.35439361, Gradient norm: 0.23147989
INFO:root:At the start of the epoch: mem (CPU python)=10117.2265625MB; mem (CPU total)=30915.68359375MB
INFO:root:[  130] Training loss: 0.34872253, Validation loss: 0.35441558, Gradient norm: 0.23310711
INFO:root:At the start of the epoch: mem (CPU python)=10138.4140625MB; mem (CPU total)=30996.58203125MB
INFO:root:[  131] Training loss: 0.34913996, Validation loss: 0.35464899, Gradient norm: 0.25324819
INFO:root:At the start of the epoch: mem (CPU python)=10159.84765625MB; mem (CPU total)=31081.3515625MB
INFO:root:[  132] Training loss: 0.34855427, Validation loss: 0.35421884, Gradient norm: 0.22693454
INFO:root:At the start of the epoch: mem (CPU python)=10181.01171875MB; mem (CPU total)=31163.28125MB
INFO:root:[  133] Training loss: 0.34877883, Validation loss: 0.35405675, Gradient norm: 0.23493287
INFO:root:At the start of the epoch: mem (CPU python)=10202.6015625MB; mem (CPU total)=31249.30078125MB
INFO:root:[  134] Training loss: 0.34839395, Validation loss: 0.35424196, Gradient norm: 0.23473778
INFO:root:At the start of the epoch: mem (CPU python)=10224.109375MB; mem (CPU total)=31329.98828125MB
INFO:root:[  135] Training loss: 0.34902134, Validation loss: 0.35460900, Gradient norm: 0.23579991
INFO:root:At the start of the epoch: mem (CPU python)=10245.61328125MB; mem (CPU total)=31417.796875MB
INFO:root:[  136] Training loss: 0.34909262, Validation loss: 0.35380548, Gradient norm: 0.25320468
INFO:root:At the start of the epoch: mem (CPU python)=10266.77734375MB; mem (CPU total)=31488.7265625MB
INFO:root:[  137] Training loss: 0.34814720, Validation loss: 0.35402778, Gradient norm: 0.23182609
INFO:root:At the start of the epoch: mem (CPU python)=10287.9375MB; mem (CPU total)=31560.5859375MB
INFO:root:[  138] Training loss: 0.34833742, Validation loss: 0.35399772, Gradient norm: 0.24612654
INFO:root:At the start of the epoch: mem (CPU python)=10309.09765625MB; mem (CPU total)=31628.2578125MB
INFO:root:[  139] Training loss: 0.34877060, Validation loss: 0.35412052, Gradient norm: 0.24865546
INFO:root:At the start of the epoch: mem (CPU python)=10330.265625MB; mem (CPU total)=31704.515625MB
INFO:root:[  140] Training loss: 0.34800272, Validation loss: 0.35377974, Gradient norm: 0.22861516
INFO:root:At the start of the epoch: mem (CPU python)=10351.4296875MB; mem (CPU total)=31775.23828125MB
INFO:root:[  141] Training loss: 0.34844406, Validation loss: 0.35391281, Gradient norm: 0.23590347
INFO:root:At the start of the epoch: mem (CPU python)=10372.59375MB; mem (CPU total)=31848.328125MB
INFO:root:[  142] Training loss: 0.34820042, Validation loss: 0.35388960, Gradient norm: 0.23277626
INFO:root:At the start of the epoch: mem (CPU python)=10393.76171875MB; mem (CPU total)=31919.4453125MB
INFO:root:[  143] Training loss: 0.34818035, Validation loss: 0.35353899, Gradient norm: 0.25122679
INFO:root:At the start of the epoch: mem (CPU python)=10414.92578125MB; mem (CPU total)=31991.79296875MB
INFO:root:[  144] Training loss: 0.34768596, Validation loss: 0.35393306, Gradient norm: 0.22900591
INFO:root:At the start of the epoch: mem (CPU python)=10436.08984375MB; mem (CPU total)=32062.48046875MB
INFO:root:[  145] Training loss: 0.34777688, Validation loss: 0.35327270, Gradient norm: 0.22440853
INFO:root:At the start of the epoch: mem (CPU python)=10457.2578125MB; mem (CPU total)=32138.5625MB
INFO:root:[  146] Training loss: 0.34734971, Validation loss: 0.35325129, Gradient norm: 0.22475610
INFO:root:At the start of the epoch: mem (CPU python)=10478.41796875MB; mem (CPU total)=32211.3984375MB
INFO:root:[  147] Training loss: 0.34794672, Validation loss: 0.35344129, Gradient norm: 0.24474649
INFO:root:At the start of the epoch: mem (CPU python)=10499.58203125MB; mem (CPU total)=32285.71484375MB
INFO:root:[  148] Training loss: 0.34796045, Validation loss: 0.35372537, Gradient norm: 0.23056288
INFO:root:At the start of the epoch: mem (CPU python)=10520.74609375MB; mem (CPU total)=32358.8046875MB
INFO:root:[  149] Training loss: 0.34800171, Validation loss: 0.35350180, Gradient norm: 0.22959996
INFO:root:At the start of the epoch: mem (CPU python)=10541.91015625MB; mem (CPU total)=32427.6484375MB
INFO:root:[  150] Training loss: 0.34808085, Validation loss: 0.35313926, Gradient norm: 0.23496925
INFO:root:At the start of the epoch: mem (CPU python)=10563.078125MB; mem (CPU total)=32503.890625MB
INFO:root:[  151] Training loss: 0.34768086, Validation loss: 0.35318497, Gradient norm: 0.24577731
INFO:root:At the start of the epoch: mem (CPU python)=10584.23828125MB; mem (CPU total)=32573.04296875MB
INFO:root:[  152] Training loss: 0.34722427, Validation loss: 0.35301934, Gradient norm: 0.23697021
INFO:root:At the start of the epoch: mem (CPU python)=10605.40625MB; mem (CPU total)=32648.36328125MB
INFO:root:[  153] Training loss: 0.34747806, Validation loss: 0.35368320, Gradient norm: 0.22338247
INFO:root:At the start of the epoch: mem (CPU python)=10626.5703125MB; mem (CPU total)=32716.7734375MB
INFO:root:[  154] Training loss: 0.34787813, Validation loss: 0.35301062, Gradient norm: 0.24265720
INFO:root:At the start of the epoch: mem (CPU python)=10647.734375MB; mem (CPU total)=32792.32421875MB
INFO:root:[  155] Training loss: 0.34786456, Validation loss: 0.35316921, Gradient norm: 0.24155879
INFO:root:At the start of the epoch: mem (CPU python)=10668.89453125MB; mem (CPU total)=32860.734375MB
INFO:root:[  156] Training loss: 0.34706927, Validation loss: 0.35289774, Gradient norm: 0.22972618
INFO:root:At the start of the epoch: mem (CPU python)=10690.05859375MB; mem (CPU total)=32933.09375MB
INFO:root:[  157] Training loss: 0.34765114, Validation loss: 0.35308908, Gradient norm: 0.22888361
INFO:root:At the start of the epoch: mem (CPU python)=10711.21875MB; mem (CPU total)=32978.66796875MB
INFO:root:[  158] Training loss: 0.34781743, Validation loss: 0.35321389, Gradient norm: 0.24289667
INFO:root:At the start of the epoch: mem (CPU python)=10732.38671875MB; mem (CPU total)=33040.53515625MB
INFO:root:[  159] Training loss: 0.34748081, Validation loss: 0.35334115, Gradient norm: 0.25325900
INFO:root:At the start of the epoch: mem (CPU python)=10753.55078125MB; mem (CPU total)=33101.6875MB
INFO:root:[  160] Training loss: 0.34701916, Validation loss: 0.35347456, Gradient norm: 0.22696566
INFO:root:At the start of the epoch: mem (CPU python)=10774.71484375MB; mem (CPU total)=33159.4140625MB
INFO:root:[  161] Training loss: 0.34682130, Validation loss: 0.35287492, Gradient norm: 0.23159364
INFO:root:At the start of the epoch: mem (CPU python)=10795.87890625MB; mem (CPU total)=33219.03515625MB
INFO:root:[  162] Training loss: 0.34724297, Validation loss: 0.35308912, Gradient norm: 0.22902974
INFO:root:At the start of the epoch: mem (CPU python)=10817.04296875MB; mem (CPU total)=33278.61328125MB
INFO:root:[  163] Training loss: 0.34695570, Validation loss: 0.35284107, Gradient norm: 0.23997663
INFO:root:At the start of the epoch: mem (CPU python)=10838.2109375MB; mem (CPU total)=33338.67578125MB
INFO:root:[  164] Training loss: 0.34671198, Validation loss: 0.35278716, Gradient norm: 0.22673257
INFO:root:At the start of the epoch: mem (CPU python)=10859.375MB; mem (CPU total)=33398.4921875MB
INFO:root:[  165] Training loss: 0.34724483, Validation loss: 0.35271080, Gradient norm: 0.24610368
INFO:root:At the start of the epoch: mem (CPU python)=10880.53515625MB; mem (CPU total)=33458.73828125MB
INFO:root:[  166] Training loss: 0.34640491, Validation loss: 0.35276964, Gradient norm: 0.21939156
INFO:root:At the start of the epoch: mem (CPU python)=10901.69921875MB; mem (CPU total)=33518.953125MB
INFO:root:[  167] Training loss: 0.34680431, Validation loss: 0.35304962, Gradient norm: 0.22380422
INFO:root:At the start of the epoch: mem (CPU python)=10922.86328125MB; mem (CPU total)=33579.95703125MB
INFO:root:[  168] Training loss: 0.34658209, Validation loss: 0.35302778, Gradient norm: 0.23114138
INFO:root:At the start of the epoch: mem (CPU python)=10944.03125MB; mem (CPU total)=33638.54296875MB
INFO:root:[  169] Training loss: 0.34621277, Validation loss: 0.35312879, Gradient norm: 0.21997189
INFO:root:At the start of the epoch: mem (CPU python)=10965.1953125MB; mem (CPU total)=33698.859375MB
INFO:root:[  170] Training loss: 0.34683526, Validation loss: 0.35265131, Gradient norm: 0.23015177
INFO:root:At the start of the epoch: mem (CPU python)=10986.359375MB; mem (CPU total)=33759.44921875MB
INFO:root:[  171] Training loss: 0.34677949, Validation loss: 0.35311991, Gradient norm: 0.21675590
INFO:root:At the start of the epoch: mem (CPU python)=11007.5234375MB; mem (CPU total)=33819.765625MB
INFO:root:[  172] Training loss: 0.34666908, Validation loss: 0.35307660, Gradient norm: 0.23662208
INFO:root:At the start of the epoch: mem (CPU python)=11028.68359375MB; mem (CPU total)=33880.98828125MB
INFO:root:[  173] Training loss: 0.34670841, Validation loss: 0.35301135, Gradient norm: 0.23368940
INFO:root:At the start of the epoch: mem (CPU python)=11049.84765625MB; mem (CPU total)=33942.484375MB
INFO:root:[  174] Training loss: 0.34657303, Validation loss: 0.35242382, Gradient norm: 0.24112089
INFO:root:At the start of the epoch: mem (CPU python)=11071.01171875MB; mem (CPU total)=34004.765625MB
INFO:root:[  175] Training loss: 0.34674023, Validation loss: 0.35303913, Gradient norm: 0.21525256
INFO:root:At the start of the epoch: mem (CPU python)=11092.17578125MB; mem (CPU total)=34066.3671875MB
INFO:root:[  176] Training loss: 0.34630947, Validation loss: 0.35208571, Gradient norm: 0.23201532
INFO:root:At the start of the epoch: mem (CPU python)=11113.33984375MB; mem (CPU total)=34126.4375MB
INFO:root:[  177] Training loss: 0.34611524, Validation loss: 0.35184203, Gradient norm: 0.22135123
INFO:root:At the start of the epoch: mem (CPU python)=11134.50390625MB; mem (CPU total)=34186.53515625MB
INFO:root:[  178] Training loss: 0.34621838, Validation loss: 0.35238992, Gradient norm: 0.22196053
INFO:root:At the start of the epoch: mem (CPU python)=11155.66796875MB; mem (CPU total)=34248.7421875MB
INFO:root:[  179] Training loss: 0.34619308, Validation loss: 0.35212282, Gradient norm: 0.23570520
INFO:root:At the start of the epoch: mem (CPU python)=11176.8359375MB; mem (CPU total)=34306.78515625MB
INFO:root:[  180] Training loss: 0.34617115, Validation loss: 0.35274034, Gradient norm: 0.22751525
INFO:root:At the start of the epoch: mem (CPU python)=11198.00390625MB; mem (CPU total)=34367.5234375MB
INFO:root:[  181] Training loss: 0.34589154, Validation loss: 0.35231533, Gradient norm: 0.22424682
INFO:root:At the start of the epoch: mem (CPU python)=11219.16796875MB; mem (CPU total)=34427.71875MB
INFO:root:[  182] Training loss: 0.34652481, Validation loss: 0.35223636, Gradient norm: 0.22897893
INFO:root:At the start of the epoch: mem (CPU python)=11240.33203125MB; mem (CPU total)=34488.49609375MB
INFO:root:[  183] Training loss: 0.34651431, Validation loss: 0.35313335, Gradient norm: 0.22790866
INFO:root:At the start of the epoch: mem (CPU python)=11261.49609375MB; mem (CPU total)=34549.26953125MB
INFO:root:[  184] Training loss: 0.34641448, Validation loss: 0.35265918, Gradient norm: 0.24343413
INFO:root:At the start of the epoch: mem (CPU python)=11282.65625MB; mem (CPU total)=34609.61328125MB
INFO:root:[  185] Training loss: 0.34599645, Validation loss: 0.35212057, Gradient norm: 0.22884683
INFO:root:At the start of the epoch: mem (CPU python)=11303.82421875MB; mem (CPU total)=34670.41796875MB
INFO:root:[  186] Training loss: 0.34625517, Validation loss: 0.35207184, Gradient norm: 0.22385710
INFO:root:At the start of the epoch: mem (CPU python)=11324.98828125MB; mem (CPU total)=34731.69140625MB
INFO:root:EP 186: Early stopping
INFO:root:After finishing all epochs: mem (CPU python)=11346.15234375MB; mem (CPU total)=34786.1328125MB
INFO:root:Training the model took 8081.034s.
INFO:root:Emptying the cuda cache took 0.053s.
INFO:root:Starting evaluation: model SFNO & uncertainty quantification deterministic
INFO:root:Evaluating the model on Validation data.
INFO:root:MSEValidation: 0.40992
INFO:root:EnergyScoreValidation: 0.40992
INFO:root:CRPSValidation: 0.16449
INFO:root:Gaussian NLLValidation: 28105114280.99916
INFO:root:CoverageValidation: 0.0
INFO:root:IntervalWidthValidation: 0.0
INFO:root:Evaluating the model on Test data.
INFO:root:MSETest: 0.32046
INFO:root:EnergyScoreTest: 0.31558
INFO:root:CRPSTest: 0.12602
INFO:root:Gaussian NLLTest: 17220462739.456
INFO:root:CoverageTest: 0.0
INFO:root:IntervalWidthTest: 0.0
INFO:root:After validation: mem (CPU python)=11346.84765625MB; mem (CPU total)=35080.62890625MB
INFO:root:###3 out of 3 training parameter combinations ###
INFO:root:Training parameters: {'seed': 123, 'model': 'SFNO', 'uncertainty_quantification': 'deterministic', 'batch_size': 32, 'n_epochs': 1000, 'early_stopping': 10, 'init': 'default', 'learning_rate': 0.005, 'lr_schedule': 'step', 'optimizer': 'adam', 'gradient_clipping': 1, 'layer_normalization': True, 'data_loader_pin_memory': False, 'data_loader_num_workers': 0, 'distributed_training': False, 'alpha': 0.05, 'n_samples_uq': 100, 'weight_decay': 0, 'dropout': 0.001, 'fourier_dropout': None, 'hidden_channels': 32, 'projection_channels': 256, 'lifting_channels': 256, 'n_modes': (32, 32), 'n_samples': 3}
INFO:root:After creating the dataloaders: mem (CPU python)=11346.84765625MB; mem (CPU total)=35087.26953125MB
INFO:root:NumberParameters: 284835
INFO:root:GPU memory allocated: 176160768
INFO:root:After setting up the model: mem (CPU python)=11346.84765625MB; mem (CPU total)=35115.73046875MB
INFO:root:Training starts now.
INFO:root:At the start of the epoch: mem (CPU python)=11346.84765625MB; mem (CPU total)=35123.1171875MB
INFO:root:[    1] Training loss: 0.82975484, Validation loss: 0.73607696, Gradient norm: 0.51327660
INFO:root:At the start of the epoch: mem (CPU python)=11367.40625MB; mem (CPU total)=35177.05078125MB
INFO:root:[    2] Training loss: 0.73365648, Validation loss: 0.73163634, Gradient norm: 0.31419985
INFO:root:At the start of the epoch: mem (CPU python)=11385.3046875MB; mem (CPU total)=35216.42578125MB
INFO:root:[    3] Training loss: 0.72842101, Validation loss: 0.72170445, Gradient norm: 0.26384568
INFO:root:At the start of the epoch: mem (CPU python)=11406.078125MB; mem (CPU total)=35263.90234375MB
INFO:root:[    4] Training loss: 0.70639312, Validation loss: 0.66136845, Gradient norm: 0.42179372
INFO:root:At the start of the epoch: mem (CPU python)=11428.4453125MB; mem (CPU total)=35312.109375MB
INFO:root:[    5] Training loss: 0.63232128, Validation loss: 0.59777861, Gradient norm: 0.42879862
INFO:root:At the start of the epoch: mem (CPU python)=11447.5625MB; mem (CPU total)=35359.34765625MB
INFO:root:[    6] Training loss: 0.58325926, Validation loss: 0.56688048, Gradient norm: 0.41317456
INFO:root:At the start of the epoch: mem (CPU python)=11470.56640625MB; mem (CPU total)=35406.64453125MB
INFO:root:[    7] Training loss: 0.56310620, Validation loss: 0.55378544, Gradient norm: 0.46006649
INFO:root:At the start of the epoch: mem (CPU python)=11491.25MB; mem (CPU total)=35450.97265625MB
INFO:root:[    8] Training loss: 0.54813797, Validation loss: 0.53585768, Gradient norm: 0.43905165
INFO:root:At the start of the epoch: mem (CPU python)=11512.92578125MB; mem (CPU total)=35500.6640625MB
INFO:root:[    9] Training loss: 0.53365726, Validation loss: 0.52273492, Gradient norm: 0.41913587
INFO:root:At the start of the epoch: mem (CPU python)=11534.15625MB; mem (CPU total)=35550.3125MB
INFO:root:[   10] Training loss: 0.51959305, Validation loss: 0.50148308, Gradient norm: 0.49248818
INFO:root:At the start of the epoch: mem (CPU python)=11555.546875MB; mem (CPU total)=35596.8203125MB
INFO:root:[   11] Training loss: 0.48530111, Validation loss: 0.46651132, Gradient norm: 0.60175139
INFO:root:At the start of the epoch: mem (CPU python)=11575.23828125MB; mem (CPU total)=35640.1015625MB
INFO:root:[   12] Training loss: 0.45779871, Validation loss: 0.44099188, Gradient norm: 0.61736387
INFO:root:At the start of the epoch: mem (CPU python)=11597.16796875MB; mem (CPU total)=35688.08984375MB
INFO:root:[   13] Training loss: 0.44078587, Validation loss: 0.42736463, Gradient norm: 0.63550179
INFO:root:At the start of the epoch: mem (CPU python)=11620.1171875MB; mem (CPU total)=35737.33984375MB
INFO:root:[   14] Training loss: 0.42889267, Validation loss: 0.42538790, Gradient norm: 0.63445691
INFO:root:At the start of the epoch: mem (CPU python)=11641.21484375MB; mem (CPU total)=35782.34375MB
INFO:root:[   15] Training loss: 0.42129486, Validation loss: 0.41165721, Gradient norm: 0.63051443
INFO:root:At the start of the epoch: mem (CPU python)=11660.9765625MB; mem (CPU total)=35828.39453125MB
INFO:root:[   16] Training loss: 0.41286075, Validation loss: 0.40498642, Gradient norm: 0.60292658
INFO:root:At the start of the epoch: mem (CPU python)=11683.42578125MB; mem (CPU total)=35875.48828125MB
INFO:root:[   17] Training loss: 0.40587494, Validation loss: 0.40426431, Gradient norm: 0.54886742
INFO:root:At the start of the epoch: mem (CPU python)=11703.53125MB; mem (CPU total)=35922.4921875MB
INFO:root:[   18] Training loss: 0.40207170, Validation loss: 0.39947508, Gradient norm: 0.57682286
INFO:root:At the start of the epoch: mem (CPU python)=11724.89453125MB; mem (CPU total)=35967.1875MB
INFO:root:[   19] Training loss: 0.39881516, Validation loss: 0.39206826, Gradient norm: 0.60081799
INFO:root:At the start of the epoch: mem (CPU python)=11747.1953125MB; mem (CPU total)=36013.69921875MB
INFO:root:[   20] Training loss: 0.39362254, Validation loss: 0.38483652, Gradient norm: 0.54398089
INFO:root:At the start of the epoch: mem (CPU python)=11766.15625MB; mem (CPU total)=36059.95703125MB
INFO:root:[   21] Training loss: 0.39079106, Validation loss: 0.38477203, Gradient norm: 0.55775735
INFO:root:At the start of the epoch: mem (CPU python)=11790.40234375MB; mem (CPU total)=36107.3828125MB
INFO:root:[   22] Training loss: 0.38857388, Validation loss: 0.38317855, Gradient norm: 0.55613286
INFO:root:At the start of the epoch: mem (CPU python)=11809.9140625MB; mem (CPU total)=36153.6171875MB
INFO:root:[   23] Training loss: 0.38531722, Validation loss: 0.37754667, Gradient norm: 0.54197285
INFO:root:At the start of the epoch: mem (CPU python)=11831.2734375MB; mem (CPU total)=36199.1875MB
INFO:root:[   24] Training loss: 0.38398437, Validation loss: 0.37942695, Gradient norm: 0.58132581
INFO:root:At the start of the epoch: mem (CPU python)=11852.1953125MB; mem (CPU total)=36246.19140625MB
INFO:root:[   25] Training loss: 0.38103971, Validation loss: 0.37534362, Gradient norm: 0.53996442
INFO:root:At the start of the epoch: mem (CPU python)=11872.79296875MB; mem (CPU total)=36292.2109375MB
INFO:root:[   26] Training loss: 0.37912224, Validation loss: 0.37551922, Gradient norm: 0.53890620
INFO:root:At the start of the epoch: mem (CPU python)=11894.921875MB; mem (CPU total)=36337.953125MB
INFO:root:[   27] Training loss: 0.37684234, Validation loss: 0.37066457, Gradient norm: 0.51022390
INFO:root:At the start of the epoch: mem (CPU python)=11915.890625MB; mem (CPU total)=36386.6796875MB
INFO:root:[   28] Training loss: 0.37551833, Validation loss: 0.36892135, Gradient norm: 0.51648921
INFO:root:At the start of the epoch: mem (CPU python)=11936.60546875MB; mem (CPU total)=36432.6953125MB
INFO:root:[   29] Training loss: 0.37361976, Validation loss: 0.36818090, Gradient norm: 0.52836929
INFO:root:At the start of the epoch: mem (CPU python)=11958.65625MB; mem (CPU total)=36482.82421875MB
INFO:root:[   30] Training loss: 0.37265846, Validation loss: 0.36816965, Gradient norm: 0.55759495
INFO:root:At the start of the epoch: mem (CPU python)=11980.7421875MB; mem (CPU total)=36530.3046875MB
INFO:root:[   31] Training loss: 0.37047668, Validation loss: 0.36423407, Gradient norm: 0.53935154
INFO:root:At the start of the epoch: mem (CPU python)=12000.140625MB; mem (CPU total)=36572.6640625MB
INFO:root:[   32] Training loss: 0.36825773, Validation loss: 0.36111114, Gradient norm: 0.54698992
INFO:root:At the start of the epoch: mem (CPU python)=12022.48828125MB; mem (CPU total)=36621.328125MB
INFO:root:[   33] Training loss: 0.36635789, Validation loss: 0.35971355, Gradient norm: 0.52552380
INFO:root:At the start of the epoch: mem (CPU python)=12044.21875MB; mem (CPU total)=36670.546875MB
INFO:root:[   34] Training loss: 0.36570585, Validation loss: 0.36011222, Gradient norm: 0.58742072
INFO:root:At the start of the epoch: mem (CPU python)=12062.62109375MB; mem (CPU total)=36713.36328125MB
INFO:root:[   35] Training loss: 0.36317205, Validation loss: 0.36097474, Gradient norm: 0.52589913
INFO:root:At the start of the epoch: mem (CPU python)=12084.91796875MB; mem (CPU total)=36764.25MB
INFO:root:[   36] Training loss: 0.36112709, Validation loss: 0.35976893, Gradient norm: 0.54416399
INFO:root:At the start of the epoch: mem (CPU python)=12106.95703125MB; mem (CPU total)=36810.015625MB
INFO:root:[   37] Training loss: 0.35940208, Validation loss: 0.35547502, Gradient norm: 0.56180768
INFO:root:At the start of the epoch: mem (CPU python)=12128.8125MB; mem (CPU total)=36858.4921875MB
INFO:root:[   38] Training loss: 0.35771314, Validation loss: 0.35343012, Gradient norm: 0.54017325
INFO:root:At the start of the epoch: mem (CPU python)=12148.23046875MB; mem (CPU total)=36904.65625MB
INFO:root:[   39] Training loss: 0.35620396, Validation loss: 0.34961992, Gradient norm: 0.56337315
INFO:root:At the start of the epoch: mem (CPU python)=12170.0390625MB; mem (CPU total)=36952.3984375MB
INFO:root:[   40] Training loss: 0.35446942, Validation loss: 0.35191102, Gradient norm: 0.56982602
INFO:root:At the start of the epoch: mem (CPU python)=12192.40625MB; mem (CPU total)=36997.43359375MB
INFO:root:[   41] Training loss: 0.35212849, Validation loss: 0.34703712, Gradient norm: 0.53417106
INFO:root:At the start of the epoch: mem (CPU python)=12211.34765625MB; mem (CPU total)=37044.9296875MB
INFO:root:[   42] Training loss: 0.35123300, Validation loss: 0.34523015, Gradient norm: 0.58302493
INFO:root:At the start of the epoch: mem (CPU python)=12231.83984375MB; mem (CPU total)=37091.01953125MB
INFO:root:[   43] Training loss: 0.34951783, Validation loss: 0.34397614, Gradient norm: 0.55311727
INFO:root:At the start of the epoch: mem (CPU python)=12255.04296875MB; mem (CPU total)=37142.77734375MB
INFO:root:[   44] Training loss: 0.34791130, Validation loss: 0.34400376, Gradient norm: 0.57936690
INFO:root:At the start of the epoch: mem (CPU python)=12275.98046875MB; mem (CPU total)=37191.76171875MB
INFO:root:[   45] Training loss: 0.34672602, Validation loss: 0.34375019, Gradient norm: 0.61621600
INFO:root:At the start of the epoch: mem (CPU python)=12297.76171875MB; mem (CPU total)=37237.46484375MB
INFO:root:[   46] Training loss: 0.34469434, Validation loss: 0.33949682, Gradient norm: 0.54735252
INFO:root:At the start of the epoch: mem (CPU python)=12316.39453125MB; mem (CPU total)=37284.9765625MB
INFO:root:[   47] Training loss: 0.34243475, Validation loss: 0.33806466, Gradient norm: 0.57300931
INFO:root:At the start of the epoch: mem (CPU python)=12339.578125MB; mem (CPU total)=37333.8828125MB
INFO:root:[   48] Training loss: 0.34082352, Validation loss: 0.33390488, Gradient norm: 0.54760611
INFO:root:At the start of the epoch: mem (CPU python)=12360.28125MB; mem (CPU total)=37378.6796875MB
INFO:root:[   49] Training loss: 0.33969928, Validation loss: 0.33429817, Gradient norm: 0.61110383
INFO:root:At the start of the epoch: mem (CPU python)=12383.1328125MB; mem (CPU total)=37430.12890625MB
INFO:root:[   50] Training loss: 0.33785126, Validation loss: 0.33242167, Gradient norm: 0.58669382
INFO:root:At the start of the epoch: mem (CPU python)=12405.73046875MB; mem (CPU total)=37477.4765625MB
INFO:root:[   51] Training loss: 0.33563953, Validation loss: 0.33273980, Gradient norm: 0.57901142
INFO:root:At the start of the epoch: mem (CPU python)=12427.1328125MB; mem (CPU total)=37525.98046875MB
INFO:root:[   52] Training loss: 0.33501213, Validation loss: 0.32773284, Gradient norm: 0.61056822
INFO:root:At the start of the epoch: mem (CPU python)=12449.01953125MB; mem (CPU total)=37572.9140625MB
INFO:root:[   53] Training loss: 0.33373550, Validation loss: 0.33362574, Gradient norm: 0.60361557
INFO:root:At the start of the epoch: mem (CPU python)=12470.1796875MB; mem (CPU total)=37618.453125MB
INFO:root:[   54] Training loss: 0.33180048, Validation loss: 0.32846081, Gradient norm: 0.60283146
INFO:root:At the start of the epoch: mem (CPU python)=12491.34375MB; mem (CPU total)=37667.90234375MB
INFO:root:[   55] Training loss: 0.33014245, Validation loss: 0.32724642, Gradient norm: 0.58526663
INFO:root:At the start of the epoch: mem (CPU python)=12512.5078125MB; mem (CPU total)=37713.96875MB
INFO:root:[   56] Training loss: 0.32955068, Validation loss: 0.32344397, Gradient norm: 0.59377983
INFO:root:At the start of the epoch: mem (CPU python)=12533.671875MB; mem (CPU total)=37760.4921875MB
INFO:root:[   57] Training loss: 0.32796466, Validation loss: 0.32313611, Gradient norm: 0.62181788
INFO:root:At the start of the epoch: mem (CPU python)=12554.83984375MB; mem (CPU total)=37810.7109375MB
INFO:root:[   58] Training loss: 0.32644280, Validation loss: 0.32424746, Gradient norm: 0.58669477
INFO:root:At the start of the epoch: mem (CPU python)=12576.0MB; mem (CPU total)=37855.26953125MB
INFO:root:[   59] Training loss: 0.32633017, Validation loss: 0.32063794, Gradient norm: 0.66633655
INFO:root:At the start of the epoch: mem (CPU python)=12597.1640625MB; mem (CPU total)=37904.87109375MB
INFO:root:[   60] Training loss: 0.32382984, Validation loss: 0.31818103, Gradient norm: 0.60028086
INFO:root:At the start of the epoch: mem (CPU python)=12618.328125MB; mem (CPU total)=37951.14453125MB
INFO:root:[   61] Training loss: 0.32258370, Validation loss: 0.32283495, Gradient norm: 0.62265278
INFO:root:At the start of the epoch: mem (CPU python)=12639.4921875MB; mem (CPU total)=37996.84375MB
INFO:root:[   62] Training loss: 0.32182867, Validation loss: 0.31800053, Gradient norm: 0.61764803
INFO:root:At the start of the epoch: mem (CPU python)=12660.66015625MB; mem (CPU total)=38048.5390625MB
INFO:root:[   63] Training loss: 0.32034709, Validation loss: 0.31546222, Gradient norm: 0.61018733
INFO:root:At the start of the epoch: mem (CPU python)=12682.3515625MB; mem (CPU total)=38094.08203125MB
INFO:root:[   64] Training loss: 0.31962141, Validation loss: 0.31678355, Gradient norm: 0.63417277
INFO:root:At the start of the epoch: mem (CPU python)=12703.734375MB; mem (CPU total)=38140.14453125MB
INFO:root:[   65] Training loss: 0.31765242, Validation loss: 0.32180008, Gradient norm: 0.59506479
INFO:root:At the start of the epoch: mem (CPU python)=12724.8984375MB; mem (CPU total)=38189.1640625MB
INFO:root:[   66] Training loss: 0.31769497, Validation loss: 0.31442591, Gradient norm: 0.62687708
INFO:root:At the start of the epoch: mem (CPU python)=12746.0625MB; mem (CPU total)=38234.97265625MB
INFO:root:[   67] Training loss: 0.31688018, Validation loss: 0.31728465, Gradient norm: 0.61436473
INFO:root:At the start of the epoch: mem (CPU python)=12767.2265625MB; mem (CPU total)=38286.90625MB
INFO:root:[   68] Training loss: 0.31551593, Validation loss: 0.31325025, Gradient norm: 0.63032221
INFO:root:At the start of the epoch: mem (CPU python)=12788.39453125MB; mem (CPU total)=38330.23046875MB
INFO:root:[   69] Training loss: 0.31483146, Validation loss: 0.31062089, Gradient norm: 0.62968051
INFO:root:At the start of the epoch: mem (CPU python)=12809.55859375MB; mem (CPU total)=38376.015625MB
INFO:root:[   70] Training loss: 0.31319253, Validation loss: 0.31188794, Gradient norm: 0.62505714
INFO:root:At the start of the epoch: mem (CPU python)=12830.72265625MB; mem (CPU total)=38426.00390625MB
INFO:root:[   71] Training loss: 0.31315832, Validation loss: 0.30725873, Gradient norm: 0.61593721
INFO:root:At the start of the epoch: mem (CPU python)=12851.88671875MB; mem (CPU total)=38464.2578125MB
INFO:root:[   72] Training loss: 0.31199888, Validation loss: 0.30959059, Gradient norm: 0.62549909
INFO:root:At the start of the epoch: mem (CPU python)=12873.046875MB; mem (CPU total)=38500.8671875MB
INFO:root:[   73] Training loss: 0.31188138, Validation loss: 0.30869888, Gradient norm: 0.66446101
INFO:root:At the start of the epoch: mem (CPU python)=12894.2109375MB; mem (CPU total)=38534.83984375MB
INFO:root:[   74] Training loss: 0.31178273, Validation loss: 0.30788158, Gradient norm: 0.68330163
INFO:root:At the start of the epoch: mem (CPU python)=12915.45703125MB; mem (CPU total)=38570.5390625MB
INFO:root:[   75] Training loss: 0.30907659, Validation loss: 0.30761127, Gradient norm: 0.60088684
INFO:root:At the start of the epoch: mem (CPU python)=12936.91796875MB; mem (CPU total)=38605.74609375MB
INFO:root:[   76] Training loss: 0.30954995, Validation loss: 0.30625396, Gradient norm: 0.65967548
INFO:root:At the start of the epoch: mem (CPU python)=12958.08203125MB; mem (CPU total)=38640.23046875MB
INFO:root:[   77] Training loss: 0.30792267, Validation loss: 0.30478765, Gradient norm: 0.63630475
INFO:root:At the start of the epoch: mem (CPU python)=12979.24609375MB; mem (CPU total)=38674.12890625MB
INFO:root:[   78] Training loss: 0.30732324, Validation loss: 0.30742334, Gradient norm: 0.63648552
INFO:root:At the start of the epoch: mem (CPU python)=13000.6796875MB; mem (CPU total)=38709.08203125MB
INFO:root:[   79] Training loss: 0.30737995, Validation loss: 0.30259295, Gradient norm: 0.65931087
INFO:root:At the start of the epoch: mem (CPU python)=13022.66015625MB; mem (CPU total)=38743.48828125MB
INFO:root:[   80] Training loss: 0.30566215, Validation loss: 0.30508220, Gradient norm: 0.62099638
INFO:root:At the start of the epoch: mem (CPU python)=13043.94921875MB; mem (CPU total)=38777.95703125MB
INFO:root:[   81] Training loss: 0.30511933, Validation loss: 0.30536748, Gradient norm: 0.62736318
INFO:root:At the start of the epoch: mem (CPU python)=13065.40625MB; mem (CPU total)=38812.328125MB
INFO:root:[   82] Training loss: 0.30435075, Validation loss: 0.29982713, Gradient norm: 0.63063282
INFO:root:At the start of the epoch: mem (CPU python)=13086.56640625MB; mem (CPU total)=38846.80078125MB
INFO:root:[   83] Training loss: 0.30315447, Validation loss: 0.30043970, Gradient norm: 0.66408671
INFO:root:At the start of the epoch: mem (CPU python)=13107.73046875MB; mem (CPU total)=38880.5234375MB
INFO:root:[   84] Training loss: 0.30260461, Validation loss: 0.30166632, Gradient norm: 0.68479426
INFO:root:At the start of the epoch: mem (CPU python)=13129.16796875MB; mem (CPU total)=38915.390625MB
INFO:root:[   85] Training loss: 0.30263769, Validation loss: 0.30051194, Gradient norm: 0.66071711
INFO:root:At the start of the epoch: mem (CPU python)=13150.80859375MB; mem (CPU total)=38951.10546875MB
INFO:root:[   86] Training loss: 0.30124766, Validation loss: 0.29796359, Gradient norm: 0.63191950
INFO:root:At the start of the epoch: mem (CPU python)=13171.9765625MB; mem (CPU total)=38995.89453125MB
INFO:root:[   87] Training loss: 0.30026817, Validation loss: 0.30180622, Gradient norm: 0.66034725
INFO:root:At the start of the epoch: mem (CPU python)=13193.140625MB; mem (CPU total)=39052.23046875MB
INFO:root:[   88] Training loss: 0.30070825, Validation loss: 0.29992860, Gradient norm: 0.69333825
INFO:root:At the start of the epoch: mem (CPU python)=13214.6796875MB; mem (CPU total)=39103.41796875MB
INFO:root:[   89] Training loss: 0.29975465, Validation loss: 0.29873031, Gradient norm: 0.67252106
INFO:root:At the start of the epoch: mem (CPU python)=13235.84375MB; mem (CPU total)=39156.36328125MB
INFO:root:[   90] Training loss: 0.29936758, Validation loss: 0.29815351, Gradient norm: 0.69352822
INFO:root:At the start of the epoch: mem (CPU python)=13257.00390625MB; mem (CPU total)=39210.19140625MB
INFO:root:[   91] Training loss: 0.29833474, Validation loss: 0.29777494, Gradient norm: 0.63958483
INFO:root:At the start of the epoch: mem (CPU python)=13278.171875MB; mem (CPU total)=39264.1171875MB
INFO:root:[   92] Training loss: 0.29693126, Validation loss: 0.29765762, Gradient norm: 0.62899523
INFO:root:At the start of the epoch: mem (CPU python)=13299.33203125MB; mem (CPU total)=39317.2578125MB
INFO:root:[   93] Training loss: 0.29648583, Validation loss: 0.29755256, Gradient norm: 0.67057579
INFO:root:At the start of the epoch: mem (CPU python)=13320.49609375MB; mem (CPU total)=39370.90625MB
INFO:root:[   94] Training loss: 0.29592244, Validation loss: 0.29597688, Gradient norm: 0.67542280
INFO:root:At the start of the epoch: mem (CPU python)=13341.6953125MB; mem (CPU total)=39426.55859375MB
INFO:root:[   95] Training loss: 0.29586958, Validation loss: 0.29906793, Gradient norm: 0.65183892
INFO:root:At the start of the epoch: mem (CPU python)=13362.859375MB; mem (CPU total)=39478.234375MB
INFO:root:[   96] Training loss: 0.29541900, Validation loss: 0.29594469, Gradient norm: 0.72147137
INFO:root:At the start of the epoch: mem (CPU python)=13384.4921875MB; mem (CPU total)=39559.703125MB
INFO:root:[   97] Training loss: 0.29362312, Validation loss: 0.29465245, Gradient norm: 0.63302238
INFO:root:At the start of the epoch: mem (CPU python)=13405.90625MB; mem (CPU total)=39614.4140625MB
INFO:root:[   98] Training loss: 0.29313490, Validation loss: 0.29620860, Gradient norm: 0.62764454
INFO:root:At the start of the epoch: mem (CPU python)=13427.0703125MB; mem (CPU total)=39657.265625MB
INFO:root:[   99] Training loss: 0.29310172, Validation loss: 0.29421193, Gradient norm: 0.68619931
INFO:root:At the start of the epoch: mem (CPU python)=13448.234375MB; mem (CPU total)=39700.33203125MB
INFO:root:[  100] Training loss: 0.29266872, Validation loss: 0.29402056, Gradient norm: 0.68045070
INFO:root:At the start of the epoch: mem (CPU python)=13469.3984375MB; mem (CPU total)=39743.14453125MB
INFO:root:[  101] Training loss: 0.29182729, Validation loss: 0.29301243, Gradient norm: 0.66234579
INFO:root:At the start of the epoch: mem (CPU python)=13490.8671875MB; mem (CPU total)=39786.68359375MB
INFO:root:[  102] Training loss: 0.29183259, Validation loss: 0.29528126, Gradient norm: 0.70206642
INFO:root:At the start of the epoch: mem (CPU python)=13512.4765625MB; mem (CPU total)=39829.69140625MB
INFO:root:[  103] Training loss: 0.29060830, Validation loss: 0.29700632, Gradient norm: 0.64602615
INFO:root:At the start of the epoch: mem (CPU python)=13533.64453125MB; mem (CPU total)=39872.75390625MB
INFO:root:[  104] Training loss: 0.29017846, Validation loss: 0.29228851, Gradient norm: 0.64179898
INFO:root:At the start of the epoch: mem (CPU python)=13554.80859375MB; mem (CPU total)=39916.0234375MB
INFO:root:[  105] Training loss: 0.28991639, Validation loss: 0.29186642, Gradient norm: 0.67047145
INFO:root:At the start of the epoch: mem (CPU python)=13577.45703125MB; mem (CPU total)=39961.05859375MB
INFO:root:[  106] Training loss: 0.28885325, Validation loss: 0.29324248, Gradient norm: 0.68007202
INFO:root:At the start of the epoch: mem (CPU python)=13599.01171875MB; mem (CPU total)=40003.87890625MB
INFO:root:[  107] Training loss: 0.28976264, Validation loss: 0.29114107, Gradient norm: 0.75015263
INFO:root:At the start of the epoch: mem (CPU python)=13620.1796875MB; mem (CPU total)=40044.484375MB
INFO:root:[  108] Training loss: 0.28782894, Validation loss: 0.29161038, Gradient norm: 0.63584907
INFO:root:At the start of the epoch: mem (CPU python)=13641.3359375MB; mem (CPU total)=40086.328125MB
INFO:root:[  109] Training loss: 0.28788177, Validation loss: 0.29399995, Gradient norm: 0.67970572
INFO:root:At the start of the epoch: mem (CPU python)=13662.50390625MB; mem (CPU total)=40128.64453125MB
INFO:root:[  110] Training loss: 0.28744063, Validation loss: 0.29050307, Gradient norm: 0.68300245
INFO:root:At the start of the epoch: mem (CPU python)=13683.6640625MB; mem (CPU total)=40170.234375MB
INFO:root:[  111] Training loss: 0.28654443, Validation loss: 0.29135344, Gradient norm: 0.65877927
INFO:root:At the start of the epoch: mem (CPU python)=13704.828125MB; mem (CPU total)=40212.015625MB
INFO:root:[  112] Training loss: 0.28692643, Validation loss: 0.28868793, Gradient norm: 0.67142248
INFO:root:At the start of the epoch: mem (CPU python)=13725.99609375MB; mem (CPU total)=40254.328125MB
INFO:root:[  113] Training loss: 0.28658904, Validation loss: 0.29086742, Gradient norm: 0.71688256
INFO:root:At the start of the epoch: mem (CPU python)=13747.15625MB; mem (CPU total)=40296.51171875MB
INFO:root:[  114] Training loss: 0.28573144, Validation loss: 0.29125263, Gradient norm: 0.68888118
INFO:root:At the start of the epoch: mem (CPU python)=13768.32421875MB; mem (CPU total)=40338.83984375MB
INFO:root:[  115] Training loss: 0.28584013, Validation loss: 0.29045027, Gradient norm: 0.70882774
INFO:root:At the start of the epoch: mem (CPU python)=13789.48828125MB; mem (CPU total)=40381.1640625MB
INFO:root:[  116] Training loss: 0.28432336, Validation loss: 0.28714416, Gradient norm: 0.67523342
INFO:root:At the start of the epoch: mem (CPU python)=13811.03125MB; mem (CPU total)=40423.21484375MB
INFO:root:[  117] Training loss: 0.28449736, Validation loss: 0.29057607, Gradient norm: 0.66609989
INFO:root:At the start of the epoch: mem (CPU python)=13832.94140625MB; mem (CPU total)=40466.296875MB
INFO:root:[  118] Training loss: 0.28351360, Validation loss: 0.28761799, Gradient norm: 0.67637425
INFO:root:At the start of the epoch: mem (CPU python)=13854.10546875MB; mem (CPU total)=40508.37890625MB
INFO:root:[  119] Training loss: 0.28303910, Validation loss: 0.28758119, Gradient norm: 0.66928390
INFO:root:At the start of the epoch: mem (CPU python)=13875.26953125MB; mem (CPU total)=40550.70703125MB
INFO:root:[  120] Training loss: 0.28291785, Validation loss: 0.28839746, Gradient norm: 0.68818283
INFO:root:At the start of the epoch: mem (CPU python)=13896.4375MB; mem (CPU total)=40593.03515625MB
INFO:root:[  121] Training loss: 0.28230329, Validation loss: 0.28759384, Gradient norm: 0.72462920
INFO:root:At the start of the epoch: mem (CPU python)=13917.6015625MB; mem (CPU total)=40634.39453125MB
INFO:root:[  122] Training loss: 0.28262314, Validation loss: 0.28739277, Gradient norm: 0.67030814
INFO:root:At the start of the epoch: mem (CPU python)=13938.9140625MB; mem (CPU total)=40678.63671875MB
INFO:root:Learning rate reduced to: 0.0025
INFO:root:[  123] Training loss: 0.28153619, Validation loss: 0.29146090, Gradient norm: 0.71380268
INFO:root:At the start of the epoch: mem (CPU python)=13960.68359375MB; mem (CPU total)=40720.734375MB
INFO:root:Learning rate reduced to: 0.00125
INFO:root:[  124] Training loss: 0.27340630, Validation loss: 0.27978724, Gradient norm: 0.36919746
INFO:root:At the start of the epoch: mem (CPU python)=13981.8515625MB; mem (CPU total)=40763.015625MB
INFO:root:[  125] Training loss: 0.26874993, Validation loss: 0.27867942, Gradient norm: 0.24468461
INFO:root:At the start of the epoch: mem (CPU python)=14003.015625MB; mem (CPU total)=40805.33984375MB
INFO:root:[  126] Training loss: 0.26804301, Validation loss: 0.27718021, Gradient norm: 0.26299351
INFO:root:At the start of the epoch: mem (CPU python)=14024.17578125MB; mem (CPU total)=40847.20703125MB
INFO:root:[  127] Training loss: 0.26799431, Validation loss: 0.27822792, Gradient norm: 0.25031214
INFO:root:At the start of the epoch: mem (CPU python)=14045.33984375MB; mem (CPU total)=40889.81640625MB
INFO:root:[  128] Training loss: 0.26762235, Validation loss: 0.27613333, Gradient norm: 0.26003388
INFO:root:At the start of the epoch: mem (CPU python)=14066.5078125MB; mem (CPU total)=40931.6484375MB
INFO:root:[  129] Training loss: 0.26727288, Validation loss: 0.27717008, Gradient norm: 0.30064525
INFO:root:At the start of the epoch: mem (CPU python)=14088.03515625MB; mem (CPU total)=40976.203125MB
INFO:root:[  130] Training loss: 0.26767498, Validation loss: 0.27751839, Gradient norm: 0.28407720
INFO:root:At the start of the epoch: mem (CPU python)=14109.953125MB; mem (CPU total)=41019.78125MB
INFO:root:[  131] Training loss: 0.26704408, Validation loss: 0.27760228, Gradient norm: 0.30731215
INFO:root:At the start of the epoch: mem (CPU python)=14131.1171875MB; mem (CPU total)=41061.3125MB
INFO:root:[  132] Training loss: 0.26701496, Validation loss: 0.27695077, Gradient norm: 0.31440412
INFO:root:At the start of the epoch: mem (CPU python)=14152.28125MB; mem (CPU total)=41103.890625MB
INFO:root:[  133] Training loss: 0.26704398, Validation loss: 0.27781354, Gradient norm: 0.31069636
INFO:root:At the start of the epoch: mem (CPU python)=14173.4453125MB; mem (CPU total)=41146.5078125MB
INFO:root:[  134] Training loss: 0.26693317, Validation loss: 0.27631014, Gradient norm: 0.34859797
INFO:root:At the start of the epoch: mem (CPU python)=14194.609375MB; mem (CPU total)=41189.30078125MB
INFO:root:Learning rate reduced to: 0.000625
INFO:root:[  135] Training loss: 0.26690404, Validation loss: 0.27709432, Gradient norm: 0.34685062
INFO:root:At the start of the epoch: mem (CPU python)=14215.77734375MB; mem (CPU total)=41232.51171875MB
INFO:root:Learning rate reduced to: 0.0003125
INFO:root:[  136] Training loss: 0.26466942, Validation loss: 0.27521834, Gradient norm: 0.23854184
INFO:root:At the start of the epoch: mem (CPU python)=14236.94140625MB; mem (CPU total)=41277.02734375MB
INFO:root:[  137] Training loss: 0.26330622, Validation loss: 0.27480136, Gradient norm: 0.18528948
INFO:root:At the start of the epoch: mem (CPU python)=14258.21484375MB; mem (CPU total)=41320.109375MB
INFO:root:[  138] Training loss: 0.26280516, Validation loss: 0.27490226, Gradient norm: 0.19177474
INFO:root:At the start of the epoch: mem (CPU python)=14279.86328125MB; mem (CPU total)=41362.453125MB
INFO:root:[  139] Training loss: 0.26378604, Validation loss: 0.27480020, Gradient norm: 0.19362144
INFO:root:At the start of the epoch: mem (CPU python)=14301.5546875MB; mem (CPU total)=41404.13671875MB
INFO:root:[  140] Training loss: 0.26306617, Validation loss: 0.27521687, Gradient norm: 0.19640244
INFO:root:At the start of the epoch: mem (CPU python)=14322.71875MB; mem (CPU total)=41445.375MB
INFO:root:[  141] Training loss: 0.26299758, Validation loss: 0.27471028, Gradient norm: 0.20336346
INFO:root:At the start of the epoch: mem (CPU python)=14343.88671875MB; mem (CPU total)=41486.75390625MB
INFO:root:[  142] Training loss: 0.26305738, Validation loss: 0.27527190, Gradient norm: 0.20583461
INFO:root:At the start of the epoch: mem (CPU python)=14365.046875MB; mem (CPU total)=41528.7734375MB
INFO:root:[  143] Training loss: 0.26314598, Validation loss: 0.27471193, Gradient norm: 0.20837737
INFO:root:At the start of the epoch: mem (CPU python)=14386.2109375MB; mem (CPU total)=41571.07421875MB
INFO:root:[  144] Training loss: 0.26310957, Validation loss: 0.27516134, Gradient norm: 0.20223356
INFO:root:At the start of the epoch: mem (CPU python)=14407.37890625MB; mem (CPU total)=41613.89453125MB
INFO:root:[  145] Training loss: 0.26325521, Validation loss: 0.27489676, Gradient norm: 0.21428351
INFO:root:At the start of the epoch: mem (CPU python)=14428.69140625MB; mem (CPU total)=41656.1875MB
INFO:root:[  146] Training loss: 0.26308938, Validation loss: 0.27434540, Gradient norm: 0.22697566
INFO:root:At the start of the epoch: mem (CPU python)=14449.859375MB; mem (CPU total)=41664.203125MB
INFO:root:[  147] Training loss: 0.26322089, Validation loss: 0.27415565, Gradient norm: 0.22745213
INFO:root:At the start of the epoch: mem (CPU python)=14471.625MB; mem (CPU total)=41727.0078125MB
INFO:root:[  148] Training loss: 0.26334544, Validation loss: 0.27502286, Gradient norm: 0.21600359
INFO:root:At the start of the epoch: mem (CPU python)=14492.78515625MB; mem (CPU total)=41789.69921875MB
INFO:root:[  149] Training loss: 0.26301375, Validation loss: 0.27534587, Gradient norm: 0.22102083
INFO:root:At the start of the epoch: mem (CPU python)=14513.94921875MB; mem (CPU total)=41852.484375MB
INFO:root:[  150] Training loss: 0.26251098, Validation loss: 0.27357550, Gradient norm: 0.23564003
INFO:root:At the start of the epoch: mem (CPU python)=14535.11328125MB; mem (CPU total)=41914.00390625MB
INFO:root:[  151] Training loss: 0.26285009, Validation loss: 0.27429189, Gradient norm: 0.23860626
INFO:root:At the start of the epoch: mem (CPU python)=14557.1484375MB; mem (CPU total)=41977.7421875MB
INFO:root:[  152] Training loss: 0.26236836, Validation loss: 0.27393106, Gradient norm: 0.23563053
INFO:root:At the start of the epoch: mem (CPU python)=14578.5625MB; mem (CPU total)=42040.00390625MB
INFO:root:[  153] Training loss: 0.26243081, Validation loss: 0.27404918, Gradient norm: 0.23180410
INFO:root:At the start of the epoch: mem (CPU python)=14599.73046875MB; mem (CPU total)=42102.265625MB
INFO:root:[  154] Training loss: 0.26255438, Validation loss: 0.27540901, Gradient norm: 0.23207364
INFO:root:At the start of the epoch: mem (CPU python)=14620.89453125MB; mem (CPU total)=42164.48828125MB
INFO:root:[  155] Training loss: 0.26243772, Validation loss: 0.27518600, Gradient norm: 0.22056370
INFO:root:At the start of the epoch: mem (CPU python)=14642.05859375MB; mem (CPU total)=42226.47265625MB
INFO:root:[  156] Training loss: 0.26243928, Validation loss: 0.27457187, Gradient norm: 0.25103423
INFO:root:At the start of the epoch: mem (CPU python)=14663.28125MB; mem (CPU total)=42289.47265625MB
INFO:root:Learning rate reduced to: 0.00015625
INFO:root:[  157] Training loss: 0.26238643, Validation loss: 0.27402757, Gradient norm: 0.23706857
INFO:root:At the start of the epoch: mem (CPU python)=14684.76953125MB; mem (CPU total)=42352.20703125MB
INFO:root:Learning rate reduced to: 7.8125e-05
INFO:root:[  158] Training loss: 0.26148599, Validation loss: 0.27415398, Gradient norm: 0.19103251
INFO:root:At the start of the epoch: mem (CPU python)=14705.9296875MB; mem (CPU total)=42414.42578125MB
INFO:root:[  159] Training loss: 0.26125420, Validation loss: 0.27362110, Gradient norm: 0.15960413
INFO:root:At the start of the epoch: mem (CPU python)=14727.09375MB; mem (CPU total)=42476.6875MB
INFO:root:EP 159: Early stopping
INFO:root:Training for autoregressive step 2 starts now.
INFO:root:Learning rate reduced to: [3.90625e-05]
INFO:root:At the start of the epoch: mem (CPU python)=14748.2578125MB; mem (CPU total)=42540.4453125MB
INFO:root:[  161] Training loss: 0.33393498, Validation loss: 0.33840894, Gradient norm: 0.32155093
INFO:root:At the start of the epoch: mem (CPU python)=14757.18359375MB; mem (CPU total)=42613.5078125MB
INFO:root:[  162] Training loss: 0.33242387, Validation loss: 0.33763889, Gradient norm: 0.29630161
INFO:root:At the start of the epoch: mem (CPU python)=14778.34765625MB; mem (CPU total)=42699.1015625MB
INFO:root:[  163] Training loss: 0.33183340, Validation loss: 0.33733813, Gradient norm: 0.30861851
INFO:root:At the start of the epoch: mem (CPU python)=14799.515625MB; mem (CPU total)=42780.8046875MB
INFO:root:[  164] Training loss: 0.33131648, Validation loss: 0.33679653, Gradient norm: 0.29794898
INFO:root:At the start of the epoch: mem (CPU python)=14820.6796875MB; mem (CPU total)=42868.66015625MB
INFO:root:[  165] Training loss: 0.33105778, Validation loss: 0.33659449, Gradient norm: 0.28933871
INFO:root:At the start of the epoch: mem (CPU python)=14841.84375MB; mem (CPU total)=42947.63671875MB
INFO:root:[  166] Training loss: 0.33009112, Validation loss: 0.33618955, Gradient norm: 0.27193628
INFO:root:At the start of the epoch: mem (CPU python)=14863.00390625MB; mem (CPU total)=43047.1328125MB
INFO:root:[  167] Training loss: 0.32985853, Validation loss: 0.33614736, Gradient norm: 0.27812759
INFO:root:At the start of the epoch: mem (CPU python)=14884.16796875MB; mem (CPU total)=43123.6796875MB
INFO:root:[  168] Training loss: 0.32993576, Validation loss: 0.33569174, Gradient norm: 0.27155394
INFO:root:At the start of the epoch: mem (CPU python)=14905.3359375MB; mem (CPU total)=43211.6328125MB
INFO:root:[  169] Training loss: 0.33032279, Validation loss: 0.33573810, Gradient norm: 0.28015503
INFO:root:At the start of the epoch: mem (CPU python)=14926.50390625MB; mem (CPU total)=43290.32421875MB
INFO:root:[  170] Training loss: 0.32984844, Validation loss: 0.33560945, Gradient norm: 0.27641540
INFO:root:At the start of the epoch: mem (CPU python)=14947.671875MB; mem (CPU total)=43377.8125MB
INFO:root:[  171] Training loss: 0.32961985, Validation loss: 0.33513212, Gradient norm: 0.27486340
INFO:root:At the start of the epoch: mem (CPU python)=14968.8359375MB; mem (CPU total)=43459.6640625MB
INFO:root:[  172] Training loss: 0.32975406, Validation loss: 0.33498741, Gradient norm: 0.26318990
INFO:root:At the start of the epoch: mem (CPU python)=14990.0MB; mem (CPU total)=43542.8046875MB
INFO:root:[  173] Training loss: 0.32865381, Validation loss: 0.33529116, Gradient norm: 0.25306525
INFO:root:At the start of the epoch: mem (CPU python)=15011.1640625MB; mem (CPU total)=43628.9609375MB
INFO:root:[  174] Training loss: 0.32887240, Validation loss: 0.33518226, Gradient norm: 0.25238105
INFO:root:At the start of the epoch: mem (CPU python)=15032.328125MB; mem (CPU total)=43706.2578125MB
INFO:root:[  175] Training loss: 0.32961909, Validation loss: 0.33516400, Gradient norm: 0.28037387
INFO:root:At the start of the epoch: mem (CPU python)=15053.4921875MB; mem (CPU total)=43796.59765625MB
INFO:root:[  176] Training loss: 0.32921392, Validation loss: 0.33489778, Gradient norm: 0.26823473
INFO:root:At the start of the epoch: mem (CPU python)=15074.65625MB; mem (CPU total)=43870.2734375MB
INFO:root:[  177] Training loss: 0.32922737, Validation loss: 0.33508479, Gradient norm: 0.27665441
INFO:root:At the start of the epoch: mem (CPU python)=15095.81640625MB; mem (CPU total)=43957.8359375MB
INFO:root:[  178] Training loss: 0.32873825, Validation loss: 0.33497753, Gradient norm: 0.26425086
INFO:root:At the start of the epoch: mem (CPU python)=15116.98046875MB; mem (CPU total)=44033.90625MB
INFO:root:[  179] Training loss: 0.32902855, Validation loss: 0.33493588, Gradient norm: 0.28223471
INFO:root:At the start of the epoch: mem (CPU python)=15138.14453125MB; mem (CPU total)=44121.046875MB
INFO:root:[  180] Training loss: 0.32875093, Validation loss: 0.33437617, Gradient norm: 0.25693648
INFO:root:At the start of the epoch: mem (CPU python)=15159.3125MB; mem (CPU total)=44202.05078125MB
INFO:root:[  181] Training loss: 0.32852650, Validation loss: 0.33435868, Gradient norm: 0.26266061
INFO:root:At the start of the epoch: mem (CPU python)=15180.4765625MB; mem (CPU total)=44285.9921875MB
INFO:root:[  182] Training loss: 0.32839997, Validation loss: 0.33488574, Gradient norm: 0.26616961
INFO:root:At the start of the epoch: mem (CPU python)=15201.640625MB; mem (CPU total)=44371.37890625MB
INFO:root:[  183] Training loss: 0.32812439, Validation loss: 0.33468132, Gradient norm: 0.26005146
INFO:root:At the start of the epoch: mem (CPU python)=15222.8046875MB; mem (CPU total)=44449.45703125MB
INFO:root:[  184] Training loss: 0.32869380, Validation loss: 0.33448267, Gradient norm: 0.27784288
INFO:root:At the start of the epoch: mem (CPU python)=15243.96875MB; mem (CPU total)=44538.8125MB
INFO:root:[  185] Training loss: 0.32779030, Validation loss: 0.33372076, Gradient norm: 0.25333123
INFO:root:At the start of the epoch: mem (CPU python)=15265.12890625MB; mem (CPU total)=44614.38671875MB
INFO:root:[  186] Training loss: 0.32834837, Validation loss: 0.33404582, Gradient norm: 0.26576905
INFO:root:At the start of the epoch: mem (CPU python)=15286.29296875MB; mem (CPU total)=44704.31640625MB
INFO:root:[  187] Training loss: 0.32807942, Validation loss: 0.33407371, Gradient norm: 0.25979904
INFO:root:At the start of the epoch: mem (CPU python)=15307.4609375MB; mem (CPU total)=44780.11328125MB
INFO:root:[  188] Training loss: 0.32808461, Validation loss: 0.33429107, Gradient norm: 0.25565761
INFO:root:At the start of the epoch: mem (CPU python)=15328.625MB; mem (CPU total)=44868.703125MB
INFO:root:[  189] Training loss: 0.32822797, Validation loss: 0.33414070, Gradient norm: 0.27710240
INFO:root:At the start of the epoch: mem (CPU python)=15349.7890625MB; mem (CPU total)=44949.390625MB
INFO:root:[  190] Training loss: 0.32831062, Validation loss: 0.33400851, Gradient norm: 0.25916309
INFO:root:At the start of the epoch: mem (CPU python)=15370.953125MB; mem (CPU total)=45032.015625MB
INFO:root:[  191] Training loss: 0.32890515, Validation loss: 0.33422353, Gradient norm: 0.28196454
INFO:root:At the start of the epoch: mem (CPU python)=15392.1171875MB; mem (CPU total)=45116.42578125MB
INFO:root:[  192] Training loss: 0.32851575, Validation loss: 0.33389941, Gradient norm: 0.26447923
INFO:root:At the start of the epoch: mem (CPU python)=15413.28125MB; mem (CPU total)=45194.94140625MB
INFO:root:[  193] Training loss: 0.32772415, Validation loss: 0.33381717, Gradient norm: 0.24605072
INFO:root:At the start of the epoch: mem (CPU python)=15434.4453125MB; mem (CPU total)=45278.08984375MB
INFO:root:[  194] Training loss: 0.32767097, Validation loss: 0.33377635, Gradient norm: 0.25684331
INFO:root:At the start of the epoch: mem (CPU python)=15455.609375MB; mem (CPU total)=45361.37109375MB
INFO:root:EP 194: Early stopping
INFO:root:After finishing all epochs: mem (CPU python)=15476.76953125MB; mem (CPU total)=45433.49609375MB
INFO:root:Training the model took 8391.201s.
INFO:root:Emptying the cuda cache took 0.056s.
INFO:root:Starting evaluation: model SFNO & uncertainty quantification deterministic
INFO:root:Evaluating the model on Validation data.
INFO:root:MSEValidation: 0.39285
INFO:root:EnergyScoreValidation: 0.39285
INFO:root:CRPSValidation: 0.1594
INFO:root:Gaussian NLLValidation: 25827055075.6188
INFO:root:CoverageValidation: 0.0
INFO:root:IntervalWidthValidation: 0.0
INFO:root:Evaluating the model on Test data.
INFO:root:MSETest: 0.30712
INFO:root:EnergyScoreTest: 0.30234
INFO:root:CRPSTest: 0.12217
INFO:root:Gaussian NLLTest: 15818940792.832
INFO:root:CoverageTest: 0.0
INFO:root:IntervalWidthTest: 0.0
INFO:root:After validation: mem (CPU python)=15483.49609375MB; mem (CPU total)=45908.1953125MB
