INFO:root:Starting the logger.
INFO:root:Using cuda.
INFO:root:: mem (CPU python)=574.609375MB; mem (CPU total)=30218.1796875MB
INFO:root:############### Starting experiment with config file sswe/sfno_deterministic_2_3.ini ###############
INFO:root:###1 out of 1 data set parameter combinations ###
INFO:root:Data parameters: {'dataset_name': 'SSWE', 'max_training_set_size': 5000, 'pred_horizon': 1, 'train_horizon': 2, 'stepwise_evaluation': False}
INFO:root:After loading the datasets: mem (CPU python)=585.7265625MB; mem (CPU total)=30227.01171875MB
INFO:root:###1 out of 3 training parameter combinations ###
INFO:root:Training parameters: {'seed': 1234567, 'model': 'SFNO', 'uncertainty_quantification': 'deterministic', 'batch_size': 32, 'n_epochs': 1000, 'early_stopping': 10, 'init': 'default', 'learning_rate': 0.005, 'lr_schedule': 'step', 'optimizer': 'adam', 'gradient_clipping': 1, 'layer_normalization': True, 'data_loader_pin_memory': False, 'data_loader_num_workers': 0, 'distributed_training': False, 'alpha': 0.05, 'n_samples_uq': 100, 'weight_decay': 0, 'dropout': 0.001, 'fourier_dropout': None, 'hidden_channels': 32, 'projection_channels': 256, 'lifting_channels': 256, 'n_modes': (32, 32), 'n_samples': 3}
INFO:root:After creating the dataloaders: mem (CPU python)=586.8984375MB; mem (CPU total)=30228.00390625MB
INFO:root:NumberParameters: 284835
INFO:root:GPU memory allocated: 2097152
INFO:root:After setting up the model: mem (CPU python)=2102.9375MB; mem (CPU total)=31507.1328125MB
INFO:root:Training starts now.
INFO:root:At the start of the epoch: mem (CPU python)=2112.46875MB; mem (CPU total)=31517.15625MB
INFO:root:[    1] Training loss: 0.82525711, Validation loss: 0.73413434, Gradient norm: 0.54854961
INFO:root:At the start of the epoch: mem (CPU python)=3078.06640625MB; mem (CPU total)=32206.85546875MB
INFO:root:[    2] Training loss: 0.73326915, Validation loss: 0.73097875, Gradient norm: 0.32207987
INFO:root:At the start of the epoch: mem (CPU python)=3103.33203125MB; mem (CPU total)=32308.7578125MB
INFO:root:[    3] Training loss: 0.72980507, Validation loss: 0.72677351, Gradient norm: 0.24549736
INFO:root:At the start of the epoch: mem (CPU python)=3123.71484375MB; mem (CPU total)=32350.41796875MB
INFO:root:[    4] Training loss: 0.70224072, Validation loss: 0.66869319, Gradient norm: 0.40197664
INFO:root:At the start of the epoch: mem (CPU python)=3142.609375MB; mem (CPU total)=32392.77734375MB
INFO:root:[    5] Training loss: 0.63229490, Validation loss: 0.59929216, Gradient norm: 0.46379871
INFO:root:At the start of the epoch: mem (CPU python)=3165.60546875MB; mem (CPU total)=32443.48046875MB
INFO:root:[    6] Training loss: 0.58228922, Validation loss: 0.56646682, Gradient norm: 0.50698498
INFO:root:At the start of the epoch: mem (CPU python)=3189.9765625MB; mem (CPU total)=32491.625MB
INFO:root:[    7] Training loss: 0.55891996, Validation loss: 0.54791806, Gradient norm: 0.48751697
INFO:root:At the start of the epoch: mem (CPU python)=3208.02734375MB; mem (CPU total)=32532.4140625MB
INFO:root:[    8] Training loss: 0.53992045, Validation loss: 0.52883405, Gradient norm: 0.50055015
INFO:root:At the start of the epoch: mem (CPU python)=3230.390625MB; mem (CPU total)=32582.3359375MB
INFO:root:[    9] Training loss: 0.52251806, Validation loss: 0.51069247, Gradient norm: 0.50593275
INFO:root:At the start of the epoch: mem (CPU python)=3252.046875MB; mem (CPU total)=32626.13671875MB
INFO:root:[   10] Training loss: 0.50737784, Validation loss: 0.49783463, Gradient norm: 0.55135342
INFO:root:At the start of the epoch: mem (CPU python)=3271.59375MB; mem (CPU total)=32668.48046875MB
INFO:root:[   11] Training loss: 0.49642540, Validation loss: 0.48951105, Gradient norm: 0.51917756
INFO:root:At the start of the epoch: mem (CPU python)=3294.125MB; mem (CPU total)=32713.75MB
INFO:root:[   12] Training loss: 0.48970464, Validation loss: 0.48364825, Gradient norm: 0.55041940
INFO:root:At the start of the epoch: mem (CPU python)=3314.98828125MB; mem (CPU total)=32763.62890625MB
INFO:root:[   13] Training loss: 0.48377271, Validation loss: 0.47875759, Gradient norm: 0.50412768
INFO:root:At the start of the epoch: mem (CPU python)=3336.74609375MB; mem (CPU total)=32805.4140625MB
INFO:root:[   14] Training loss: 0.47884198, Validation loss: 0.47687671, Gradient norm: 0.51676011
INFO:root:At the start of the epoch: mem (CPU python)=3358.50390625MB; mem (CPU total)=32850.0546875MB
INFO:root:[   15] Training loss: 0.47495445, Validation loss: 0.46941204, Gradient norm: 0.50788544
INFO:root:At the start of the epoch: mem (CPU python)=3377.1640625MB; mem (CPU total)=32898.54296875MB
INFO:root:[   16] Training loss: 0.46992619, Validation loss: 0.46395315, Gradient norm: 0.48874124
INFO:root:At the start of the epoch: mem (CPU python)=3398.19921875MB; mem (CPU total)=32941.46484375MB
INFO:root:[   17] Training loss: 0.46646669, Validation loss: 0.46427260, Gradient norm: 0.51727842
INFO:root:At the start of the epoch: mem (CPU python)=3420.27734375MB; mem (CPU total)=32983.6484375MB
INFO:root:[   18] Training loss: 0.46267303, Validation loss: 0.45735926, Gradient norm: 0.49610656
INFO:root:At the start of the epoch: mem (CPU python)=3441.015625MB; mem (CPU total)=33032.6328125MB
INFO:root:[   19] Training loss: 0.45861128, Validation loss: 0.45706302, Gradient norm: 0.51349341
INFO:root:At the start of the epoch: mem (CPU python)=3463.71875MB; mem (CPU total)=33079.89453125MB
INFO:root:[   20] Training loss: 0.45352476, Validation loss: 0.45011026, Gradient norm: 0.49720103
INFO:root:At the start of the epoch: mem (CPU python)=3486.1796875MB; mem (CPU total)=33124.94140625MB
INFO:root:[   21] Training loss: 0.45021939, Validation loss: 0.44497644, Gradient norm: 0.53520717
INFO:root:At the start of the epoch: mem (CPU python)=3505.73828125MB; mem (CPU total)=33170.00390625MB
INFO:root:[   22] Training loss: 0.44643986, Validation loss: 0.44364233, Gradient norm: 0.51187488
INFO:root:At the start of the epoch: mem (CPU python)=3525.8828125MB; mem (CPU total)=33215.25MB
INFO:root:[   23] Training loss: 0.44355157, Validation loss: 0.43877351, Gradient norm: 0.48723021
INFO:root:At the start of the epoch: mem (CPU python)=3547.99609375MB; mem (CPU total)=33265.3359375MB
INFO:root:[   24] Training loss: 0.44110806, Validation loss: 0.43795389, Gradient norm: 0.52021168
INFO:root:At the start of the epoch: mem (CPU python)=3572.97265625MB; mem (CPU total)=33309.9375MB
INFO:root:[   25] Training loss: 0.43866351, Validation loss: 0.43477121, Gradient norm: 0.48382222
INFO:root:At the start of the epoch: mem (CPU python)=3594.8125MB; mem (CPU total)=33361.08984375MB
INFO:root:[   26] Training loss: 0.43704762, Validation loss: 0.43371569, Gradient norm: 0.50830026
INFO:root:At the start of the epoch: mem (CPU python)=3615.98046875MB; mem (CPU total)=33401.26171875MB
INFO:root:[   27] Training loss: 0.43434211, Validation loss: 0.42989478, Gradient norm: 0.44962779
INFO:root:At the start of the epoch: mem (CPU python)=3638.09765625MB; mem (CPU total)=33447.6484375MB
INFO:root:[   28] Training loss: 0.43320799, Validation loss: 0.42837759, Gradient norm: 0.51342291
INFO:root:At the start of the epoch: mem (CPU python)=3659.80859375MB; mem (CPU total)=33498.6015625MB
INFO:root:[   29] Training loss: 0.43098567, Validation loss: 0.42784223, Gradient norm: 0.48519128
INFO:root:At the start of the epoch: mem (CPU python)=3680.97265625MB; mem (CPU total)=33540.67578125MB
INFO:root:[   30] Training loss: 0.41226340, Validation loss: 0.39856634, Gradient norm: 0.55498887
INFO:root:At the start of the epoch: mem (CPU python)=3702.13671875MB; mem (CPU total)=33582.6875MB
INFO:root:[   31] Training loss: 0.39908288, Validation loss: 0.39157256, Gradient norm: 0.59032302
INFO:root:At the start of the epoch: mem (CPU python)=3723.40625MB; mem (CPU total)=33634.671875MB
INFO:root:[   32] Training loss: 0.39379169, Validation loss: 0.39097778, Gradient norm: 0.53439722
INFO:root:At the start of the epoch: mem (CPU python)=3744.83984375MB; mem (CPU total)=33677.99609375MB
INFO:root:[   33] Training loss: 0.39162784, Validation loss: 0.38844019, Gradient norm: 0.54241455
INFO:root:At the start of the epoch: mem (CPU python)=3766.37890625MB; mem (CPU total)=33720.5859375MB
INFO:root:[   34] Training loss: 0.38849683, Validation loss: 0.38296762, Gradient norm: 0.54444371
INFO:root:At the start of the epoch: mem (CPU python)=3787.5390625MB; mem (CPU total)=33771.7265625MB
INFO:root:[   35] Training loss: 0.38673922, Validation loss: 0.38372194, Gradient norm: 0.55597076
INFO:root:At the start of the epoch: mem (CPU python)=3808.703125MB; mem (CPU total)=33812.98046875MB
INFO:root:[   36] Training loss: 0.38391797, Validation loss: 0.38061606, Gradient norm: 0.52857978
INFO:root:At the start of the epoch: mem (CPU python)=3829.87109375MB; mem (CPU total)=33856.05078125MB
INFO:root:[   37] Training loss: 0.38237781, Validation loss: 0.37734423, Gradient norm: 0.54084931
INFO:root:At the start of the epoch: mem (CPU python)=3851.03515625MB; mem (CPU total)=33957.51171875MB
INFO:root:[   38] Training loss: 0.37921321, Validation loss: 0.37528584, Gradient norm: 0.50690924
INFO:root:At the start of the epoch: mem (CPU python)=3872.3671875MB; mem (CPU total)=33993.9453125MB
INFO:root:[   39] Training loss: 0.37708962, Validation loss: 0.37430796, Gradient norm: 0.55155349
INFO:root:At the start of the epoch: mem (CPU python)=3893.734375MB; mem (CPU total)=34030.66796875MB
INFO:root:[   40] Training loss: 0.37498898, Validation loss: 0.36954642, Gradient norm: 0.56160961
INFO:root:At the start of the epoch: mem (CPU python)=3914.90234375MB; mem (CPU total)=34067.19921875MB
INFO:root:[   41] Training loss: 0.37169679, Validation loss: 0.36616466, Gradient norm: 0.52107874
INFO:root:At the start of the epoch: mem (CPU python)=3936.81640625MB; mem (CPU total)=34107.5703125MB
INFO:root:[   42] Training loss: 0.36982322, Validation loss: 0.36498259, Gradient norm: 0.55185135
INFO:root:At the start of the epoch: mem (CPU python)=3957.98046875MB; mem (CPU total)=34142.28125MB
INFO:root:[   43] Training loss: 0.36666721, Validation loss: 0.36405553, Gradient norm: 0.51494375
INFO:root:At the start of the epoch: mem (CPU python)=3979.14453125MB; mem (CPU total)=34177.34375MB
INFO:root:[   44] Training loss: 0.36444772, Validation loss: 0.35940733, Gradient norm: 0.55843290
INFO:root:At the start of the epoch: mem (CPU python)=4000.30859375MB; mem (CPU total)=34220.91015625MB
INFO:root:[   45] Training loss: 0.36144708, Validation loss: 0.35711093, Gradient norm: 0.53028162
INFO:root:At the start of the epoch: mem (CPU python)=4021.75MB; mem (CPU total)=34254.65234375MB
INFO:root:[   46] Training loss: 0.35985712, Validation loss: 0.35578596, Gradient norm: 0.54804752
INFO:root:At the start of the epoch: mem (CPU python)=4043.39453125MB; mem (CPU total)=34289.08203125MB
INFO:root:[   47] Training loss: 0.35793546, Validation loss: 0.35277629, Gradient norm: 0.59052742
INFO:root:At the start of the epoch: mem (CPU python)=4064.55859375MB; mem (CPU total)=34330.68359375MB
INFO:root:[   48] Training loss: 0.35460863, Validation loss: 0.35138844, Gradient norm: 0.56513700
INFO:root:At the start of the epoch: mem (CPU python)=4083.8671875MB; mem (CPU total)=34364.89453125MB
INFO:root:[   49] Training loss: 0.35236992, Validation loss: 0.34882893, Gradient norm: 0.57421428
INFO:root:At the start of the epoch: mem (CPU python)=4106.23828125MB; mem (CPU total)=34400.09765625MB
INFO:root:[   50] Training loss: 0.34926494, Validation loss: 0.34737557, Gradient norm: 0.58202845
INFO:root:At the start of the epoch: mem (CPU python)=4128.046875MB; mem (CPU total)=34438.74609375MB
INFO:root:[   51] Training loss: 0.34736903, Validation loss: 0.34143593, Gradient norm: 0.56437338
INFO:root:At the start of the epoch: mem (CPU python)=4149.20703125MB; mem (CPU total)=34476.58203125MB
INFO:root:[   52] Training loss: 0.34526894, Validation loss: 0.34052082, Gradient norm: 0.58759018
INFO:root:At the start of the epoch: mem (CPU python)=4170.375MB; mem (CPU total)=34510.24609375MB
INFO:root:[   53] Training loss: 0.34422647, Validation loss: 0.34047069, Gradient norm: 0.62166021
INFO:root:At the start of the epoch: mem (CPU python)=4190.859375MB; mem (CPU total)=34547.4609375MB
INFO:root:[   54] Training loss: 0.34167982, Validation loss: 0.33855437, Gradient norm: 0.60188878
INFO:root:At the start of the epoch: mem (CPU python)=4211.86328125MB; mem (CPU total)=34587.41015625MB
INFO:root:[   55] Training loss: 0.34016846, Validation loss: 0.33700970, Gradient norm: 0.56963498
INFO:root:At the start of the epoch: mem (CPU python)=4233.31640625MB; mem (CPU total)=34620.15234375MB
INFO:root:[   56] Training loss: 0.33793203, Validation loss: 0.33880997, Gradient norm: 0.61184508
INFO:root:At the start of the epoch: mem (CPU python)=4254.28125MB; mem (CPU total)=34654.86328125MB
INFO:root:[   57] Training loss: 0.33710931, Validation loss: 0.33343597, Gradient norm: 0.59723801
INFO:root:At the start of the epoch: mem (CPU python)=4275.44140625MB; mem (CPU total)=34698.89453125MB
INFO:root:[   58] Training loss: 0.33554420, Validation loss: 0.33196643, Gradient norm: 0.66762376
INFO:root:At the start of the epoch: mem (CPU python)=4297.18359375MB; mem (CPU total)=34732.703125MB
INFO:root:[   59] Training loss: 0.33424474, Validation loss: 0.33050734, Gradient norm: 0.61190847
INFO:root:At the start of the epoch: mem (CPU python)=4318.875MB; mem (CPU total)=34767.10546875MB
INFO:root:[   60] Training loss: 0.33241735, Validation loss: 0.33402346, Gradient norm: 0.61552829
INFO:root:At the start of the epoch: mem (CPU python)=4339.40625MB; mem (CPU total)=34806.30859375MB
INFO:root:[   61] Training loss: 0.33071407, Validation loss: 0.33171140, Gradient norm: 0.61420184
INFO:root:At the start of the epoch: mem (CPU python)=4359.92578125MB; mem (CPU total)=34842.921875MB
INFO:root:[   62] Training loss: 0.32959029, Validation loss: 0.32952959, Gradient norm: 0.59955671
INFO:root:At the start of the epoch: mem (CPU python)=4381.2109375MB; mem (CPU total)=34877.16015625MB
INFO:root:[   63] Training loss: 0.32906037, Validation loss: 0.32696718, Gradient norm: 0.62127341
INFO:root:At the start of the epoch: mem (CPU python)=4403.375MB; mem (CPU total)=34915.8984375MB
INFO:root:[   64] Training loss: 0.32751457, Validation loss: 0.32653859, Gradient norm: 0.63155216
INFO:root:At the start of the epoch: mem (CPU python)=4423.796875MB; mem (CPU total)=34954.04296875MB
INFO:root:[   65] Training loss: 0.32704384, Validation loss: 0.32505575, Gradient norm: 0.63356352
INFO:root:At the start of the epoch: mem (CPU python)=4445.2109375MB; mem (CPU total)=34986.41015625MB
INFO:root:[   66] Training loss: 0.32580336, Validation loss: 0.32616220, Gradient norm: 0.63135706
INFO:root:At the start of the epoch: mem (CPU python)=4466.8046875MB; mem (CPU total)=35023.7578125MB
INFO:root:[   67] Training loss: 0.32522519, Validation loss: 0.32301421, Gradient norm: 0.63197068
INFO:root:At the start of the epoch: mem (CPU python)=4489.5546875MB; mem (CPU total)=35065.8515625MB
INFO:root:[   68] Training loss: 0.32467132, Validation loss: 0.32367789, Gradient norm: 0.61903611
INFO:root:At the start of the epoch: mem (CPU python)=4511.5234375MB; mem (CPU total)=35101.30859375MB
INFO:root:[   69] Training loss: 0.32404216, Validation loss: 0.32182607, Gradient norm: 0.65853731
INFO:root:At the start of the epoch: mem (CPU python)=4531.921875MB; mem (CPU total)=35133.8046875MB
INFO:root:[   70] Training loss: 0.32280580, Validation loss: 0.32578255, Gradient norm: 0.62965692
INFO:root:At the start of the epoch: mem (CPU python)=4554.703125MB; mem (CPU total)=35176.2109375MB
INFO:root:[   71] Training loss: 0.32140308, Validation loss: 0.32489493, Gradient norm: 0.63196914
INFO:root:At the start of the epoch: mem (CPU python)=4577.00390625MB; mem (CPU total)=35212.82421875MB
INFO:root:[   72] Training loss: 0.32067881, Validation loss: 0.31861477, Gradient norm: 0.61947699
INFO:root:At the start of the epoch: mem (CPU python)=4598.30859375MB; mem (CPU total)=35247.37890625MB
INFO:root:[   73] Training loss: 0.32066620, Validation loss: 0.32156222, Gradient norm: 0.65830964
INFO:root:At the start of the epoch: mem (CPU python)=4620.35546875MB; mem (CPU total)=35284.625MB
INFO:root:[   74] Training loss: 0.31925873, Validation loss: 0.32083275, Gradient norm: 0.62377758
INFO:root:At the start of the epoch: mem (CPU python)=4641.53125MB; mem (CPU total)=35325.74609375MB
INFO:root:[   75] Training loss: 0.31940453, Validation loss: 0.31806149, Gradient norm: 0.65765470
INFO:root:At the start of the epoch: mem (CPU python)=4663.203125MB; mem (CPU total)=35359.5859375MB
INFO:root:[   76] Training loss: 0.31760591, Validation loss: 0.32147071, Gradient norm: 0.63459066
INFO:root:At the start of the epoch: mem (CPU python)=4684.8828125MB; mem (CPU total)=35393.37109375MB
INFO:root:[   77] Training loss: 0.31729929, Validation loss: 0.31721961, Gradient norm: 0.61867232
INFO:root:At the start of the epoch: mem (CPU python)=4706.17578125MB; mem (CPU total)=35436.34765625MB
INFO:root:[   78] Training loss: 0.31634084, Validation loss: 0.31760774, Gradient norm: 0.63111982
INFO:root:At the start of the epoch: mem (CPU python)=4727.35546875MB; mem (CPU total)=35470.53125MB
INFO:root:[   79] Training loss: 0.31542761, Validation loss: 0.31809885, Gradient norm: 0.60379294
INFO:root:At the start of the epoch: mem (CPU python)=4748.6015625MB; mem (CPU total)=35505.36328125MB
INFO:root:[   80] Training loss: 0.31758869, Validation loss: 0.31825722, Gradient norm: 0.71176169
INFO:root:At the start of the epoch: mem (CPU python)=4770.078125MB; mem (CPU total)=35544.71484375MB
INFO:root:[   81] Training loss: 0.31429087, Validation loss: 0.31425524, Gradient norm: 0.58484265
INFO:root:At the start of the epoch: mem (CPU python)=4791.2421875MB; mem (CPU total)=35581.640625MB
INFO:root:[   82] Training loss: 0.31361746, Validation loss: 0.31610633, Gradient norm: 0.66142135
INFO:root:At the start of the epoch: mem (CPU python)=4812.41015625MB; mem (CPU total)=35616.26171875MB
INFO:root:[   83] Training loss: 0.31291332, Validation loss: 0.31490188, Gradient norm: 0.62991500
INFO:root:At the start of the epoch: mem (CPU python)=4833.5703125MB; mem (CPU total)=35652.21875MB
INFO:root:[   84] Training loss: 0.31174608, Validation loss: 0.31479154, Gradient norm: 0.62117219
INFO:root:At the start of the epoch: mem (CPU python)=4854.734375MB; mem (CPU total)=35693.59765625MB
INFO:root:[   85] Training loss: 0.31140231, Validation loss: 0.31281875, Gradient norm: 0.65731326
INFO:root:At the start of the epoch: mem (CPU python)=4875.9140625MB; mem (CPU total)=35726.953125MB
INFO:root:[   86] Training loss: 0.31280982, Validation loss: 0.31395937, Gradient norm: 0.68745635
INFO:root:At the start of the epoch: mem (CPU python)=4898.27734375MB; mem (CPU total)=35762.03125MB
INFO:root:[   87] Training loss: 0.30961262, Validation loss: 0.31686522, Gradient norm: 0.62028671
INFO:root:At the start of the epoch: mem (CPU python)=4920.125MB; mem (CPU total)=35804.15234375MB
INFO:root:[   88] Training loss: 0.31413988, Validation loss: 0.31448232, Gradient norm: 0.77790077
INFO:root:At the start of the epoch: mem (CPU python)=4941.296875MB; mem (CPU total)=35838.64453125MB
INFO:root:[   89] Training loss: 0.30877317, Validation loss: 0.31104743, Gradient norm: 0.60705725
INFO:root:At the start of the epoch: mem (CPU python)=4962.46484375MB; mem (CPU total)=35872.546875MB
INFO:root:[   90] Training loss: 0.30808171, Validation loss: 0.31039851, Gradient norm: 0.63588620
INFO:root:At the start of the epoch: mem (CPU python)=4983.63671875MB; mem (CPU total)=35911.6875MB
INFO:root:[   91] Training loss: 0.30782322, Validation loss: 0.31288518, Gradient norm: 0.64169952
INFO:root:At the start of the epoch: mem (CPU python)=5004.796875MB; mem (CPU total)=35949.10546875MB
INFO:root:[   92] Training loss: 0.30713200, Validation loss: 0.31066676, Gradient norm: 0.63873661
INFO:root:At the start of the epoch: mem (CPU python)=5025.96484375MB; mem (CPU total)=35983.7109375MB
INFO:root:[   93] Training loss: 0.30671114, Validation loss: 0.31103048, Gradient norm: 0.63175338
INFO:root:At the start of the epoch: mem (CPU python)=5047.12890625MB; mem (CPU total)=36018.4375MB
INFO:root:[   94] Training loss: 0.30570551, Validation loss: 0.30984479, Gradient norm: 0.66192001
INFO:root:At the start of the epoch: mem (CPU python)=5068.30859375MB; mem (CPU total)=36061.1875MB
INFO:root:[   95] Training loss: 0.30521132, Validation loss: 0.31036983, Gradient norm: 0.62932449
INFO:root:At the start of the epoch: mem (CPU python)=5089.484375MB; mem (CPU total)=36094.06640625MB
INFO:root:[   96] Training loss: 0.30422751, Validation loss: 0.30714656, Gradient norm: 0.65291934
INFO:root:At the start of the epoch: mem (CPU python)=5110.65234375MB; mem (CPU total)=36127.53515625MB
INFO:root:[   97] Training loss: 0.30412754, Validation loss: 0.30915845, Gradient norm: 0.66620949
INFO:root:At the start of the epoch: mem (CPU python)=5131.9453125MB; mem (CPU total)=36168.98828125MB
INFO:root:[   98] Training loss: 0.30318392, Validation loss: 0.30582150, Gradient norm: 0.62795896
INFO:root:At the start of the epoch: mem (CPU python)=5153.45703125MB; mem (CPU total)=36204.7421875MB
INFO:root:[   99] Training loss: 0.30492019, Validation loss: 0.30962909, Gradient norm: 0.72273079
INFO:root:At the start of the epoch: mem (CPU python)=5175.06640625MB; mem (CPU total)=36241.5546875MB
INFO:root:[  100] Training loss: 0.30285637, Validation loss: 0.30774433, Gradient norm: 0.64703362
INFO:root:At the start of the epoch: mem (CPU python)=5196.80859375MB; mem (CPU total)=36279.5546875MB
INFO:root:[  101] Training loss: 0.30140962, Validation loss: 0.30602224, Gradient norm: 0.63999282
INFO:root:At the start of the epoch: mem (CPU python)=5217.984375MB; mem (CPU total)=36317.78515625MB
INFO:root:[  102] Training loss: 0.30163989, Validation loss: 0.30633737, Gradient norm: 0.67941411
INFO:root:At the start of the epoch: mem (CPU python)=5237.875MB; mem (CPU total)=36350.4375MB
INFO:root:[  103] Training loss: 0.30017410, Validation loss: 0.30686334, Gradient norm: 0.63616737
INFO:root:At the start of the epoch: mem (CPU python)=5259.07421875MB; mem (CPU total)=36319.25MB
INFO:root:[  104] Training loss: 0.30012577, Validation loss: 0.30517020, Gradient norm: 0.65232237
INFO:root:At the start of the epoch: mem (CPU python)=5280.87109375MB; mem (CPU total)=36380.26171875MB
INFO:root:[  105] Training loss: 0.30013793, Validation loss: 0.30742971, Gradient norm: 0.66396435
INFO:root:At the start of the epoch: mem (CPU python)=5302.76953125MB; mem (CPU total)=36431.6796875MB
INFO:root:[  106] Training loss: 0.29910657, Validation loss: 0.30631023, Gradient norm: 0.70099123
INFO:root:At the start of the epoch: mem (CPU python)=5323.30859375MB; mem (CPU total)=36479.10546875MB
INFO:root:[  107] Training loss: 0.29956681, Validation loss: 0.30350944, Gradient norm: 0.70076941
INFO:root:At the start of the epoch: mem (CPU python)=5345.44140625MB; mem (CPU total)=36538.98046875MB
INFO:root:[  108] Training loss: 0.29730954, Validation loss: 0.30471602, Gradient norm: 0.65663037
INFO:root:At the start of the epoch: mem (CPU python)=5367.2890625MB; mem (CPU total)=36590.08203125MB
INFO:root:[  109] Training loss: 0.29737241, Validation loss: 0.30287960, Gradient norm: 0.65409235
INFO:root:At the start of the epoch: mem (CPU python)=5388.89453125MB; mem (CPU total)=36636.67578125MB
INFO:root:[  110] Training loss: 0.29612616, Validation loss: 0.30416038, Gradient norm: 0.68192339
INFO:root:At the start of the epoch: mem (CPU python)=5410.05859375MB; mem (CPU total)=36688.859375MB
INFO:root:[  111] Training loss: 0.29602156, Validation loss: 0.30476275, Gradient norm: 0.67268154
INFO:root:At the start of the epoch: mem (CPU python)=5431.22265625MB; mem (CPU total)=36746.98046875MB
INFO:root:[  112] Training loss: 0.29628065, Validation loss: 0.30441104, Gradient norm: 0.66327608
INFO:root:At the start of the epoch: mem (CPU python)=5452.38671875MB; mem (CPU total)=36795.6875MB
INFO:root:[  113] Training loss: 0.29528199, Validation loss: 0.30197297, Gradient norm: 0.65491916
INFO:root:At the start of the epoch: mem (CPU python)=5473.5546875MB; mem (CPU total)=36845.1328125MB
INFO:root:[  114] Training loss: 0.29552711, Validation loss: 0.30188869, Gradient norm: 0.72040355
INFO:root:At the start of the epoch: mem (CPU python)=5495.4453125MB; mem (CPU total)=36903.71484375MB
INFO:root:[  115] Training loss: 0.29397579, Validation loss: 0.30310054, Gradient norm: 0.64159689
INFO:root:At the start of the epoch: mem (CPU python)=5516.9609375MB; mem (CPU total)=36956.13671875MB
INFO:root:[  116] Training loss: 0.29442550, Validation loss: 0.30294892, Gradient norm: 0.67605170
INFO:root:At the start of the epoch: mem (CPU python)=5538.54296875MB; mem (CPU total)=37001.91796875MB
INFO:root:[  117] Training loss: 0.29301388, Validation loss: 0.30064216, Gradient norm: 0.67286989
INFO:root:At the start of the epoch: mem (CPU python)=5559.7109375MB; mem (CPU total)=37056.80859375MB
INFO:root:[  118] Training loss: 0.29216002, Validation loss: 0.30031933, Gradient norm: 0.65279137
INFO:root:At the start of the epoch: mem (CPU python)=5580.875MB; mem (CPU total)=37108.0078125MB
INFO:root:[  119] Training loss: 0.29318206, Validation loss: 0.29947162, Gradient norm: 0.71664075
INFO:root:At the start of the epoch: mem (CPU python)=5602.21875MB; mem (CPU total)=37158.40625MB
INFO:root:[  120] Training loss: 0.29346824, Validation loss: 0.29995558, Gradient norm: 0.72377836
INFO:root:At the start of the epoch: mem (CPU python)=5623.953125MB; mem (CPU total)=37211.546875MB
INFO:root:[  121] Training loss: 0.29108827, Validation loss: 0.30195629, Gradient norm: 0.69358110
INFO:root:At the start of the epoch: mem (CPU python)=5645.1171875MB; mem (CPU total)=37262.29296875MB
INFO:root:[  122] Training loss: 0.29130272, Validation loss: 0.30143697, Gradient norm: 0.67625220
INFO:root:At the start of the epoch: mem (CPU python)=5666.28125MB; mem (CPU total)=37315.21484375MB
INFO:root:[  123] Training loss: 0.29061546, Validation loss: 0.30003737, Gradient norm: 0.67702255
INFO:root:At the start of the epoch: mem (CPU python)=5687.44140625MB; mem (CPU total)=37363.890625MB
INFO:root:[  124] Training loss: 0.28943071, Validation loss: 0.29911417, Gradient norm: 0.67710114
INFO:root:At the start of the epoch: mem (CPU python)=5708.609375MB; mem (CPU total)=37420.40625MB
INFO:root:[  125] Training loss: 0.28936317, Validation loss: 0.30315326, Gradient norm: 0.69606094
INFO:root:At the start of the epoch: mem (CPU python)=5729.89453125MB; mem (CPU total)=37467.03125MB
INFO:root:[  126] Training loss: 0.29035206, Validation loss: 0.30204132, Gradient norm: 0.78698289
INFO:root:At the start of the epoch: mem (CPU python)=5751.0625MB; mem (CPU total)=37519.703125MB
INFO:root:[  127] Training loss: 0.28885275, Validation loss: 0.29842080, Gradient norm: 0.64920031
INFO:root:At the start of the epoch: mem (CPU python)=5772.8515625MB; mem (CPU total)=37574.34765625MB
INFO:root:[  128] Training loss: 0.28761353, Validation loss: 0.29697785, Gradient norm: 0.69959320
INFO:root:At the start of the epoch: mem (CPU python)=5794.015625MB; mem (CPU total)=37622.37890625MB
INFO:root:[  129] Training loss: 0.28798072, Validation loss: 0.29586986, Gradient norm: 0.67709245
INFO:root:At the start of the epoch: mem (CPU python)=5815.18359375MB; mem (CPU total)=37673.0546875MB
INFO:root:[  130] Training loss: 0.28763455, Validation loss: 0.29779653, Gradient norm: 0.73465302
INFO:root:At the start of the epoch: mem (CPU python)=5836.34765625MB; mem (CPU total)=37727.70703125MB
INFO:root:[  131] Training loss: 0.28588500, Validation loss: 0.29951937, Gradient norm: 0.72814202
INFO:root:At the start of the epoch: mem (CPU python)=5857.51171875MB; mem (CPU total)=37778.42578125MB
INFO:root:[  132] Training loss: 0.28509470, Validation loss: 0.29915815, Gradient norm: 0.73612088
INFO:root:At the start of the epoch: mem (CPU python)=5878.70703125MB; mem (CPU total)=37828.12109375MB
INFO:root:[  133] Training loss: 0.28574960, Validation loss: 0.29739642, Gradient norm: 0.70682820
INFO:root:At the start of the epoch: mem (CPU python)=5900.02734375MB; mem (CPU total)=37884.2265625MB
INFO:root:[  134] Training loss: 0.28493997, Validation loss: 0.29735671, Gradient norm: 0.73942979
INFO:root:At the start of the epoch: mem (CPU python)=5921.421875MB; mem (CPU total)=37940.1015625MB
INFO:root:[  135] Training loss: 0.28479118, Validation loss: 0.29982472, Gradient norm: 0.72451148
INFO:root:At the start of the epoch: mem (CPU python)=5942.73046875MB; mem (CPU total)=37986.375MB
INFO:root:Learning rate reduced to: 0.0025
INFO:root:[  136] Training loss: 0.28319493, Validation loss: 0.29811774, Gradient norm: 0.70163319
INFO:root:At the start of the epoch: mem (CPU python)=5964.140625MB; mem (CPU total)=38035.47265625MB
INFO:root:Learning rate reduced to: 0.00125
INFO:root:[  137] Training loss: 0.27558845, Validation loss: 0.28850100, Gradient norm: 0.38054077
INFO:root:At the start of the epoch: mem (CPU python)=5986.8203125MB; mem (CPU total)=38099.2734375MB
INFO:root:[  138] Training loss: 0.27064860, Validation loss: 0.28685419, Gradient norm: 0.25408911
INFO:root:At the start of the epoch: mem (CPU python)=6007.99609375MB; mem (CPU total)=38146.28125MB
INFO:root:[  139] Training loss: 0.27003673, Validation loss: 0.28681725, Gradient norm: 0.22174870
INFO:root:At the start of the epoch: mem (CPU python)=6029.16015625MB; mem (CPU total)=38194.7734375MB
INFO:root:[  140] Training loss: 0.26960600, Validation loss: 0.28590878, Gradient norm: 0.25145268
INFO:root:At the start of the epoch: mem (CPU python)=6050.34375MB; mem (CPU total)=38248.94140625MB
INFO:root:[  141] Training loss: 0.26977585, Validation loss: 0.28654878, Gradient norm: 0.26364909
INFO:root:At the start of the epoch: mem (CPU python)=6071.53515625MB; mem (CPU total)=38305.30859375MB
INFO:root:[  142] Training loss: 0.26960125, Validation loss: 0.28587936, Gradient norm: 0.31606078
INFO:root:At the start of the epoch: mem (CPU python)=6092.69921875MB; mem (CPU total)=38353.796875MB
INFO:root:[  143] Training loss: 0.26891973, Validation loss: 0.28560763, Gradient norm: 0.29659640
INFO:root:At the start of the epoch: mem (CPU python)=6114.21875MB; mem (CPU total)=38405.2109375MB
INFO:root:[  144] Training loss: 0.26898302, Validation loss: 0.28624660, Gradient norm: 0.30437291
INFO:root:At the start of the epoch: mem (CPU python)=6135.3984375MB; mem (CPU total)=38458.57421875MB
INFO:root:[  145] Training loss: 0.26909023, Validation loss: 0.28602942, Gradient norm: 0.38605076
INFO:root:At the start of the epoch: mem (CPU python)=6156.56640625MB; mem (CPU total)=38511.98046875MB
INFO:root:[  146] Training loss: 0.26824194, Validation loss: 0.28627119, Gradient norm: 0.36463735
INFO:root:At the start of the epoch: mem (CPU python)=6178.08984375MB; mem (CPU total)=38561.70703125MB
INFO:root:[  147] Training loss: 0.26824647, Validation loss: 0.28506851, Gradient norm: 0.36873855
INFO:root:At the start of the epoch: mem (CPU python)=6199.26953125MB; mem (CPU total)=38619.02734375MB
INFO:root:[  148] Training loss: 0.26902270, Validation loss: 0.28558963, Gradient norm: 0.34681110
INFO:root:At the start of the epoch: mem (CPU python)=6220.8359375MB; mem (CPU total)=38665.578125MB
INFO:root:[  149] Training loss: 0.26812893, Validation loss: 0.28588391, Gradient norm: 0.44388604
INFO:root:At the start of the epoch: mem (CPU python)=6242.04296875MB; mem (CPU total)=38719.12109375MB
INFO:root:[  150] Training loss: 0.26772352, Validation loss: 0.28600285, Gradient norm: 0.40668782
INFO:root:At the start of the epoch: mem (CPU python)=6263.53515625MB; mem (CPU total)=38773.6875MB
INFO:root:[  151] Training loss: 0.26707211, Validation loss: 0.28570714, Gradient norm: 0.39164482
INFO:root:At the start of the epoch: mem (CPU python)=6284.7734375MB; mem (CPU total)=38823.4921875MB
INFO:root:[  152] Training loss: 0.26701574, Validation loss: 0.28520854, Gradient norm: 0.39410204
INFO:root:At the start of the epoch: mem (CPU python)=6305.94140625MB; mem (CPU total)=38871.4609375MB
INFO:root:[  153] Training loss: 0.26766349, Validation loss: 0.28780247, Gradient norm: 0.44517045
INFO:root:At the start of the epoch: mem (CPU python)=6327.4609375MB; mem (CPU total)=38929.703125MB
INFO:root:Learning rate reduced to: 0.000625
INFO:root:[  154] Training loss: 0.26698937, Validation loss: 0.28744956, Gradient norm: 0.44213667
INFO:root:At the start of the epoch: mem (CPU python)=6348.625MB; mem (CPU total)=38983.5625MB
INFO:root:Learning rate reduced to: 0.0003125
INFO:root:[  155] Training loss: 0.26455011, Validation loss: 0.28378508, Gradient norm: 0.31340676
INFO:root:At the start of the epoch: mem (CPU python)=6369.96484375MB; mem (CPU total)=39031.5625MB
INFO:root:[  156] Training loss: 0.26344926, Validation loss: 0.28429828, Gradient norm: 0.19731924
INFO:root:At the start of the epoch: mem (CPU python)=6391.12890625MB; mem (CPU total)=39080.04296875MB
INFO:root:[  157] Training loss: 0.26353330, Validation loss: 0.28353509, Gradient norm: 0.19816054
INFO:root:At the start of the epoch: mem (CPU python)=6412.421875MB; mem (CPU total)=39145.171875MB
INFO:root:[  158] Training loss: 0.26319862, Validation loss: 0.28336918, Gradient norm: 0.20554535
INFO:root:At the start of the epoch: mem (CPU python)=6433.5859375MB; mem (CPU total)=39174.94921875MB
INFO:root:[  159] Training loss: 0.26320428, Validation loss: 0.28360379, Gradient norm: 0.19766225
INFO:root:At the start of the epoch: mem (CPU python)=6454.75MB; mem (CPU total)=39224.66015625MB
INFO:root:[  160] Training loss: 0.26277712, Validation loss: 0.28254887, Gradient norm: 0.20941047
INFO:root:At the start of the epoch: mem (CPU python)=6476.2109375MB; mem (CPU total)=39266.671875MB
INFO:root:[  161] Training loss: 0.26282707, Validation loss: 0.28354300, Gradient norm: 0.21280701
INFO:root:At the start of the epoch: mem (CPU python)=6497.82421875MB; mem (CPU total)=39319.3359375MB
INFO:root:[  162] Training loss: 0.26251002, Validation loss: 0.28281591, Gradient norm: 0.21929425
INFO:root:At the start of the epoch: mem (CPU python)=6518.98828125MB; mem (CPU total)=39363.87890625MB
INFO:root:[  163] Training loss: 0.26314645, Validation loss: 0.28339849, Gradient norm: 0.22513852
INFO:root:At the start of the epoch: mem (CPU python)=6540.15234375MB; mem (CPU total)=39413.03125MB
INFO:root:[  164] Training loss: 0.26283890, Validation loss: 0.28309282, Gradient norm: 0.23476434
INFO:root:At the start of the epoch: mem (CPU python)=6561.3203125MB; mem (CPU total)=39456.34375MB
INFO:root:[  165] Training loss: 0.26321990, Validation loss: 0.28372354, Gradient norm: 0.21567260
INFO:root:At the start of the epoch: mem (CPU python)=6582.484375MB; mem (CPU total)=39508.484375MB
INFO:root:[  166] Training loss: 0.26190144, Validation loss: 0.28321877, Gradient norm: 0.21021917
INFO:root:At the start of the epoch: mem (CPU python)=6603.6484375MB; mem (CPU total)=39554.2578125MB
INFO:root:Learning rate reduced to: 0.00015625
INFO:root:[  167] Training loss: 0.26287218, Validation loss: 0.28270288, Gradient norm: 0.23904665
INFO:root:At the start of the epoch: mem (CPU python)=6624.8125MB; mem (CPU total)=39602.4609375MB
INFO:root:Learning rate reduced to: 7.8125e-05
INFO:root:[  168] Training loss: 0.26169424, Validation loss: 0.28274787, Gradient norm: 0.19245570
INFO:root:At the start of the epoch: mem (CPU python)=6645.9765625MB; mem (CPU total)=39646.515625MB
INFO:root:[  169] Training loss: 0.26163098, Validation loss: 0.28287123, Gradient norm: 0.15903353
INFO:root:At the start of the epoch: mem (CPU python)=6667.14453125MB; mem (CPU total)=39697.91015625MB
INFO:root:EP 169: Early stopping
INFO:root:Training for autoregressive step 2 starts now.
INFO:root:Learning rate reduced to: [3.90625e-05]
INFO:root:At the start of the epoch: mem (CPU python)=6688.3046875MB; mem (CPU total)=39744.66796875MB
INFO:root:[  171] Training loss: 0.33651904, Validation loss: 0.34674541, Gradient norm: 0.37100940
INFO:root:At the start of the epoch: mem (CPU python)=6696.5390625MB; mem (CPU total)=39800.41015625MB
INFO:root:[  172] Training loss: 0.33372443, Validation loss: 0.34507185, Gradient norm: 0.31363039
INFO:root:At the start of the epoch: mem (CPU python)=6717.70703125MB; mem (CPU total)=39860.98046875MB
INFO:root:[  173] Training loss: 0.33294350, Validation loss: 0.34533642, Gradient norm: 0.29878956
INFO:root:At the start of the epoch: mem (CPU python)=6738.87109375MB; mem (CPU total)=39926.44140625MB
INFO:root:[  174] Training loss: 0.33252631, Validation loss: 0.34433502, Gradient norm: 0.30242456
INFO:root:At the start of the epoch: mem (CPU python)=6760.03515625MB; mem (CPU total)=39991.5703125MB
INFO:root:[  175] Training loss: 0.33233257, Validation loss: 0.34450069, Gradient norm: 0.28715766
INFO:root:At the start of the epoch: mem (CPU python)=6781.19921875MB; mem (CPU total)=40056.5234375MB
INFO:root:[  176] Training loss: 0.33177119, Validation loss: 0.34395168, Gradient norm: 0.32120040
INFO:root:At the start of the epoch: mem (CPU python)=6802.3671875MB; mem (CPU total)=40119.81640625MB
INFO:root:[  177] Training loss: 0.33221392, Validation loss: 0.34456828, Gradient norm: 0.32741073
INFO:root:At the start of the epoch: mem (CPU python)=6823.53125MB; mem (CPU total)=40183.01171875MB
INFO:root:[  178] Training loss: 0.33175792, Validation loss: 0.34412199, Gradient norm: 0.32606169
INFO:root:At the start of the epoch: mem (CPU python)=6844.6953125MB; mem (CPU total)=40246.74609375MB
INFO:root:[  179] Training loss: 0.33073727, Validation loss: 0.34298024, Gradient norm: 0.28656792
INFO:root:At the start of the epoch: mem (CPU python)=6865.859375MB; mem (CPU total)=40311.9609375MB
INFO:root:[  180] Training loss: 0.33137956, Validation loss: 0.34346465, Gradient norm: 0.30449212
INFO:root:At the start of the epoch: mem (CPU python)=6887.01953125MB; mem (CPU total)=40374.73828125MB
INFO:root:[  181] Training loss: 0.33116174, Validation loss: 0.34370931, Gradient norm: 0.27919741
INFO:root:At the start of the epoch: mem (CPU python)=6908.1875MB; mem (CPU total)=40437.984375MB
INFO:root:[  182] Training loss: 0.33118136, Validation loss: 0.34330958, Gradient norm: 0.33976286
INFO:root:At the start of the epoch: mem (CPU python)=6929.3515625MB; mem (CPU total)=40501.75390625MB
INFO:root:[  183] Training loss: 0.33039497, Validation loss: 0.34317572, Gradient norm: 0.28128027
INFO:root:At the start of the epoch: mem (CPU python)=6950.515625MB; mem (CPU total)=40565.0MB
INFO:root:[  184] Training loss: 0.33052513, Validation loss: 0.34309189, Gradient norm: 0.29340029
INFO:root:At the start of the epoch: mem (CPU python)=6971.6796875MB; mem (CPU total)=40628.984375MB
INFO:root:[  185] Training loss: 0.33006163, Validation loss: 0.34326438, Gradient norm: 0.29688033
INFO:root:At the start of the epoch: mem (CPU python)=6992.83984375MB; mem (CPU total)=40692.4140625MB
INFO:root:[  186] Training loss: 0.32976658, Validation loss: 0.34324222, Gradient norm: 0.27213791
INFO:root:At the start of the epoch: mem (CPU python)=7014.0078125MB; mem (CPU total)=40754.671875MB
INFO:root:[  187] Training loss: 0.33007662, Validation loss: 0.34308504, Gradient norm: 0.29185139
INFO:root:At the start of the epoch: mem (CPU python)=7035.171875MB; mem (CPU total)=40818.06640625MB
INFO:root:[  188] Training loss: 0.32956932, Validation loss: 0.34242586, Gradient norm: 0.30373262
INFO:root:At the start of the epoch: mem (CPU python)=7056.3359375MB; mem (CPU total)=40881.1484375MB
INFO:root:[  189] Training loss: 0.33027072, Validation loss: 0.34265926, Gradient norm: 0.27521268
INFO:root:At the start of the epoch: mem (CPU python)=7077.49609375MB; mem (CPU total)=40948.875MB
INFO:root:[  190] Training loss: 0.33061848, Validation loss: 0.34310381, Gradient norm: 0.28008264
INFO:root:At the start of the epoch: mem (CPU python)=7098.66015625MB; mem (CPU total)=41010.16796875MB
INFO:root:[  191] Training loss: 0.33031059, Validation loss: 0.34224390, Gradient norm: 0.29364051
INFO:root:At the start of the epoch: mem (CPU python)=7119.828125MB; mem (CPU total)=41071.44921875MB
INFO:root:[  192] Training loss: 0.32926295, Validation loss: 0.34233180, Gradient norm: 0.27165166
INFO:root:At the start of the epoch: mem (CPU python)=7140.98828125MB; mem (CPU total)=41136.421875MB
INFO:root:[  193] Training loss: 0.32957970, Validation loss: 0.34226848, Gradient norm: 0.28868914
INFO:root:At the start of the epoch: mem (CPU python)=7162.15625MB; mem (CPU total)=41201.1875MB
INFO:root:[  194] Training loss: 0.32960309, Validation loss: 0.34236202, Gradient norm: 0.28786629
INFO:root:At the start of the epoch: mem (CPU python)=7183.3203125MB; mem (CPU total)=41268.6328125MB
INFO:root:[  195] Training loss: 0.32941194, Validation loss: 0.34246218, Gradient norm: 0.28818345
INFO:root:At the start of the epoch: mem (CPU python)=7204.484375MB; mem (CPU total)=41326.72265625MB
INFO:root:[  196] Training loss: 0.32897488, Validation loss: 0.34214746, Gradient norm: 0.25706119
INFO:root:At the start of the epoch: mem (CPU python)=7225.6484375MB; mem (CPU total)=41391.12109375MB
INFO:root:[  197] Training loss: 0.32977324, Validation loss: 0.34259328, Gradient norm: 0.25997438
INFO:root:At the start of the epoch: mem (CPU python)=7246.8125MB; mem (CPU total)=41455.609375MB
INFO:root:[  198] Training loss: 0.33012773, Validation loss: 0.34203823, Gradient norm: 0.29266501
INFO:root:At the start of the epoch: mem (CPU python)=7267.9765625MB; mem (CPU total)=41520.3515625MB
INFO:root:[  199] Training loss: 0.32982001, Validation loss: 0.34212992, Gradient norm: 0.28296309
INFO:root:At the start of the epoch: mem (CPU python)=7289.140625MB; mem (CPU total)=41587.09375MB
INFO:root:[  200] Training loss: 0.32988002, Validation loss: 0.34225452, Gradient norm: 0.29484126
INFO:root:At the start of the epoch: mem (CPU python)=7310.3046875MB; mem (CPU total)=41646.62109375MB
INFO:root:[  201] Training loss: 0.32833661, Validation loss: 0.34132951, Gradient norm: 0.26831681
INFO:root:At the start of the epoch: mem (CPU python)=7331.46875MB; mem (CPU total)=41711.60546875MB
INFO:root:[  202] Training loss: 0.32950771, Validation loss: 0.34207048, Gradient norm: 0.28918078
INFO:root:At the start of the epoch: mem (CPU python)=7352.625MB; mem (CPU total)=41778.83984375MB
INFO:root:[  203] Training loss: 0.32848268, Validation loss: 0.34169582, Gradient norm: 0.28505214
INFO:root:At the start of the epoch: mem (CPU python)=7373.79296875MB; mem (CPU total)=41844.33984375MB
INFO:root:[  204] Training loss: 0.33005042, Validation loss: 0.34257448, Gradient norm: 0.30364984
INFO:root:At the start of the epoch: mem (CPU python)=7394.9609375MB; mem (CPU total)=41908.7734375MB
INFO:root:[  205] Training loss: 0.33014945, Validation loss: 0.34184933, Gradient norm: 0.29881340
INFO:root:At the start of the epoch: mem (CPU python)=7416.125MB; mem (CPU total)=41971.55078125MB
INFO:root:[  206] Training loss: 0.32898737, Validation loss: 0.34162789, Gradient norm: 0.27838029
INFO:root:At the start of the epoch: mem (CPU python)=7437.2890625MB; mem (CPU total)=42035.09375MB
INFO:root:[  207] Training loss: 0.32917551, Validation loss: 0.34133575, Gradient norm: 0.27676518
INFO:root:At the start of the epoch: mem (CPU python)=7458.453125MB; mem (CPU total)=42101.7734375MB
INFO:root:[  208] Training loss: 0.32907873, Validation loss: 0.34138034, Gradient norm: 0.27819015
INFO:root:At the start of the epoch: mem (CPU python)=7479.61328125MB; mem (CPU total)=42163.93359375MB
INFO:root:[  209] Training loss: 0.32877146, Validation loss: 0.34165500, Gradient norm: 0.26698280
INFO:root:At the start of the epoch: mem (CPU python)=7500.78125MB; mem (CPU total)=42229.41015625MB
INFO:root:[  210] Training loss: 0.32906774, Validation loss: 0.34176304, Gradient norm: 0.28782210
INFO:root:At the start of the epoch: mem (CPU python)=7521.9453125MB; mem (CPU total)=42292.37890625MB
INFO:root:EP 210: Early stopping
INFO:root:After finishing all epochs: mem (CPU python)=7543.109375MB; mem (CPU total)=42352.6875MB
INFO:root:Training the model took 7475.461s.
INFO:root:Emptying the cuda cache took 0.049s.
INFO:root:Starting evaluation: model SFNO & uncertainty quantification deterministic
INFO:root:Evaluating the model on Validation data.
INFO:root:MSEValidation: 0.40058
INFO:root:EnergyScoreValidation: 0.40058
INFO:root:CRPSValidation: 0.16143
INFO:root:Gaussian NLLValidation: 26896082978.65287
INFO:root:CoverageValidation: 0.0
INFO:root:IntervalWidthValidation: 0.0
INFO:root:Evaluating the model on Test data.
INFO:root:MSETest: 0.31439
INFO:root:EnergyScoreTest: 0.30957
INFO:root:CRPSTest: 0.12399
INFO:root:Gaussian NLLTest: 16640682639.36
INFO:root:CoverageTest: 0.0
INFO:root:IntervalWidthTest: 0.0
INFO:root:After validation: mem (CPU python)=7557.96484375MB; mem (CPU total)=42743.18359375MB
INFO:root:###2 out of 3 training parameter combinations ###
INFO:root:Training parameters: {'seed': 12345678, 'model': 'SFNO', 'uncertainty_quantification': 'deterministic', 'batch_size': 32, 'n_epochs': 1000, 'early_stopping': 10, 'init': 'default', 'learning_rate': 0.005, 'lr_schedule': 'step', 'optimizer': 'adam', 'gradient_clipping': 1, 'layer_normalization': True, 'data_loader_pin_memory': False, 'data_loader_num_workers': 0, 'distributed_training': False, 'alpha': 0.05, 'n_samples_uq': 100, 'weight_decay': 0, 'dropout': 0.001, 'fourier_dropout': None, 'hidden_channels': 32, 'projection_channels': 256, 'lifting_channels': 256, 'n_modes': (32, 32), 'n_samples': 3}
INFO:root:After creating the dataloaders: mem (CPU python)=7557.96484375MB; mem (CPU total)=42747.61328125MB
INFO:root:NumberParameters: 284835
INFO:root:GPU memory allocated: 176160768
INFO:root:After setting up the model: mem (CPU python)=7559.94921875MB; mem (CPU total)=42750.56640625MB
INFO:root:Training starts now.
INFO:root:At the start of the epoch: mem (CPU python)=7560.1640625MB; mem (CPU total)=42755.765625MB
INFO:root:[    1] Training loss: 0.83758198, Validation loss: 0.73409935, Gradient norm: 0.50625103
INFO:root:At the start of the epoch: mem (CPU python)=7582.77734375MB; mem (CPU total)=42803.16015625MB
INFO:root:[    2] Training loss: 0.73293164, Validation loss: 0.73061001, Gradient norm: 0.29804396
INFO:root:At the start of the epoch: mem (CPU python)=7604.49609375MB; mem (CPU total)=42849.69140625MB
INFO:root:[    3] Training loss: 0.72551386, Validation loss: 0.71640486, Gradient norm: 0.26075761
INFO:root:At the start of the epoch: mem (CPU python)=7625.67578125MB; mem (CPU total)=42898.67578125MB
INFO:root:[    4] Training loss: 0.70620636, Validation loss: 0.70099663, Gradient norm: 0.25802668
INFO:root:At the start of the epoch: mem (CPU python)=7646.84375MB; mem (CPU total)=42949.3984375MB
INFO:root:[    5] Training loss: 0.66023205, Validation loss: 0.62933801, Gradient norm: 0.39239345
INFO:root:At the start of the epoch: mem (CPU python)=7668.76171875MB; mem (CPU total)=42995.4609375MB
INFO:root:[    6] Training loss: 0.60731251, Validation loss: 0.58113982, Gradient norm: 0.39409584
INFO:root:At the start of the epoch: mem (CPU python)=7690.1328125MB; mem (CPU total)=43041.49609375MB
INFO:root:[    7] Training loss: 0.57402210, Validation loss: 0.56377326, Gradient norm: 0.35198237
INFO:root:At the start of the epoch: mem (CPU python)=7711.46484375MB; mem (CPU total)=43091.97265625MB
INFO:root:[    8] Training loss: 0.55712970, Validation loss: 0.54975149, Gradient norm: 0.35146001
INFO:root:At the start of the epoch: mem (CPU python)=7732.62890625MB; mem (CPU total)=43139.046875MB
INFO:root:[    9] Training loss: 0.54416904, Validation loss: 0.52861573, Gradient norm: 0.39701434
INFO:root:At the start of the epoch: mem (CPU python)=7753.79296875MB; mem (CPU total)=43184.3203125MB
INFO:root:[   10] Training loss: 0.51180268, Validation loss: 0.49431402, Gradient norm: 0.40114887
INFO:root:At the start of the epoch: mem (CPU python)=7774.9609375MB; mem (CPU total)=43228.96484375MB
INFO:root:[   11] Training loss: 0.48878422, Validation loss: 0.47775643, Gradient norm: 0.38336365
INFO:root:At the start of the epoch: mem (CPU python)=7796.12109375MB; mem (CPU total)=43281.625MB
INFO:root:[   12] Training loss: 0.47478306, Validation loss: 0.46411000, Gradient norm: 0.43949720
INFO:root:At the start of the epoch: mem (CPU python)=7817.28515625MB; mem (CPU total)=43325.921875MB
INFO:root:[   13] Training loss: 0.45816918, Validation loss: 0.44404356, Gradient norm: 0.39392796
INFO:root:At the start of the epoch: mem (CPU python)=7838.93359375MB; mem (CPU total)=43374.6796875MB
INFO:root:[   14] Training loss: 0.44244140, Validation loss: 0.43258817, Gradient norm: 0.45106157
INFO:root:At the start of the epoch: mem (CPU python)=7860.7421875MB; mem (CPU total)=43418.37890625MB
INFO:root:[   15] Training loss: 0.43145090, Validation loss: 0.42370140, Gradient norm: 0.43206522
INFO:root:At the start of the epoch: mem (CPU python)=7881.90625MB; mem (CPU total)=43473.1796875MB
INFO:root:[   16] Training loss: 0.42302432, Validation loss: 0.41616808, Gradient norm: 0.38266733
INFO:root:At the start of the epoch: mem (CPU python)=7903.0703125MB; mem (CPU total)=43508.4375MB
INFO:root:[   17] Training loss: 0.41881921, Validation loss: 0.41197533, Gradient norm: 0.40281103
INFO:root:At the start of the epoch: mem (CPU python)=7924.234375MB; mem (CPU total)=43543.8359375MB
INFO:root:[   18] Training loss: 0.41425146, Validation loss: 0.40828169, Gradient norm: 0.38472116
INFO:root:At the start of the epoch: mem (CPU python)=7945.40234375MB; mem (CPU total)=43579.765625MB
INFO:root:[   19] Training loss: 0.41053039, Validation loss: 0.40763079, Gradient norm: 0.36455571
INFO:root:At the start of the epoch: mem (CPU python)=7966.56640625MB; mem (CPU total)=43622.33984375MB
INFO:root:[   20] Training loss: 0.40747388, Validation loss: 0.40448672, Gradient norm: 0.37859140
INFO:root:At the start of the epoch: mem (CPU python)=7987.73046875MB; mem (CPU total)=43657.6875MB
INFO:root:[   21] Training loss: 0.40535103, Validation loss: 0.40071598, Gradient norm: 0.38671786
INFO:root:At the start of the epoch: mem (CPU python)=8008.8984375MB; mem (CPU total)=43693.37109375MB
INFO:root:[   22] Training loss: 0.40130267, Validation loss: 0.39549165, Gradient norm: 0.35377454
INFO:root:At the start of the epoch: mem (CPU python)=8030.0625MB; mem (CPU total)=43729.53125MB
INFO:root:[   23] Training loss: 0.39969039, Validation loss: 0.39997020, Gradient norm: 0.40068116
INFO:root:At the start of the epoch: mem (CPU python)=8051.2265625MB; mem (CPU total)=43772.10546875MB
INFO:root:[   24] Training loss: 0.39776155, Validation loss: 0.39797028, Gradient norm: 0.39578167
INFO:root:At the start of the epoch: mem (CPU python)=8072.65234375MB; mem (CPU total)=43808.25MB
INFO:root:[   25] Training loss: 0.39458406, Validation loss: 0.39056040, Gradient norm: 0.33610743
INFO:root:At the start of the epoch: mem (CPU python)=8093.81640625MB; mem (CPU total)=43843.9140625MB
INFO:root:[   26] Training loss: 0.39319004, Validation loss: 0.38998869, Gradient norm: 0.40108338
INFO:root:At the start of the epoch: mem (CPU python)=8115.46875MB; mem (CPU total)=43880.08203125MB
INFO:root:[   27] Training loss: 0.39019228, Validation loss: 0.38587020, Gradient norm: 0.34960703
INFO:root:At the start of the epoch: mem (CPU python)=8136.6328125MB; mem (CPU total)=43925.39453125MB
INFO:root:[   28] Training loss: 0.38823576, Validation loss: 0.38545938, Gradient norm: 0.35811953
INFO:root:At the start of the epoch: mem (CPU python)=8157.79296875MB; mem (CPU total)=43960.20703125MB
INFO:root:[   29] Training loss: 0.38660433, Validation loss: 0.38317351, Gradient norm: 0.36762966
INFO:root:At the start of the epoch: mem (CPU python)=8178.95703125MB; mem (CPU total)=43995.90234375MB
INFO:root:[   30] Training loss: 0.38473850, Validation loss: 0.38027604, Gradient norm: 0.37329927
INFO:root:At the start of the epoch: mem (CPU python)=8200.12109375MB; mem (CPU total)=44032.625MB
INFO:root:[   31] Training loss: 0.38360114, Validation loss: 0.37978189, Gradient norm: 0.38334555
INFO:root:At the start of the epoch: mem (CPU python)=8221.2890625MB; mem (CPU total)=44075.890625MB
INFO:root:[   32] Training loss: 0.38143189, Validation loss: 0.37854136, Gradient norm: 0.36822990
INFO:root:At the start of the epoch: mem (CPU python)=8242.49609375MB; mem (CPU total)=44111.83203125MB
INFO:root:[   33] Training loss: 0.37996560, Validation loss: 0.37775289, Gradient norm: 0.36212541
INFO:root:At the start of the epoch: mem (CPU python)=8263.9921875MB; mem (CPU total)=44147.30859375MB
INFO:root:[   34] Training loss: 0.37890516, Validation loss: 0.37627638, Gradient norm: 0.38054419
INFO:root:At the start of the epoch: mem (CPU python)=8285.15234375MB; mem (CPU total)=44183.28515625MB
INFO:root:[   35] Training loss: 0.37824535, Validation loss: 0.37382151, Gradient norm: 0.38544949
INFO:root:At the start of the epoch: mem (CPU python)=8306.31640625MB; mem (CPU total)=27444.42578125MB
INFO:root:[   36] Training loss: 0.37663215, Validation loss: 0.37435263, Gradient norm: 0.36434395
INFO:root:At the start of the epoch: mem (CPU python)=8328.62890625MB; mem (CPU total)=27490.3515625MB
INFO:root:[   37] Training loss: 0.37602725, Validation loss: 0.37382789, Gradient norm: 0.37490019
INFO:root:At the start of the epoch: mem (CPU python)=8349.79296875MB; mem (CPU total)=27546.85546875MB
INFO:root:[   38] Training loss: 0.37497510, Validation loss: 0.37176214, Gradient norm: 0.36708975
INFO:root:At the start of the epoch: mem (CPU python)=8371.6875MB; mem (CPU total)=27604.44140625MB
INFO:root:[   39] Training loss: 0.37349707, Validation loss: 0.37165195, Gradient norm: 0.36388732
INFO:root:At the start of the epoch: mem (CPU python)=8392.8515625MB; mem (CPU total)=27670.39453125MB
INFO:root:[   40] Training loss: 0.37337769, Validation loss: 0.37115039, Gradient norm: 0.40198733
INFO:root:At the start of the epoch: mem (CPU python)=8414.015625MB; mem (CPU total)=27733.046875MB
INFO:root:[   41] Training loss: 0.37154088, Validation loss: 0.36845578, Gradient norm: 0.35753364
INFO:root:At the start of the epoch: mem (CPU python)=8435.1796875MB; mem (CPU total)=27797.78515625MB
INFO:root:[   42] Training loss: 0.37121499, Validation loss: 0.37011417, Gradient norm: 0.37458930
INFO:root:At the start of the epoch: mem (CPU python)=8456.34375MB; mem (CPU total)=27856.34375MB
INFO:root:[   43] Training loss: 0.37039990, Validation loss: 0.36862916, Gradient norm: 0.37668837
INFO:root:At the start of the epoch: mem (CPU python)=8477.50390625MB; mem (CPU total)=27917.27734375MB
INFO:root:[   44] Training loss: 0.36945781, Validation loss: 0.36627997, Gradient norm: 0.38978248
INFO:root:At the start of the epoch: mem (CPU python)=8498.671875MB; mem (CPU total)=27983.37109375MB
INFO:root:[   45] Training loss: 0.36898014, Validation loss: 0.36644335, Gradient norm: 0.39439366
INFO:root:At the start of the epoch: mem (CPU python)=8519.83203125MB; mem (CPU total)=28040.890625MB
INFO:root:[   46] Training loss: 0.36834669, Validation loss: 0.36557435, Gradient norm: 0.37958395
INFO:root:At the start of the epoch: mem (CPU python)=8540.99609375MB; mem (CPU total)=28099.38671875MB
INFO:root:[   47] Training loss: 0.36650489, Validation loss: 0.36467770, Gradient norm: 0.35705410
INFO:root:At the start of the epoch: mem (CPU python)=8562.16015625MB; mem (CPU total)=28159.8828125MB
INFO:root:[   48] Training loss: 0.36581886, Validation loss: 0.36564766, Gradient norm: 0.37562046
INFO:root:At the start of the epoch: mem (CPU python)=8583.32421875MB; mem (CPU total)=28227.453125MB
INFO:root:[   49] Training loss: 0.36506681, Validation loss: 0.36322673, Gradient norm: 0.36389008
INFO:root:At the start of the epoch: mem (CPU python)=8604.4921875MB; mem (CPU total)=28285.77734375MB
INFO:root:[   50] Training loss: 0.36493356, Validation loss: 0.36245359, Gradient norm: 0.36476432
INFO:root:At the start of the epoch: mem (CPU python)=8625.65625MB; mem (CPU total)=28344.59375MB
INFO:root:[   51] Training loss: 0.36331363, Validation loss: 0.36175136, Gradient norm: 0.33863884
INFO:root:At the start of the epoch: mem (CPU python)=8646.8203125MB; mem (CPU total)=28404.17578125MB
INFO:root:[   52] Training loss: 0.36239558, Validation loss: 0.35945427, Gradient norm: 0.34992069
INFO:root:At the start of the epoch: mem (CPU python)=8667.98046875MB; mem (CPU total)=28471.0546875MB
INFO:root:[   53] Training loss: 0.36227976, Validation loss: 0.35993263, Gradient norm: 0.38837555
INFO:root:At the start of the epoch: mem (CPU python)=8689.14453125MB; mem (CPU total)=28529.87109375MB
INFO:root:[   54] Training loss: 0.36114985, Validation loss: 0.35868107, Gradient norm: 0.35162687
INFO:root:At the start of the epoch: mem (CPU python)=8710.3125MB; mem (CPU total)=28587.81640625MB
INFO:root:[   55] Training loss: 0.36184916, Validation loss: 0.35989992, Gradient norm: 0.38170171
INFO:root:At the start of the epoch: mem (CPU python)=8731.4765625MB; mem (CPU total)=28649.05859375MB
INFO:root:[   56] Training loss: 0.36046286, Validation loss: 0.35948461, Gradient norm: 0.38892737
INFO:root:At the start of the epoch: mem (CPU python)=8752.95703125MB; mem (CPU total)=28716.46875MB
INFO:root:[   57] Training loss: 0.35887903, Validation loss: 0.35671191, Gradient norm: 0.33968365
INFO:root:At the start of the epoch: mem (CPU python)=8774.55859375MB; mem (CPU total)=28775.77734375MB
INFO:root:[   58] Training loss: 0.35820978, Validation loss: 0.35570334, Gradient norm: 0.35612760
INFO:root:At the start of the epoch: mem (CPU python)=8795.72265625MB; mem (CPU total)=28833.609375MB
INFO:root:[   59] Training loss: 0.35779853, Validation loss: 0.35705391, Gradient norm: 0.37806139
INFO:root:At the start of the epoch: mem (CPU python)=8816.88671875MB; mem (CPU total)=28893.36328125MB
INFO:root:[   60] Training loss: 0.35706731, Validation loss: 0.35518731, Gradient norm: 0.36566713
INFO:root:At the start of the epoch: mem (CPU python)=8838.0546875MB; mem (CPU total)=28956.3828125MB
INFO:root:[   61] Training loss: 0.35663422, Validation loss: 0.35647854, Gradient norm: 0.37507766
INFO:root:At the start of the epoch: mem (CPU python)=8859.21484375MB; mem (CPU total)=29018.390625MB
INFO:root:[   62] Training loss: 0.35574422, Validation loss: 0.35374770, Gradient norm: 0.36055471
INFO:root:At the start of the epoch: mem (CPU python)=8880.375MB; mem (CPU total)=29078.9296875MB
INFO:root:[   63] Training loss: 0.35538606, Validation loss: 0.35662763, Gradient norm: 0.37185125
INFO:root:At the start of the epoch: mem (CPU python)=8901.5390625MB; mem (CPU total)=29143.37890625MB
INFO:root:[   64] Training loss: 0.35445550, Validation loss: 0.35585929, Gradient norm: 0.36062852
INFO:root:At the start of the epoch: mem (CPU python)=8922.703125MB; mem (CPU total)=29204.9453125MB
INFO:root:[   65] Training loss: 0.35373934, Validation loss: 0.35295120, Gradient norm: 0.35153196
INFO:root:At the start of the epoch: mem (CPU python)=8943.87109375MB; mem (CPU total)=29266.17578125MB
INFO:root:[   66] Training loss: 0.35344662, Validation loss: 0.35173681, Gradient norm: 0.38469660
INFO:root:At the start of the epoch: mem (CPU python)=8965.03515625MB; mem (CPU total)=29326.71484375MB
INFO:root:[   67] Training loss: 0.35283061, Validation loss: 0.35185575, Gradient norm: 0.37148121
INFO:root:At the start of the epoch: mem (CPU python)=8986.296875MB; mem (CPU total)=29387.34765625MB
INFO:root:[   68] Training loss: 0.35223557, Validation loss: 0.35130219, Gradient norm: 0.37823639
INFO:root:At the start of the epoch: mem (CPU python)=9007.73828125MB; mem (CPU total)=29450.31640625MB
INFO:root:[   69] Training loss: 0.35213789, Validation loss: 0.35022045, Gradient norm: 0.39553422
INFO:root:At the start of the epoch: mem (CPU python)=9028.90234375MB; mem (CPU total)=29515.53125MB
INFO:root:[   70] Training loss: 0.35140642, Validation loss: 0.34891651, Gradient norm: 0.37625173
INFO:root:At the start of the epoch: mem (CPU python)=9050.6328125MB; mem (CPU total)=29574.8671875MB
INFO:root:[   71] Training loss: 0.35029747, Validation loss: 0.34888431, Gradient norm: 0.36435703
INFO:root:At the start of the epoch: mem (CPU python)=9072.796875MB; mem (CPU total)=29637.8203125MB
INFO:root:[   72] Training loss: 0.34938913, Validation loss: 0.34831962, Gradient norm: 0.36487422
INFO:root:At the start of the epoch: mem (CPU python)=9094.64453125MB; mem (CPU total)=29699.62109375MB
INFO:root:[   73] Training loss: 0.34944799, Validation loss: 0.34870192, Gradient norm: 0.38667935
INFO:root:At the start of the epoch: mem (CPU python)=9115.80859375MB; mem (CPU total)=29767.05859375MB
INFO:root:[   74] Training loss: 0.34830366, Validation loss: 0.35013023, Gradient norm: 0.37016610
INFO:root:At the start of the epoch: mem (CPU python)=9136.97265625MB; mem (CPU total)=29825.875MB
INFO:root:[   75] Training loss: 0.34805301, Validation loss: 0.34603502, Gradient norm: 0.35730694
INFO:root:At the start of the epoch: mem (CPU python)=9158.140625MB; mem (CPU total)=29885.67578125MB
INFO:root:[   76] Training loss: 0.34804428, Validation loss: 0.34495667, Gradient norm: 0.39644400
INFO:root:At the start of the epoch: mem (CPU python)=9179.3046875MB; mem (CPU total)=29945.671875MB
INFO:root:[   77] Training loss: 0.34705365, Validation loss: 0.34625860, Gradient norm: 0.37602235
INFO:root:At the start of the epoch: mem (CPU python)=9200.46875MB; mem (CPU total)=30008.6875MB
INFO:root:[   78] Training loss: 0.34716196, Validation loss: 0.34808163, Gradient norm: 0.38967745
INFO:root:At the start of the epoch: mem (CPU python)=9221.62890625MB; mem (CPU total)=30069.125MB
INFO:root:[   79] Training loss: 0.34610057, Validation loss: 0.34495250, Gradient norm: 0.37436280
INFO:root:At the start of the epoch: mem (CPU python)=9242.79296875MB; mem (CPU total)=30129.84765625MB
INFO:root:[   80] Training loss: 0.34582835, Validation loss: 0.34716424, Gradient norm: 0.37439741
INFO:root:At the start of the epoch: mem (CPU python)=9263.95703125MB; mem (CPU total)=30187.7265625MB
INFO:root:[   81] Training loss: 0.34528312, Validation loss: 0.34285911, Gradient norm: 0.35488254
INFO:root:At the start of the epoch: mem (CPU python)=9285.12109375MB; mem (CPU total)=30253.125MB
INFO:root:[   82] Training loss: 0.34438018, Validation loss: 0.34613766, Gradient norm: 0.37778720
INFO:root:At the start of the epoch: mem (CPU python)=9306.68359375MB; mem (CPU total)=30315.90625MB
INFO:root:[   83] Training loss: 0.34466010, Validation loss: 0.34309426, Gradient norm: 0.40849757
INFO:root:At the start of the epoch: mem (CPU python)=9328.57421875MB; mem (CPU total)=30374.4765625MB
INFO:root:[   84] Training loss: 0.34375888, Validation loss: 0.34453833, Gradient norm: 0.38474238
INFO:root:At the start of the epoch: mem (CPU python)=9349.73828125MB; mem (CPU total)=30434.26953125MB
INFO:root:[   85] Training loss: 0.34330038, Validation loss: 0.34200072, Gradient norm: 0.37709871
INFO:root:At the start of the epoch: mem (CPU python)=9371.0078125MB; mem (CPU total)=30497.5MB
INFO:root:[   86] Training loss: 0.34267142, Validation loss: 0.34190875, Gradient norm: 0.36576941
INFO:root:At the start of the epoch: mem (CPU python)=9392.421875MB; mem (CPU total)=30560.98828125MB
INFO:root:[   87] Training loss: 0.34167871, Validation loss: 0.34555536, Gradient norm: 0.37104364
INFO:root:At the start of the epoch: mem (CPU python)=9413.60546875MB; mem (CPU total)=30622.66015625MB
INFO:root:[   88] Training loss: 0.34135305, Validation loss: 0.34273007, Gradient norm: 0.37137889
INFO:root:At the start of the epoch: mem (CPU python)=9434.7734375MB; mem (CPU total)=30681.96875MB
INFO:root:[   89] Training loss: 0.34107397, Validation loss: 0.34569072, Gradient norm: 0.38586977
INFO:root:At the start of the epoch: mem (CPU python)=9455.94140625MB; mem (CPU total)=30744.21484375MB
INFO:root:[   90] Training loss: 0.34078917, Validation loss: 0.33980555, Gradient norm: 0.37907867
INFO:root:At the start of the epoch: mem (CPU python)=9477.52734375MB; mem (CPU total)=30810.3359375MB
INFO:root:[   91] Training loss: 0.34042857, Validation loss: 0.34006323, Gradient norm: 0.38953064
INFO:root:At the start of the epoch: mem (CPU python)=9500.6015625MB; mem (CPU total)=30873.1484375MB
INFO:root:[   92] Training loss: 0.33964430, Validation loss: 0.33802509, Gradient norm: 0.37536377
INFO:root:At the start of the epoch: mem (CPU python)=9519.703125MB; mem (CPU total)=30929.75MB
INFO:root:[   93] Training loss: 0.33916541, Validation loss: 0.34091057, Gradient norm: 0.38229488
INFO:root:At the start of the epoch: mem (CPU python)=9541.0390625MB; mem (CPU total)=30990.5546875MB
INFO:root:[   94] Training loss: 0.33936967, Validation loss: 0.33914478, Gradient norm: 0.38837176
INFO:root:At the start of the epoch: mem (CPU python)=9563.203125MB; mem (CPU total)=31054.38671875MB
INFO:root:[   95] Training loss: 0.33848758, Validation loss: 0.33910422, Gradient norm: 0.36794307
INFO:root:At the start of the epoch: mem (CPU python)=9583.421875MB; mem (CPU total)=31118.0390625MB
INFO:root:[   96] Training loss: 0.33832417, Validation loss: 0.34397629, Gradient norm: 0.39375176
INFO:root:At the start of the epoch: mem (CPU python)=9604.5859375MB; mem (CPU total)=31175.875MB
INFO:root:[   97] Training loss: 0.33765099, Validation loss: 0.33729602, Gradient norm: 0.34903313
INFO:root:At the start of the epoch: mem (CPU python)=9625.484375MB; mem (CPU total)=31236.921875MB
INFO:root:[   98] Training loss: 0.33765654, Validation loss: 0.33873908, Gradient norm: 0.39392512
INFO:root:At the start of the epoch: mem (CPU python)=9647.1640625MB; mem (CPU total)=31302.39453125MB
INFO:root:[   99] Training loss: 0.33720972, Validation loss: 0.33788423, Gradient norm: 0.39608413
INFO:root:At the start of the epoch: mem (CPU python)=9668.328125MB; mem (CPU total)=31363.42578125MB
INFO:root:[  100] Training loss: 0.33646724, Validation loss: 0.33735570, Gradient norm: 0.38452967
INFO:root:At the start of the epoch: mem (CPU python)=9688.0078125MB; mem (CPU total)=31421.0234375MB
INFO:root:[  101] Training loss: 0.33659697, Validation loss: 0.33631787, Gradient norm: 0.38942523
INFO:root:At the start of the epoch: mem (CPU python)=9711.078125MB; mem (CPU total)=31481.99609375MB
INFO:root:[  102] Training loss: 0.33551808, Validation loss: 0.33644936, Gradient norm: 0.37720914
INFO:root:At the start of the epoch: mem (CPU python)=9730.578125MB; mem (CPU total)=31545.5625MB
INFO:root:[  103] Training loss: 0.33557705, Validation loss: 0.33639495, Gradient norm: 0.37227760
INFO:root:At the start of the epoch: mem (CPU python)=9754.953125MB; mem (CPU total)=31612.83984375MB
INFO:root:[  104] Training loss: 0.33535017, Validation loss: 0.33924855, Gradient norm: 0.37867232
INFO:root:At the start of the epoch: mem (CPU python)=9773.84375MB; mem (CPU total)=31661.06640625MB
INFO:root:[  105] Training loss: 0.33463107, Validation loss: 0.33615456, Gradient norm: 0.35896783
INFO:root:At the start of the epoch: mem (CPU python)=9794.5234375MB; mem (CPU total)=31720.87890625MB
INFO:root:[  106] Training loss: 0.33503417, Validation loss: 0.33817310, Gradient norm: 0.40484725
INFO:root:At the start of the epoch: mem (CPU python)=9817.390625MB; mem (CPU total)=31775.00390625MB
INFO:root:[  107] Training loss: 0.33428686, Validation loss: 0.33473578, Gradient norm: 0.37171420
INFO:root:At the start of the epoch: mem (CPU python)=9839.0625MB; mem (CPU total)=31834.0703125MB
INFO:root:[  108] Training loss: 0.33397544, Validation loss: 0.33327280, Gradient norm: 0.37428824
INFO:root:At the start of the epoch: mem (CPU python)=9857.9921875MB; mem (CPU total)=31884.53515625MB
INFO:root:[  109] Training loss: 0.33434227, Validation loss: 0.33440756, Gradient norm: 0.39633199
INFO:root:At the start of the epoch: mem (CPU python)=9879.02734375MB; mem (CPU total)=31942.625MB
INFO:root:[  110] Training loss: 0.33404648, Validation loss: 0.33605035, Gradient norm: 0.40247447
INFO:root:At the start of the epoch: mem (CPU python)=9901.55859375MB; mem (CPU total)=31996.48828125MB
INFO:root:[  111] Training loss: 0.33304511, Validation loss: 0.33402920, Gradient norm: 0.37071264
INFO:root:At the start of the epoch: mem (CPU python)=9921.9609375MB; mem (CPU total)=32056.328125MB
INFO:root:[  112] Training loss: 0.33283339, Validation loss: 0.33464976, Gradient norm: 0.38546148
INFO:root:At the start of the epoch: mem (CPU python)=9943.19140625MB; mem (CPU total)=32113.16796875MB
INFO:root:[  113] Training loss: 0.33287042, Validation loss: 0.33501796, Gradient norm: 0.38868107
INFO:root:At the start of the epoch: mem (CPU python)=9965.4765625MB; mem (CPU total)=32166.55078125MB
INFO:root:[  114] Training loss: 0.33224414, Validation loss: 0.33268629, Gradient norm: 0.36433834
INFO:root:At the start of the epoch: mem (CPU python)=9987.40234375MB; mem (CPU total)=32223.85546875MB
INFO:root:[  115] Training loss: 0.33221175, Validation loss: 0.33295425, Gradient norm: 0.37429026
INFO:root:At the start of the epoch: mem (CPU python)=10008.71875MB; mem (CPU total)=32280.71484375MB
INFO:root:[  116] Training loss: 0.33247298, Validation loss: 0.33250447, Gradient norm: 0.41097355
INFO:root:At the start of the epoch: mem (CPU python)=10030.65625MB; mem (CPU total)=32336.06640625MB
INFO:root:[  117] Training loss: 0.33151493, Validation loss: 0.33187981, Gradient norm: 0.37392438
INFO:root:At the start of the epoch: mem (CPU python)=10051.80078125MB; mem (CPU total)=32392.95703125MB
INFO:root:[  118] Training loss: 0.33148075, Validation loss: 0.33210125, Gradient norm: 0.38680105
INFO:root:At the start of the epoch: mem (CPU python)=10072.34765625MB; mem (CPU total)=32449.53515625MB
INFO:root:[  119] Training loss: 0.33131599, Validation loss: 0.33163549, Gradient norm: 0.39037696
INFO:root:At the start of the epoch: mem (CPU python)=10093.3515625MB; mem (CPU total)=32505.65234375MB
INFO:root:[  120] Training loss: 0.33031475, Validation loss: 0.33369063, Gradient norm: 0.35517104
INFO:root:At the start of the epoch: mem (CPU python)=10117.546875MB; mem (CPU total)=32566.23828125MB
INFO:root:[  121] Training loss: 0.33102840, Validation loss: 0.33197307, Gradient norm: 0.39402574
INFO:root:At the start of the epoch: mem (CPU python)=10139.1953125MB; mem (CPU total)=32620.125MB
INFO:root:[  122] Training loss: 0.33107428, Validation loss: 0.33138750, Gradient norm: 0.40774886
INFO:root:At the start of the epoch: mem (CPU python)=10160.36328125MB; mem (CPU total)=32677.48046875MB
INFO:root:[  123] Training loss: 0.33035723, Validation loss: 0.33240536, Gradient norm: 0.38265107
INFO:root:At the start of the epoch: mem (CPU python)=10181.52734375MB; mem (CPU total)=32731.57421875MB
INFO:root:[  124] Training loss: 0.32970927, Validation loss: 0.33288122, Gradient norm: 0.38196544
INFO:root:At the start of the epoch: mem (CPU python)=10202.69140625MB; mem (CPU total)=32788.921875MB
INFO:root:[  125] Training loss: 0.33039735, Validation loss: 0.33005870, Gradient norm: 0.42726666
INFO:root:At the start of the epoch: mem (CPU python)=10223.85546875MB; mem (CPU total)=32842.54296875MB
INFO:root:[  126] Training loss: 0.32971888, Validation loss: 0.33081122, Gradient norm: 0.38742464
INFO:root:At the start of the epoch: mem (CPU python)=10244.84765625MB; mem (CPU total)=32898.421875MB
INFO:root:[  127] Training loss: 0.32894076, Validation loss: 0.32996819, Gradient norm: 0.36198744
INFO:root:At the start of the epoch: mem (CPU python)=10265.01171875MB; mem (CPU total)=32953.05078125MB
INFO:root:[  128] Training loss: 0.32909322, Validation loss: 0.33200583, Gradient norm: 0.38188551
INFO:root:At the start of the epoch: mem (CPU python)=10287.73046875MB; mem (CPU total)=33013.24609375MB
INFO:root:[  129] Training loss: 0.32897621, Validation loss: 0.33035053, Gradient norm: 0.39778411
INFO:root:At the start of the epoch: mem (CPU python)=10308.05078125MB; mem (CPU total)=33066.30078125MB
INFO:root:[  130] Training loss: 0.32880129, Validation loss: 0.33050473, Gradient norm: 0.38126795
INFO:root:At the start of the epoch: mem (CPU python)=10330.5078125MB; mem (CPU total)=33125.6328125MB
INFO:root:[  131] Training loss: 0.32802918, Validation loss: 0.33069525, Gradient norm: 0.37263939
INFO:root:At the start of the epoch: mem (CPU python)=10352.52734375MB; mem (CPU total)=33178.09375MB
INFO:root:[  132] Training loss: 0.32841278, Validation loss: 0.32874381, Gradient norm: 0.39550554
INFO:root:At the start of the epoch: mem (CPU python)=10372.109375MB; mem (CPU total)=33235.84765625MB
INFO:root:[  133] Training loss: 0.32765581, Validation loss: 0.33059839, Gradient norm: 0.38897908
INFO:root:At the start of the epoch: mem (CPU python)=10393.33984375MB; mem (CPU total)=33291.4609375MB
INFO:root:[  134] Training loss: 0.32758045, Validation loss: 0.32975394, Gradient norm: 0.38728127
INFO:root:At the start of the epoch: mem (CPU python)=10414.578125MB; mem (CPU total)=33348.84765625MB
INFO:root:[  135] Training loss: 0.32725039, Validation loss: 0.32959601, Gradient norm: 0.39487414
INFO:root:At the start of the epoch: mem (CPU python)=10436.34765625MB; mem (CPU total)=33404.17578125MB
INFO:root:[  136] Training loss: 0.32686395, Validation loss: 0.32720117, Gradient norm: 0.36536636
INFO:root:At the start of the epoch: mem (CPU python)=10456.546875MB; mem (CPU total)=33461.7734375MB
INFO:root:[  137] Training loss: 0.32657290, Validation loss: 0.33089758, Gradient norm: 0.38223689
INFO:root:At the start of the epoch: mem (CPU python)=10478.9140625MB; mem (CPU total)=33516.91015625MB
INFO:root:[  138] Training loss: 0.32650548, Validation loss: 0.32834192, Gradient norm: 0.39542850
INFO:root:At the start of the epoch: mem (CPU python)=10499.63671875MB; mem (CPU total)=33574.8125MB
INFO:root:[  139] Training loss: 0.32620771, Validation loss: 0.33094229, Gradient norm: 0.37471092
INFO:root:At the start of the epoch: mem (CPU python)=10521.6875MB; mem (CPU total)=33627.91796875MB
INFO:root:[  140] Training loss: 0.32616020, Validation loss: 0.32730269, Gradient norm: 0.39226773
INFO:root:At the start of the epoch: mem (CPU python)=10543.22265625MB; mem (CPU total)=33688.9609375MB
INFO:root:[  141] Training loss: 0.32517778, Validation loss: 0.32764517, Gradient norm: 0.36797212
INFO:root:At the start of the epoch: mem (CPU python)=10563.05859375MB; mem (CPU total)=33741.38671875MB
INFO:root:[  142] Training loss: 0.32623763, Validation loss: 0.32922280, Gradient norm: 0.41272140
INFO:root:At the start of the epoch: mem (CPU python)=10584.99609375MB; mem (CPU total)=33801.9375MB
INFO:root:Learning rate reduced to: 0.0025
INFO:root:[  143] Training loss: 0.32576525, Validation loss: 0.33020032, Gradient norm: 0.40990232
INFO:root:At the start of the epoch: mem (CPU python)=10607.4921875MB; mem (CPU total)=33855.4453125MB
INFO:root:Learning rate reduced to: 0.00125
INFO:root:[  144] Training loss: 0.31939480, Validation loss: 0.32201878, Gradient norm: 0.18795435
INFO:root:At the start of the epoch: mem (CPU python)=10629.55859375MB; mem (CPU total)=33913.9453125MB
INFO:root:[  145] Training loss: 0.31668437, Validation loss: 0.32021731, Gradient norm: 0.14400527
INFO:root:At the start of the epoch: mem (CPU python)=10650.890625MB; mem (CPU total)=33968.5859375MB
INFO:root:[  146] Training loss: 0.31589158, Validation loss: 0.32025943, Gradient norm: 0.14434113
INFO:root:At the start of the epoch: mem (CPU python)=10672.0546875MB; mem (CPU total)=34026.1796875MB
INFO:root:[  147] Training loss: 0.31571688, Validation loss: 0.31960243, Gradient norm: 0.15016958
INFO:root:At the start of the epoch: mem (CPU python)=10693.6953125MB; mem (CPU total)=34082.01953125MB
INFO:root:[  148] Training loss: 0.31607100, Validation loss: 0.32016317, Gradient norm: 0.15905730
INFO:root:At the start of the epoch: mem (CPU python)=10714.859375MB; mem (CPU total)=34138.19921875MB
INFO:root:[  149] Training loss: 0.31577351, Validation loss: 0.31952805, Gradient norm: 0.18694353
INFO:root:At the start of the epoch: mem (CPU python)=10736.296875MB; mem (CPU total)=34193.5625MB
INFO:root:[  150] Training loss: 0.31548900, Validation loss: 0.31929594, Gradient norm: 0.16249126
INFO:root:At the start of the epoch: mem (CPU python)=10757.4609375MB; mem (CPU total)=34249.203125MB
INFO:root:[  151] Training loss: 0.31563497, Validation loss: 0.31977338, Gradient norm: 0.16030682
INFO:root:At the start of the epoch: mem (CPU python)=10779.19140625MB; mem (CPU total)=34305.9375MB
INFO:root:[  152] Training loss: 0.31580618, Validation loss: 0.31944533, Gradient norm: 0.17550482
INFO:root:At the start of the epoch: mem (CPU python)=10800.9140625MB; mem (CPU total)=34361.09375MB
INFO:root:[  153] Training loss: 0.31535550, Validation loss: 0.31961412, Gradient norm: 0.16930985
INFO:root:At the start of the epoch: mem (CPU python)=10823.328125MB; mem (CPU total)=34419.12890625MB
INFO:root:[  154] Training loss: 0.31555284, Validation loss: 0.31938942, Gradient norm: 0.21711701
INFO:root:At the start of the epoch: mem (CPU python)=10844.4921875MB; mem (CPU total)=34473.33984375MB
INFO:root:[  155] Training loss: 0.31545001, Validation loss: 0.31950576, Gradient norm: 0.18239487
INFO:root:At the start of the epoch: mem (CPU python)=10866.28515625MB; mem (CPU total)=34532.22265625MB
INFO:root:[  156] Training loss: 0.31531383, Validation loss: 0.31932067, Gradient norm: 0.20500538
INFO:root:At the start of the epoch: mem (CPU python)=10887.4453125MB; mem (CPU total)=34583.7265625MB
INFO:root:Learning rate reduced to: 0.000625
INFO:root:[  157] Training loss: 0.31549804, Validation loss: 0.31929429, Gradient norm: 0.19735000
INFO:root:At the start of the epoch: mem (CPU python)=10908.609375MB; mem (CPU total)=34641.55859375MB
INFO:root:[  158] Training loss: 0.31362292, Validation loss: 0.31815979, Gradient norm: 0.14039320
INFO:root:At the start of the epoch: mem (CPU python)=10929.7734375MB; mem (CPU total)=34696.4140625MB
INFO:root:[  159] Training loss: 0.31330474, Validation loss: 0.31830016, Gradient norm: 0.13936354
INFO:root:At the start of the epoch: mem (CPU python)=10950.9375MB; mem (CPU total)=34754.5859375MB
INFO:root:[  160] Training loss: 0.31341051, Validation loss: 0.31770594, Gradient norm: 0.14468300
INFO:root:At the start of the epoch: mem (CPU python)=10972.10546875MB; mem (CPU total)=34808.2578125MB
INFO:root:[  161] Training loss: 0.31325579, Validation loss: 0.31787078, Gradient norm: 0.14213582
INFO:root:At the start of the epoch: mem (CPU python)=10993.26953125MB; mem (CPU total)=34866.5625MB
INFO:root:[  162] Training loss: 0.31326190, Validation loss: 0.31777122, Gradient norm: 0.15687896
INFO:root:At the start of the epoch: mem (CPU python)=11014.43359375MB; mem (CPU total)=34920.6171875MB
INFO:root:[  163] Training loss: 0.31327923, Validation loss: 0.31793859, Gradient norm: 0.15232278
INFO:root:At the start of the epoch: mem (CPU python)=11035.59375MB; mem (CPU total)=34977.78125MB
INFO:root:[  164] Training loss: 0.31330092, Validation loss: 0.31809841, Gradient norm: 0.16525740
INFO:root:At the start of the epoch: mem (CPU python)=11056.7578125MB; mem (CPU total)=35033.703125MB
INFO:root:[  165] Training loss: 0.31327167, Validation loss: 0.31779799, Gradient norm: 0.18126580
INFO:root:At the start of the epoch: mem (CPU python)=11078.14453125MB; mem (CPU total)=35090.67578125MB
INFO:root:[  166] Training loss: 0.31304581, Validation loss: 0.31765019, Gradient norm: 0.16948661
INFO:root:At the start of the epoch: mem (CPU python)=11098.375MB; mem (CPU total)=35142.71875MB
INFO:root:[  167] Training loss: 0.31297744, Validation loss: 0.31791623, Gradient norm: 0.15043334
INFO:root:At the start of the epoch: mem (CPU python)=11119.76953125MB; mem (CPU total)=35201.546875MB
INFO:root:[  168] Training loss: 0.31313117, Validation loss: 0.31762754, Gradient norm: 0.15935139
INFO:root:At the start of the epoch: mem (CPU python)=11141.19140625MB; mem (CPU total)=35254.65234375MB
INFO:root:[  169] Training loss: 0.31316679, Validation loss: 0.31737081, Gradient norm: 0.17690195
INFO:root:At the start of the epoch: mem (CPU python)=11162.546875MB; mem (CPU total)=35311.08203125MB
INFO:root:[  170] Training loss: 0.31299802, Validation loss: 0.31777569, Gradient norm: 0.16588049
INFO:root:At the start of the epoch: mem (CPU python)=11182.70703125MB; mem (CPU total)=35366.8828125MB
INFO:root:[  171] Training loss: 0.31315016, Validation loss: 0.31754638, Gradient norm: 0.16707586
INFO:root:At the start of the epoch: mem (CPU python)=11206.15234375MB; mem (CPU total)=35428.4453125MB
INFO:root:[  172] Training loss: 0.31280680, Validation loss: 0.31753004, Gradient norm: 0.18152512
INFO:root:At the start of the epoch: mem (CPU python)=11225.6015625MB; mem (CPU total)=35479.81640625MB
INFO:root:[  173] Training loss: 0.31275406, Validation loss: 0.31741911, Gradient norm: 0.15931435
INFO:root:At the start of the epoch: mem (CPU python)=11247.24609375MB; mem (CPU total)=35538.87890625MB
INFO:root:[  174] Training loss: 0.31280743, Validation loss: 0.31758696, Gradient norm: 0.16501121
INFO:root:At the start of the epoch: mem (CPU python)=11268.421875MB; mem (CPU total)=35592.51953125MB
INFO:root:[  175] Training loss: 0.31290972, Validation loss: 0.31750289, Gradient norm: 0.19053599
INFO:root:At the start of the epoch: mem (CPU python)=11289.58203125MB; mem (CPU total)=35647.61328125MB
INFO:root:Learning rate reduced to: 0.0003125
INFO:root:[  176] Training loss: 0.31298372, Validation loss: 0.31748641, Gradient norm: 0.17719557
INFO:root:At the start of the epoch: mem (CPU python)=11311.31640625MB; mem (CPU total)=35703.47265625MB
INFO:root:Learning rate reduced to: 0.00015625
INFO:root:[  177] Training loss: 0.31168597, Validation loss: 0.31709291, Gradient norm: 0.12538462
INFO:root:At the start of the epoch: mem (CPU python)=11333.0625MB; mem (CPU total)=35759.07421875MB
INFO:root:[  178] Training loss: 0.31096158, Validation loss: 0.31644468, Gradient norm: 0.10805401
INFO:root:At the start of the epoch: mem (CPU python)=11354.40625MB; mem (CPU total)=35815.70703125MB
INFO:root:[  179] Training loss: 0.31120125, Validation loss: 0.31671839, Gradient norm: 0.10477685
INFO:root:At the start of the epoch: mem (CPU python)=11375.78125MB; mem (CPU total)=35870.25MB
INFO:root:[  180] Training loss: 0.31130894, Validation loss: 0.31666719, Gradient norm: 0.10701483
INFO:root:At the start of the epoch: mem (CPU python)=11396.95703125MB; mem (CPU total)=35927.58984375MB
INFO:root:[  181] Training loss: 0.31129870, Validation loss: 0.31651353, Gradient norm: 0.10899938
INFO:root:At the start of the epoch: mem (CPU python)=11418.12109375MB; mem (CPU total)=35982.21875MB
INFO:root:[  182] Training loss: 0.31160662, Validation loss: 0.31666046, Gradient norm: 0.11443161
INFO:root:At the start of the epoch: mem (CPU python)=11439.9140625MB; mem (CPU total)=36040.953125MB
INFO:root:[  183] Training loss: 0.31130191, Validation loss: 0.31635290, Gradient norm: 0.11476730
INFO:root:At the start of the epoch: mem (CPU python)=11461.08203125MB; mem (CPU total)=36096.2734375MB
INFO:root:[  184] Training loss: 0.31111640, Validation loss: 0.31658239, Gradient norm: 0.11001745
INFO:root:At the start of the epoch: mem (CPU python)=11482.75390625MB; mem (CPU total)=36151.64453125MB
INFO:root:[  185] Training loss: 0.31096134, Validation loss: 0.31657874, Gradient norm: 0.10974934
INFO:root:At the start of the epoch: mem (CPU python)=11503.94140625MB; mem (CPU total)=36206.30859375MB
INFO:root:[  186] Training loss: 0.31130054, Validation loss: 0.31650154, Gradient norm: 0.11506958
INFO:root:At the start of the epoch: mem (CPU python)=11525.10546875MB; mem (CPU total)=36264.15625MB
INFO:root:[  187] Training loss: 0.31137577, Validation loss: 0.31664743, Gradient norm: 0.12074410
INFO:root:At the start of the epoch: mem (CPU python)=11546.28125MB; mem (CPU total)=36318.54296875MB
INFO:root:[  188] Training loss: 0.31115256, Validation loss: 0.31648403, Gradient norm: 0.11953848
INFO:root:At the start of the epoch: mem (CPU python)=11567.4453125MB; mem (CPU total)=36376.34375MB
INFO:root:[  189] Training loss: 0.31145988, Validation loss: 0.31642020, Gradient norm: 0.11676557
INFO:root:At the start of the epoch: mem (CPU python)=11588.609375MB; mem (CPU total)=36430.9609375MB
INFO:root:Learning rate reduced to: 7.8125e-05
INFO:root:[  190] Training loss: 0.31111117, Validation loss: 0.31625714, Gradient norm: 0.11807570
INFO:root:At the start of the epoch: mem (CPU python)=11609.80078125MB; mem (CPU total)=36489.77734375MB
INFO:root:[  191] Training loss: 0.31088631, Validation loss: 0.31624148, Gradient norm: 0.10264682
INFO:root:At the start of the epoch: mem (CPU python)=11631.2265625MB; mem (CPU total)=36543.87109375MB
INFO:root:[  192] Training loss: 0.31094931, Validation loss: 0.31642838, Gradient norm: 0.09928644
INFO:root:At the start of the epoch: mem (CPU python)=11652.89453125MB; mem (CPU total)=36606.34765625MB
INFO:root:[  193] Training loss: 0.31055505, Validation loss: 0.31610589, Gradient norm: 0.10181082
INFO:root:At the start of the epoch: mem (CPU python)=11674.05859375MB; mem (CPU total)=36657.796875MB
INFO:root:[  194] Training loss: 0.31111486, Validation loss: 0.31626788, Gradient norm: 0.10332461
INFO:root:At the start of the epoch: mem (CPU python)=11695.76171875MB; mem (CPU total)=36715.42578125MB
INFO:root:[  195] Training loss: 0.31080062, Validation loss: 0.31627368, Gradient norm: 0.10087236
INFO:root:At the start of the epoch: mem (CPU python)=11717.15625MB; mem (CPU total)=36768.33203125MB
INFO:root:[  196] Training loss: 0.31084807, Validation loss: 0.31644072, Gradient norm: 0.10187541
INFO:root:At the start of the epoch: mem (CPU python)=11738.3359375MB; mem (CPU total)=36825.9140625MB
INFO:root:[  197] Training loss: 0.31088201, Validation loss: 0.31619474, Gradient norm: 0.10250739
INFO:root:At the start of the epoch: mem (CPU python)=11759.49609375MB; mem (CPU total)=36881.28125MB
INFO:root:[  198] Training loss: 0.31072573, Validation loss: 0.31625090, Gradient norm: 0.09842128
INFO:root:At the start of the epoch: mem (CPU python)=11780.671875MB; mem (CPU total)=36936.8984375MB
INFO:root:[  199] Training loss: 0.31059332, Validation loss: 0.31633686, Gradient norm: 0.10162231
INFO:root:At the start of the epoch: mem (CPU python)=11802.5859375MB; mem (CPU total)=36993.9140625MB
INFO:root:[  200] Training loss: 0.31080933, Validation loss: 0.31623528, Gradient norm: 0.10495635
INFO:root:At the start of the epoch: mem (CPU python)=11823.75MB; mem (CPU total)=37048.546875MB
INFO:root:[  201] Training loss: 0.31068223, Validation loss: 0.31592356, Gradient norm: 0.10247262
INFO:root:At the start of the epoch: mem (CPU python)=11844.9375MB; mem (CPU total)=37104.85546875MB
INFO:root:[  202] Training loss: 0.31055704, Validation loss: 0.31619063, Gradient norm: 0.10390514
INFO:root:At the start of the epoch: mem (CPU python)=11866.1171875MB; mem (CPU total)=37161.94921875MB
INFO:root:[  203] Training loss: 0.31062656, Validation loss: 0.31611693, Gradient norm: 0.10382834
INFO:root:At the start of the epoch: mem (CPU python)=11887.27734375MB; mem (CPU total)=37216.859375MB
INFO:root:[  204] Training loss: 0.31082615, Validation loss: 0.31619608, Gradient norm: 0.10334611
INFO:root:At the start of the epoch: mem (CPU python)=11908.453125MB; mem (CPU total)=37269.76953125MB
INFO:root:[  205] Training loss: 0.31082378, Validation loss: 0.31631510, Gradient norm: 0.10299546
INFO:root:At the start of the epoch: mem (CPU python)=11929.6171875MB; mem (CPU total)=37311.609375MB
INFO:root:[  206] Training loss: 0.31063722, Validation loss: 0.31616424, Gradient norm: 0.10338708
INFO:root:At the start of the epoch: mem (CPU python)=11950.78515625MB; mem (CPU total)=37356.16796875MB
INFO:root:[  207] Training loss: 0.31077467, Validation loss: 0.31621849, Gradient norm: 0.10650376
INFO:root:At the start of the epoch: mem (CPU python)=11971.96875MB; mem (CPU total)=37404.09375MB
INFO:root:[  208] Training loss: 0.31074466, Validation loss: 0.31595051, Gradient norm: 0.10371549
INFO:root:At the start of the epoch: mem (CPU python)=11993.1328125MB; mem (CPU total)=37449.12890625MB
INFO:root:[  209] Training loss: 0.31086078, Validation loss: 0.31621340, Gradient norm: 0.10731721
INFO:root:At the start of the epoch: mem (CPU python)=12014.42578125MB; mem (CPU total)=37496.85546875MB
INFO:root:[  210] Training loss: 0.31067638, Validation loss: 0.31616725, Gradient norm: 0.10101211
INFO:root:At the start of the epoch: mem (CPU python)=12036.33203125MB; mem (CPU total)=37543.77734375MB
INFO:root:EP 210: Early stopping
INFO:root:Training for autoregressive step 2 starts now.
INFO:root:Learning rate reduced to: [3.90625e-05]
INFO:root:At the start of the epoch: mem (CPU python)=12057.49609375MB; mem (CPU total)=37590.6015625MB
INFO:root:[  212] Training loss: 0.38878593, Validation loss: 0.38863217, Gradient norm: 0.22701672
INFO:root:At the start of the epoch: mem (CPU python)=12064.6875MB; mem (CPU total)=37635.96875MB
INFO:root:[  213] Training loss: 0.38640234, Validation loss: 0.38725030, Gradient norm: 0.16620211
INFO:root:At the start of the epoch: mem (CPU python)=12085.859375MB; mem (CPU total)=37695.6015625MB
INFO:root:[  214] Training loss: 0.38593186, Validation loss: 0.38655690, Gradient norm: 0.15940196
INFO:root:At the start of the epoch: mem (CPU python)=12107.0234375MB; mem (CPU total)=37759.1171875MB
INFO:root:[  215] Training loss: 0.38521950, Validation loss: 0.38664833, Gradient norm: 0.16703165
INFO:root:At the start of the epoch: mem (CPU python)=12128.18359375MB; mem (CPU total)=37818.16796875MB
INFO:root:[  216] Training loss: 0.38465710, Validation loss: 0.38591207, Gradient norm: 0.16203631
INFO:root:At the start of the epoch: mem (CPU python)=12149.34765625MB; mem (CPU total)=37879.08203125MB
INFO:root:[  217] Training loss: 0.38448033, Validation loss: 0.38564799, Gradient norm: 0.16382653
INFO:root:At the start of the epoch: mem (CPU python)=12170.515625MB; mem (CPU total)=37938.78515625MB
INFO:root:[  218] Training loss: 0.38424218, Validation loss: 0.38527387, Gradient norm: 0.16626114
INFO:root:At the start of the epoch: mem (CPU python)=12191.6796875MB; mem (CPU total)=37998.625MB
INFO:root:[  219] Training loss: 0.38400833, Validation loss: 0.38503566, Gradient norm: 0.16483916
INFO:root:At the start of the epoch: mem (CPU python)=12212.84375MB; mem (CPU total)=38063.015625MB
INFO:root:[  220] Training loss: 0.38346280, Validation loss: 0.38483736, Gradient norm: 0.16117220
INFO:root:At the start of the epoch: mem (CPU python)=12234.0078125MB; mem (CPU total)=38123.265625MB
INFO:root:[  221] Training loss: 0.38347518, Validation loss: 0.38478295, Gradient norm: 0.16017700
INFO:root:At the start of the epoch: mem (CPU python)=12255.171875MB; mem (CPU total)=38183.26953125MB
INFO:root:[  222] Training loss: 0.38330764, Validation loss: 0.38457959, Gradient norm: 0.16966127
INFO:root:At the start of the epoch: mem (CPU python)=12276.33203125MB; mem (CPU total)=38242.84765625MB
INFO:root:[  223] Training loss: 0.38317701, Validation loss: 0.38432646, Gradient norm: 0.16088391
INFO:root:At the start of the epoch: mem (CPU python)=12297.5MB; mem (CPU total)=38301.40625MB
INFO:root:[  224] Training loss: 0.38325311, Validation loss: 0.38411091, Gradient norm: 0.16527587
INFO:root:At the start of the epoch: mem (CPU python)=12318.6640625MB; mem (CPU total)=38364.91796875MB
INFO:root:[  225] Training loss: 0.38291789, Validation loss: 0.38410363, Gradient norm: 0.16010058
INFO:root:At the start of the epoch: mem (CPU python)=12339.83203125MB; mem (CPU total)=38426.6796875MB
INFO:root:[  226] Training loss: 0.38256591, Validation loss: 0.38382816, Gradient norm: 0.15138166
INFO:root:At the start of the epoch: mem (CPU python)=12360.99609375MB; mem (CPU total)=38486.50390625MB
INFO:root:[  227] Training loss: 0.38237849, Validation loss: 0.38396807, Gradient norm: 0.15699804
INFO:root:At the start of the epoch: mem (CPU python)=12382.16015625MB; mem (CPU total)=38545.33984375MB
INFO:root:[  228] Training loss: 0.38260997, Validation loss: 0.38418226, Gradient norm: 0.15712888
INFO:root:At the start of the epoch: mem (CPU python)=12403.32421875MB; mem (CPU total)=38602.94921875MB
INFO:root:[  229] Training loss: 0.38225663, Validation loss: 0.38372414, Gradient norm: 0.15944506
INFO:root:At the start of the epoch: mem (CPU python)=12424.4921875MB; mem (CPU total)=38666.7109375MB
INFO:root:[  230] Training loss: 0.38239210, Validation loss: 0.38332684, Gradient norm: 0.15734178
INFO:root:At the start of the epoch: mem (CPU python)=12445.65625MB; mem (CPU total)=38724.8203125MB
INFO:root:[  231] Training loss: 0.38208384, Validation loss: 0.38344096, Gradient norm: 0.16589612
INFO:root:At the start of the epoch: mem (CPU python)=12466.8125MB; mem (CPU total)=38784.26171875MB
INFO:root:[  232] Training loss: 0.38191656, Validation loss: 0.38338627, Gradient norm: 0.15219638
INFO:root:At the start of the epoch: mem (CPU python)=12487.9765625MB; mem (CPU total)=38844.57421875MB
INFO:root:[  233] Training loss: 0.38190197, Validation loss: 0.38327086, Gradient norm: 0.15175575
INFO:root:At the start of the epoch: mem (CPU python)=12509.140625MB; mem (CPU total)=38903.90625MB
INFO:root:[  234] Training loss: 0.38187106, Validation loss: 0.38349772, Gradient norm: 0.15576915
INFO:root:At the start of the epoch: mem (CPU python)=12530.3046875MB; mem (CPU total)=38968.171875MB
INFO:root:[  235] Training loss: 0.38195986, Validation loss: 0.38310537, Gradient norm: 0.15415323
INFO:root:At the start of the epoch: mem (CPU python)=12551.47265625MB; mem (CPU total)=39025.796875MB
INFO:root:[  236] Training loss: 0.38145575, Validation loss: 0.38292573, Gradient norm: 0.15797512
INFO:root:At the start of the epoch: mem (CPU python)=12572.63671875MB; mem (CPU total)=39085.40234375MB
INFO:root:[  237] Training loss: 0.38184924, Validation loss: 0.38285705, Gradient norm: 0.15725511
INFO:root:At the start of the epoch: mem (CPU python)=12593.80078125MB; mem (CPU total)=39144.703125MB
INFO:root:[  238] Training loss: 0.38128738, Validation loss: 0.38297776, Gradient norm: 0.14747429
INFO:root:At the start of the epoch: mem (CPU python)=12614.96484375MB; mem (CPU total)=39205.734375MB
INFO:root:[  239] Training loss: 0.38150407, Validation loss: 0.38266054, Gradient norm: 0.15877078
INFO:root:At the start of the epoch: mem (CPU python)=12636.12890625MB; mem (CPU total)=39266.41796875MB
INFO:root:[  240] Training loss: 0.38133800, Validation loss: 0.38276851, Gradient norm: 0.15198173
INFO:root:At the start of the epoch: mem (CPU python)=12657.29296875MB; mem (CPU total)=39325.96484375MB
INFO:root:[  241] Training loss: 0.38096205, Validation loss: 0.38261304, Gradient norm: 0.14673974
INFO:root:At the start of the epoch: mem (CPU python)=12678.45703125MB; mem (CPU total)=39373.7109375MB
INFO:root:[  242] Training loss: 0.38115242, Validation loss: 0.38226545, Gradient norm: 0.15590857
INFO:root:At the start of the epoch: mem (CPU python)=12699.62109375MB; mem (CPU total)=39410.8828125MB
INFO:root:[  243] Training loss: 0.38129571, Validation loss: 0.38208579, Gradient norm: 0.15232403
INFO:root:At the start of the epoch: mem (CPU python)=12720.78515625MB; mem (CPU total)=39451.60546875MB
INFO:root:[  244] Training loss: 0.38095105, Validation loss: 0.38256234, Gradient norm: 0.14834925
INFO:root:At the start of the epoch: mem (CPU python)=12741.94921875MB; mem (CPU total)=39488.97265625MB
INFO:root:[  245] Training loss: 0.38099101, Validation loss: 0.38232226, Gradient norm: 0.15815537
INFO:root:At the start of the epoch: mem (CPU python)=12763.11328125MB; mem (CPU total)=39526.625MB
INFO:root:[  246] Training loss: 0.38056847, Validation loss: 0.38225300, Gradient norm: 0.14600482
INFO:root:At the start of the epoch: mem (CPU python)=12784.27734375MB; mem (CPU total)=39564.0MB
INFO:root:[  247] Training loss: 0.38078825, Validation loss: 0.38218626, Gradient norm: 0.16045782
INFO:root:At the start of the epoch: mem (CPU python)=12805.4453125MB; mem (CPU total)=39601.65234375MB
INFO:root:[  248] Training loss: 0.38117639, Validation loss: 0.38229313, Gradient norm: 0.15344151
INFO:root:At the start of the epoch: mem (CPU python)=12826.60546875MB; mem (CPU total)=39644.41015625MB
INFO:root:[  249] Training loss: 0.38073479, Validation loss: 0.38188551, Gradient norm: 0.15893555
INFO:root:At the start of the epoch: mem (CPU python)=12847.76953125MB; mem (CPU total)=39687.09765625MB
INFO:root:[  250] Training loss: 0.38077944, Validation loss: 0.38209600, Gradient norm: 0.15426109
INFO:root:At the start of the epoch: mem (CPU python)=12868.9296875MB; mem (CPU total)=39725.19140625MB
INFO:root:[  251] Training loss: 0.38076808, Validation loss: 0.38186107, Gradient norm: 0.16034428
INFO:root:At the start of the epoch: mem (CPU python)=12890.09765625MB; mem (CPU total)=39769.8125MB
INFO:root:[  252] Training loss: 0.38083063, Validation loss: 0.38191943, Gradient norm: 0.15641294
INFO:root:At the start of the epoch: mem (CPU python)=12911.26171875MB; mem (CPU total)=39845.3671875MB
INFO:root:[  253] Training loss: 0.38054995, Validation loss: 0.38191260, Gradient norm: 0.15240199
INFO:root:At the start of the epoch: mem (CPU python)=12932.42578125MB; mem (CPU total)=39920.1796875MB
INFO:root:[  254] Training loss: 0.38049370, Validation loss: 0.38216354, Gradient norm: 0.15194906
INFO:root:At the start of the epoch: mem (CPU python)=12953.58984375MB; mem (CPU total)=39993.30859375MB
INFO:root:[  255] Training loss: 0.38074514, Validation loss: 0.38163874, Gradient norm: 0.15824722
INFO:root:At the start of the epoch: mem (CPU python)=12974.75390625MB; mem (CPU total)=40067.59765625MB
INFO:root:[  256] Training loss: 0.38042289, Validation loss: 0.38172594, Gradient norm: 0.14418718
INFO:root:At the start of the epoch: mem (CPU python)=12995.91796875MB; mem (CPU total)=40142.57421875MB
INFO:root:[  257] Training loss: 0.38032739, Validation loss: 0.38159949, Gradient norm: 0.15217880
INFO:root:At the start of the epoch: mem (CPU python)=13017.0859375MB; mem (CPU total)=40216.6875MB
INFO:root:[  258] Training loss: 0.38032836, Validation loss: 0.38154699, Gradient norm: 0.15826391
INFO:root:At the start of the epoch: mem (CPU python)=13038.25MB; mem (CPU total)=40293.23046875MB
INFO:root:[  259] Training loss: 0.38016781, Validation loss: 0.38164073, Gradient norm: 0.15613570
INFO:root:At the start of the epoch: mem (CPU python)=13059.4140625MB; mem (CPU total)=40368.28125MB
INFO:root:[  260] Training loss: 0.38014232, Validation loss: 0.38141152, Gradient norm: 0.15709756
INFO:root:At the start of the epoch: mem (CPU python)=13080.57421875MB; mem (CPU total)=40442.12890625MB
INFO:root:[  261] Training loss: 0.37997164, Validation loss: 0.38129404, Gradient norm: 0.15054778
INFO:root:At the start of the epoch: mem (CPU python)=13101.73828125MB; mem (CPU total)=40514.53125MB
INFO:root:[  262] Training loss: 0.37999232, Validation loss: 0.38148087, Gradient norm: 0.15192756
INFO:root:At the start of the epoch: mem (CPU python)=13122.90234375MB; mem (CPU total)=40590.10546875MB
INFO:root:[  263] Training loss: 0.37987677, Validation loss: 0.38135837, Gradient norm: 0.16344941
INFO:root:At the start of the epoch: mem (CPU python)=13144.06640625MB; mem (CPU total)=40666.90234375MB
INFO:root:[  264] Training loss: 0.37970080, Validation loss: 0.38130612, Gradient norm: 0.15738397
INFO:root:At the start of the epoch: mem (CPU python)=13165.234375MB; mem (CPU total)=40737.05859375MB
INFO:root:[  265] Training loss: 0.38012971, Validation loss: 0.38137923, Gradient norm: 0.15588797
INFO:root:At the start of the epoch: mem (CPU python)=13186.3984375MB; mem (CPU total)=40812.06640625MB
INFO:root:[  266] Training loss: 0.37971269, Validation loss: 0.38117747, Gradient norm: 0.14886910
INFO:root:At the start of the epoch: mem (CPU python)=13207.5625MB; mem (CPU total)=40884.5859375MB
INFO:root:[  267] Training loss: 0.37997974, Validation loss: 0.38128534, Gradient norm: 0.16001422
INFO:root:At the start of the epoch: mem (CPU python)=13228.7265625MB; mem (CPU total)=40955.921875MB
INFO:root:[  268] Training loss: 0.38010895, Validation loss: 0.38104442, Gradient norm: 0.15767855
INFO:root:At the start of the epoch: mem (CPU python)=13249.89453125MB; mem (CPU total)=41033.9296875MB
INFO:root:[  269] Training loss: 0.37964195, Validation loss: 0.38112953, Gradient norm: 0.15018097
INFO:root:At the start of the epoch: mem (CPU python)=13271.0546875MB; mem (CPU total)=41105.8984375MB
INFO:root:[  270] Training loss: 0.37972682, Validation loss: 0.38114730, Gradient norm: 0.15971835
INFO:root:At the start of the epoch: mem (CPU python)=13292.21875MB; mem (CPU total)=41179.97265625MB
INFO:root:[  271] Training loss: 0.37970856, Validation loss: 0.38093664, Gradient norm: 0.15231019
INFO:root:At the start of the epoch: mem (CPU python)=13313.3828125MB; mem (CPU total)=41252.55859375MB
INFO:root:[  272] Training loss: 0.37961420, Validation loss: 0.38118411, Gradient norm: 0.15311139
INFO:root:At the start of the epoch: mem (CPU python)=13334.546875MB; mem (CPU total)=41327.58984375MB
INFO:root:[  273] Training loss: 0.37933048, Validation loss: 0.38093963, Gradient norm: 0.15487149
INFO:root:At the start of the epoch: mem (CPU python)=13355.7109375MB; mem (CPU total)=41403.38671875MB
INFO:root:[  274] Training loss: 0.37978958, Validation loss: 0.38092795, Gradient norm: 0.14440557
INFO:root:At the start of the epoch: mem (CPU python)=13376.87890625MB; mem (CPU total)=41475.953125MB
INFO:root:[  275] Training loss: 0.37961201, Validation loss: 0.38087716, Gradient norm: 0.15714861
INFO:root:At the start of the epoch: mem (CPU python)=13398.04296875MB; mem (CPU total)=41551.765625MB
INFO:root:[  276] Training loss: 0.37946609, Validation loss: 0.38068391, Gradient norm: 0.14555640
INFO:root:At the start of the epoch: mem (CPU python)=13419.20703125MB; mem (CPU total)=41624.11328125MB
INFO:root:[  277] Training loss: 0.37960155, Validation loss: 0.38109282, Gradient norm: 0.16184257
INFO:root:At the start of the epoch: mem (CPU python)=13440.37109375MB; mem (CPU total)=41696.44140625MB
INFO:root:[  278] Training loss: 0.37950691, Validation loss: 0.38092002, Gradient norm: 0.15577742
INFO:root:At the start of the epoch: mem (CPU python)=13461.53125MB; mem (CPU total)=41773.19140625MB
INFO:root:[  279] Training loss: 0.37937347, Validation loss: 0.38059774, Gradient norm: 0.15508003
INFO:root:At the start of the epoch: mem (CPU python)=13482.6953125MB; mem (CPU total)=41848.7109375MB
INFO:root:[  280] Training loss: 0.37983685, Validation loss: 0.38074680, Gradient norm: 0.15434139
INFO:root:At the start of the epoch: mem (CPU python)=13503.859375MB; mem (CPU total)=41920.54296875MB
INFO:root:[  281] Training loss: 0.37924049, Validation loss: 0.38084618, Gradient norm: 0.15391806
INFO:root:At the start of the epoch: mem (CPU python)=13525.02734375MB; mem (CPU total)=41995.109375MB
INFO:root:[  282] Training loss: 0.37923928, Validation loss: 0.38079767, Gradient norm: 0.15329707
INFO:root:At the start of the epoch: mem (CPU python)=13546.1875MB; mem (CPU total)=42066.47265625MB
INFO:root:[  283] Training loss: 0.37923100, Validation loss: 0.38062217, Gradient norm: 0.15506331
INFO:root:At the start of the epoch: mem (CPU python)=13567.3515625MB; mem (CPU total)=42143.25390625MB
INFO:root:[  284] Training loss: 0.37904486, Validation loss: 0.38061009, Gradient norm: 0.15714940
INFO:root:At the start of the epoch: mem (CPU python)=13588.515625MB; mem (CPU total)=42219.06640625MB
INFO:root:[  285] Training loss: 0.37935566, Validation loss: 0.38036748, Gradient norm: 0.14889372
INFO:root:At the start of the epoch: mem (CPU python)=13609.68359375MB; mem (CPU total)=42291.19140625MB
INFO:root:[  286] Training loss: 0.37911724, Validation loss: 0.38032465, Gradient norm: 0.16116139
INFO:root:At the start of the epoch: mem (CPU python)=13630.84765625MB; mem (CPU total)=42362.64453125MB
INFO:root:[  287] Training loss: 0.37908716, Validation loss: 0.38073974, Gradient norm: 0.15674537
INFO:root:At the start of the epoch: mem (CPU python)=13652.01171875MB; mem (CPU total)=42435.7578125MB
INFO:root:[  288] Training loss: 0.37936917, Validation loss: 0.38050130, Gradient norm: 0.14901700
INFO:root:At the start of the epoch: mem (CPU python)=13673.171875MB; mem (CPU total)=42512.57421875MB
INFO:root:[  289] Training loss: 0.37922529, Validation loss: 0.38014376, Gradient norm: 0.15830064
INFO:root:At the start of the epoch: mem (CPU python)=13694.3359375MB; mem (CPU total)=42583.79296875MB
INFO:root:[  290] Training loss: 0.37873388, Validation loss: 0.38033674, Gradient norm: 0.15924435
INFO:root:At the start of the epoch: mem (CPU python)=13715.5MB; mem (CPU total)=42658.13671875MB
INFO:root:[  291] Training loss: 0.37900307, Validation loss: 0.38046386, Gradient norm: 0.15425939
INFO:root:At the start of the epoch: mem (CPU python)=13736.6640625MB; mem (CPU total)=42729.03515625MB
INFO:root:[  292] Training loss: 0.37894092, Validation loss: 0.38027772, Gradient norm: 0.15570873
INFO:root:At the start of the epoch: mem (CPU python)=13757.83203125MB; mem (CPU total)=42802.59765625MB
INFO:root:[  293] Training loss: 0.37886663, Validation loss: 0.38039245, Gradient norm: 0.16002006
INFO:root:At the start of the epoch: mem (CPU python)=13778.99609375MB; mem (CPU total)=42880.6171875MB
INFO:root:[  294] Training loss: 0.37900732, Validation loss: 0.38051817, Gradient norm: 0.14895972
INFO:root:At the start of the epoch: mem (CPU python)=13800.16015625MB; mem (CPU total)=42950.3984375MB
INFO:root:[  295] Training loss: 0.37905362, Validation loss: 0.38021313, Gradient norm: 0.15132619
INFO:root:At the start of the epoch: mem (CPU python)=13821.32421875MB; mem (CPU total)=43024.17578125MB
INFO:root:[  296] Training loss: 0.37873108, Validation loss: 0.38006471, Gradient norm: 0.15081011
INFO:root:At the start of the epoch: mem (CPU python)=13842.4921875MB; mem (CPU total)=43096.5234375MB
INFO:root:[  297] Training loss: 0.37893148, Validation loss: 0.37993166, Gradient norm: 0.14787108
INFO:root:At the start of the epoch: mem (CPU python)=13863.65234375MB; mem (CPU total)=43166.96484375MB
INFO:root:[  298] Training loss: 0.37881162, Validation loss: 0.38005243, Gradient norm: 0.14796192
INFO:root:At the start of the epoch: mem (CPU python)=13884.81640625MB; mem (CPU total)=43246.8984375MB
INFO:root:[  299] Training loss: 0.37887069, Validation loss: 0.38006069, Gradient norm: 0.15775531
INFO:root:At the start of the epoch: mem (CPU python)=13905.9765625MB; mem (CPU total)=43315.55078125MB
INFO:root:[  300] Training loss: 0.37891351, Validation loss: 0.38021712, Gradient norm: 0.15332931
INFO:root:At the start of the epoch: mem (CPU python)=13927.140625MB; mem (CPU total)=43386.9140625MB
INFO:root:[  301] Training loss: 0.37894162, Validation loss: 0.38023733, Gradient norm: 0.15201392
INFO:root:At the start of the epoch: mem (CPU python)=13948.30859375MB; mem (CPU total)=43462.6171875MB
INFO:root:[  302] Training loss: 0.37853861, Validation loss: 0.38010137, Gradient norm: 0.15228158
INFO:root:At the start of the epoch: mem (CPU python)=13969.47265625MB; mem (CPU total)=43559.9375MB
INFO:root:[  303] Training loss: 0.37870170, Validation loss: 0.38010351, Gradient norm: 0.15978248
INFO:root:At the start of the epoch: mem (CPU python)=13990.640625MB; mem (CPU total)=43616.74609375MB
INFO:root:[  304] Training loss: 0.37884842, Validation loss: 0.38026756, Gradient norm: 0.15635067
INFO:root:At the start of the epoch: mem (CPU python)=14011.8046875MB; mem (CPU total)=43677.3359375MB
INFO:root:[  305] Training loss: 0.37864165, Validation loss: 0.37994292, Gradient norm: 0.15543889
INFO:root:At the start of the epoch: mem (CPU python)=14032.96875MB; mem (CPU total)=43732.9609375MB
INFO:root:[  306] Training loss: 0.37879055, Validation loss: 0.38006648, Gradient norm: 0.15546842
INFO:root:At the start of the epoch: mem (CPU python)=14054.1328125MB; mem (CPU total)=43789.0703125MB
INFO:root:EP 306: Early stopping
INFO:root:After finishing all epochs: mem (CPU python)=14075.29296875MB; mem (CPU total)=43840.01171875MB
INFO:root:Training the model took 13204.552s.
INFO:root:Emptying the cuda cache took 0.051s.
INFO:root:Starting evaluation: model SFNO & uncertainty quantification deterministic
INFO:root:Evaluating the model on Validation data.
INFO:root:MSEValidation: 0.43924
INFO:root:EnergyScoreValidation: 0.43924
INFO:root:CRPSValidation: 0.17383
INFO:root:Gaussian NLLValidation: 32210272186.73068
INFO:root:CoverageValidation: 0.0
INFO:root:IntervalWidthValidation: 0.0
INFO:root:Evaluating the model on Test data.
INFO:root:MSETest: 0.3437
INFO:root:EnergyScoreTest: 0.33881
INFO:root:CRPSTest: 0.1339
INFO:root:Gaussian NLLTest: 19741840998.4
INFO:root:CoverageTest: 0.0
INFO:root:IntervalWidthTest: 0.0
INFO:root:After validation: mem (CPU python)=14082.1484375MB; mem (CPU total)=44118.15625MB
INFO:root:###3 out of 3 training parameter combinations ###
INFO:root:Training parameters: {'seed': 123456789, 'model': 'SFNO', 'uncertainty_quantification': 'deterministic', 'batch_size': 32, 'n_epochs': 1000, 'early_stopping': 10, 'init': 'default', 'learning_rate': 0.005, 'lr_schedule': 'step', 'optimizer': 'adam', 'gradient_clipping': 1, 'layer_normalization': True, 'data_loader_pin_memory': False, 'data_loader_num_workers': 0, 'distributed_training': False, 'alpha': 0.05, 'n_samples_uq': 100, 'weight_decay': 0, 'dropout': 0.001, 'fourier_dropout': None, 'hidden_channels': 32, 'projection_channels': 256, 'lifting_channels': 256, 'n_modes': (32, 32), 'n_samples': 3}
INFO:root:After creating the dataloaders: mem (CPU python)=14082.1484375MB; mem (CPU total)=44126.3125MB
INFO:root:NumberParameters: 284835
INFO:root:GPU memory allocated: 176160768
INFO:root:After setting up the model: mem (CPU python)=14082.1484375MB; mem (CPU total)=44110.5625MB
INFO:root:Training starts now.
INFO:root:At the start of the epoch: mem (CPU python)=14082.1484375MB; mem (CPU total)=44115.48828125MB
INFO:root:[    1] Training loss: 0.82935163, Validation loss: 0.73876844, Gradient norm: 0.54299372
INFO:root:At the start of the epoch: mem (CPU python)=14090.0625MB; mem (CPU total)=44163.16015625MB
INFO:root:[    2] Training loss: 0.73265855, Validation loss: 0.73060584, Gradient norm: 0.27685440
INFO:root:At the start of the epoch: mem (CPU python)=14111.83203125MB; mem (CPU total)=44209.51953125MB
INFO:root:[    3] Training loss: 0.72250821, Validation loss: 0.70740776, Gradient norm: 0.30937778
INFO:root:At the start of the epoch: mem (CPU python)=14132.99609375MB; mem (CPU total)=44253.86328125MB
INFO:root:[    4] Training loss: 0.68542261, Validation loss: 0.65065070, Gradient norm: 0.43633417
INFO:root:At the start of the epoch: mem (CPU python)=14154.16015625MB; mem (CPU total)=44298.8984375MB
INFO:root:[    5] Training loss: 0.63399580, Validation loss: 0.60593041, Gradient norm: 0.43063584
INFO:root:At the start of the epoch: mem (CPU python)=14175.328125MB; mem (CPU total)=44343.20703125MB
INFO:root:[    6] Training loss: 0.58748047, Validation loss: 0.56760083, Gradient norm: 0.47735929
INFO:root:At the start of the epoch: mem (CPU python)=14196.4921875MB; mem (CPU total)=44387.5234375MB
INFO:root:[    7] Training loss: 0.55034115, Validation loss: 0.53490079, Gradient norm: 0.51408712
INFO:root:At the start of the epoch: mem (CPU python)=14217.65625MB; mem (CPU total)=44433.33203125MB
INFO:root:[    8] Training loss: 0.52984335, Validation loss: 0.51826923, Gradient norm: 0.48919727
INFO:root:At the start of the epoch: mem (CPU python)=14238.8203125MB; mem (CPU total)=44477.76953125MB
INFO:root:[    9] Training loss: 0.51387035, Validation loss: 0.49844805, Gradient norm: 0.54447751
INFO:root:At the start of the epoch: mem (CPU python)=14259.984375MB; mem (CPU total)=44522.0625MB
INFO:root:[   10] Training loss: 0.49275796, Validation loss: 0.48263449, Gradient norm: 0.56849293
INFO:root:At the start of the epoch: mem (CPU python)=14281.328125MB; mem (CPU total)=44579.61328125MB
INFO:root:[   11] Training loss: 0.47520582, Validation loss: 0.45996899, Gradient norm: 0.59200023
INFO:root:At the start of the epoch: mem (CPU python)=14303.0625MB; mem (CPU total)=44623.92578125MB
INFO:root:[   12] Training loss: 0.45922400, Validation loss: 0.44965174, Gradient norm: 0.58246622
INFO:root:At the start of the epoch: mem (CPU python)=14324.2265625MB; mem (CPU total)=44669.9609375MB
INFO:root:[   13] Training loss: 0.44772309, Validation loss: 0.43871351, Gradient norm: 0.60662352
INFO:root:At the start of the epoch: mem (CPU python)=14345.38671875MB; mem (CPU total)=44715.34375MB
INFO:root:[   14] Training loss: 0.43752155, Validation loss: 0.42982746, Gradient norm: 0.59368072
INFO:root:At the start of the epoch: mem (CPU python)=14366.5546875MB; mem (CPU total)=44757.80078125MB
INFO:root:[   15] Training loss: 0.42845043, Validation loss: 0.41660161, Gradient norm: 0.60580554
INFO:root:At the start of the epoch: mem (CPU python)=14387.71875MB; mem (CPU total)=44739.265625MB
INFO:root:[   16] Training loss: 0.42070378, Validation loss: 0.41336508, Gradient norm: 0.60602294
INFO:root:At the start of the epoch: mem (CPU python)=14408.8828125MB; mem (CPU total)=44787.53125MB
INFO:root:[   17] Training loss: 0.41328890, Validation loss: 0.40490331, Gradient norm: 0.60175152
INFO:root:At the start of the epoch: mem (CPU python)=14430.2421875MB; mem (CPU total)=44832.56640625MB
INFO:root:[   18] Training loss: 0.40838271, Validation loss: 0.40090371, Gradient norm: 0.64314135
INFO:root:At the start of the epoch: mem (CPU python)=14451.9609375MB; mem (CPU total)=44876.6171875MB
INFO:root:[   19] Training loss: 0.40241328, Validation loss: 0.39710898, Gradient norm: 0.57455452
INFO:root:At the start of the epoch: mem (CPU python)=14473.125MB; mem (CPU total)=44921.16015625MB
INFO:root:[   20] Training loss: 0.39867603, Validation loss: 0.39091095, Gradient norm: 0.59427525
INFO:root:At the start of the epoch: mem (CPU python)=14494.2890625MB; mem (CPU total)=44965.71484375MB
INFO:root:[   21] Training loss: 0.39485181, Validation loss: 0.38871191, Gradient norm: 0.58952825
INFO:root:At the start of the epoch: mem (CPU python)=14515.453125MB; mem (CPU total)=45010.25MB
INFO:root:[   22] Training loss: 0.39154835, Validation loss: 0.38526313, Gradient norm: 0.58561221
INFO:root:At the start of the epoch: mem (CPU python)=14536.6171875MB; mem (CPU total)=45054.7578125MB
INFO:root:[   23] Training loss: 0.38800623, Validation loss: 0.38408642, Gradient norm: 0.56406922
INFO:root:At the start of the epoch: mem (CPU python)=14557.78125MB; mem (CPU total)=45099.0078125MB
INFO:root:[   24] Training loss: 0.38654785, Validation loss: 0.38161265, Gradient norm: 0.60714527
INFO:root:At the start of the epoch: mem (CPU python)=14578.94921875MB; mem (CPU total)=45143.0859375MB
INFO:root:[   25] Training loss: 0.38340818, Validation loss: 0.38103692, Gradient norm: 0.56375986
INFO:root:At the start of the epoch: mem (CPU python)=14600.11328125MB; mem (CPU total)=45187.640625MB
INFO:root:[   26] Training loss: 0.38056964, Validation loss: 0.37758416, Gradient norm: 0.57004432
INFO:root:At the start of the epoch: mem (CPU python)=14621.27734375MB; mem (CPU total)=45232.18359375MB
INFO:root:[   27] Training loss: 0.37866780, Validation loss: 0.37708753, Gradient norm: 0.56401602
INFO:root:At the start of the epoch: mem (CPU python)=14642.44140625MB; mem (CPU total)=45277.75MB
INFO:root:[   28] Training loss: 0.37773769, Validation loss: 0.37493598, Gradient norm: 0.60595546
INFO:root:At the start of the epoch: mem (CPU python)=14663.6015625MB; mem (CPU total)=45323.80078125MB
INFO:root:[   29] Training loss: 0.37611532, Validation loss: 0.37163686, Gradient norm: 0.60035113
INFO:root:At the start of the epoch: mem (CPU python)=14684.765625MB; mem (CPU total)=45366.42578125MB
INFO:root:[   30] Training loss: 0.37388125, Validation loss: 0.37001988, Gradient norm: 0.54346079
INFO:root:At the start of the epoch: mem (CPU python)=14705.92578125MB; mem (CPU total)=45409.671875MB
INFO:root:[   31] Training loss: 0.37346796, Validation loss: 0.36883440, Gradient norm: 0.61051992
INFO:root:At the start of the epoch: mem (CPU python)=14727.09375MB; mem (CPU total)=25230.2578125MB
INFO:root:[   32] Training loss: 0.37085064, Validation loss: 0.36577872, Gradient norm: 0.52864613
INFO:root:At the start of the epoch: mem (CPU python)=14748.2578125MB; mem (CPU total)=27266.9921875MB
INFO:root:[   33] Training loss: 0.36968333, Validation loss: 0.36916328, Gradient norm: 0.56681304
INFO:root:At the start of the epoch: mem (CPU python)=14769.421875MB; mem (CPU total)=27336.359375MB
INFO:root:[   34] Training loss: 0.36912701, Validation loss: 0.37170062, Gradient norm: 0.54274540
INFO:root:At the start of the epoch: mem (CPU python)=14790.58984375MB; mem (CPU total)=27410.87890625MB
INFO:root:[   35] Training loss: 0.36797765, Validation loss: 0.36891244, Gradient norm: 0.56520242
INFO:root:At the start of the epoch: mem (CPU python)=14811.75390625MB; mem (CPU total)=27480.3203125MB
INFO:root:[   36] Training loss: 0.36619622, Validation loss: 0.36352744, Gradient norm: 0.52937976
INFO:root:At the start of the epoch: mem (CPU python)=14832.921875MB; mem (CPU total)=27550.45703125MB
INFO:root:[   37] Training loss: 0.36708488, Validation loss: 0.36332014, Gradient norm: 0.61924496
INFO:root:At the start of the epoch: mem (CPU python)=14854.08203125MB; mem (CPU total)=27617.89453125MB
INFO:root:[   38] Training loss: 0.36539647, Validation loss: 0.36168080, Gradient norm: 0.56867890
INFO:root:At the start of the epoch: mem (CPU python)=14875.24609375MB; mem (CPU total)=27687.84765625MB
INFO:root:[   39] Training loss: 0.36359137, Validation loss: 0.36091682, Gradient norm: 0.53277451
INFO:root:At the start of the epoch: mem (CPU python)=14896.41015625MB; mem (CPU total)=27756.0859375MB
INFO:root:[   40] Training loss: 0.36271415, Validation loss: 0.35900292, Gradient norm: 0.53470269
INFO:root:At the start of the epoch: mem (CPU python)=14917.57421875MB; mem (CPU total)=27824.62109375MB
INFO:root:[   41] Training loss: 0.36194939, Validation loss: 0.36003041, Gradient norm: 0.54036909
INFO:root:At the start of the epoch: mem (CPU python)=14938.73828125MB; mem (CPU total)=27893.86328125MB
INFO:root:[   42] Training loss: 0.36182274, Validation loss: 0.35822423, Gradient norm: 0.57793405
INFO:root:At the start of the epoch: mem (CPU python)=14959.90625MB; mem (CPU total)=27963.04296875MB
INFO:root:[   43] Training loss: 0.36047859, Validation loss: 0.35824783, Gradient norm: 0.53837431
INFO:root:At the start of the epoch: mem (CPU python)=14981.0703125MB; mem (CPU total)=28033.33203125MB
INFO:root:[   44] Training loss: 0.35935122, Validation loss: 0.35799574, Gradient norm: 0.53092016
INFO:root:At the start of the epoch: mem (CPU python)=15002.234375MB; mem (CPU total)=28103.9140625MB
INFO:root:[   45] Training loss: 0.35894990, Validation loss: 0.35844720, Gradient norm: 0.55817637
INFO:root:At the start of the epoch: mem (CPU python)=15023.39453125MB; mem (CPU total)=28171.63671875MB
INFO:root:[   46] Training loss: 0.35882117, Validation loss: 0.35756213, Gradient norm: 0.54091149
INFO:root:At the start of the epoch: mem (CPU python)=15044.5625MB; mem (CPU total)=28239.1796875MB
INFO:root:[   47] Training loss: 0.35776067, Validation loss: 0.35624257, Gradient norm: 0.53108733
INFO:root:At the start of the epoch: mem (CPU python)=15065.71875MB; mem (CPU total)=28308.82421875MB
INFO:root:[   48] Training loss: 0.35705290, Validation loss: 0.35564296, Gradient norm: 0.54263612
INFO:root:At the start of the epoch: mem (CPU python)=15086.88671875MB; mem (CPU total)=28378.16015625MB
INFO:root:[   49] Training loss: 0.35637744, Validation loss: 0.35428344, Gradient norm: 0.52918948
INFO:root:At the start of the epoch: mem (CPU python)=15108.05078125MB; mem (CPU total)=28446.42578125MB
INFO:root:[   50] Training loss: 0.35520933, Validation loss: 0.35269383, Gradient norm: 0.55344115
INFO:root:At the start of the epoch: mem (CPU python)=15129.21484375MB; mem (CPU total)=28521.73046875MB
INFO:root:[   51] Training loss: 0.35456602, Validation loss: 0.35422376, Gradient norm: 0.54245839
INFO:root:At the start of the epoch: mem (CPU python)=15150.37890625MB; mem (CPU total)=28593.33984375MB
INFO:root:[   52] Training loss: 0.35362459, Validation loss: 0.35088808, Gradient norm: 0.54653661
INFO:root:At the start of the epoch: mem (CPU python)=15171.54296875MB; mem (CPU total)=28662.94140625MB
INFO:root:[   53] Training loss: 0.35253649, Validation loss: 0.34844310, Gradient norm: 0.51281143
INFO:root:At the start of the epoch: mem (CPU python)=15192.7109375MB; mem (CPU total)=28733.3671875MB
INFO:root:[   54] Training loss: 0.35103707, Validation loss: 0.34828175, Gradient norm: 0.52620335
INFO:root:At the start of the epoch: mem (CPU python)=15213.875MB; mem (CPU total)=28806.3671875MB
INFO:root:[   55] Training loss: 0.34949340, Validation loss: 0.34770447, Gradient norm: 0.51663767
INFO:root:At the start of the epoch: mem (CPU python)=15235.0390625MB; mem (CPU total)=28876.50390625MB
INFO:root:[   56] Training loss: 0.34892170, Validation loss: 0.34999776, Gradient norm: 0.58241477
INFO:root:At the start of the epoch: mem (CPU python)=15256.19921875MB; mem (CPU total)=28947.0625MB
INFO:root:[   57] Training loss: 0.34715928, Validation loss: 0.34293772, Gradient norm: 0.56555534
INFO:root:At the start of the epoch: mem (CPU python)=15277.36328125MB; mem (CPU total)=29017.8203125MB
INFO:root:[   58] Training loss: 0.34433874, Validation loss: 0.34175591, Gradient norm: 0.55779797
INFO:root:At the start of the epoch: mem (CPU python)=15298.52734375MB; mem (CPU total)=29088.34765625MB
INFO:root:[   59] Training loss: 0.34290803, Validation loss: 0.33915662, Gradient norm: 0.56066288
INFO:root:At the start of the epoch: mem (CPU python)=15319.6953125MB; mem (CPU total)=29158.484375MB
INFO:root:[   60] Training loss: 0.34098032, Validation loss: 0.33635159, Gradient norm: 0.55762229
INFO:root:At the start of the epoch: mem (CPU python)=15340.859375MB; mem (CPU total)=29229.265625MB
INFO:root:[   61] Training loss: 0.33932885, Validation loss: 0.33436737, Gradient norm: 0.55761174
INFO:root:At the start of the epoch: mem (CPU python)=15362.0234375MB; mem (CPU total)=29300.3828125MB
INFO:root:[   62] Training loss: 0.33787759, Validation loss: 0.33900963, Gradient norm: 0.57836665
INFO:root:At the start of the epoch: mem (CPU python)=15383.18359375MB; mem (CPU total)=29371.99609375MB
INFO:root:[   63] Training loss: 0.33588621, Validation loss: 0.33441354, Gradient norm: 0.58475514
INFO:root:At the start of the epoch: mem (CPU python)=15404.34765625MB; mem (CPU total)=29441.41015625MB
INFO:root:[   64] Training loss: 0.33381519, Validation loss: 0.33282559, Gradient norm: 0.57433469
INFO:root:At the start of the epoch: mem (CPU python)=15425.515625MB; mem (CPU total)=29511.69921875MB
INFO:root:[   65] Training loss: 0.33155151, Validation loss: 0.32870053, Gradient norm: 0.58912935
INFO:root:At the start of the epoch: mem (CPU python)=15446.6796875MB; mem (CPU total)=29582.34375MB
INFO:root:[   66] Training loss: 0.33031675, Validation loss: 0.32655917, Gradient norm: 0.58630722
INFO:root:At the start of the epoch: mem (CPU python)=15467.83984375MB; mem (CPU total)=29650.7734375MB
INFO:root:[   67] Training loss: 0.32897569, Validation loss: 0.32857947, Gradient norm: 0.61431005
INFO:root:At the start of the epoch: mem (CPU python)=15489.00390625MB; mem (CPU total)=29721.37890625MB
INFO:root:[   68] Training loss: 0.32666213, Validation loss: 0.32334751, Gradient norm: 0.58819464
INFO:root:At the start of the epoch: mem (CPU python)=15510.16796875MB; mem (CPU total)=29789.5546875MB
INFO:root:[   69] Training loss: 0.32521387, Validation loss: 0.32407685, Gradient norm: 0.61311053
INFO:root:At the start of the epoch: mem (CPU python)=15531.33203125MB; mem (CPU total)=29860.43359375MB
INFO:root:[   70] Training loss: 0.32284233, Validation loss: 0.32850901, Gradient norm: 0.60158516
INFO:root:At the start of the epoch: mem (CPU python)=15552.49609375MB; mem (CPU total)=29931.08984375MB
INFO:root:[   71] Training loss: 0.32270176, Validation loss: 0.32140766, Gradient norm: 0.60494228
INFO:root:At the start of the epoch: mem (CPU python)=15573.6640625MB; mem (CPU total)=30002.703125MB
INFO:root:[   72] Training loss: 0.31986097, Validation loss: 0.32009771, Gradient norm: 0.60942534
INFO:root:At the start of the epoch: mem (CPU python)=15594.828125MB; mem (CPU total)=30073.09375MB
INFO:root:[   73] Training loss: 0.31969490, Validation loss: 0.32138355, Gradient norm: 0.64649487
INFO:root:At the start of the epoch: mem (CPU python)=15615.9921875MB; mem (CPU total)=30144.4453125MB
INFO:root:[   74] Training loss: 0.31765088, Validation loss: 0.31765103, Gradient norm: 0.62145606
INFO:root:At the start of the epoch: mem (CPU python)=15637.15625MB; mem (CPU total)=30213.79296875MB
INFO:root:[   75] Training loss: 0.31737876, Validation loss: 0.31385952, Gradient norm: 0.62242012
INFO:root:At the start of the epoch: mem (CPU python)=15658.3203125MB; mem (CPU total)=30284.3359375MB
INFO:root:[   76] Training loss: 0.31589569, Validation loss: 0.31660769, Gradient norm: 0.64966211
INFO:root:At the start of the epoch: mem (CPU python)=15679.48046875MB; mem (CPU total)=30355.19140625MB
INFO:root:[   77] Training loss: 0.31352515, Validation loss: 0.31597646, Gradient norm: 0.63531803
INFO:root:At the start of the epoch: mem (CPU python)=15700.65234375MB; mem (CPU total)=30426.8046875MB
INFO:root:[   78] Training loss: 0.31283898, Validation loss: 0.31387237, Gradient norm: 0.66407980
INFO:root:At the start of the epoch: mem (CPU python)=15721.81640625MB; mem (CPU total)=30497.91796875MB
INFO:root:[   79] Training loss: 0.31151809, Validation loss: 0.31921099, Gradient norm: 0.62699314
INFO:root:At the start of the epoch: mem (CPU python)=15742.9765625MB; mem (CPU total)=30568.76171875MB
INFO:root:[   80] Training loss: 0.31095338, Validation loss: 0.31260177, Gradient norm: 0.65195620
INFO:root:At the start of the epoch: mem (CPU python)=15764.1484375MB; mem (CPU total)=30641.34375MB
INFO:root:[   81] Training loss: 0.30905244, Validation loss: 0.31178819, Gradient norm: 0.64655191
INFO:root:At the start of the epoch: mem (CPU python)=15785.30859375MB; mem (CPU total)=30713.61328125MB
INFO:root:[   82] Training loss: 0.30821975, Validation loss: 0.31220116, Gradient norm: 0.65144214
INFO:root:At the start of the epoch: mem (CPU python)=15806.47265625MB; mem (CPU total)=30782.57421875MB
INFO:root:[   83] Training loss: 0.30726673, Validation loss: 0.31002806, Gradient norm: 0.65621482
INFO:root:At the start of the epoch: mem (CPU python)=15827.63671875MB; mem (CPU total)=30852.21484375MB
INFO:root:[   84] Training loss: 0.30603851, Validation loss: 0.30990602, Gradient norm: 0.70786312
INFO:root:At the start of the epoch: mem (CPU python)=15848.80078125MB; mem (CPU total)=30924.3125MB
INFO:root:[   85] Training loss: 0.30502285, Validation loss: 0.30562876, Gradient norm: 0.64811896
INFO:root:At the start of the epoch: mem (CPU python)=15869.9609375MB; mem (CPU total)=30992.97265625MB
INFO:root:[   86] Training loss: 0.30336838, Validation loss: 0.30699485, Gradient norm: 0.66889343
INFO:root:At the start of the epoch: mem (CPU python)=15891.125MB; mem (CPU total)=31062.7890625MB
INFO:root:[   87] Training loss: 0.30208087, Validation loss: 0.30580224, Gradient norm: 0.66955010
INFO:root:At the start of the epoch: mem (CPU python)=15912.29296875MB; mem (CPU total)=31131.91015625MB
INFO:root:[   88] Training loss: 0.30096555, Validation loss: 0.30692022, Gradient norm: 0.64383504
INFO:root:At the start of the epoch: mem (CPU python)=15933.45703125MB; mem (CPU total)=31202.4921875MB
INFO:root:[   89] Training loss: 0.30104051, Validation loss: 0.30594680, Gradient norm: 0.69088463
INFO:root:At the start of the epoch: mem (CPU python)=15954.62109375MB; mem (CPU total)=31276.3046875MB
INFO:root:[   90] Training loss: 0.30023648, Validation loss: 0.30352262, Gradient norm: 0.69669577
INFO:root:At the start of the epoch: mem (CPU python)=15975.93359375MB; mem (CPU total)=31347.41015625MB
INFO:root:[   91] Training loss: 0.29875952, Validation loss: 0.30609443, Gradient norm: 0.69232242
INFO:root:At the start of the epoch: mem (CPU python)=15997.22265625MB; mem (CPU total)=31418.0390625MB
INFO:root:[   92] Training loss: 0.29763924, Validation loss: 0.31189928, Gradient norm: 0.70189522
INFO:root:At the start of the epoch: mem (CPU python)=16018.48828125MB; mem (CPU total)=31489.390625MB
INFO:root:[   93] Training loss: 0.29673318, Validation loss: 0.30048867, Gradient norm: 0.71647078
INFO:root:At the start of the epoch: mem (CPU python)=16039.65625MB; mem (CPU total)=31559.984375MB
INFO:root:[   94] Training loss: 0.29605809, Validation loss: 0.30521184, Gradient norm: 0.68250652
INFO:root:At the start of the epoch: mem (CPU python)=16060.81640625MB; mem (CPU total)=31630.3671875MB
INFO:root:[   95] Training loss: 0.29615941, Validation loss: 0.30141160, Gradient norm: 0.68728301
INFO:root:At the start of the epoch: mem (CPU python)=16081.98046875MB; mem (CPU total)=31703.45703125MB
INFO:root:[   96] Training loss: 0.29397542, Validation loss: 0.30201679, Gradient norm: 0.65170875
INFO:root:At the start of the epoch: mem (CPU python)=16104.046875MB; mem (CPU total)=31775.57421875MB
INFO:root:[   97] Training loss: 0.29363703, Validation loss: 0.30551079, Gradient norm: 0.69896000
INFO:root:At the start of the epoch: mem (CPU python)=16125.8046875MB; mem (CPU total)=31845.95703125MB
INFO:root:[   98] Training loss: 0.29281468, Validation loss: 0.30092545, Gradient norm: 0.69575759
INFO:root:At the start of the epoch: mem (CPU python)=16146.97265625MB; mem (CPU total)=31916.83203125MB
INFO:root:[   99] Training loss: 0.29128503, Validation loss: 0.30172810, Gradient norm: 0.66986859
INFO:root:At the start of the epoch: mem (CPU python)=16168.13671875MB; mem (CPU total)=31988.2890625MB
INFO:root:Learning rate reduced to: 0.0025
INFO:root:[  100] Training loss: 0.29201553, Validation loss: 0.29914975, Gradient norm: 0.68538770
INFO:root:At the start of the epoch: mem (CPU python)=16189.30078125MB; mem (CPU total)=32058.94921875MB
INFO:root:[  101] Training loss: 0.28109978, Validation loss: 0.29217638, Gradient norm: 0.42424263
INFO:root:At the start of the epoch: mem (CPU python)=16210.46484375MB; mem (CPU total)=32130.453125MB
INFO:root:[  102] Training loss: 0.27992709, Validation loss: 0.29233561, Gradient norm: 0.43183991
INFO:root:At the start of the epoch: mem (CPU python)=16231.62890625MB; mem (CPU total)=32202.06640625MB
INFO:root:[  103] Training loss: 0.28033619, Validation loss: 0.29172928, Gradient norm: 0.50458292
INFO:root:At the start of the epoch: mem (CPU python)=16252.79296875MB; mem (CPU total)=32272.94140625MB
INFO:root:[  104] Training loss: 0.27973884, Validation loss: 0.29186903, Gradient norm: 0.49362747
INFO:root:At the start of the epoch: mem (CPU python)=16273.953125MB; mem (CPU total)=32341.84375MB
INFO:root:[  105] Training loss: 0.27942113, Validation loss: 0.29259605, Gradient norm: 0.50725474
INFO:root:At the start of the epoch: mem (CPU python)=16295.12109375MB; mem (CPU total)=32412.4453125MB
INFO:root:[  106] Training loss: 0.27881944, Validation loss: 0.29111022, Gradient norm: 0.52593543
INFO:root:At the start of the epoch: mem (CPU python)=16316.28515625MB; mem (CPU total)=32483.4375MB
INFO:root:[  107] Training loss: 0.27911732, Validation loss: 0.29233345, Gradient norm: 0.56778408
INFO:root:At the start of the epoch: mem (CPU python)=16337.44921875MB; mem (CPU total)=32553.359375MB
INFO:root:[  108] Training loss: 0.27921090, Validation loss: 0.29280281, Gradient norm: 0.56475324
INFO:root:At the start of the epoch: mem (CPU python)=16358.61328125MB; mem (CPU total)=32624.12109375MB
INFO:root:[  109] Training loss: 0.27755200, Validation loss: 0.29298293, Gradient norm: 0.57373070
INFO:root:At the start of the epoch: mem (CPU python)=16379.77734375MB; mem (CPU total)=32696.86328125MB
INFO:root:[  110] Training loss: 0.27711179, Validation loss: 0.29161897, Gradient norm: 0.59418785
INFO:root:At the start of the epoch: mem (CPU python)=16400.9453125MB; mem (CPU total)=32768.5MB
INFO:root:[  111] Training loss: 0.27768248, Validation loss: 0.29232921, Gradient norm: 0.55706071
INFO:root:At the start of the epoch: mem (CPU python)=16422.109375MB; mem (CPU total)=32839.61328125MB
INFO:root:[  112] Training loss: 0.27687802, Validation loss: 0.29318428, Gradient norm: 0.60208258
INFO:root:At the start of the epoch: mem (CPU python)=16443.2734375MB; mem (CPU total)=32910.2578125MB
INFO:root:Learning rate reduced to: 0.00125
INFO:root:[  113] Training loss: 0.27619175, Validation loss: 0.29108900, Gradient norm: 0.62146185
INFO:root:At the start of the epoch: mem (CPU python)=16464.4375MB; mem (CPU total)=32983.1796875MB
INFO:root:[  114] Training loss: 0.27154521, Validation loss: 0.28833159, Gradient norm: 0.33393203
INFO:root:At the start of the epoch: mem (CPU python)=16485.6015625MB; mem (CPU total)=33053.04296875MB
INFO:root:[  115] Training loss: 0.27073305, Validation loss: 0.28823862, Gradient norm: 0.34379505
INFO:root:At the start of the epoch: mem (CPU python)=16506.76171875MB; mem (CPU total)=33124.4453125MB
INFO:root:[  116] Training loss: 0.27094852, Validation loss: 0.28783959, Gradient norm: 0.38264219
INFO:root:At the start of the epoch: mem (CPU python)=16527.92578125MB; mem (CPU total)=33195.08984375MB
INFO:root:[  117] Training loss: 0.27061374, Validation loss: 0.28769860, Gradient norm: 0.39635254
INFO:root:At the start of the epoch: mem (CPU python)=16549.08984375MB; mem (CPU total)=33268.6875MB
INFO:root:[  118] Training loss: 0.27095781, Validation loss: 0.28760877, Gradient norm: 0.39587113
INFO:root:At the start of the epoch: mem (CPU python)=16570.25390625MB; mem (CPU total)=33336.625MB
INFO:root:[  119] Training loss: 0.26988393, Validation loss: 0.28784114, Gradient norm: 0.39462186
INFO:root:At the start of the epoch: mem (CPU python)=16591.41796875MB; mem (CPU total)=33407.01953125MB
INFO:root:[  120] Training loss: 0.27030744, Validation loss: 0.28739301, Gradient norm: 0.40862278
INFO:root:At the start of the epoch: mem (CPU python)=16612.5859375MB; mem (CPU total)=33476.91015625MB
INFO:root:[  121] Training loss: 0.26977494, Validation loss: 0.28736451, Gradient norm: 0.40195476
INFO:root:At the start of the epoch: mem (CPU python)=16633.75MB; mem (CPU total)=33545.6640625MB
INFO:root:[  122] Training loss: 0.26966858, Validation loss: 0.28857992, Gradient norm: 0.41725994
INFO:root:At the start of the epoch: mem (CPU python)=16654.91015625MB; mem (CPU total)=33615.30859375MB
INFO:root:[  123] Training loss: 0.27012115, Validation loss: 0.28940067, Gradient norm: 0.49301707
INFO:root:At the start of the epoch: mem (CPU python)=16676.078125MB; mem (CPU total)=33683.4609375MB
INFO:root:[  124] Training loss: 0.26951961, Validation loss: 0.28752148, Gradient norm: 0.44023264
INFO:root:At the start of the epoch: mem (CPU python)=16697.2421875MB; mem (CPU total)=33750.8984375MB
INFO:root:[  125] Training loss: 0.26866397, Validation loss: 0.28748930, Gradient norm: 0.44967264
INFO:root:At the start of the epoch: mem (CPU python)=16718.40625MB; mem (CPU total)=33809.4765625MB
INFO:root:[  126] Training loss: 0.26916781, Validation loss: 0.28671313, Gradient norm: 0.48714867
INFO:root:At the start of the epoch: mem (CPU python)=16739.57421875MB; mem (CPU total)=33874.45703125MB
INFO:root:[  127] Training loss: 0.26826116, Validation loss: 0.28659759, Gradient norm: 0.47799954
INFO:root:At the start of the epoch: mem (CPU python)=16760.73828125MB; mem (CPU total)=33937.26171875MB
INFO:root:[  128] Training loss: 0.26831595, Validation loss: 0.28644741, Gradient norm: 0.42992405
INFO:root:At the start of the epoch: mem (CPU python)=16781.90234375MB; mem (CPU total)=33998.54296875MB
INFO:root:[  129] Training loss: 0.26876454, Validation loss: 0.28739968, Gradient norm: 0.47144536
INFO:root:At the start of the epoch: mem (CPU python)=16803.06640625MB; mem (CPU total)=34064.00390625MB
INFO:root:[  130] Training loss: 0.26827594, Validation loss: 0.28824189, Gradient norm: 0.52198449
INFO:root:At the start of the epoch: mem (CPU python)=16824.2265625MB; mem (CPU total)=34123.203125MB
INFO:root:[  131] Training loss: 0.26681100, Validation loss: 0.28820572, Gradient norm: 0.47519391
INFO:root:At the start of the epoch: mem (CPU python)=16845.390625MB; mem (CPU total)=34187.12109375MB
INFO:root:[  132] Training loss: 0.26750339, Validation loss: 0.28673144, Gradient norm: 0.46821351
INFO:root:At the start of the epoch: mem (CPU python)=16866.5546875MB; mem (CPU total)=34250.578125MB
INFO:root:[  133] Training loss: 0.26676915, Validation loss: 0.28663966, Gradient norm: 0.47583087
INFO:root:At the start of the epoch: mem (CPU python)=16887.71875MB; mem (CPU total)=34311.21875MB
INFO:root:[  134] Training loss: 0.26679355, Validation loss: 0.28717651, Gradient norm: 0.50465215
INFO:root:At the start of the epoch: mem (CPU python)=16908.8828125MB; mem (CPU total)=34373.32421875MB
INFO:root:Learning rate reduced to: 0.000625
INFO:root:[  135] Training loss: 0.26623747, Validation loss: 0.28691064, Gradient norm: 0.46520101
INFO:root:At the start of the epoch: mem (CPU python)=16930.046875MB; mem (CPU total)=34438.50390625MB
INFO:root:Learning rate reduced to: 0.0003125
INFO:root:[  136] Training loss: 0.26363820, Validation loss: 0.28478974, Gradient norm: 0.29414862
INFO:root:At the start of the epoch: mem (CPU python)=16951.2109375MB; mem (CPU total)=34501.1484375MB
INFO:root:[  137] Training loss: 0.26217183, Validation loss: 0.28399703, Gradient norm: 0.22028622
INFO:root:At the start of the epoch: mem (CPU python)=16972.37890625MB; mem (CPU total)=34562.921875MB
INFO:root:[  138] Training loss: 0.26258334, Validation loss: 0.28426896, Gradient norm: 0.24587853
INFO:root:At the start of the epoch: mem (CPU python)=16993.54296875MB; mem (CPU total)=34624.6171875MB
INFO:root:[  139] Training loss: 0.26182130, Validation loss: 0.28425184, Gradient norm: 0.24788857
INFO:root:At the start of the epoch: mem (CPU python)=17014.70703125MB; mem (CPU total)=34689.79296875MB
INFO:root:[  140] Training loss: 0.26187935, Validation loss: 0.28441587, Gradient norm: 0.25402086
INFO:root:At the start of the epoch: mem (CPU python)=17035.87109375MB; mem (CPU total)=34752.21875MB
INFO:root:[  141] Training loss: 0.26157003, Validation loss: 0.28430288, Gradient norm: 0.26009690
INFO:root:At the start of the epoch: mem (CPU python)=17057.03125MB; mem (CPU total)=34813.31640625MB
INFO:root:[  142] Training loss: 0.26174358, Validation loss: 0.28466993, Gradient norm: 0.25638785
INFO:root:At the start of the epoch: mem (CPU python)=17078.1953125MB; mem (CPU total)=34879.52734375MB
INFO:root:[  143] Training loss: 0.26170279, Validation loss: 0.28486038, Gradient norm: 0.26270628
INFO:root:At the start of the epoch: mem (CPU python)=17099.36328125MB; mem (CPU total)=34940.984375MB
INFO:root:Learning rate reduced to: 0.00015625
INFO:root:[  144] Training loss: 0.26144030, Validation loss: 0.28421789, Gradient norm: 0.27312056
INFO:root:At the start of the epoch: mem (CPU python)=17120.52734375MB; mem (CPU total)=34977.4375MB
INFO:root:Learning rate reduced to: 7.8125e-05
INFO:root:[  145] Training loss: 0.26115538, Validation loss: 0.28424518, Gradient norm: 0.21652997
INFO:root:At the start of the epoch: mem (CPU python)=17141.69140625MB; mem (CPU total)=35032.23828125MB
INFO:root:[  146] Training loss: 0.26063405, Validation loss: 0.28453322, Gradient norm: 0.19102467
INFO:root:At the start of the epoch: mem (CPU python)=17162.85546875MB; mem (CPU total)=35086.5078125MB
INFO:root:EP 146: Early stopping
INFO:root:Training for autoregressive step 2 starts now.
INFO:root:Learning rate reduced to: [3.90625e-05]
INFO:root:At the start of the epoch: mem (CPU python)=17184.015625MB; mem (CPU total)=35138.53515625MB
INFO:root:[  148] Training loss: 0.33950101, Validation loss: 0.35131290, Gradient norm: 0.44221802
INFO:root:At the start of the epoch: mem (CPU python)=17205.1875MB; mem (CPU total)=35204.3984375MB
INFO:root:[  149] Training loss: 0.33611094, Validation loss: 0.35129788, Gradient norm: 0.37060266
INFO:root:At the start of the epoch: mem (CPU python)=17226.34765625MB; mem (CPU total)=35270.33984375MB
INFO:root:[  150] Training loss: 0.33459171, Validation loss: 0.34892792, Gradient norm: 0.35327671
INFO:root:At the start of the epoch: mem (CPU python)=17247.5078125MB; mem (CPU total)=35337.19140625MB
INFO:root:[  151] Training loss: 0.33509081, Validation loss: 0.34902227, Gradient norm: 0.36860095
INFO:root:At the start of the epoch: mem (CPU python)=17268.671875MB; mem (CPU total)=35404.5625MB
INFO:root:[  152] Training loss: 0.33490400, Validation loss: 0.34861721, Gradient norm: 0.37261334
INFO:root:At the start of the epoch: mem (CPU python)=17289.8359375MB; mem (CPU total)=35471.48828125MB
INFO:root:[  153] Training loss: 0.33428497, Validation loss: 0.34868520, Gradient norm: 0.36373821
INFO:root:At the start of the epoch: mem (CPU python)=17311.0MB; mem (CPU total)=35537.4375MB
INFO:root:[  154] Training loss: 0.33365017, Validation loss: 0.34810765, Gradient norm: 0.34098427
INFO:root:At the start of the epoch: mem (CPU python)=17332.16796875MB; mem (CPU total)=35603.7578125MB
INFO:root:[  155] Training loss: 0.33390465, Validation loss: 0.34793913, Gradient norm: 0.36224434
INFO:root:At the start of the epoch: mem (CPU python)=17353.33203125MB; mem (CPU total)=35672.09765625MB
INFO:root:[  156] Training loss: 0.33327350, Validation loss: 0.34747153, Gradient norm: 0.33641110
INFO:root:At the start of the epoch: mem (CPU python)=17374.49609375MB; mem (CPU total)=35738.3125MB
INFO:root:[  157] Training loss: 0.33350583, Validation loss: 0.34729782, Gradient norm: 0.33461049
INFO:root:At the start of the epoch: mem (CPU python)=17395.66015625MB; mem (CPU total)=35805.42578125MB
INFO:root:[  158] Training loss: 0.33299772, Validation loss: 0.34758547, Gradient norm: 0.35983187
INFO:root:At the start of the epoch: mem (CPU python)=17416.82421875MB; mem (CPU total)=35871.6484375MB
INFO:root:[  159] Training loss: 0.33271322, Validation loss: 0.34729928, Gradient norm: 0.35848441
INFO:root:At the start of the epoch: mem (CPU python)=17437.98828125MB; mem (CPU total)=35938.96875MB
INFO:root:[  160] Training loss: 0.33255483, Validation loss: 0.34721386, Gradient norm: 0.35373967
INFO:root:At the start of the epoch: mem (CPU python)=17459.15625MB; mem (CPU total)=36008.75390625MB
INFO:root:[  161] Training loss: 0.33292517, Validation loss: 0.34707179, Gradient norm: 0.33708761
INFO:root:At the start of the epoch: mem (CPU python)=17480.3203125MB; mem (CPU total)=36075.84765625MB
INFO:root:[  162] Training loss: 0.33267238, Validation loss: 0.34604973, Gradient norm: 0.36576580
INFO:root:At the start of the epoch: mem (CPU python)=17501.484375MB; mem (CPU total)=36142.80859375MB
INFO:root:[  163] Training loss: 0.33216228, Validation loss: 0.34645115, Gradient norm: 0.33662205
INFO:root:At the start of the epoch: mem (CPU python)=17522.6484375MB; mem (CPU total)=36211.42578125MB
INFO:root:[  164] Training loss: 0.33221266, Validation loss: 0.34655369, Gradient norm: 0.37417090
INFO:root:At the start of the epoch: mem (CPU python)=17543.80859375MB; mem (CPU total)=36276.5703125MB
INFO:root:[  165] Training loss: 0.33245844, Validation loss: 0.34687103, Gradient norm: 0.34319625
INFO:root:At the start of the epoch: mem (CPU python)=17564.97265625MB; mem (CPU total)=36343.00390625MB
INFO:root:[  166] Training loss: 0.33259132, Validation loss: 0.34586026, Gradient norm: 0.35694094
INFO:root:At the start of the epoch: mem (CPU python)=17586.140625MB; mem (CPU total)=36409.140625MB
INFO:root:[  167] Training loss: 0.33165077, Validation loss: 0.34643173, Gradient norm: 0.32585722
INFO:root:At the start of the epoch: mem (CPU python)=17607.3046875MB; mem (CPU total)=36474.84765625MB
INFO:root:[  168] Training loss: 0.33168470, Validation loss: 0.34570576, Gradient norm: 0.34810373
INFO:root:At the start of the epoch: mem (CPU python)=17628.46875MB; mem (CPU total)=36542.71875MB
INFO:root:[  169] Training loss: 0.33195386, Validation loss: 0.34562699, Gradient norm: 0.33763692
INFO:root:At the start of the epoch: mem (CPU python)=17649.62890625MB; mem (CPU total)=36609.1640625MB
INFO:root:[  170] Training loss: 0.33139044, Validation loss: 0.34581035, Gradient norm: 0.35403196
INFO:root:At the start of the epoch: mem (CPU python)=17670.79296875MB; mem (CPU total)=36675.84765625MB
INFO:root:[  171] Training loss: 0.33233126, Validation loss: 0.34572994, Gradient norm: 0.35086580
INFO:root:At the start of the epoch: mem (CPU python)=17691.9609375MB; mem (CPU total)=36744.5078125MB
INFO:root:[  172] Training loss: 0.33143230, Validation loss: 0.34582557, Gradient norm: 0.34292525
INFO:root:At the start of the epoch: mem (CPU python)=17713.125MB; mem (CPU total)=36810.21484375MB
INFO:root:[  173] Training loss: 0.33201543, Validation loss: 0.34563566, Gradient norm: 0.34355794
INFO:root:At the start of the epoch: mem (CPU python)=17734.2890625MB; mem (CPU total)=36871.92578125MB
INFO:root:[  174] Training loss: 0.33135749, Validation loss: 0.34572314, Gradient norm: 0.35001763
INFO:root:At the start of the epoch: mem (CPU python)=17755.453125MB; mem (CPU total)=36916.8984375MB
INFO:root:[  175] Training loss: 0.33110204, Validation loss: 0.34551584, Gradient norm: 0.35646581
INFO:root:At the start of the epoch: mem (CPU python)=17776.6171875MB; mem (CPU total)=36962.94921875MB
INFO:root:[  176] Training loss: 0.33122967, Validation loss: 0.34559198, Gradient norm: 0.33711679
INFO:root:At the start of the epoch: mem (CPU python)=17797.78125MB; mem (CPU total)=37008.15234375MB
INFO:root:[  177] Training loss: 0.33037638, Validation loss: 0.34486703, Gradient norm: 0.33161258
INFO:root:At the start of the epoch: mem (CPU python)=17818.94921875MB; mem (CPU total)=37053.52734375MB
INFO:root:[  178] Training loss: 0.33096959, Validation loss: 0.34533776, Gradient norm: 0.31216055
INFO:root:At the start of the epoch: mem (CPU python)=17840.11328125MB; mem (CPU total)=37098.5625MB
INFO:root:[  179] Training loss: 0.33054977, Validation loss: 0.34542966, Gradient norm: 0.31890773
INFO:root:At the start of the epoch: mem (CPU python)=17861.2734375MB; mem (CPU total)=37143.61328125MB
INFO:root:[  180] Training loss: 0.33094249, Validation loss: 0.34506780, Gradient norm: 0.35592791
INFO:root:At the start of the epoch: mem (CPU python)=17882.4375MB; mem (CPU total)=37197.1640625MB
INFO:root:[  181] Training loss: 0.33131908, Validation loss: 0.34520693, Gradient norm: 0.35997841
INFO:root:At the start of the epoch: mem (CPU python)=17903.59765625MB; mem (CPU total)=37242.27734375MB
INFO:root:[  182] Training loss: 0.33093107, Validation loss: 0.34510738, Gradient norm: 0.33957399
INFO:root:At the start of the epoch: mem (CPU python)=17924.76171875MB; mem (CPU total)=37288.66015625MB
INFO:root:[  183] Training loss: 0.33083635, Validation loss: 0.34416656, Gradient norm: 0.32015413
INFO:root:At the start of the epoch: mem (CPU python)=17945.9296875MB; mem (CPU total)=37356.9609375MB
INFO:root:[  184] Training loss: 0.33025312, Validation loss: 0.34489917, Gradient norm: 0.34250452
INFO:root:At the start of the epoch: mem (CPU python)=17967.09375MB; mem (CPU total)=37439.4765625MB
INFO:root:[  185] Training loss: 0.33049351, Validation loss: 0.34507335, Gradient norm: 0.33901056
INFO:root:At the start of the epoch: mem (CPU python)=17988.2578125MB; mem (CPU total)=37513.328125MB
INFO:root:[  186] Training loss: 0.33077221, Validation loss: 0.34450267, Gradient norm: 0.33884786
INFO:root:At the start of the epoch: mem (CPU python)=18009.421875MB; mem (CPU total)=37593.30078125MB
INFO:root:[  187] Training loss: 0.33046884, Validation loss: 0.34439502, Gradient norm: 0.33545391
INFO:root:At the start of the epoch: mem (CPU python)=18030.5859375MB; mem (CPU total)=37669.5546875MB
INFO:root:[  188] Training loss: 0.33014145, Validation loss: 0.34458053, Gradient norm: 0.32365210
INFO:root:At the start of the epoch: mem (CPU python)=18051.75MB; mem (CPU total)=37743.46875MB
INFO:root:[  189] Training loss: 0.33020463, Validation loss: 0.34372697, Gradient norm: 0.33570581
INFO:root:At the start of the epoch: mem (CPU python)=18072.921875MB; mem (CPU total)=37824.6875MB
INFO:root:[  190] Training loss: 0.33051322, Validation loss: 0.34434995, Gradient norm: 0.33437746
INFO:root:At the start of the epoch: mem (CPU python)=18094.0859375MB; mem (CPU total)=37898.015625MB
INFO:root:[  191] Training loss: 0.33084707, Validation loss: 0.34491899, Gradient norm: 0.36145515
INFO:root:At the start of the epoch: mem (CPU python)=18115.25MB; mem (CPU total)=37979.96484375MB
INFO:root:[  192] Training loss: 0.33039458, Validation loss: 0.34496652, Gradient norm: 0.35136038
INFO:root:At the start of the epoch: mem (CPU python)=18136.4140625MB; mem (CPU total)=38054.484375MB
INFO:root:[  193] Training loss: 0.33013103, Validation loss: 0.34489562, Gradient norm: 0.35270592
INFO:root:At the start of the epoch: mem (CPU python)=18157.578125MB; mem (CPU total)=38133.26171875MB
INFO:root:[  194] Training loss: 0.33043474, Validation loss: 0.34381365, Gradient norm: 0.31706671
INFO:root:At the start of the epoch: mem (CPU python)=18178.74609375MB; mem (CPU total)=38209.2265625MB
INFO:root:[  195] Training loss: 0.32973405, Validation loss: 0.34413183, Gradient norm: 0.34161353
INFO:root:At the start of the epoch: mem (CPU python)=18199.91015625MB; mem (CPU total)=38283.78515625MB
INFO:root:[  196] Training loss: 0.32983920, Validation loss: 0.34388893, Gradient norm: 0.33275479
INFO:root:At the start of the epoch: mem (CPU python)=18221.07421875MB; mem (CPU total)=38364.71875MB
INFO:root:[  197] Training loss: 0.33008270, Validation loss: 0.34497356, Gradient norm: 0.35754223
INFO:root:At the start of the epoch: mem (CPU python)=18242.23828125MB; mem (CPU total)=38440.46875MB
INFO:root:[  198] Training loss: 0.32963197, Validation loss: 0.34397453, Gradient norm: 0.32457249
INFO:root:At the start of the epoch: mem (CPU python)=18263.39453125MB; mem (CPU total)=38523.15625MB
INFO:root:EP 198: Early stopping
INFO:root:After finishing all epochs: mem (CPU python)=18284.5625MB; mem (CPU total)=38583.984375MB
INFO:root:Training the model took 9507.274s.
INFO:root:Emptying the cuda cache took 0.051s.
INFO:root:Starting evaluation: model SFNO & uncertainty quantification deterministic
INFO:root:Evaluating the model on Validation data.
INFO:root:MSEValidation: 0.40127
INFO:root:EnergyScoreValidation: 0.40127
INFO:root:CRPSValidation: 0.16322
INFO:root:Gaussian NLLValidation: 27027239642.05916
INFO:root:CoverageValidation: 0.0
INFO:root:IntervalWidthValidation: 0.0
INFO:root:Evaluating the model on Test data.
INFO:root:MSETest: 0.31679
INFO:root:EnergyScoreTest: 0.31195
INFO:root:CRPSTest: 0.12569
INFO:root:Gaussian NLLTest: 16920540815.36
INFO:root:CoverageTest: 0.0
INFO:root:IntervalWidthTest: 0.0
INFO:root:After validation: mem (CPU python)=18291.26953125MB; mem (CPU total)=39011.765625MB
