INFO:root:Starting the logger.
INFO:root:Using cuda.
INFO:root:: mem (CPU python)=578.9609375MB; mem (CPU total)=23674.90625MB
INFO:root:############### Starting experiment with config file sswe/sfno_dropout_2_1.ini ###############
INFO:root:###1 out of 1 data set parameter combinations ###
INFO:root:Data parameters: {'dataset_name': 'SSWE', 'max_training_set_size': 5000, 'pred_horizon': 1, 'train_horizon': 2, 'stepwise_evaluation': False}
INFO:root:After loading the datasets: mem (CPU python)=589.65234375MB; mem (CPU total)=23681.65234375MB
INFO:root:###1 out of 3 training parameter combinations ###
INFO:root:Training parameters: {'seed': 1, 'model': 'SFNO', 'uncertainty_quantification': 'dropout', 'batch_size': 32, 'n_epochs': 1000, 'early_stopping': 10, 'init': 'default', 'learning_rate': 0.005, 'lr_schedule': 'step', 'optimizer': 'adam', 'gradient_clipping': 1, 'layer_normalization': True, 'data_loader_pin_memory': False, 'data_loader_num_workers': 0, 'distributed_training': False, 'alpha': 0.05, 'n_samples_uq': 100, 'weight_decay': 0, 'dropout': 0.01, 'fourier_dropout': None, 'hidden_channels': 32, 'projection_channels': 256, 'lifting_channels': 256, 'n_modes': (32, 32), 'n_samples': 3}
INFO:root:After creating the dataloaders: mem (CPU python)=591.0703125MB; mem (CPU total)=23680.72265625MB
INFO:root:NumberParameters: 284835
INFO:root:GPU memory allocated: 2097152
INFO:root:After setting up the model: mem (CPU python)=2110.33203125MB; mem (CPU total)=24972.390625MB
INFO:root:Training starts now.
INFO:root:At the start of the epoch: mem (CPU python)=2119.984375MB; mem (CPU total)=24923.1796875MB
INFO:root:[    1] Training loss: 0.82914113, Validation loss: 0.73805269, Gradient norm: 0.44732992
INFO:root:At the start of the epoch: mem (CPU python)=3088.3671875MB; mem (CPU total)=25731.6484375MB
INFO:root:[    2] Training loss: 0.73662837, Validation loss: 0.73399537, Gradient norm: 0.26233949
INFO:root:At the start of the epoch: mem (CPU python)=3109.98828125MB; mem (CPU total)=25787.01171875MB
INFO:root:[    3] Training loss: 0.72419833, Validation loss: 0.71353871, Gradient norm: 0.24092434
INFO:root:At the start of the epoch: mem (CPU python)=3132.5MB; mem (CPU total)=25833.76953125MB
INFO:root:[    4] Training loss: 0.69086223, Validation loss: 0.65441428, Gradient norm: 0.27052076
INFO:root:At the start of the epoch: mem (CPU python)=3152.453125MB; mem (CPU total)=25886.7265625MB
INFO:root:[    5] Training loss: 0.62336267, Validation loss: 0.60507076, Gradient norm: 0.35648420
INFO:root:At the start of the epoch: mem (CPU python)=3173.33984375MB; mem (CPU total)=25887.296875MB
INFO:root:[    6] Training loss: 0.59482973, Validation loss: 0.58746354, Gradient norm: 0.26060637
INFO:root:At the start of the epoch: mem (CPU python)=3195.0703125MB; mem (CPU total)=25987.0234375MB
INFO:root:[    7] Training loss: 0.58033411, Validation loss: 0.57407077, Gradient norm: 0.29233007
INFO:root:At the start of the epoch: mem (CPU python)=3216.5703125MB; mem (CPU total)=26036.953125MB
INFO:root:[    8] Training loss: 0.56861000, Validation loss: 0.56291766, Gradient norm: 0.29174362
INFO:root:At the start of the epoch: mem (CPU python)=3237.91796875MB; mem (CPU total)=26089.3828125MB
INFO:root:[    9] Training loss: 0.55722123, Validation loss: 0.55441237, Gradient norm: 0.30990531
INFO:root:At the start of the epoch: mem (CPU python)=3259.5390625MB; mem (CPU total)=26139.79296875MB
INFO:root:[   10] Training loss: 0.53970506, Validation loss: 0.52917636, Gradient norm: 0.28571311
INFO:root:At the start of the epoch: mem (CPU python)=3279.71875MB; mem (CPU total)=26188.39453125MB
INFO:root:[   11] Training loss: 0.50934321, Validation loss: 0.49034900, Gradient norm: 0.35953490
INFO:root:At the start of the epoch: mem (CPU python)=3301.328125MB; mem (CPU total)=26242.35546875MB
INFO:root:[   12] Training loss: 0.47615880, Validation loss: 0.46985167, Gradient norm: 0.34982362
INFO:root:At the start of the epoch: mem (CPU python)=3321.88671875MB; mem (CPU total)=26291.7578125MB
INFO:root:[   13] Training loss: 0.46373481, Validation loss: 0.45892161, Gradient norm: 0.35707762
INFO:root:At the start of the epoch: mem (CPU python)=3343.2265625MB; mem (CPU total)=26344.95703125MB
INFO:root:[   14] Training loss: 0.45619483, Validation loss: 0.45240980, Gradient norm: 0.32995435
INFO:root:At the start of the epoch: mem (CPU python)=3364.66796875MB; mem (CPU total)=26392.453125MB
INFO:root:[   15] Training loss: 0.45130033, Validation loss: 0.44907932, Gradient norm: 0.33365701
INFO:root:At the start of the epoch: mem (CPU python)=3386.01171875MB; mem (CPU total)=26446.34765625MB
INFO:root:[   16] Training loss: 0.44657709, Validation loss: 0.44521550, Gradient norm: 0.32629285
INFO:root:At the start of the epoch: mem (CPU python)=3406.5859375MB; mem (CPU total)=26495.61328125MB
INFO:root:[   17] Training loss: 0.44234302, Validation loss: 0.44214970, Gradient norm: 0.32266791
INFO:root:At the start of the epoch: mem (CPU python)=3427.56640625MB; mem (CPU total)=26548.00390625MB
INFO:root:[   18] Training loss: 0.43956873, Validation loss: 0.43805628, Gradient norm: 0.33307679
INFO:root:At the start of the epoch: mem (CPU python)=3448.53515625MB; mem (CPU total)=26596.73046875MB
INFO:root:[   19] Training loss: 0.43647578, Validation loss: 0.43584339, Gradient norm: 0.32857226
INFO:root:At the start of the epoch: mem (CPU python)=3471.07421875MB; mem (CPU total)=26651.07421875MB
INFO:root:[   20] Training loss: 0.43393295, Validation loss: 0.43319625, Gradient norm: 0.33357166
INFO:root:At the start of the epoch: mem (CPU python)=3492.51171875MB; mem (CPU total)=26702.75MB
INFO:root:[   21] Training loss: 0.43106918, Validation loss: 0.43339078, Gradient norm: 0.29573355
INFO:root:At the start of the epoch: mem (CPU python)=3513.0703125MB; mem (CPU total)=26753.5MB
INFO:root:[   22] Training loss: 0.42987006, Validation loss: 0.43079729, Gradient norm: 0.33228702
INFO:root:At the start of the epoch: mem (CPU python)=3534.7890625MB; mem (CPU total)=26808.1015625MB
INFO:root:[   23] Training loss: 0.42764273, Validation loss: 0.43206698, Gradient norm: 0.32310999
INFO:root:At the start of the epoch: mem (CPU python)=3556.6328125MB; mem (CPU total)=26857.3203125MB
INFO:root:[   24] Training loss: 0.42524271, Validation loss: 0.42520947, Gradient norm: 0.30314931
INFO:root:At the start of the epoch: mem (CPU python)=3578.8046875MB; mem (CPU total)=26915.0MB
INFO:root:[   25] Training loss: 0.42400078, Validation loss: 0.42275235, Gradient norm: 0.33837308
INFO:root:At the start of the epoch: mem (CPU python)=3600.66015625MB; mem (CPU total)=26961.171875MB
INFO:root:[   26] Training loss: 0.42113738, Validation loss: 0.42043426, Gradient norm: 0.31986622
INFO:root:At the start of the epoch: mem (CPU python)=3622.109375MB; mem (CPU total)=27014.8203125MB
INFO:root:[   27] Training loss: 0.41826490, Validation loss: 0.41866854, Gradient norm: 0.31386860
INFO:root:At the start of the epoch: mem (CPU python)=3641.9375MB; mem (CPU total)=27063.28515625MB
INFO:root:[   28] Training loss: 0.41641311, Validation loss: 0.41675445, Gradient norm: 0.35421220
INFO:root:At the start of the epoch: mem (CPU python)=3663.3046875MB; mem (CPU total)=27117.18359375MB
INFO:root:[   29] Training loss: 0.41352044, Validation loss: 0.41441585, Gradient norm: 0.33531059
INFO:root:At the start of the epoch: mem (CPU python)=3685.6640625MB; mem (CPU total)=27166.40234375MB
INFO:root:[   30] Training loss: 0.41059214, Validation loss: 0.41179579, Gradient norm: 0.35223324
INFO:root:At the start of the epoch: mem (CPU python)=3709.41796875MB; mem (CPU total)=27225.46484375MB
INFO:root:[   31] Training loss: 0.40892820, Validation loss: 0.41148554, Gradient norm: 0.35360020
INFO:root:At the start of the epoch: mem (CPU python)=3729.171875MB; mem (CPU total)=27271.58984375MB
INFO:root:[   32] Training loss: 0.40687043, Validation loss: 0.40795791, Gradient norm: 0.36222132
INFO:root:At the start of the epoch: mem (CPU python)=3751.03125MB; mem (CPU total)=27323.66796875MB
INFO:root:[   33] Training loss: 0.40459692, Validation loss: 0.40662071, Gradient norm: 0.34671364
INFO:root:At the start of the epoch: mem (CPU python)=3772.015625MB; mem (CPU total)=27376.578125MB
INFO:root:[   34] Training loss: 0.40319754, Validation loss: 0.40297890, Gradient norm: 0.34612972
INFO:root:At the start of the epoch: mem (CPU python)=3793.890625MB; mem (CPU total)=27427.26953125MB
INFO:root:[   35] Training loss: 0.40173388, Validation loss: 0.40268196, Gradient norm: 0.36022903
INFO:root:At the start of the epoch: mem (CPU python)=3814.1875MB; mem (CPU total)=27480.87109375MB
INFO:root:[   36] Training loss: 0.39956162, Validation loss: 0.40071118, Gradient norm: 0.35180750
INFO:root:At the start of the epoch: mem (CPU python)=3835.12890625MB; mem (CPU total)=27528.109375MB
INFO:root:[   37] Training loss: 0.39870182, Validation loss: 0.39908754, Gradient norm: 0.34165141
INFO:root:At the start of the epoch: mem (CPU python)=3857.9609375MB; mem (CPU total)=27583.921875MB
INFO:root:[   38] Training loss: 0.39820116, Validation loss: 0.39973301, Gradient norm: 0.37503089
INFO:root:At the start of the epoch: mem (CPU python)=3879.46484375MB; mem (CPU total)=27633.18359375MB
INFO:root:[   39] Training loss: 0.39643374, Validation loss: 0.39729658, Gradient norm: 0.33016597
INFO:root:At the start of the epoch: mem (CPU python)=3900.53515625MB; mem (CPU total)=27681.2109375MB
INFO:root:[   40] Training loss: 0.39500909, Validation loss: 0.39766849, Gradient norm: 0.33872734
INFO:root:At the start of the epoch: mem (CPU python)=3923.01171875MB; mem (CPU total)=27732.625MB
INFO:root:[   41] Training loss: 0.39441739, Validation loss: 0.39690776, Gradient norm: 0.35461092
INFO:root:At the start of the epoch: mem (CPU python)=3944.953125MB; mem (CPU total)=27786.49609375MB
INFO:root:[   42] Training loss: 0.39390821, Validation loss: 0.39505742, Gradient norm: 0.34896921
INFO:root:At the start of the epoch: mem (CPU python)=3965.25390625MB; mem (CPU total)=27839.265625MB
INFO:root:[   43] Training loss: 0.39267365, Validation loss: 0.39411378, Gradient norm: 0.36197177
INFO:root:At the start of the epoch: mem (CPU python)=3987.87890625MB; mem (CPU total)=27888.6328125MB
INFO:root:[   44] Training loss: 0.39200173, Validation loss: 0.39394394, Gradient norm: 0.36052143
INFO:root:At the start of the epoch: mem (CPU python)=4008.56640625MB; mem (CPU total)=27938.6015625MB
INFO:root:[   45] Training loss: 0.39105381, Validation loss: 0.39239800, Gradient norm: 0.34094056
INFO:root:At the start of the epoch: mem (CPU python)=4030.37890625MB; mem (CPU total)=27989.6171875MB
INFO:root:[   46] Training loss: 0.39015384, Validation loss: 0.39354958, Gradient norm: 0.33818954
INFO:root:At the start of the epoch: mem (CPU python)=4050.9140625MB; mem (CPU total)=28044.65234375MB
INFO:root:[   47] Training loss: 0.38986100, Validation loss: 0.39133097, Gradient norm: 0.34934678
INFO:root:At the start of the epoch: mem (CPU python)=4071.78515625MB; mem (CPU total)=28091.92578125MB
INFO:root:[   48] Training loss: 0.38860665, Validation loss: 0.39137333, Gradient norm: 0.34069455
INFO:root:At the start of the epoch: mem (CPU python)=4091.69140625MB; mem (CPU total)=28144.31640625MB
INFO:root:[   49] Training loss: 0.38856551, Validation loss: 0.39086264, Gradient norm: 0.36381849
INFO:root:At the start of the epoch: mem (CPU python)=4113.08203125MB; mem (CPU total)=28197.9765625MB
INFO:root:[   50] Training loss: 0.38722795, Validation loss: 0.39005856, Gradient norm: 0.32704172
INFO:root:At the start of the epoch: mem (CPU python)=4135.08203125MB; mem (CPU total)=28252.375MB
INFO:root:[   51] Training loss: 0.38727625, Validation loss: 0.38989821, Gradient norm: 0.35551030
INFO:root:At the start of the epoch: mem (CPU python)=4156.08203125MB; mem (CPU total)=28301.66796875MB
INFO:root:[   52] Training loss: 0.38653247, Validation loss: 0.38905522, Gradient norm: 0.33103337
INFO:root:At the start of the epoch: mem (CPU python)=4178.35546875MB; mem (CPU total)=28354.34375MB
INFO:root:[   53] Training loss: 0.38587380, Validation loss: 0.38975697, Gradient norm: 0.34232680
INFO:root:At the start of the epoch: mem (CPU python)=4199.81640625MB; mem (CPU total)=28405.296875MB
INFO:root:[   54] Training loss: 0.38564941, Validation loss: 0.38892270, Gradient norm: 0.34995513
INFO:root:At the start of the epoch: mem (CPU python)=4219.9921875MB; mem (CPU total)=28458.24609375MB
INFO:root:[   55] Training loss: 0.38481499, Validation loss: 0.38883050, Gradient norm: 0.32096603
INFO:root:At the start of the epoch: mem (CPU python)=4241.34375MB; mem (CPU total)=28507.96875MB
INFO:root:[   56] Training loss: 0.38471447, Validation loss: 0.38685071, Gradient norm: 0.34181483
INFO:root:At the start of the epoch: mem (CPU python)=4263.3984375MB; mem (CPU total)=28562.8125MB
INFO:root:[   57] Training loss: 0.38418146, Validation loss: 0.38613140, Gradient norm: 0.34149332
INFO:root:At the start of the epoch: mem (CPU python)=4285.7109375MB; mem (CPU total)=28614.01171875MB
INFO:root:[   58] Training loss: 0.38285140, Validation loss: 0.38592752, Gradient norm: 0.30774903
INFO:root:At the start of the epoch: mem (CPU python)=4306.56640625MB; mem (CPU total)=28667.671875MB
INFO:root:[   59] Training loss: 0.38330103, Validation loss: 0.38544888, Gradient norm: 0.35661920
INFO:root:At the start of the epoch: mem (CPU python)=4326.5234375MB; mem (CPU total)=28717.88671875MB
INFO:root:[   60] Training loss: 0.38304078, Validation loss: 0.38586933, Gradient norm: 0.35095275
INFO:root:At the start of the epoch: mem (CPU python)=4349.47265625MB; mem (CPU total)=28771.69921875MB
INFO:root:[   61] Training loss: 0.38196113, Validation loss: 0.38560308, Gradient norm: 0.32301017
INFO:root:At the start of the epoch: mem (CPU python)=4369.23828125MB; mem (CPU total)=28824.078125MB
INFO:root:[   62] Training loss: 0.38169354, Validation loss: 0.38426656, Gradient norm: 0.34088263
INFO:root:At the start of the epoch: mem (CPU python)=4391.82421875MB; mem (CPU total)=28868.296875MB
INFO:root:[   63] Training loss: 0.38079518, Validation loss: 0.38319704, Gradient norm: 0.34033001
INFO:root:At the start of the epoch: mem (CPU python)=4413.8359375MB; mem (CPU total)=28909.75390625MB
INFO:root:[   64] Training loss: 0.38041034, Validation loss: 0.38206660, Gradient norm: 0.37606315
INFO:root:At the start of the epoch: mem (CPU python)=4435.5703125MB; mem (CPU total)=28952.09375MB
INFO:root:[   65] Training loss: 0.37857717, Validation loss: 0.38109328, Gradient norm: 0.32293284
INFO:root:At the start of the epoch: mem (CPU python)=4456.9140625MB; mem (CPU total)=28993.48046875MB
INFO:root:[   66] Training loss: 0.37797949, Validation loss: 0.38002802, Gradient norm: 0.33111436
INFO:root:At the start of the epoch: mem (CPU python)=4478.07421875MB; mem (CPU total)=29034.8515625MB
INFO:root:[   67] Training loss: 0.37731491, Validation loss: 0.38002317, Gradient norm: 0.34563388
INFO:root:At the start of the epoch: mem (CPU python)=4499.23828125MB; mem (CPU total)=29077.17578125MB
INFO:root:[   68] Training loss: 0.37625882, Validation loss: 0.37882388, Gradient norm: 0.34191982
INFO:root:At the start of the epoch: mem (CPU python)=4520.78125MB; mem (CPU total)=29119.76171875MB
INFO:root:[   69] Training loss: 0.37537659, Validation loss: 0.37737303, Gradient norm: 0.33807201
INFO:root:At the start of the epoch: mem (CPU python)=4542.171875MB; mem (CPU total)=29160.953125MB
INFO:root:[   70] Training loss: 0.37475647, Validation loss: 0.37608781, Gradient norm: 0.35448890
INFO:root:At the start of the epoch: mem (CPU python)=4563.48046875MB; mem (CPU total)=29187.77734375MB
INFO:root:[   71] Training loss: 0.37339657, Validation loss: 0.37542250, Gradient norm: 0.32585537
INFO:root:At the start of the epoch: mem (CPU python)=4584.64453125MB; mem (CPU total)=29229.2734375MB
INFO:root:[   72] Training loss: 0.37272487, Validation loss: 0.37583993, Gradient norm: 0.36194747
INFO:root:At the start of the epoch: mem (CPU python)=4605.80859375MB; mem (CPU total)=29273.25390625MB
INFO:root:[   73] Training loss: 0.37206352, Validation loss: 0.37413140, Gradient norm: 0.33876146
INFO:root:At the start of the epoch: mem (CPU python)=4626.9765625MB; mem (CPU total)=29321.875MB
INFO:root:[   74] Training loss: 0.37117162, Validation loss: 0.37356882, Gradient norm: 0.35267172
INFO:root:At the start of the epoch: mem (CPU python)=4648.13671875MB; mem (CPU total)=29375.53515625MB
INFO:root:[   75] Training loss: 0.36995830, Validation loss: 0.37257781, Gradient norm: 0.35447591
INFO:root:At the start of the epoch: mem (CPU python)=4669.3046875MB; mem (CPU total)=29421.62890625MB
INFO:root:[   76] Training loss: 0.36898790, Validation loss: 0.37158155, Gradient norm: 0.34569916
INFO:root:At the start of the epoch: mem (CPU python)=4690.5546875MB; mem (CPU total)=29459.671875MB
INFO:root:[   77] Training loss: 0.36823319, Validation loss: 0.37227783, Gradient norm: 0.34536870
INFO:root:At the start of the epoch: mem (CPU python)=4712.85546875MB; mem (CPU total)=29503.21875MB
INFO:root:[   78] Training loss: 0.36689615, Validation loss: 0.36891880, Gradient norm: 0.33599100
INFO:root:At the start of the epoch: mem (CPU python)=4734.66796875MB; mem (CPU total)=29541.19140625MB
INFO:root:[   79] Training loss: 0.36602132, Validation loss: 0.36991344, Gradient norm: 0.34621010
INFO:root:At the start of the epoch: mem (CPU python)=4755.83203125MB; mem (CPU total)=29580.8828125MB
INFO:root:[   80] Training loss: 0.36518376, Validation loss: 0.36774149, Gradient norm: 0.36922654
INFO:root:At the start of the epoch: mem (CPU python)=4776.99609375MB; mem (CPU total)=9023.48828125MB
INFO:root:[   81] Training loss: 0.36335751, Validation loss: 0.36657731, Gradient norm: 0.36198293
INFO:root:At the start of the epoch: mem (CPU python)=4798.1640625MB; mem (CPU total)=9381.62890625MB
INFO:root:[   82] Training loss: 0.36164501, Validation loss: 0.36540539, Gradient norm: 0.35800219
INFO:root:At the start of the epoch: mem (CPU python)=4819.328125MB; mem (CPU total)=11467.890625MB
INFO:root:[   83] Training loss: 0.36015975, Validation loss: 0.36291812, Gradient norm: 0.34781508
INFO:root:At the start of the epoch: mem (CPU python)=4840.4921875MB; mem (CPU total)=11532.109375MB
INFO:root:[   84] Training loss: 0.35842997, Validation loss: 0.36170963, Gradient norm: 0.35320399
INFO:root:At the start of the epoch: mem (CPU python)=4861.828125MB; mem (CPU total)=11598.34375MB
INFO:root:[   85] Training loss: 0.35671406, Validation loss: 0.36095858, Gradient norm: 0.37614050
INFO:root:At the start of the epoch: mem (CPU python)=4883.56640625MB; mem (CPU total)=11660.59765625MB
INFO:root:[   86] Training loss: 0.35527981, Validation loss: 0.35983661, Gradient norm: 0.34716180
INFO:root:At the start of the epoch: mem (CPU python)=4904.734375MB; mem (CPU total)=11723.109375MB
INFO:root:[   87] Training loss: 0.35383523, Validation loss: 0.35708852, Gradient norm: 0.36991009
INFO:root:At the start of the epoch: mem (CPU python)=4925.8984375MB; mem (CPU total)=11786.546875MB
INFO:root:[   88] Training loss: 0.35250536, Validation loss: 0.35521240, Gradient norm: 0.36778110
INFO:root:At the start of the epoch: mem (CPU python)=4947.0625MB; mem (CPU total)=11849.79296875MB
INFO:root:[   89] Training loss: 0.35118486, Validation loss: 0.35620416, Gradient norm: 0.37970850
INFO:root:At the start of the epoch: mem (CPU python)=4968.23046875MB; mem (CPU total)=11911.30859375MB
INFO:root:[   90] Training loss: 0.34976059, Validation loss: 0.35225461, Gradient norm: 0.38411011
INFO:root:At the start of the epoch: mem (CPU python)=4989.39453125MB; mem (CPU total)=11975.96484375MB
INFO:root:[   91] Training loss: 0.34753962, Validation loss: 0.35198933, Gradient norm: 0.34148630
INFO:root:At the start of the epoch: mem (CPU python)=5010.55859375MB; mem (CPU total)=12040.40625MB
INFO:root:[   92] Training loss: 0.34717883, Validation loss: 0.35324666, Gradient norm: 0.39401499
INFO:root:At the start of the epoch: mem (CPU python)=5031.85546875MB; mem (CPU total)=12104.3359375MB
INFO:root:[   93] Training loss: 0.34580817, Validation loss: 0.35187835, Gradient norm: 0.37901996
INFO:root:At the start of the epoch: mem (CPU python)=5053.26953125MB; mem (CPU total)=12168.1640625MB
INFO:root:[   94] Training loss: 0.34456855, Validation loss: 0.34976411, Gradient norm: 0.38908234
INFO:root:At the start of the epoch: mem (CPU python)=5074.43359375MB; mem (CPU total)=12231.74609375MB
INFO:root:[   95] Training loss: 0.34417275, Validation loss: 0.35012518, Gradient norm: 0.40490402
INFO:root:At the start of the epoch: mem (CPU python)=5095.59765625MB; mem (CPU total)=12294.96875MB
INFO:root:[   96] Training loss: 0.34296148, Validation loss: 0.34825493, Gradient norm: 0.40936827
INFO:root:At the start of the epoch: mem (CPU python)=5117.2734375MB; mem (CPU total)=12360.9296875MB
INFO:root:[   97] Training loss: 0.34151577, Validation loss: 0.34724885, Gradient norm: 0.39205826
INFO:root:At the start of the epoch: mem (CPU python)=5138.671875MB; mem (CPU total)=12426.30859375MB
INFO:root:[   98] Training loss: 0.34058668, Validation loss: 0.34759020, Gradient norm: 0.40978327
INFO:root:At the start of the epoch: mem (CPU python)=5159.8359375MB; mem (CPU total)=12490.47265625MB
INFO:root:[   99] Training loss: 0.33968019, Validation loss: 0.34764939, Gradient norm: 0.39779367
INFO:root:At the start of the epoch: mem (CPU python)=5181.39453125MB; mem (CPU total)=12552.52734375MB
INFO:root:[  100] Training loss: 0.33901102, Validation loss: 0.34660376, Gradient norm: 0.41125680
INFO:root:At the start of the epoch: mem (CPU python)=5203.29296875MB; mem (CPU total)=12617.4921875MB
INFO:root:[  101] Training loss: 0.33803459, Validation loss: 0.34390012, Gradient norm: 0.39936589
INFO:root:At the start of the epoch: mem (CPU python)=5224.45703125MB; mem (CPU total)=12680.8984375MB
INFO:root:[  102] Training loss: 0.33746597, Validation loss: 0.34561870, Gradient norm: 0.39351675
INFO:root:At the start of the epoch: mem (CPU python)=5245.6171875MB; mem (CPU total)=12744.64453125MB
INFO:root:[  103] Training loss: 0.33654954, Validation loss: 0.34501443, Gradient norm: 0.39842087
INFO:root:At the start of the epoch: mem (CPU python)=5266.78515625MB; mem (CPU total)=12807.9765625MB
INFO:root:[  104] Training loss: 0.33530307, Validation loss: 0.34210386, Gradient norm: 0.39462813
INFO:root:At the start of the epoch: mem (CPU python)=5287.9453125MB; mem (CPU total)=12872.1484375MB
INFO:root:[  105] Training loss: 0.33525024, Validation loss: 0.34217322, Gradient norm: 0.44093798
INFO:root:At the start of the epoch: mem (CPU python)=5309.109375MB; mem (CPU total)=12934.65625MB
INFO:root:[  106] Training loss: 0.33353028, Validation loss: 0.34088580, Gradient norm: 0.39401325
INFO:root:At the start of the epoch: mem (CPU python)=5330.3359375MB; mem (CPU total)=12997.09765625MB
INFO:root:[  107] Training loss: 0.33337753, Validation loss: 0.34003290, Gradient norm: 0.39603236
INFO:root:At the start of the epoch: mem (CPU python)=5351.81640625MB; mem (CPU total)=13062.15234375MB
INFO:root:[  108] Training loss: 0.33268675, Validation loss: 0.34274575, Gradient norm: 0.39641505
INFO:root:At the start of the epoch: mem (CPU python)=5372.98046875MB; mem (CPU total)=13126.3203125MB
INFO:root:[  109] Training loss: 0.33263719, Validation loss: 0.34158209, Gradient norm: 0.41021010
INFO:root:At the start of the epoch: mem (CPU python)=5394.14453125MB; mem (CPU total)=13190.5859375MB
INFO:root:[  110] Training loss: 0.33204627, Validation loss: 0.34003412, Gradient norm: 0.43909002
INFO:root:At the start of the epoch: mem (CPU python)=5415.3125MB; mem (CPU total)=13255.2265625MB
INFO:root:[  111] Training loss: 0.33044343, Validation loss: 0.34192048, Gradient norm: 0.41073989
INFO:root:At the start of the epoch: mem (CPU python)=5436.4765625MB; mem (CPU total)=13319.7734375MB
INFO:root:[  112] Training loss: 0.33005225, Validation loss: 0.34034589, Gradient norm: 0.42958146
INFO:root:At the start of the epoch: mem (CPU python)=5458.015625MB; mem (CPU total)=13384.66796875MB
INFO:root:[  113] Training loss: 0.33012186, Validation loss: 0.34305706, Gradient norm: 0.42517604
INFO:root:At the start of the epoch: mem (CPU python)=5479.1796875MB; mem (CPU total)=13448.72265625MB
INFO:root:Learning rate reduced to: 0.0025
INFO:root:[  114] Training loss: 0.32867745, Validation loss: 0.34153372, Gradient norm: 0.40057158
INFO:root:At the start of the epoch: mem (CPU python)=5500.34765625MB; mem (CPU total)=13513.38671875MB
INFO:root:Learning rate reduced to: 0.00125
INFO:root:[  115] Training loss: 0.32223324, Validation loss: 0.33245602, Gradient norm: 0.21980985
INFO:root:At the start of the epoch: mem (CPU python)=5521.8984375MB; mem (CPU total)=13578.61328125MB
INFO:root:[  116] Training loss: 0.31911383, Validation loss: 0.33205803, Gradient norm: 0.15672515
INFO:root:At the start of the epoch: mem (CPU python)=5543.421875MB; mem (CPU total)=13646.01953125MB
INFO:root:[  117] Training loss: 0.31808167, Validation loss: 0.33110893, Gradient norm: 0.14902002
INFO:root:At the start of the epoch: mem (CPU python)=5564.9609375MB; mem (CPU total)=13711.73828125MB
INFO:root:[  118] Training loss: 0.31750580, Validation loss: 0.33117666, Gradient norm: 0.14674992
INFO:root:At the start of the epoch: mem (CPU python)=5586.12109375MB; mem (CPU total)=13777.4140625MB
INFO:root:[  119] Training loss: 0.31766420, Validation loss: 0.33129673, Gradient norm: 0.14685792
INFO:root:At the start of the epoch: mem (CPU python)=5607.28515625MB; mem (CPU total)=13840.71875MB
INFO:root:[  120] Training loss: 0.31742244, Validation loss: 0.33064466, Gradient norm: 0.16722118
INFO:root:At the start of the epoch: mem (CPU python)=5629.234375MB; mem (CPU total)=13905.203125MB
INFO:root:[  121] Training loss: 0.31714697, Validation loss: 0.33120543, Gradient norm: 0.19223376
INFO:root:At the start of the epoch: mem (CPU python)=5651.1171875MB; mem (CPU total)=13969.4453125MB
INFO:root:[  122] Training loss: 0.31714002, Validation loss: 0.33085427, Gradient norm: 0.18019054
INFO:root:At the start of the epoch: mem (CPU python)=5672.28125MB; mem (CPU total)=14033.50390625MB
INFO:root:[  123] Training loss: 0.31663083, Validation loss: 0.33033540, Gradient norm: 0.20219367
INFO:root:At the start of the epoch: mem (CPU python)=5693.44140625MB; mem (CPU total)=14097.97265625MB
INFO:root:[  124] Training loss: 0.31628207, Validation loss: 0.33084239, Gradient norm: 0.20369581
INFO:root:At the start of the epoch: mem (CPU python)=5714.60546875MB; mem (CPU total)=14162.8046875MB
INFO:root:[  125] Training loss: 0.31604748, Validation loss: 0.32982855, Gradient norm: 0.20767398
INFO:root:At the start of the epoch: mem (CPU python)=5735.890625MB; mem (CPU total)=14227.29296875MB
INFO:root:[  126] Training loss: 0.31595956, Validation loss: 0.33028943, Gradient norm: 0.20427537
INFO:root:At the start of the epoch: mem (CPU python)=5757.3125MB; mem (CPU total)=14290.0546875MB
INFO:root:[  127] Training loss: 0.31524685, Validation loss: 0.32982743, Gradient norm: 0.23865998
INFO:root:At the start of the epoch: mem (CPU python)=5778.8984375MB; mem (CPU total)=14357.203125MB
INFO:root:[  128] Training loss: 0.31570166, Validation loss: 0.33017248, Gradient norm: 0.22004375
INFO:root:At the start of the epoch: mem (CPU python)=5800.390625MB; mem (CPU total)=14418.24609375MB
INFO:root:[  129] Training loss: 0.31549202, Validation loss: 0.33055014, Gradient norm: 0.24356194
INFO:root:At the start of the epoch: mem (CPU python)=5821.5546875MB; mem (CPU total)=14483.23046875MB
INFO:root:[  130] Training loss: 0.31506243, Validation loss: 0.32979961, Gradient norm: 0.25072203
INFO:root:At the start of the epoch: mem (CPU python)=5842.8203125MB; mem (CPU total)=14547.71875MB
INFO:root:[  131] Training loss: 0.31495323, Validation loss: 0.32987575, Gradient norm: 0.21474220
INFO:root:At the start of the epoch: mem (CPU python)=5864.26171875MB; mem (CPU total)=14612.44921875MB
INFO:root:[  132] Training loss: 0.31470393, Validation loss: 0.32995430, Gradient norm: 0.25150438
INFO:root:At the start of the epoch: mem (CPU python)=5885.421875MB; mem (CPU total)=14674.4765625MB
INFO:root:[  133] Training loss: 0.31508695, Validation loss: 0.32971572, Gradient norm: 0.25035885
INFO:root:At the start of the epoch: mem (CPU python)=5906.5859375MB; mem (CPU total)=14739.0234375MB
INFO:root:[  134] Training loss: 0.31414445, Validation loss: 0.32957674, Gradient norm: 0.26535698
INFO:root:At the start of the epoch: mem (CPU python)=5927.91015625MB; mem (CPU total)=14806.0546875MB
INFO:root:[  135] Training loss: 0.31430785, Validation loss: 0.32965472, Gradient norm: 0.26250961
INFO:root:At the start of the epoch: mem (CPU python)=5949.29296875MB; mem (CPU total)=14871.49609375MB
INFO:root:[  136] Training loss: 0.31350694, Validation loss: 0.32902871, Gradient norm: 0.25999124
INFO:root:At the start of the epoch: mem (CPU python)=5970.46484375MB; mem (CPU total)=14937.0390625MB
INFO:root:[  137] Training loss: 0.31369106, Validation loss: 0.32928864, Gradient norm: 0.23185992
INFO:root:At the start of the epoch: mem (CPU python)=5991.64453125MB; mem (CPU total)=15001.52734375MB
INFO:root:[  138] Training loss: 0.31345982, Validation loss: 0.32935000, Gradient norm: 0.23883363
INFO:root:At the start of the epoch: mem (CPU python)=6013.16796875MB; mem (CPU total)=15067.9140625MB
INFO:root:[  139] Training loss: 0.31372601, Validation loss: 0.32925333, Gradient norm: 0.26169274
INFO:root:At the start of the epoch: mem (CPU python)=6034.70703125MB; mem (CPU total)=15132.9296875MB
INFO:root:[  140] Training loss: 0.31283548, Validation loss: 0.33030427, Gradient norm: 0.26664750
INFO:root:At the start of the epoch: mem (CPU python)=6055.921875MB; mem (CPU total)=15199.39453125MB
INFO:root:[  141] Training loss: 0.31358076, Validation loss: 0.32884882, Gradient norm: 0.28421322
INFO:root:At the start of the epoch: mem (CPU python)=6077.41015625MB; mem (CPU total)=15263.62890625MB
INFO:root:[  142] Training loss: 0.31305405, Validation loss: 0.32959478, Gradient norm: 0.26432602
INFO:root:At the start of the epoch: mem (CPU python)=6098.703125MB; mem (CPU total)=15329.59375MB
INFO:root:[  143] Training loss: 0.31241326, Validation loss: 0.32854195, Gradient norm: 0.29656538
INFO:root:At the start of the epoch: mem (CPU python)=6120.11328125MB; mem (CPU total)=15394.8515625MB
INFO:root:[  144] Training loss: 0.31217799, Validation loss: 0.32881662, Gradient norm: 0.24775334
INFO:root:At the start of the epoch: mem (CPU python)=6141.27734375MB; mem (CPU total)=15459.58203125MB
INFO:root:[  145] Training loss: 0.31219982, Validation loss: 0.32823655, Gradient norm: 0.29484168
INFO:root:At the start of the epoch: mem (CPU python)=6162.44140625MB; mem (CPU total)=15524.76953125MB
INFO:root:[  146] Training loss: 0.31197038, Validation loss: 0.32867235, Gradient norm: 0.24868479
INFO:root:At the start of the epoch: mem (CPU python)=6183.60546875MB; mem (CPU total)=15591.22265625MB
INFO:root:[  147] Training loss: 0.31176379, Validation loss: 0.32900898, Gradient norm: 0.25880393
INFO:root:At the start of the epoch: mem (CPU python)=6204.76953125MB; mem (CPU total)=15636.890625MB
INFO:root:[  148] Training loss: 0.31198517, Validation loss: 0.32904966, Gradient norm: 0.27260821
INFO:root:At the start of the epoch: mem (CPU python)=6225.94140625MB; mem (CPU total)=15694.48828125MB
INFO:root:[  149] Training loss: 0.31146183, Validation loss: 0.32796468, Gradient norm: 0.27734020
INFO:root:At the start of the epoch: mem (CPU python)=6247.3515625MB; mem (CPU total)=15749.65625MB
INFO:root:[  150] Training loss: 0.31160042, Validation loss: 0.32838785, Gradient norm: 0.25118672
INFO:root:At the start of the epoch: mem (CPU python)=6268.640625MB; mem (CPU total)=15806.52734375MB
INFO:root:[  151] Training loss: 0.31134035, Validation loss: 0.32778062, Gradient norm: 0.29669716
INFO:root:At the start of the epoch: mem (CPU python)=6289.984375MB; mem (CPU total)=15863.109375MB
INFO:root:[  152] Training loss: 0.31123243, Validation loss: 0.32884969, Gradient norm: 0.27633324
INFO:root:At the start of the epoch: mem (CPU python)=6311.3359375MB; mem (CPU total)=15920.21875MB
INFO:root:[  153] Training loss: 0.31051277, Validation loss: 0.32673032, Gradient norm: 0.24605249
INFO:root:At the start of the epoch: mem (CPU python)=6333.25390625MB; mem (CPU total)=15978.51171875MB
INFO:root:[  154] Training loss: 0.31087491, Validation loss: 0.32832870, Gradient norm: 0.29949948
INFO:root:At the start of the epoch: mem (CPU python)=6354.41796875MB; mem (CPU total)=16034.37890625MB
INFO:root:[  155] Training loss: 0.31020605, Validation loss: 0.32784152, Gradient norm: 0.26889063
INFO:root:At the start of the epoch: mem (CPU python)=6375.58203125MB; mem (CPU total)=16086.01953125MB
INFO:root:[  156] Training loss: 0.31050184, Validation loss: 0.32723668, Gradient norm: 0.26951603
INFO:root:At the start of the epoch: mem (CPU python)=6396.875MB; mem (CPU total)=16143.70703125MB
INFO:root:[  157] Training loss: 0.30962533, Validation loss: 0.32859509, Gradient norm: 0.26480757
INFO:root:At the start of the epoch: mem (CPU python)=6418.28515625MB; mem (CPU total)=16199.828125MB
INFO:root:[  158] Training loss: 0.31010329, Validation loss: 0.32735511, Gradient norm: 0.27171236
INFO:root:At the start of the epoch: mem (CPU python)=6439.44921875MB; mem (CPU total)=16256.44140625MB
INFO:root:[  159] Training loss: 0.31001034, Validation loss: 0.32751767, Gradient norm: 0.29770041
INFO:root:At the start of the epoch: mem (CPU python)=6460.7265625MB; mem (CPU total)=16313.0859375MB
INFO:root:Learning rate reduced to: 0.000625
INFO:root:[  160] Training loss: 0.30990234, Validation loss: 0.32864866, Gradient norm: 0.29269215
INFO:root:At the start of the epoch: mem (CPU python)=6482.15625MB; mem (CPU total)=16369.94921875MB
INFO:root:Learning rate reduced to: 0.0003125
INFO:root:[  161] Training loss: 0.30753894, Validation loss: 0.32636986, Gradient norm: 0.17480819
INFO:root:At the start of the epoch: mem (CPU python)=6503.31640625MB; mem (CPU total)=16424.59375MB
INFO:root:[  162] Training loss: 0.30649155, Validation loss: 0.32536165, Gradient norm: 0.14573932
INFO:root:At the start of the epoch: mem (CPU python)=6524.48046875MB; mem (CPU total)=16481.2734375MB
INFO:root:[  163] Training loss: 0.30614660, Validation loss: 0.32642162, Gradient norm: 0.14307419
INFO:root:At the start of the epoch: mem (CPU python)=6545.64453125MB; mem (CPU total)=16535.640625MB
INFO:root:[  164] Training loss: 0.30605959, Validation loss: 0.32626987, Gradient norm: 0.13388715
INFO:root:At the start of the epoch: mem (CPU python)=6566.8125MB; mem (CPU total)=16593.2421875MB
INFO:root:[  165] Training loss: 0.30584798, Validation loss: 0.32585481, Gradient norm: 0.15302404
INFO:root:At the start of the epoch: mem (CPU python)=6587.9765625MB; mem (CPU total)=16649.85546875MB
INFO:root:[  166] Training loss: 0.30683653, Validation loss: 0.32549366, Gradient norm: 0.14500652
INFO:root:At the start of the epoch: mem (CPU python)=6609.140625MB; mem (CPU total)=16704.19140625MB
INFO:root:[  167] Training loss: 0.30647363, Validation loss: 0.32595745, Gradient norm: 0.15596401
INFO:root:At the start of the epoch: mem (CPU python)=6630.3046875MB; mem (CPU total)=16761.7578125MB
INFO:root:[  168] Training loss: 0.30672658, Validation loss: 0.32517926, Gradient norm: 0.13902995
INFO:root:At the start of the epoch: mem (CPU python)=6651.46875MB; mem (CPU total)=16769.6328125MB
INFO:root:[  169] Training loss: 0.30640590, Validation loss: 0.32597098, Gradient norm: 0.15587339
INFO:root:At the start of the epoch: mem (CPU python)=6672.62890625MB; mem (CPU total)=16874.14453125MB
INFO:root:[  170] Training loss: 0.30619149, Validation loss: 0.32484605, Gradient norm: 0.16725444
INFO:root:At the start of the epoch: mem (CPU python)=6693.79296875MB; mem (CPU total)=16934.69140625MB
INFO:root:[  171] Training loss: 0.30603011, Validation loss: 0.32562371, Gradient norm: 0.16473648
INFO:root:At the start of the epoch: mem (CPU python)=6714.95703125MB; mem (CPU total)=16987.54296875MB
INFO:root:[  172] Training loss: 0.30603913, Validation loss: 0.32505464, Gradient norm: 0.14998371
INFO:root:At the start of the epoch: mem (CPU python)=6736.12109375MB; mem (CPU total)=17042.05859375MB
INFO:root:[  173] Training loss: 0.30598698, Validation loss: 0.32542870, Gradient norm: 0.15863360
INFO:root:At the start of the epoch: mem (CPU python)=6757.2890625MB; mem (CPU total)=17098.046875MB
INFO:root:[  174] Training loss: 0.30594172, Validation loss: 0.32501841, Gradient norm: 0.16401837
INFO:root:At the start of the epoch: mem (CPU python)=6778.453125MB; mem (CPU total)=17156.1875MB
INFO:root:[  175] Training loss: 0.30569416, Validation loss: 0.32532987, Gradient norm: 0.15240372
INFO:root:At the start of the epoch: mem (CPU python)=6800.08203125MB; mem (CPU total)=17212.82421875MB
INFO:root:[  176] Training loss: 0.30594315, Validation loss: 0.32638028, Gradient norm: 0.15718912
INFO:root:At the start of the epoch: mem (CPU python)=6821.5390625MB; mem (CPU total)=17270.17578125MB
INFO:root:Learning rate reduced to: 0.00015625
INFO:root:[  177] Training loss: 0.30585292, Validation loss: 0.32538149, Gradient norm: 0.18074176
INFO:root:At the start of the epoch: mem (CPU python)=6842.72265625MB; mem (CPU total)=17322.3203125MB
INFO:root:Learning rate reduced to: 7.8125e-05
INFO:root:[  178] Training loss: 0.30552054, Validation loss: 0.32584181, Gradient norm: 0.13036130
INFO:root:At the start of the epoch: mem (CPU python)=6864.5078125MB; mem (CPU total)=17380.30859375MB
INFO:root:[  179] Training loss: 0.30474792, Validation loss: 0.32506425, Gradient norm: 0.10656289
INFO:root:At the start of the epoch: mem (CPU python)=6885.66796875MB; mem (CPU total)=17438.25MB
INFO:root:EP 179: Early stopping
INFO:root:Training for autoregressive step 2 starts now.
INFO:root:Learning rate reduced to: [3.90625e-05]
INFO:root:At the start of the epoch: mem (CPU python)=6906.83203125MB; mem (CPU total)=17454.1171875MB
INFO:root:[  181] Training loss: 0.38374618, Validation loss: 0.39948599, Gradient norm: 0.26637459
INFO:root:At the start of the epoch: mem (CPU python)=6913.74609375MB; mem (CPU total)=17555.921875MB
INFO:root:[  182] Training loss: 0.38210114, Validation loss: 0.39757287, Gradient norm: 0.23764767
INFO:root:At the start of the epoch: mem (CPU python)=6934.91015625MB; mem (CPU total)=17638.1171875MB
INFO:root:[  183] Training loss: 0.38145068, Validation loss: 0.39689750, Gradient norm: 0.22828064
INFO:root:At the start of the epoch: mem (CPU python)=6956.08984375MB; mem (CPU total)=17668.9609375MB
INFO:root:[  184] Training loss: 0.38088433, Validation loss: 0.39640544, Gradient norm: 0.22706133
INFO:root:At the start of the epoch: mem (CPU python)=6977.2578125MB; mem (CPU total)=17792.08984375MB
INFO:root:[  185] Training loss: 0.37970940, Validation loss: 0.39574370, Gradient norm: 0.21662603
INFO:root:At the start of the epoch: mem (CPU python)=6998.421875MB; mem (CPU total)=17868.87890625MB
INFO:root:[  186] Training loss: 0.38011179, Validation loss: 0.39669607, Gradient norm: 0.22707137
INFO:root:At the start of the epoch: mem (CPU python)=7019.58984375MB; mem (CPU total)=17951.453125MB
INFO:root:[  187] Training loss: 0.37878785, Validation loss: 0.39510478, Gradient norm: 0.21510824
INFO:root:At the start of the epoch: mem (CPU python)=7040.7578125MB; mem (CPU total)=18030.0625MB
INFO:root:[  188] Training loss: 0.37932766, Validation loss: 0.39524537, Gradient norm: 0.22621288
INFO:root:At the start of the epoch: mem (CPU python)=7061.93359375MB; mem (CPU total)=18108.6640625MB
INFO:root:[  189] Training loss: 0.37925905, Validation loss: 0.39550613, Gradient norm: 0.22892265
INFO:root:At the start of the epoch: mem (CPU python)=7083.1015625MB; mem (CPU total)=18187.55859375MB
INFO:root:[  190] Training loss: 0.37945955, Validation loss: 0.39429015, Gradient norm: 0.23114349
INFO:root:At the start of the epoch: mem (CPU python)=7104.26953125MB; mem (CPU total)=18265.49609375MB
INFO:root:[  191] Training loss: 0.37958931, Validation loss: 0.39557447, Gradient norm: 0.22098667
INFO:root:At the start of the epoch: mem (CPU python)=7125.4453125MB; mem (CPU total)=18345.0MB
INFO:root:[  192] Training loss: 0.37898442, Validation loss: 0.39481373, Gradient norm: 0.21889743
INFO:root:At the start of the epoch: mem (CPU python)=7146.609375MB; mem (CPU total)=18422.7734375MB
INFO:root:[  193] Training loss: 0.37891772, Validation loss: 0.39458619, Gradient norm: 0.22042207
INFO:root:At the start of the epoch: mem (CPU python)=7167.7890625MB; mem (CPU total)=18528.3203125MB
INFO:root:[  194] Training loss: 0.37887426, Validation loss: 0.39605172, Gradient norm: 0.21404448
INFO:root:At the start of the epoch: mem (CPU python)=7188.9609375MB; mem (CPU total)=18586.50390625MB
INFO:root:[  195] Training loss: 0.37852729, Validation loss: 0.39485029, Gradient norm: 0.22257129
INFO:root:At the start of the epoch: mem (CPU python)=7210.12890625MB; mem (CPU total)=18645.6015625MB
INFO:root:[  196] Training loss: 0.37839911, Validation loss: 0.39378662, Gradient norm: 0.20724694
INFO:root:At the start of the epoch: mem (CPU python)=7231.29296875MB; mem (CPU total)=18705.81640625MB
INFO:root:[  197] Training loss: 0.37841520, Validation loss: 0.39474605, Gradient norm: 0.21084186
INFO:root:At the start of the epoch: mem (CPU python)=7252.484375MB; mem (CPU total)=18762.33203125MB
INFO:root:[  198] Training loss: 0.37831049, Validation loss: 0.39427231, Gradient norm: 0.21505434
INFO:root:At the start of the epoch: mem (CPU python)=7273.6796875MB; mem (CPU total)=18820.82421875MB
INFO:root:[  199] Training loss: 0.37777396, Validation loss: 0.39511499, Gradient norm: 0.21971003
INFO:root:At the start of the epoch: mem (CPU python)=7294.84375MB; mem (CPU total)=18879.12890625MB
INFO:root:[  200] Training loss: 0.37804379, Validation loss: 0.39374643, Gradient norm: 0.21648359
INFO:root:At the start of the epoch: mem (CPU python)=7316.01171875MB; mem (CPU total)=18949.66015625MB
INFO:root:[  201] Training loss: 0.37828466, Validation loss: 0.39443170, Gradient norm: 0.21758022
INFO:root:At the start of the epoch: mem (CPU python)=7337.17578125MB; mem (CPU total)=19007.51171875MB
INFO:root:[  202] Training loss: 0.37799475, Validation loss: 0.39484413, Gradient norm: 0.21744879
INFO:root:At the start of the epoch: mem (CPU python)=7358.33984375MB; mem (CPU total)=19066.30859375MB
INFO:root:[  203] Training loss: 0.37811617, Validation loss: 0.39344033, Gradient norm: 0.21344086
INFO:root:At the start of the epoch: mem (CPU python)=7379.50390625MB; mem (CPU total)=19124.90234375MB
INFO:root:[  204] Training loss: 0.37751503, Validation loss: 0.39338411, Gradient norm: 0.20911708
INFO:root:At the start of the epoch: mem (CPU python)=7400.66796875MB; mem (CPU total)=19182.16796875MB
INFO:root:[  205] Training loss: 0.37811018, Validation loss: 0.39355054, Gradient norm: 0.20275374
INFO:root:At the start of the epoch: mem (CPU python)=7421.828125MB; mem (CPU total)=19240.734375MB
INFO:root:[  206] Training loss: 0.37789110, Validation loss: 0.39497024, Gradient norm: 0.20363644
INFO:root:At the start of the epoch: mem (CPU python)=7442.99609375MB; mem (CPU total)=19301.5234375MB
INFO:root:[  207] Training loss: 0.37784753, Validation loss: 0.39391038, Gradient norm: 0.22180048
INFO:root:At the start of the epoch: mem (CPU python)=7464.16015625MB; mem (CPU total)=19358.8828125MB
INFO:root:[  208] Training loss: 0.37825045, Validation loss: 0.39321380, Gradient norm: 0.21545017
INFO:root:At the start of the epoch: mem (CPU python)=7485.3203125MB; mem (CPU total)=19415.5078125MB
INFO:root:[  209] Training loss: 0.37741936, Validation loss: 0.39377070, Gradient norm: 0.21497793
INFO:root:At the start of the epoch: mem (CPU python)=7506.484375MB; mem (CPU total)=19474.77734375MB
INFO:root:[  210] Training loss: 0.37683502, Validation loss: 0.39350313, Gradient norm: 0.21205740
INFO:root:At the start of the epoch: mem (CPU python)=7527.6484375MB; mem (CPU total)=19533.43359375MB
INFO:root:[  211] Training loss: 0.37712864, Validation loss: 0.39282555, Gradient norm: 0.21045238
INFO:root:At the start of the epoch: mem (CPU python)=7548.8203125MB; mem (CPU total)=19591.171875MB
INFO:root:[  212] Training loss: 0.37748335, Validation loss: 0.39367020, Gradient norm: 0.21092026
INFO:root:At the start of the epoch: mem (CPU python)=7569.98046875MB; mem (CPU total)=19648.34375MB
INFO:root:[  213] Training loss: 0.37711408, Validation loss: 0.39293041, Gradient norm: 0.21108276
INFO:root:At the start of the epoch: mem (CPU python)=7591.14453125MB; mem (CPU total)=19705.70703125MB
INFO:root:[  214] Training loss: 0.37713736, Validation loss: 0.39337134, Gradient norm: 0.21587692
INFO:root:At the start of the epoch: mem (CPU python)=7612.30859375MB; mem (CPU total)=19762.75390625MB
INFO:root:[  215] Training loss: 0.37710766, Validation loss: 0.39326422, Gradient norm: 0.21024976
INFO:root:At the start of the epoch: mem (CPU python)=7633.484375MB; mem (CPU total)=19820.85546875MB
INFO:root:[  216] Training loss: 0.37736092, Validation loss: 0.39317321, Gradient norm: 0.21461532
INFO:root:At the start of the epoch: mem (CPU python)=7654.6484375MB; mem (CPU total)=19879.59765625MB
INFO:root:[  217] Training loss: 0.37733805, Validation loss: 0.39414393, Gradient norm: 0.21474633
INFO:root:At the start of the epoch: mem (CPU python)=7675.80859375MB; mem (CPU total)=19911.41015625MB
INFO:root:[  218] Training loss: 0.37710960, Validation loss: 0.39270388, Gradient norm: 0.21482239
INFO:root:At the start of the epoch: mem (CPU python)=7696.97265625MB; mem (CPU total)=19955.109375MB
INFO:root:[  219] Training loss: 0.37719587, Validation loss: 0.39404138, Gradient norm: 0.22166950
INFO:root:At the start of the epoch: mem (CPU python)=7718.13671875MB; mem (CPU total)=19999.42578125MB
INFO:root:[  220] Training loss: 0.37655303, Validation loss: 0.39288669, Gradient norm: 0.21696008
INFO:root:At the start of the epoch: mem (CPU python)=7739.296875MB; mem (CPU total)=20168.15234375MB
INFO:root:[  221] Training loss: 0.37673119, Validation loss: 0.39298089, Gradient norm: 0.22202134
INFO:root:At the start of the epoch: mem (CPU python)=7760.4609375MB; mem (CPU total)=20211.09375MB
INFO:root:[  222] Training loss: 0.37660837, Validation loss: 0.39286235, Gradient norm: 0.22345497
INFO:root:At the start of the epoch: mem (CPU python)=7781.62890625MB; mem (CPU total)=20255.1484375MB
INFO:root:[  223] Training loss: 0.37727374, Validation loss: 0.39480820, Gradient norm: 0.21695374
INFO:root:At the start of the epoch: mem (CPU python)=7802.79296875MB; mem (CPU total)=20297.98828125MB
INFO:root:[  224] Training loss: 0.37705817, Validation loss: 0.39141337, Gradient norm: 0.21327757
INFO:root:At the start of the epoch: mem (CPU python)=7823.95703125MB; mem (CPU total)=20340.82421875MB
INFO:root:[  225] Training loss: 0.37629713, Validation loss: 0.39263700, Gradient norm: 0.21457195
INFO:root:At the start of the epoch: mem (CPU python)=7845.12109375MB; mem (CPU total)=20385.140625MB
INFO:root:[  226] Training loss: 0.37673107, Validation loss: 0.39341855, Gradient norm: 0.21168441
INFO:root:At the start of the epoch: mem (CPU python)=7866.28515625MB; mem (CPU total)=20428.0703125MB
INFO:root:[  227] Training loss: 0.37651651, Validation loss: 0.39211591, Gradient norm: 0.20673213
INFO:root:At the start of the epoch: mem (CPU python)=7887.44921875MB; mem (CPU total)=20472.5859375MB
INFO:root:[  228] Training loss: 0.37661176, Validation loss: 0.39334919, Gradient norm: 0.20710295
INFO:root:At the start of the epoch: mem (CPU python)=7908.61328125MB; mem (CPU total)=20515.6796875MB
INFO:root:[  229] Training loss: 0.37629582, Validation loss: 0.39295258, Gradient norm: 0.21103634
INFO:root:At the start of the epoch: mem (CPU python)=7929.78125MB; mem (CPU total)=20564.7265625MB
INFO:root:[  230] Training loss: 0.37623943, Validation loss: 0.39347296, Gradient norm: 0.21564901
INFO:root:At the start of the epoch: mem (CPU python)=7950.94140625MB; mem (CPU total)=20607.25MB
INFO:root:[  231] Training loss: 0.37632216, Validation loss: 0.39246546, Gradient norm: 0.20735396
INFO:root:At the start of the epoch: mem (CPU python)=7972.10546875MB; mem (CPU total)=20656.2109375MB
INFO:root:[  232] Training loss: 0.37630870, Validation loss: 0.39296956, Gradient norm: 0.21333213
INFO:root:At the start of the epoch: mem (CPU python)=7993.26953125MB; mem (CPU total)=20765.3515625MB
INFO:root:[  233] Training loss: 0.37629095, Validation loss: 0.39237945, Gradient norm: 0.20452621
INFO:root:At the start of the epoch: mem (CPU python)=8014.4375MB; mem (CPU total)=20843.140625MB
INFO:root:EP 233: Early stopping
INFO:root:After finishing all epochs: mem (CPU python)=8035.6015625MB; mem (CPU total)=20912.53515625MB
INFO:root:Training the model took 8797.427s.
INFO:root:Emptying the cuda cache took 0.016s.
INFO:root:Starting evaluation: model SFNO & uncertainty quantification dropout
INFO:root:Evaluating the model on Validation data.
INFO:root:MSEValidation: 0.41974
INFO:root:EnergyScoreValidation: 0.32835
INFO:root:CRPSValidation: 0.1311
INFO:root:Gaussian NLLValidation: 1.13144
INFO:root:CoverageValidation: 0.61543
INFO:root:IntervalWidthValidation: 0.36371
INFO:root:Evaluating the model on Test data.
INFO:root:MSETest: 0.32204
INFO:root:EnergyScoreTest: 0.25581
INFO:root:CRPSTest: 0.1005
INFO:root:Gaussian NLLTest: 1.15588
INFO:root:CoverageTest: 0.57906
INFO:root:IntervalWidthTest: 0.24978
INFO:root:After validation: mem (CPU python)=8051.109375MB; mem (CPU total)=21491.7421875MB
INFO:root:###2 out of 3 training parameter combinations ###
INFO:root:Training parameters: {'seed': 12, 'model': 'SFNO', 'uncertainty_quantification': 'dropout', 'batch_size': 32, 'n_epochs': 1000, 'early_stopping': 10, 'init': 'default', 'learning_rate': 0.005, 'lr_schedule': 'step', 'optimizer': 'adam', 'gradient_clipping': 1, 'layer_normalization': True, 'data_loader_pin_memory': False, 'data_loader_num_workers': 0, 'distributed_training': False, 'alpha': 0.05, 'n_samples_uq': 100, 'weight_decay': 0, 'dropout': 0.01, 'fourier_dropout': None, 'hidden_channels': 32, 'projection_channels': 256, 'lifting_channels': 256, 'n_modes': (32, 32), 'n_samples': 3}
INFO:root:After creating the dataloaders: mem (CPU python)=8051.109375MB; mem (CPU total)=21498.66015625MB
INFO:root:NumberParameters: 284835
INFO:root:GPU memory allocated: 176160768
INFO:root:After setting up the model: mem (CPU python)=8055.44140625MB; mem (CPU total)=21503.58203125MB
INFO:root:Training starts now.
INFO:root:At the start of the epoch: mem (CPU python)=8055.44140625MB; mem (CPU total)=21508.75390625MB
INFO:root:[    1] Training loss: 0.83381994, Validation loss: 0.73914629, Gradient norm: 0.49549261
INFO:root:At the start of the epoch: mem (CPU python)=8089.3046875MB; mem (CPU total)=21573.31640625MB
INFO:root:[    2] Training loss: 0.73741836, Validation loss: 0.73273251, Gradient norm: 0.26332959
INFO:root:At the start of the epoch: mem (CPU python)=8110.48828125MB; mem (CPU total)=21628.9921875MB
INFO:root:[    3] Training loss: 0.72584655, Validation loss: 0.71834090, Gradient norm: 0.18339189
INFO:root:At the start of the epoch: mem (CPU python)=8131.6953125MB; mem (CPU total)=21685.82421875MB
INFO:root:[    4] Training loss: 0.69746641, Validation loss: 0.65912842, Gradient norm: 0.25231028
INFO:root:At the start of the epoch: mem (CPU python)=8152.87890625MB; mem (CPU total)=21740.8984375MB
INFO:root:[    5] Training loss: 0.61878893, Validation loss: 0.59445334, Gradient norm: 0.32917778
INFO:root:At the start of the epoch: mem (CPU python)=8174.19921875MB; mem (CPU total)=21796.6796875MB
INFO:root:[    6] Training loss: 0.58469692, Validation loss: 0.57706016, Gradient norm: 0.29768334
INFO:root:At the start of the epoch: mem (CPU python)=8195.37109375MB; mem (CPU total)=21852.55859375MB
INFO:root:[    7] Training loss: 0.56405957, Validation loss: 0.54746612, Gradient norm: 0.27656001
INFO:root:At the start of the epoch: mem (CPU python)=8216.62109375MB; mem (CPU total)=21908.71875MB
INFO:root:[    8] Training loss: 0.53730304, Validation loss: 0.53109684, Gradient norm: 0.31281686
INFO:root:At the start of the epoch: mem (CPU python)=8237.78515625MB; mem (CPU total)=21965.609375MB
INFO:root:[    9] Training loss: 0.52261129, Validation loss: 0.51662524, Gradient norm: 0.33165904
INFO:root:At the start of the epoch: mem (CPU python)=8258.94921875MB; mem (CPU total)=22020.25390625MB
INFO:root:[   10] Training loss: 0.50763194, Validation loss: 0.50440761, Gradient norm: 0.30346657
INFO:root:At the start of the epoch: mem (CPU python)=8280.53125MB; mem (CPU total)=22074.6875MB
INFO:root:[   11] Training loss: 0.49583277, Validation loss: 0.48979123, Gradient norm: 0.32294535
INFO:root:At the start of the epoch: mem (CPU python)=8301.890625MB; mem (CPU total)=22116.71875MB
INFO:root:[   12] Training loss: 0.48203010, Validation loss: 0.47237819, Gradient norm: 0.38098736
INFO:root:At the start of the epoch: mem (CPU python)=8323.0546875MB; mem (CPU total)=22158.2734375MB
INFO:root:[   13] Training loss: 0.46583032, Validation loss: 0.46000138, Gradient norm: 0.35028160
INFO:root:At the start of the epoch: mem (CPU python)=8344.58984375MB; mem (CPU total)=22198.515625MB
INFO:root:[   14] Training loss: 0.45416338, Validation loss: 0.45186017, Gradient norm: 0.34124046
INFO:root:At the start of the epoch: mem (CPU python)=8365.75390625MB; mem (CPU total)=22240.49609375MB
INFO:root:[   15] Training loss: 0.44742330, Validation loss: 0.44502965, Gradient norm: 0.36298179
INFO:root:At the start of the epoch: mem (CPU python)=8386.91796875MB; mem (CPU total)=22281.60546875MB
INFO:root:[   16] Training loss: 0.44106440, Validation loss: 0.43906619, Gradient norm: 0.34193856
INFO:root:At the start of the epoch: mem (CPU python)=8408.08203125MB; mem (CPU total)=22323.55859375MB
INFO:root:[   17] Training loss: 0.43602460, Validation loss: 0.43739561, Gradient norm: 0.33057770
INFO:root:At the start of the epoch: mem (CPU python)=8429.24609375MB; mem (CPU total)=22365.62109375MB
INFO:root:[   18] Training loss: 0.43220680, Validation loss: 0.43057446, Gradient norm: 0.33829429
INFO:root:At the start of the epoch: mem (CPU python)=8450.4140625MB; mem (CPU total)=22406.7578125MB
INFO:root:[   19] Training loss: 0.42893027, Validation loss: 0.42889761, Gradient norm: 0.34573384
INFO:root:At the start of the epoch: mem (CPU python)=8471.578125MB; mem (CPU total)=22448.046875MB
INFO:root:[   20] Training loss: 0.42584719, Validation loss: 0.42874960, Gradient norm: 0.33627142
INFO:root:At the start of the epoch: mem (CPU python)=8492.73828125MB; mem (CPU total)=22489.99609375MB
INFO:root:[   21] Training loss: 0.42352370, Validation loss: 0.42355584, Gradient norm: 0.32029856
INFO:root:At the start of the epoch: mem (CPU python)=8513.90234375MB; mem (CPU total)=22530.55078125MB
INFO:root:[   22] Training loss: 0.42125026, Validation loss: 0.42250998, Gradient norm: 0.33082700
INFO:root:At the start of the epoch: mem (CPU python)=8535.06640625MB; mem (CPU total)=22572.79296875MB
INFO:root:[   23] Training loss: 0.41880100, Validation loss: 0.42012345, Gradient norm: 0.32082669
INFO:root:At the start of the epoch: mem (CPU python)=8556.2265625MB; mem (CPU total)=22614.234375MB
INFO:root:[   24] Training loss: 0.41766739, Validation loss: 0.41701086, Gradient norm: 0.32629120
INFO:root:At the start of the epoch: mem (CPU python)=8577.39453125MB; mem (CPU total)=22681.48828125MB
INFO:root:[   25] Training loss: 0.41596753, Validation loss: 0.41836615, Gradient norm: 0.33886894
INFO:root:At the start of the epoch: mem (CPU python)=8598.55859375MB; mem (CPU total)=22745.828125MB
INFO:root:[   26] Training loss: 0.41424975, Validation loss: 0.41722523, Gradient norm: 0.33577908
INFO:root:At the start of the epoch: mem (CPU python)=8619.72265625MB; mem (CPU total)=22810.47265625MB
INFO:root:[   27] Training loss: 0.41262596, Validation loss: 0.41452003, Gradient norm: 0.32134419
INFO:root:At the start of the epoch: mem (CPU python)=8640.88671875MB; mem (CPU total)=22874.859375MB
INFO:root:[   28] Training loss: 0.41141283, Validation loss: 0.41148571, Gradient norm: 0.32293530
INFO:root:At the start of the epoch: mem (CPU python)=8662.0546875MB; mem (CPU total)=22938.625MB
INFO:root:[   29] Training loss: 0.40995485, Validation loss: 0.41202109, Gradient norm: 0.33245299
INFO:root:At the start of the epoch: mem (CPU python)=8683.21484375MB; mem (CPU total)=23000.859375MB
INFO:root:[   30] Training loss: 0.40857564, Validation loss: 0.41008877, Gradient norm: 0.32665218
INFO:root:At the start of the epoch: mem (CPU python)=8704.37890625MB; mem (CPU total)=23062.9140625MB
INFO:root:[   31] Training loss: 0.40739727, Validation loss: 0.41242758, Gradient norm: 0.35609451
INFO:root:At the start of the epoch: mem (CPU python)=8725.54296875MB; mem (CPU total)=23127.0MB
INFO:root:[   32] Training loss: 0.40547677, Validation loss: 0.40839287, Gradient norm: 0.31770079
INFO:root:At the start of the epoch: mem (CPU python)=8746.70703125MB; mem (CPU total)=23190.1875MB
INFO:root:[   33] Training loss: 0.40420109, Validation loss: 0.40705929, Gradient norm: 0.32670889
INFO:root:At the start of the epoch: mem (CPU python)=8767.875MB; mem (CPU total)=23254.03125MB
INFO:root:[   34] Training loss: 0.40295488, Validation loss: 0.40463859, Gradient norm: 0.33786428
INFO:root:At the start of the epoch: mem (CPU python)=8789.0390625MB; mem (CPU total)=23317.5MB
INFO:root:[   35] Training loss: 0.40193964, Validation loss: 0.40413459, Gradient norm: 0.35762617
INFO:root:At the start of the epoch: mem (CPU python)=8810.203125MB; mem (CPU total)=23382.5MB
INFO:root:[   36] Training loss: 0.40018486, Validation loss: 0.40049309, Gradient norm: 0.34166728
INFO:root:At the start of the epoch: mem (CPU python)=8831.3671875MB; mem (CPU total)=23446.671875MB
INFO:root:[   37] Training loss: 0.39868723, Validation loss: 0.40037904, Gradient norm: 0.33410235
INFO:root:At the start of the epoch: mem (CPU python)=8852.53125MB; mem (CPU total)=23511.12109375MB
INFO:root:[   38] Training loss: 0.39737685, Validation loss: 0.39826114, Gradient norm: 0.32356723
INFO:root:At the start of the epoch: mem (CPU python)=8873.6953125MB; mem (CPU total)=23574.5MB
INFO:root:[   39] Training loss: 0.39632825, Validation loss: 0.40022249, Gradient norm: 0.35286871
INFO:root:At the start of the epoch: mem (CPU python)=8894.8515625MB; mem (CPU total)=23638.09375MB
INFO:root:[   40] Training loss: 0.39521881, Validation loss: 0.39753073, Gradient norm: 0.33562462
INFO:root:At the start of the epoch: mem (CPU python)=8916.01953125MB; mem (CPU total)=23701.4453125MB
INFO:root:[   41] Training loss: 0.39381147, Validation loss: 0.39912699, Gradient norm: 0.31889744
INFO:root:At the start of the epoch: mem (CPU python)=8937.18359375MB; mem (CPU total)=23764.05078125MB
INFO:root:[   42] Training loss: 0.39286665, Validation loss: 0.39602775, Gradient norm: 0.33085949
INFO:root:At the start of the epoch: mem (CPU python)=8958.34765625MB; mem (CPU total)=23827.61328125MB
INFO:root:[   43] Training loss: 0.39203912, Validation loss: 0.39466105, Gradient norm: 0.33150776
INFO:root:At the start of the epoch: mem (CPU python)=8979.51171875MB; mem (CPU total)=23891.0859375MB
INFO:root:[   44] Training loss: 0.39149199, Validation loss: 0.39492372, Gradient norm: 0.35343770
INFO:root:At the start of the epoch: mem (CPU python)=9000.67578125MB; mem (CPU total)=23954.3125MB
INFO:root:[   45] Training loss: 0.39045242, Validation loss: 0.39426992, Gradient norm: 0.34938798
INFO:root:At the start of the epoch: mem (CPU python)=9021.84375MB; mem (CPU total)=24018.41015625MB
INFO:root:[   46] Training loss: 0.38912134, Validation loss: 0.39255355, Gradient norm: 0.32780482
INFO:root:At the start of the epoch: mem (CPU python)=9043.0078125MB; mem (CPU total)=24085.12109375MB
INFO:root:[   47] Training loss: 0.38876829, Validation loss: 0.39252040, Gradient norm: 0.36885801
INFO:root:At the start of the epoch: mem (CPU python)=9064.171875MB; mem (CPU total)=24148.3515625MB
INFO:root:[   48] Training loss: 0.38756200, Validation loss: 0.39075119, Gradient norm: 0.32378091
INFO:root:At the start of the epoch: mem (CPU python)=9085.33203125MB; mem (CPU total)=24211.9296875MB
INFO:root:[   49] Training loss: 0.38674537, Validation loss: 0.39027817, Gradient norm: 0.33392563
INFO:root:At the start of the epoch: mem (CPU python)=9106.49609375MB; mem (CPU total)=24276.19140625MB
INFO:root:[   50] Training loss: 0.38601820, Validation loss: 0.39054359, Gradient norm: 0.33051947
INFO:root:At the start of the epoch: mem (CPU python)=9127.66015625MB; mem (CPU total)=24339.6640625MB
INFO:root:[   51] Training loss: 0.38592402, Validation loss: 0.38917827, Gradient norm: 0.36220929
INFO:root:At the start of the epoch: mem (CPU python)=9148.828125MB; mem (CPU total)=24404.375MB
INFO:root:[   52] Training loss: 0.38436873, Validation loss: 0.38676095, Gradient norm: 0.31496774
INFO:root:At the start of the epoch: mem (CPU python)=9169.9921875MB; mem (CPU total)=24468.3125MB
INFO:root:[   53] Training loss: 0.38388455, Validation loss: 0.38619361, Gradient norm: 0.34044304
INFO:root:At the start of the epoch: mem (CPU python)=9191.15625MB; mem (CPU total)=24532.5546875MB
INFO:root:[   54] Training loss: 0.38388302, Validation loss: 0.38726633, Gradient norm: 0.36415751
INFO:root:At the start of the epoch: mem (CPU python)=9212.3203125MB; mem (CPU total)=24596.3046875MB
INFO:root:[   55] Training loss: 0.38263363, Validation loss: 0.38690766, Gradient norm: 0.31972202
INFO:root:At the start of the epoch: mem (CPU python)=9233.48828125MB; mem (CPU total)=24659.8125MB
INFO:root:[   56] Training loss: 0.38185363, Validation loss: 0.38662312, Gradient norm: 0.34356607
INFO:root:At the start of the epoch: mem (CPU python)=9254.6484375MB; mem (CPU total)=24723.5625MB
INFO:root:[   57] Training loss: 0.38162372, Validation loss: 0.38484689, Gradient norm: 0.33818315
INFO:root:At the start of the epoch: mem (CPU python)=9275.8125MB; mem (CPU total)=24788.6171875MB
INFO:root:[   58] Training loss: 0.38116104, Validation loss: 0.38734095, Gradient norm: 0.35408264
INFO:root:At the start of the epoch: mem (CPU python)=9296.97265625MB; mem (CPU total)=24852.84765625MB
INFO:root:[   59] Training loss: 0.38084068, Validation loss: 0.38464630, Gradient norm: 0.34840790
INFO:root:At the start of the epoch: mem (CPU python)=9318.13671875MB; mem (CPU total)=24916.2578125MB
INFO:root:[   60] Training loss: 0.38022189, Validation loss: 0.38652307, Gradient norm: 0.36249911
INFO:root:At the start of the epoch: mem (CPU python)=9339.30078125MB; mem (CPU total)=24980.5MB
INFO:root:[   61] Training loss: 0.37875389, Validation loss: 0.38185486, Gradient norm: 0.30382095
INFO:root:At the start of the epoch: mem (CPU python)=9360.46875MB; mem (CPU total)=25045.05078125MB
INFO:root:[   62] Training loss: 0.37830225, Validation loss: 0.38289819, Gradient norm: 0.34831136
INFO:root:At the start of the epoch: mem (CPU python)=9381.6328125MB; mem (CPU total)=25109.390625MB
INFO:root:[   63] Training loss: 0.37824439, Validation loss: 0.38123089, Gradient norm: 0.34733944
INFO:root:At the start of the epoch: mem (CPU python)=9402.796875MB; mem (CPU total)=25173.63671875MB
INFO:root:[   64] Training loss: 0.37745512, Validation loss: 0.38249654, Gradient norm: 0.32619468
INFO:root:At the start of the epoch: mem (CPU python)=9423.9609375MB; mem (CPU total)=25238.37109375MB
INFO:root:[   65] Training loss: 0.37711581, Validation loss: 0.38101418, Gradient norm: 0.34328816
INFO:root:At the start of the epoch: mem (CPU python)=9445.125MB; mem (CPU total)=25304.81640625MB
INFO:root:[   66] Training loss: 0.37618027, Validation loss: 0.37952711, Gradient norm: 0.32831160
INFO:root:At the start of the epoch: mem (CPU python)=9466.29296875MB; mem (CPU total)=25369.30859375MB
INFO:root:[   67] Training loss: 0.37612668, Validation loss: 0.37885783, Gradient norm: 0.34995688
INFO:root:At the start of the epoch: mem (CPU python)=9487.453125MB; mem (CPU total)=25435.0546875MB
INFO:root:[   68] Training loss: 0.37568686, Validation loss: 0.37876427, Gradient norm: 0.35612757
INFO:root:At the start of the epoch: mem (CPU python)=9508.6171875MB; mem (CPU total)=25499.625MB
INFO:root:[   69] Training loss: 0.37542103, Validation loss: 0.38016351, Gradient norm: 0.36034031
INFO:root:At the start of the epoch: mem (CPU python)=9529.78125MB; mem (CPU total)=25563.828125MB
INFO:root:[   70] Training loss: 0.37442837, Validation loss: 0.37924379, Gradient norm: 0.34323727
INFO:root:At the start of the epoch: mem (CPU python)=9550.9453125MB; mem (CPU total)=25627.33203125MB
INFO:root:[   71] Training loss: 0.37358061, Validation loss: 0.37894920, Gradient norm: 0.31345503
INFO:root:At the start of the epoch: mem (CPU python)=9572.109375MB; mem (CPU total)=25691.27734375MB
INFO:root:[   72] Training loss: 0.37426331, Validation loss: 0.37799195, Gradient norm: 0.37266149
INFO:root:At the start of the epoch: mem (CPU python)=9593.27734375MB; mem (CPU total)=25755.71875MB
INFO:root:[   73] Training loss: 0.37315451, Validation loss: 0.37895025, Gradient norm: 0.33845026
INFO:root:At the start of the epoch: mem (CPU python)=9614.43359375MB; mem (CPU total)=25821.00390625MB
INFO:root:[   74] Training loss: 0.37295834, Validation loss: 0.37845996, Gradient norm: 0.35705984
INFO:root:At the start of the epoch: mem (CPU python)=9635.6015625MB; mem (CPU total)=25885.5390625MB
INFO:root:[   75] Training loss: 0.37208325, Validation loss: 0.37621452, Gradient norm: 0.33911466
INFO:root:At the start of the epoch: mem (CPU python)=9656.765625MB; mem (CPU total)=25949.5390625MB
INFO:root:[   76] Training loss: 0.37192126, Validation loss: 0.37655474, Gradient norm: 0.34225414
INFO:root:At the start of the epoch: mem (CPU python)=9677.92578125MB; mem (CPU total)=26013.2890625MB
INFO:root:[   77] Training loss: 0.37197299, Validation loss: 0.37569577, Gradient norm: 0.34983322
INFO:root:At the start of the epoch: mem (CPU python)=9699.09375MB; mem (CPU total)=26076.796875MB
INFO:root:[   78] Training loss: 0.37081826, Validation loss: 0.37572232, Gradient norm: 0.33645642
INFO:root:At the start of the epoch: mem (CPU python)=9720.25390625MB; mem (CPU total)=26140.52734375MB
INFO:root:[   79] Training loss: 0.37048352, Validation loss: 0.37615490, Gradient norm: 0.34294058
INFO:root:At the start of the epoch: mem (CPU python)=9741.421875MB; mem (CPU total)=26205.51171875MB
INFO:root:[   80] Training loss: 0.37009085, Validation loss: 0.37493013, Gradient norm: 0.34629807
INFO:root:At the start of the epoch: mem (CPU python)=9762.5859375MB; mem (CPU total)=26270.53125MB
INFO:root:[   81] Training loss: 0.36998132, Validation loss: 0.37598051, Gradient norm: 0.34143430
INFO:root:At the start of the epoch: mem (CPU python)=9783.75MB; mem (CPU total)=26334.59765625MB
INFO:root:[   82] Training loss: 0.37005813, Validation loss: 0.37463608, Gradient norm: 0.37357540
INFO:root:At the start of the epoch: mem (CPU python)=9804.91796875MB; mem (CPU total)=26397.08984375MB
INFO:root:[   83] Training loss: 0.36905646, Validation loss: 0.37327132, Gradient norm: 0.33530058
INFO:root:At the start of the epoch: mem (CPU python)=9826.08203125MB; mem (CPU total)=26461.328125MB
INFO:root:[   84] Training loss: 0.36909224, Validation loss: 0.37492202, Gradient norm: 0.35382072
INFO:root:At the start of the epoch: mem (CPU python)=9847.24609375MB; mem (CPU total)=26526.8046875MB
INFO:root:[   85] Training loss: 0.36913668, Validation loss: 0.37410280, Gradient norm: 0.36108370
INFO:root:At the start of the epoch: mem (CPU python)=9868.41015625MB; mem (CPU total)=26589.51953125MB
INFO:root:[   86] Training loss: 0.36787432, Validation loss: 0.37513228, Gradient norm: 0.31828735
INFO:root:At the start of the epoch: mem (CPU python)=9889.5703125MB; mem (CPU total)=26652.06640625MB
INFO:root:[   87] Training loss: 0.36783838, Validation loss: 0.37183958, Gradient norm: 0.34550025
INFO:root:At the start of the epoch: mem (CPU python)=9910.734375MB; mem (CPU total)=26715.5703125MB
INFO:root:[   88] Training loss: 0.36795447, Validation loss: 0.37232237, Gradient norm: 0.37175093
INFO:root:At the start of the epoch: mem (CPU python)=9931.8984375MB; mem (CPU total)=26779.5703125MB
INFO:root:[   89] Training loss: 0.36719518, Validation loss: 0.37244188, Gradient norm: 0.34503299
INFO:root:At the start of the epoch: mem (CPU python)=9953.06640625MB; mem (CPU total)=26843.3203125MB
INFO:root:[   90] Training loss: 0.36687728, Validation loss: 0.37235421, Gradient norm: 0.34718485
INFO:root:At the start of the epoch: mem (CPU python)=9974.2265625MB; mem (CPU total)=26907.8125MB
INFO:root:[   91] Training loss: 0.36666450, Validation loss: 0.37275887, Gradient norm: 0.34898906
INFO:root:At the start of the epoch: mem (CPU python)=9995.390625MB; mem (CPU total)=26973.53515625MB
INFO:root:[   92] Training loss: 0.36617291, Validation loss: 0.37150974, Gradient norm: 0.35358943
INFO:root:At the start of the epoch: mem (CPU python)=10016.5546875MB; mem (CPU total)=27037.53125MB
INFO:root:[   93] Training loss: 0.36639670, Validation loss: 0.37210431, Gradient norm: 0.37020602
INFO:root:At the start of the epoch: mem (CPU python)=10037.71875MB; mem (CPU total)=27100.54296875MB
INFO:root:[   94] Training loss: 0.36606100, Validation loss: 0.37252456, Gradient norm: 0.35690908
INFO:root:At the start of the epoch: mem (CPU python)=10058.8828125MB; mem (CPU total)=27164.015625MB
INFO:root:[   95] Training loss: 0.36542416, Validation loss: 0.37010874, Gradient norm: 0.34517007
INFO:root:At the start of the epoch: mem (CPU python)=10080.046875MB; mem (CPU total)=27225.859375MB
INFO:root:[   96] Training loss: 0.36488118, Validation loss: 0.37178423, Gradient norm: 0.34198529
INFO:root:At the start of the epoch: mem (CPU python)=10101.890625MB; mem (CPU total)=27289.80078125MB
INFO:root:[   97] Training loss: 0.36553223, Validation loss: 0.37185412, Gradient norm: 0.37724897
INFO:root:At the start of the epoch: mem (CPU python)=10123.5MB; mem (CPU total)=27353.30859375MB
INFO:root:[   98] Training loss: 0.36483578, Validation loss: 0.37205969, Gradient norm: 0.35212408
INFO:root:At the start of the epoch: mem (CPU python)=10144.8828125MB; mem (CPU total)=27417.5546875MB
INFO:root:[   99] Training loss: 0.36487782, Validation loss: 0.36993033, Gradient norm: 0.36790285
INFO:root:At the start of the epoch: mem (CPU python)=10166.046875MB; mem (CPU total)=27481.77734375MB
INFO:root:[  100] Training loss: 0.36370317, Validation loss: 0.36976735, Gradient norm: 0.32307198
INFO:root:At the start of the epoch: mem (CPU python)=10188.12109375MB; mem (CPU total)=27547.0078125MB
INFO:root:[  101] Training loss: 0.36421915, Validation loss: 0.36991638, Gradient norm: 0.36007984
INFO:root:At the start of the epoch: mem (CPU python)=10209.28515625MB; mem (CPU total)=27611.25MB
INFO:root:[  102] Training loss: 0.36355373, Validation loss: 0.37096829, Gradient norm: 0.35043315
INFO:root:At the start of the epoch: mem (CPU python)=10230.44921875MB; mem (CPU total)=27676.9453125MB
INFO:root:[  103] Training loss: 0.36327404, Validation loss: 0.36917073, Gradient norm: 0.34850695
INFO:root:At the start of the epoch: mem (CPU python)=10251.61328125MB; mem (CPU total)=27742.3203125MB
INFO:root:[  104] Training loss: 0.36353713, Validation loss: 0.36828165, Gradient norm: 0.38437138
INFO:root:At the start of the epoch: mem (CPU python)=10272.77734375MB; mem (CPU total)=27806.1328125MB
INFO:root:[  105] Training loss: 0.36280328, Validation loss: 0.36923212, Gradient norm: 0.34963465
INFO:root:At the start of the epoch: mem (CPU python)=10294.30859375MB; mem (CPU total)=27871.0703125MB
INFO:root:[  106] Training loss: 0.36237679, Validation loss: 0.36880713, Gradient norm: 0.34802498
INFO:root:At the start of the epoch: mem (CPU python)=10315.8515625MB; mem (CPU total)=27934.328125MB
INFO:root:[  107] Training loss: 0.36298664, Validation loss: 0.36890633, Gradient norm: 0.38300075
INFO:root:At the start of the epoch: mem (CPU python)=10337.015625MB; mem (CPU total)=27996.71484375MB
INFO:root:[  108] Training loss: 0.36208461, Validation loss: 0.36841163, Gradient norm: 0.35746254
INFO:root:At the start of the epoch: mem (CPU python)=10358.1796875MB; mem (CPU total)=28060.3984375MB
INFO:root:[  109] Training loss: 0.36185800, Validation loss: 0.36780904, Gradient norm: 0.34457004
INFO:root:At the start of the epoch: mem (CPU python)=10379.34375MB; mem (CPU total)=28125.16796875MB
INFO:root:[  110] Training loss: 0.36175995, Validation loss: 0.36987603, Gradient norm: 0.36579120
INFO:root:At the start of the epoch: mem (CPU python)=10400.5078125MB; mem (CPU total)=28190.16796875MB
INFO:root:[  111] Training loss: 0.36167024, Validation loss: 0.36956744, Gradient norm: 0.36171628
INFO:root:At the start of the epoch: mem (CPU python)=10421.671875MB; mem (CPU total)=28253.44140625MB
INFO:root:[  112] Training loss: 0.36102491, Validation loss: 0.36847052, Gradient norm: 0.33045029
INFO:root:At the start of the epoch: mem (CPU python)=10443.28515625MB; mem (CPU total)=28319.65625MB
INFO:root:[  113] Training loss: 0.36083078, Validation loss: 0.36808135, Gradient norm: 0.35015978
INFO:root:At the start of the epoch: mem (CPU python)=10465.50390625MB; mem (CPU total)=28383.796875MB
INFO:root:[  114] Training loss: 0.36108431, Validation loss: 0.36809915, Gradient norm: 0.37698266
INFO:root:At the start of the epoch: mem (CPU python)=10486.6640625MB; mem (CPU total)=28448.87890625MB
INFO:root:[  115] Training loss: 0.36104105, Validation loss: 0.36674615, Gradient norm: 0.37178106
INFO:root:At the start of the epoch: mem (CPU python)=10507.828125MB; mem (CPU total)=28513.62109375MB
INFO:root:[  116] Training loss: 0.36006877, Validation loss: 0.36707383, Gradient norm: 0.34855249
INFO:root:At the start of the epoch: mem (CPU python)=10528.9921875MB; mem (CPU total)=28577.85546875MB
INFO:root:[  117] Training loss: 0.36025698, Validation loss: 0.36683742, Gradient norm: 0.35276974
INFO:root:At the start of the epoch: mem (CPU python)=10550.16015625MB; mem (CPU total)=28640.34765625MB
INFO:root:[  118] Training loss: 0.36023440, Validation loss: 0.36707930, Gradient norm: 0.37197774
INFO:root:At the start of the epoch: mem (CPU python)=10571.32421875MB; mem (CPU total)=28702.734375MB
INFO:root:[  119] Training loss: 0.35954869, Validation loss: 0.36686934, Gradient norm: 0.34062279
INFO:root:At the start of the epoch: mem (CPU python)=10592.48828125MB; mem (CPU total)=28765.83203125MB
INFO:root:[  120] Training loss: 0.35937353, Validation loss: 0.36667600, Gradient norm: 0.35442430
INFO:root:At the start of the epoch: mem (CPU python)=10613.65234375MB; mem (CPU total)=28830.32421875MB
INFO:root:[  121] Training loss: 0.35933077, Validation loss: 0.36813882, Gradient norm: 0.36027640
INFO:root:At the start of the epoch: mem (CPU python)=10634.85546875MB; mem (CPU total)=28895.05859375MB
INFO:root:[  122] Training loss: 0.35936277, Validation loss: 0.36625230, Gradient norm: 0.37390708
INFO:root:At the start of the epoch: mem (CPU python)=10656.36328125MB; mem (CPU total)=28960.04296875MB
INFO:root:[  123] Training loss: 0.35918648, Validation loss: 0.36722404, Gradient norm: 0.36753023
INFO:root:At the start of the epoch: mem (CPU python)=10677.7734375MB; mem (CPU total)=29023.578125MB
INFO:root:[  124] Training loss: 0.35896885, Validation loss: 0.36756194, Gradient norm: 0.37836269
INFO:root:At the start of the epoch: mem (CPU python)=10699.0546875MB; mem (CPU total)=29088.0625MB
INFO:root:[  125] Training loss: 0.35824317, Validation loss: 0.36593088, Gradient norm: 0.33916684
INFO:root:At the start of the epoch: mem (CPU python)=10720.21875MB; mem (CPU total)=29152.80078125MB
INFO:root:[  126] Training loss: 0.35854058, Validation loss: 0.36623707, Gradient norm: 0.36825647
INFO:root:At the start of the epoch: mem (CPU python)=10741.578125MB; mem (CPU total)=29219.015625MB
INFO:root:[  127] Training loss: 0.35773369, Validation loss: 0.36626981, Gradient norm: 0.35571631
INFO:root:At the start of the epoch: mem (CPU python)=10763.0703125MB; mem (CPU total)=29283.47265625MB
INFO:root:[  128] Training loss: 0.35772127, Validation loss: 0.36460596, Gradient norm: 0.36243433
INFO:root:At the start of the epoch: mem (CPU python)=10784.83984375MB; mem (CPU total)=29348.45703125MB
INFO:root:[  129] Training loss: 0.35745463, Validation loss: 0.36643489, Gradient norm: 0.34237372
INFO:root:At the start of the epoch: mem (CPU python)=10806.00390625MB; mem (CPU total)=29413.1953125MB
INFO:root:[  130] Training loss: 0.35762860, Validation loss: 0.36729643, Gradient norm: 0.37761331
INFO:root:At the start of the epoch: mem (CPU python)=10827.54296875MB; mem (CPU total)=29478.17578125MB
INFO:root:[  131] Training loss: 0.35686779, Validation loss: 0.36603064, Gradient norm: 0.35674805
INFO:root:At the start of the epoch: mem (CPU python)=10849.15234375MB; mem (CPU total)=29544.42578125MB
INFO:root:[  132] Training loss: 0.35754205, Validation loss: 0.36750125, Gradient norm: 0.38303086
INFO:root:At the start of the epoch: mem (CPU python)=10870.31640625MB; mem (CPU total)=29609.3984375MB
INFO:root:[  133] Training loss: 0.35703012, Validation loss: 0.36369434, Gradient norm: 0.38016875
INFO:root:At the start of the epoch: mem (CPU python)=10891.78515625MB; mem (CPU total)=29672.66015625MB
INFO:root:[  134] Training loss: 0.35657233, Validation loss: 0.36571086, Gradient norm: 0.35610253
INFO:root:At the start of the epoch: mem (CPU python)=10912.953125MB; mem (CPU total)=29736.9140625MB
INFO:root:[  135] Training loss: 0.35628279, Validation loss: 0.36446398, Gradient norm: 0.37234217
INFO:root:At the start of the epoch: mem (CPU python)=10934.48828125MB; mem (CPU total)=29801.640625MB
INFO:root:[  136] Training loss: 0.35601889, Validation loss: 0.36483466, Gradient norm: 0.36329651
INFO:root:At the start of the epoch: mem (CPU python)=10955.65234375MB; mem (CPU total)=29857.828125MB
INFO:root:[  137] Training loss: 0.35598799, Validation loss: 0.36386960, Gradient norm: 0.36976889
INFO:root:At the start of the epoch: mem (CPU python)=10976.8984375MB; mem (CPU total)=29914.19921875MB
INFO:root:[  138] Training loss: 0.35571949, Validation loss: 0.36500275, Gradient norm: 0.35513814
INFO:root:At the start of the epoch: mem (CPU python)=10998.35546875MB; mem (CPU total)=29971.3046875MB
INFO:root:[  139] Training loss: 0.35540641, Validation loss: 0.36266908, Gradient norm: 0.38136469
INFO:root:At the start of the epoch: mem (CPU python)=11019.5234375MB; mem (CPU total)=30026.96875MB
INFO:root:[  140] Training loss: 0.35483172, Validation loss: 0.36329453, Gradient norm: 0.35574980
INFO:root:At the start of the epoch: mem (CPU python)=11040.6875MB; mem (CPU total)=30082.5703125MB
INFO:root:[  141] Training loss: 0.35499158, Validation loss: 0.36345897, Gradient norm: 0.37945459
INFO:root:At the start of the epoch: mem (CPU python)=11061.84765625MB; mem (CPU total)=30139.921875MB
INFO:root:[  142] Training loss: 0.35468759, Validation loss: 0.36556239, Gradient norm: 0.35931566
INFO:root:At the start of the epoch: mem (CPU python)=11086.0078125MB; mem (CPU total)=30198.19140625MB
INFO:root:[  143] Training loss: 0.35496260, Validation loss: 0.36460189, Gradient norm: 0.37968015
INFO:root:At the start of the epoch: mem (CPU python)=11107.171875MB; mem (CPU total)=30255.79296875MB
INFO:root:[  144] Training loss: 0.35422419, Validation loss: 0.36423401, Gradient norm: 0.36047622
INFO:root:At the start of the epoch: mem (CPU python)=11128.3359375MB; mem (CPU total)=30313.6328125MB
INFO:root:[  145] Training loss: 0.35400543, Validation loss: 0.36275887, Gradient norm: 0.36746669
INFO:root:At the start of the epoch: mem (CPU python)=11149.5078125MB; mem (CPU total)=30369.01953125MB
INFO:root:Learning rate reduced to: 0.0025
INFO:root:[  146] Training loss: 0.35370258, Validation loss: 0.36065611, Gradient norm: 0.36413812
INFO:root:At the start of the epoch: mem (CPU python)=11170.671875MB; mem (CPU total)=30426.125MB
INFO:root:[  147] Training loss: 0.34800220, Validation loss: 0.35809994, Gradient norm: 0.20196232
INFO:root:At the start of the epoch: mem (CPU python)=11191.8359375MB; mem (CPU total)=30485.046875MB
INFO:root:[  148] Training loss: 0.34749702, Validation loss: 0.35821074, Gradient norm: 0.21005481
INFO:root:At the start of the epoch: mem (CPU python)=11213.0MB; mem (CPU total)=30539.84765625MB
INFO:root:[  149] Training loss: 0.34753738, Validation loss: 0.35706465, Gradient norm: 0.21557184
INFO:root:At the start of the epoch: mem (CPU python)=11234.1640625MB; mem (CPU total)=30597.44921875MB
INFO:root:[  150] Training loss: 0.34726389, Validation loss: 0.35768760, Gradient norm: 0.21616324
INFO:root:At the start of the epoch: mem (CPU python)=11255.55078125MB; mem (CPU total)=30656.55859375MB
INFO:root:[  151] Training loss: 0.34722582, Validation loss: 0.35697713, Gradient norm: 0.25011233
INFO:root:At the start of the epoch: mem (CPU python)=11276.71875MB; mem (CPU total)=30710.95703125MB
INFO:root:[  152] Training loss: 0.34720925, Validation loss: 0.35714037, Gradient norm: 0.23647602
INFO:root:At the start of the epoch: mem (CPU python)=11298.20703125MB; mem (CPU total)=30766.05078125MB
INFO:root:[  153] Training loss: 0.34720932, Validation loss: 0.35734034, Gradient norm: 0.29992577
INFO:root:At the start of the epoch: mem (CPU python)=11319.5703125MB; mem (CPU total)=30823.40625MB
INFO:root:[  154] Training loss: 0.34710480, Validation loss: 0.35645038, Gradient norm: 0.26856249
INFO:root:At the start of the epoch: mem (CPU python)=11340.734375MB; mem (CPU total)=30875.796875MB
INFO:root:[  155] Training loss: 0.34721801, Validation loss: 0.35648684, Gradient norm: 0.27582228
INFO:root:At the start of the epoch: mem (CPU python)=11361.8984375MB; mem (CPU total)=30931.890625MB
INFO:root:[  156] Training loss: 0.34715643, Validation loss: 0.35773099, Gradient norm: 0.27767907
INFO:root:At the start of the epoch: mem (CPU python)=11383.171875MB; mem (CPU total)=30990.08984375MB
INFO:root:[  157] Training loss: 0.34688045, Validation loss: 0.35675710, Gradient norm: 0.31228093
INFO:root:At the start of the epoch: mem (CPU python)=11402.12890625MB; mem (CPU total)=31044.23828125MB
INFO:root:[  158] Training loss: 0.34669951, Validation loss: 0.35677227, Gradient norm: 0.27858965
INFO:root:At the start of the epoch: mem (CPU python)=11424.70703125MB; mem (CPU total)=31100.30078125MB
INFO:root:[  159] Training loss: 0.34654571, Validation loss: 0.35648315, Gradient norm: 0.28985971
INFO:root:At the start of the epoch: mem (CPU python)=11446.296875MB; mem (CPU total)=31158.8515625MB
INFO:root:[  160] Training loss: 0.34617653, Validation loss: 0.35632465, Gradient norm: 0.28081901
INFO:root:At the start of the epoch: mem (CPU python)=11467.1953125MB; mem (CPU total)=31213.61328125MB
INFO:root:[  161] Training loss: 0.34618599, Validation loss: 0.35724110, Gradient norm: 0.29817110
INFO:root:At the start of the epoch: mem (CPU python)=11488.87890625MB; mem (CPU total)=31267.95703125MB
INFO:root:[  162] Training loss: 0.34613214, Validation loss: 0.35562199, Gradient norm: 0.29465477
INFO:root:At the start of the epoch: mem (CPU python)=11510.453125MB; mem (CPU total)=31327.10546875MB
INFO:root:[  163] Training loss: 0.34587206, Validation loss: 0.35617472, Gradient norm: 0.28754228
INFO:root:At the start of the epoch: mem (CPU python)=11530.94140625MB; mem (CPU total)=31382.12109375MB
INFO:root:[  164] Training loss: 0.34594987, Validation loss: 0.35707205, Gradient norm: 0.29048365
INFO:root:At the start of the epoch: mem (CPU python)=11553.06640625MB; mem (CPU total)=31435.5703125MB
INFO:root:[  165] Training loss: 0.34615525, Validation loss: 0.35596392, Gradient norm: 0.33728413
INFO:root:At the start of the epoch: mem (CPU python)=11573.05859375MB; mem (CPU total)=31484.54296875MB
INFO:root:[  166] Training loss: 0.34560577, Validation loss: 0.35614239, Gradient norm: 0.30023175
INFO:root:At the start of the epoch: mem (CPU python)=11594.953125MB; mem (CPU total)=31532.0390625MB
INFO:root:[  167] Training loss: 0.34570992, Validation loss: 0.35567941, Gradient norm: 0.30929833
INFO:root:At the start of the epoch: mem (CPU python)=11616.53125MB; mem (CPU total)=31580.51953125MB
INFO:root:[  168] Training loss: 0.34537716, Validation loss: 0.35578146, Gradient norm: 0.26709671
INFO:root:At the start of the epoch: mem (CPU python)=11639.08203125MB; mem (CPU total)=31631.45703125MB
INFO:root:Learning rate reduced to: 0.00125
INFO:root:[  169] Training loss: 0.34529353, Validation loss: 0.35666682, Gradient norm: 0.29195923
INFO:root:At the start of the epoch: mem (CPU python)=11658.3984375MB; mem (CPU total)=31677.19921875MB
INFO:root:Learning rate reduced to: 0.000625
INFO:root:[  170] Training loss: 0.34246670, Validation loss: 0.35321508, Gradient norm: 0.18479444
INFO:root:At the start of the epoch: mem (CPU python)=11680.58984375MB; mem (CPU total)=31728.41796875MB
INFO:root:[  171] Training loss: 0.34127984, Validation loss: 0.35274739, Gradient norm: 0.12753415
INFO:root:At the start of the epoch: mem (CPU python)=11700.78125MB; mem (CPU total)=31774.0078125MB
INFO:root:[  172] Training loss: 0.34093394, Validation loss: 0.35267876, Gradient norm: 0.14079149
INFO:root:At the start of the epoch: mem (CPU python)=11723.1015625MB; mem (CPU total)=31822.98046875MB
INFO:root:[  173] Training loss: 0.34093459, Validation loss: 0.35289757, Gradient norm: 0.13848645
INFO:root:At the start of the epoch: mem (CPU python)=11744.16015625MB; mem (CPU total)=31871.703125MB
INFO:root:[  174] Training loss: 0.34067279, Validation loss: 0.35234148, Gradient norm: 0.14188817
INFO:root:At the start of the epoch: mem (CPU python)=11764.8984375MB; mem (CPU total)=31919.4453125MB
INFO:root:[  175] Training loss: 0.34061978, Validation loss: 0.35294995, Gradient norm: 0.13935929
INFO:root:At the start of the epoch: mem (CPU python)=11786.39453125MB; mem (CPU total)=31969.984375MB
INFO:root:[  176] Training loss: 0.34083798, Validation loss: 0.35303530, Gradient norm: 0.15201020
INFO:root:At the start of the epoch: mem (CPU python)=11806.73046875MB; mem (CPU total)=32016.15234375MB
INFO:root:[  177] Training loss: 0.34057965, Validation loss: 0.35289933, Gradient norm: 0.15481104
INFO:root:At the start of the epoch: mem (CPU python)=11829.05078125MB; mem (CPU total)=32063.7109375MB
INFO:root:[  178] Training loss: 0.34055533, Validation loss: 0.35258457, Gradient norm: 0.14986646
INFO:root:At the start of the epoch: mem (CPU python)=11851.6015625MB; mem (CPU total)=32116.12890625MB
INFO:root:[  179] Training loss: 0.34057383, Validation loss: 0.35245046, Gradient norm: 0.16613561
INFO:root:At the start of the epoch: mem (CPU python)=11873.2265625MB; mem (CPU total)=32165.6328125MB
INFO:root:[  180] Training loss: 0.34051944, Validation loss: 0.35268489, Gradient norm: 0.15353694
INFO:root:At the start of the epoch: mem (CPU python)=11894.38671875MB; mem (CPU total)=32213.1171875MB
INFO:root:Learning rate reduced to: 0.0003125
INFO:root:[  181] Training loss: 0.34038280, Validation loss: 0.35250274, Gradient norm: 0.16989108
INFO:root:At the start of the epoch: mem (CPU python)=11915.64453125MB; mem (CPU total)=32263.8125MB
INFO:root:Learning rate reduced to: 0.00015625
INFO:root:[  182] Training loss: 0.33990937, Validation loss: 0.35163990, Gradient norm: 0.12039076
INFO:root:At the start of the epoch: mem (CPU python)=11937.09375MB; mem (CPU total)=32312.046875MB
INFO:root:[  183] Training loss: 0.33928762, Validation loss: 0.35193274, Gradient norm: 0.10652766
INFO:root:At the start of the epoch: mem (CPU python)=11958.2578125MB; mem (CPU total)=32362.46484375MB
INFO:root:[  184] Training loss: 0.33944746, Validation loss: 0.35226882, Gradient norm: 0.10691235
INFO:root:At the start of the epoch: mem (CPU python)=11979.42578125MB; mem (CPU total)=32409.9296875MB
INFO:root:[  185] Training loss: 0.33919402, Validation loss: 0.35140779, Gradient norm: 0.10861645
INFO:root:At the start of the epoch: mem (CPU python)=12001.58203125MB; mem (CPU total)=32459.83984375MB
INFO:root:[  186] Training loss: 0.33933768, Validation loss: 0.35200736, Gradient norm: 0.11254677
INFO:root:At the start of the epoch: mem (CPU python)=12022.74609375MB; mem (CPU total)=32508.56640625MB
INFO:root:[  187] Training loss: 0.33911902, Validation loss: 0.35218797, Gradient norm: 0.10494496
INFO:root:At the start of the epoch: mem (CPU python)=12044.41796875MB; mem (CPU total)=32557.5390625MB
INFO:root:[  188] Training loss: 0.33931607, Validation loss: 0.35200935, Gradient norm: 0.11438491
INFO:root:At the start of the epoch: mem (CPU python)=12065.58203125MB; mem (CPU total)=32605.98828125MB
INFO:root:[  189] Training loss: 0.33918473, Validation loss: 0.35213104, Gradient norm: 0.10688675
INFO:root:At the start of the epoch: mem (CPU python)=12086.7421875MB; mem (CPU total)=32654.76171875MB
INFO:root:[  190] Training loss: 0.33931769, Validation loss: 0.35170148, Gradient norm: 0.11235432
INFO:root:At the start of the epoch: mem (CPU python)=12107.91015625MB; mem (CPU total)=32704.47265625MB
INFO:root:[  191] Training loss: 0.33930584, Validation loss: 0.35225100, Gradient norm: 0.11450004
INFO:root:At the start of the epoch: mem (CPU python)=12129.07421875MB; mem (CPU total)=32754.91796875MB
INFO:root:Learning rate reduced to: 7.8125e-05
INFO:root:[  192] Training loss: 0.33918694, Validation loss: 0.35222496, Gradient norm: 0.11400274
INFO:root:At the start of the epoch: mem (CPU python)=12150.234375MB; mem (CPU total)=32801.4296875MB
INFO:root:[  193] Training loss: 0.33875984, Validation loss: 0.35148113, Gradient norm: 0.09925187
INFO:root:At the start of the epoch: mem (CPU python)=12171.40234375MB; mem (CPU total)=32852.3671875MB
INFO:root:[  194] Training loss: 0.33900708, Validation loss: 0.35181307, Gradient norm: 0.10259047
INFO:root:At the start of the epoch: mem (CPU python)=12192.56640625MB; mem (CPU total)=32898.39453125MB
INFO:root:EP 194: Early stopping
INFO:root:Training for autoregressive step 2 starts now.
INFO:root:Learning rate reduced to: [3.90625e-05]
INFO:root:At the start of the epoch: mem (CPU python)=12214.10546875MB; mem (CPU total)=32946.13671875MB
INFO:root:[  196] Training loss: 0.42011656, Validation loss: 0.42848912, Gradient norm: 0.20566822
INFO:root:At the start of the epoch: mem (CPU python)=12218.38671875MB; mem (CPU total)=32995.1875MB
INFO:root:[  197] Training loss: 0.41807386, Validation loss: 0.42740863, Gradient norm: 0.17919352
INFO:root:At the start of the epoch: mem (CPU python)=12239.55078125MB; mem (CPU total)=33058.39453125MB
INFO:root:[  198] Training loss: 0.41753734, Validation loss: 0.42718652, Gradient norm: 0.17828479
INFO:root:At the start of the epoch: mem (CPU python)=12260.71484375MB; mem (CPU total)=33121.5625MB
INFO:root:[  199] Training loss: 0.41677454, Validation loss: 0.42657572, Gradient norm: 0.17274692
INFO:root:At the start of the epoch: mem (CPU python)=12281.875MB; mem (CPU total)=33184.5234375MB
INFO:root:[  200] Training loss: 0.41653772, Validation loss: 0.42645421, Gradient norm: 0.16362577
INFO:root:At the start of the epoch: mem (CPU python)=12303.0390625MB; mem (CPU total)=33247.34765625MB
INFO:root:[  201] Training loss: 0.41621176, Validation loss: 0.42637752, Gradient norm: 0.16952981
INFO:root:At the start of the epoch: mem (CPU python)=12324.20703125MB; mem (CPU total)=33311.6015625MB
INFO:root:[  202] Training loss: 0.41601370, Validation loss: 0.42609534, Gradient norm: 0.16660618
INFO:root:At the start of the epoch: mem (CPU python)=12345.37109375MB; mem (CPU total)=33375.3515625MB
INFO:root:[  203] Training loss: 0.41594879, Validation loss: 0.42511781, Gradient norm: 0.17262935
INFO:root:At the start of the epoch: mem (CPU python)=12366.53515625MB; mem (CPU total)=33437.63671875MB
INFO:root:[  204] Training loss: 0.41571316, Validation loss: 0.42554426, Gradient norm: 0.16820962
INFO:root:At the start of the epoch: mem (CPU python)=12387.69921875MB; mem (CPU total)=33500.1953125MB
INFO:root:[  205] Training loss: 0.41544934, Validation loss: 0.42503708, Gradient norm: 0.16621341
INFO:root:At the start of the epoch: mem (CPU python)=12408.86328125MB; mem (CPU total)=33563.21484375MB
INFO:root:[  206] Training loss: 0.41501248, Validation loss: 0.42557866, Gradient norm: 0.17163893
INFO:root:At the start of the epoch: mem (CPU python)=12430.02734375MB; mem (CPU total)=33627.46484375MB
INFO:root:[  207] Training loss: 0.41493468, Validation loss: 0.42494288, Gradient norm: 0.16247042
INFO:root:At the start of the epoch: mem (CPU python)=12451.1953125MB; mem (CPU total)=33692.2109375MB
INFO:root:[  208] Training loss: 0.41494127, Validation loss: 0.42454763, Gradient norm: 0.16639158
INFO:root:At the start of the epoch: mem (CPU python)=12472.35546875MB; mem (CPU total)=33755.7578125MB
INFO:root:[  209] Training loss: 0.41465512, Validation loss: 0.42480381, Gradient norm: 0.15618408
INFO:root:At the start of the epoch: mem (CPU python)=12493.515625MB; mem (CPU total)=33818.2890625MB
INFO:root:[  210] Training loss: 0.41475902, Validation loss: 0.42431138, Gradient norm: 0.15573108
INFO:root:At the start of the epoch: mem (CPU python)=12514.6796875MB; mem (CPU total)=33881.48046875MB
INFO:root:[  211] Training loss: 0.41444052, Validation loss: 0.42441890, Gradient norm: 0.17258454
INFO:root:At the start of the epoch: mem (CPU python)=12535.84375MB; mem (CPU total)=33944.703125MB
INFO:root:[  212] Training loss: 0.41418786, Validation loss: 0.42447463, Gradient norm: 0.15924978
INFO:root:At the start of the epoch: mem (CPU python)=12557.01171875MB; mem (CPU total)=34009.47265625MB
INFO:root:[  213] Training loss: 0.41436955, Validation loss: 0.42385644, Gradient norm: 0.16495055
INFO:root:At the start of the epoch: mem (CPU python)=12578.17578125MB; mem (CPU total)=34073.26171875MB
INFO:root:[  214] Training loss: 0.41409460, Validation loss: 0.42379024, Gradient norm: 0.16575768
INFO:root:At the start of the epoch: mem (CPU python)=12599.33984375MB; mem (CPU total)=34137.23828125MB
INFO:root:[  215] Training loss: 0.41407780, Validation loss: 0.42396473, Gradient norm: 0.16040346
INFO:root:At the start of the epoch: mem (CPU python)=12620.50390625MB; mem (CPU total)=34200.07421875MB
INFO:root:[  216] Training loss: 0.41414231, Validation loss: 0.42379164, Gradient norm: 0.15866017
INFO:root:At the start of the epoch: mem (CPU python)=12641.66796875MB; mem (CPU total)=34263.73828125MB
INFO:root:[  217] Training loss: 0.41407337, Validation loss: 0.42375999, Gradient norm: 0.16112847
INFO:root:At the start of the epoch: mem (CPU python)=12662.83203125MB; mem (CPU total)=34327.7421875MB
INFO:root:[  218] Training loss: 0.41367203, Validation loss: 0.42398504, Gradient norm: 0.16455887
INFO:root:At the start of the epoch: mem (CPU python)=12683.9921875MB; mem (CPU total)=34391.0390625MB
INFO:root:[  219] Training loss: 0.41381111, Validation loss: 0.42397955, Gradient norm: 0.17086939
INFO:root:At the start of the epoch: mem (CPU python)=12705.16015625MB; mem (CPU total)=34455.5078125MB
INFO:root:[  220] Training loss: 0.41377820, Validation loss: 0.42343753, Gradient norm: 0.16895464
INFO:root:At the start of the epoch: mem (CPU python)=12726.32421875MB; mem (CPU total)=34519.23828125MB
INFO:root:[  221] Training loss: 0.41363849, Validation loss: 0.42312445, Gradient norm: 0.15867501
INFO:root:At the start of the epoch: mem (CPU python)=12747.48828125MB; mem (CPU total)=34584.2578125MB
INFO:root:[  222] Training loss: 0.41335297, Validation loss: 0.42359886, Gradient norm: 0.16250927
INFO:root:At the start of the epoch: mem (CPU python)=12768.65234375MB; mem (CPU total)=34649.0MB
INFO:root:[  223] Training loss: 0.41347022, Validation loss: 0.42373640, Gradient norm: 0.15999531
INFO:root:At the start of the epoch: mem (CPU python)=12789.81640625MB; mem (CPU total)=34714.57421875MB
INFO:root:[  224] Training loss: 0.41330174, Validation loss: 0.42346062, Gradient norm: 0.16721209
INFO:root:At the start of the epoch: mem (CPU python)=12810.98828125MB; mem (CPU total)=34779.203125MB
INFO:root:[  225] Training loss: 0.41313841, Validation loss: 0.42316587, Gradient norm: 0.16125936
INFO:root:At the start of the epoch: mem (CPU python)=12832.15234375MB; mem (CPU total)=34784.828125MB
INFO:root:[  226] Training loss: 0.41316095, Validation loss: 0.42286131, Gradient norm: 0.15352011
INFO:root:At the start of the epoch: mem (CPU python)=12853.3125MB; mem (CPU total)=34826.6875MB
INFO:root:[  227] Training loss: 0.41323695, Validation loss: 0.42308717, Gradient norm: 0.15903618
INFO:root:At the start of the epoch: mem (CPU python)=12874.47265625MB; mem (CPU total)=34868.30078125MB
INFO:root:[  228] Training loss: 0.41328628, Validation loss: 0.42291967, Gradient norm: 0.16810488
INFO:root:At the start of the epoch: mem (CPU python)=12895.63671875MB; mem (CPU total)=34909.55859375MB
INFO:root:[  229] Training loss: 0.41305616, Validation loss: 0.42290482, Gradient norm: 0.16700249
INFO:root:At the start of the epoch: mem (CPU python)=12916.80078125MB; mem (CPU total)=34952.40234375MB
INFO:root:[  230] Training loss: 0.41295226, Validation loss: 0.42273975, Gradient norm: 0.16131125
INFO:root:At the start of the epoch: mem (CPU python)=12937.96875MB; mem (CPU total)=34995.00390625MB
INFO:root:[  231] Training loss: 0.41282778, Validation loss: 0.42292466, Gradient norm: 0.16071863
INFO:root:At the start of the epoch: mem (CPU python)=12959.1328125MB; mem (CPU total)=35038.078125MB
INFO:root:[  232] Training loss: 0.41301834, Validation loss: 0.42302760, Gradient norm: 0.16004309
INFO:root:At the start of the epoch: mem (CPU python)=12980.296875MB; mem (CPU total)=35080.62890625MB
INFO:root:[  233] Training loss: 0.41279177, Validation loss: 0.42239294, Gradient norm: 0.15907828
INFO:root:At the start of the epoch: mem (CPU python)=13001.4609375MB; mem (CPU total)=35184.1875MB
INFO:root:[  234] Training loss: 0.41277839, Validation loss: 0.42244718, Gradient norm: 0.16982681
INFO:root:At the start of the epoch: mem (CPU python)=13022.625MB; mem (CPU total)=35259.3046875MB
INFO:root:[  235] Training loss: 0.41277414, Validation loss: 0.42275617, Gradient norm: 0.16553396
INFO:root:At the start of the epoch: mem (CPU python)=13043.7890625MB; mem (CPU total)=35331.78515625MB
INFO:root:[  236] Training loss: 0.41285556, Validation loss: 0.42219233, Gradient norm: 0.16791540
INFO:root:At the start of the epoch: mem (CPU python)=13064.95703125MB; mem (CPU total)=35407.66015625MB
INFO:root:[  237] Training loss: 0.41277312, Validation loss: 0.42295543, Gradient norm: 0.16025295
INFO:root:At the start of the epoch: mem (CPU python)=13086.1171875MB; mem (CPU total)=35484.91796875MB
INFO:root:[  238] Training loss: 0.41265350, Validation loss: 0.42286922, Gradient norm: 0.16791386
INFO:root:At the start of the epoch: mem (CPU python)=13107.28125MB; mem (CPU total)=35560.40234375MB
INFO:root:[  239] Training loss: 0.41256730, Validation loss: 0.42287224, Gradient norm: 0.15423903
INFO:root:At the start of the epoch: mem (CPU python)=13128.4453125MB; mem (CPU total)=35638.1328125MB
INFO:root:[  240] Training loss: 0.41253632, Validation loss: 0.42287394, Gradient norm: 0.16439149
INFO:root:At the start of the epoch: mem (CPU python)=13149.609375MB; mem (CPU total)=35711.74609375MB
INFO:root:[  241] Training loss: 0.41271605, Validation loss: 0.42233873, Gradient norm: 0.15989745
INFO:root:At the start of the epoch: mem (CPU python)=13170.7734375MB; mem (CPU total)=35787.54296875MB
INFO:root:[  242] Training loss: 0.41250818, Validation loss: 0.42215096, Gradient norm: 0.16291547
INFO:root:At the start of the epoch: mem (CPU python)=13191.94140625MB; mem (CPU total)=35870.1640625MB
INFO:root:[  243] Training loss: 0.41255180, Validation loss: 0.42289049, Gradient norm: 0.16880558
INFO:root:At the start of the epoch: mem (CPU python)=13213.1015625MB; mem (CPU total)=35937.96484375MB
INFO:root:[  244] Training loss: 0.41254798, Validation loss: 0.42214886, Gradient norm: 0.16504200
INFO:root:At the start of the epoch: mem (CPU python)=13234.265625MB; mem (CPU total)=36011.484375MB
INFO:root:[  245] Training loss: 0.41227289, Validation loss: 0.42242922, Gradient norm: 0.16186923
INFO:root:At the start of the epoch: mem (CPU python)=13255.4296875MB; mem (CPU total)=36086.7109375MB
INFO:root:[  246] Training loss: 0.41235972, Validation loss: 0.42229858, Gradient norm: 0.15468030
INFO:root:At the start of the epoch: mem (CPU python)=13276.58984375MB; mem (CPU total)=36163.24609375MB
INFO:root:[  247] Training loss: 0.41232525, Validation loss: 0.42208856, Gradient norm: 0.16055513
INFO:root:At the start of the epoch: mem (CPU python)=13297.7578125MB; mem (CPU total)=36244.22265625MB
INFO:root:[  248] Training loss: 0.41228374, Validation loss: 0.42229932, Gradient norm: 0.16620060
INFO:root:At the start of the epoch: mem (CPU python)=13318.921875MB; mem (CPU total)=36315.09765625MB
INFO:root:[  249] Training loss: 0.41204006, Validation loss: 0.42186138, Gradient norm: 0.16146972
INFO:root:At the start of the epoch: mem (CPU python)=13340.0859375MB; mem (CPU total)=36387.97265625MB
INFO:root:[  250] Training loss: 0.41204102, Validation loss: 0.42241227, Gradient norm: 0.16355954
INFO:root:At the start of the epoch: mem (CPU python)=13361.25MB; mem (CPU total)=36471.2578125MB
INFO:root:[  251] Training loss: 0.41211749, Validation loss: 0.42206437, Gradient norm: 0.16296170
INFO:root:At the start of the epoch: mem (CPU python)=13382.4140625MB; mem (CPU total)=36539.65625MB
INFO:root:[  252] Training loss: 0.41205228, Validation loss: 0.42187446, Gradient norm: 0.16160465
INFO:root:At the start of the epoch: mem (CPU python)=13403.578125MB; mem (CPU total)=36620.34375MB
INFO:root:[  253] Training loss: 0.41196519, Validation loss: 0.42194241, Gradient norm: 0.15727376
INFO:root:At the start of the epoch: mem (CPU python)=13424.74609375MB; mem (CPU total)=36692.19921875MB
INFO:root:[  254] Training loss: 0.41212532, Validation loss: 0.42205927, Gradient norm: 0.16167918
INFO:root:At the start of the epoch: mem (CPU python)=13445.91015625MB; mem (CPU total)=36766.7109375MB
INFO:root:[  255] Training loss: 0.41234322, Validation loss: 0.42221760, Gradient norm: 0.15531373
INFO:root:At the start of the epoch: mem (CPU python)=13467.0703125MB; mem (CPU total)=36852.09375MB
INFO:root:[  256] Training loss: 0.41178595, Validation loss: 0.42159234, Gradient norm: 0.17346884
INFO:root:At the start of the epoch: mem (CPU python)=13488.234375MB; mem (CPU total)=36918.19140625MB
INFO:root:[  257] Training loss: 0.41196865, Validation loss: 0.42218274, Gradient norm: 0.15228281
INFO:root:At the start of the epoch: mem (CPU python)=13509.3984375MB; mem (CPU total)=36996.94140625MB
INFO:root:[  258] Training loss: 0.41197175, Validation loss: 0.42263218, Gradient norm: 0.15684756
INFO:root:At the start of the epoch: mem (CPU python)=13530.5625MB; mem (CPU total)=37071.91015625MB
INFO:root:[  259] Training loss: 0.41204347, Validation loss: 0.42178039, Gradient norm: 0.17268066
INFO:root:At the start of the epoch: mem (CPU python)=13551.73046875MB; mem (CPU total)=37147.69921875MB
INFO:root:[  260] Training loss: 0.41179179, Validation loss: 0.42150614, Gradient norm: 0.16416692
INFO:root:At the start of the epoch: mem (CPU python)=13572.89453125MB; mem (CPU total)=37231.5078125MB
INFO:root:[  261] Training loss: 0.41196034, Validation loss: 0.42163658, Gradient norm: 0.16055721
INFO:root:At the start of the epoch: mem (CPU python)=13594.0546875MB; mem (CPU total)=37300.19140625MB
INFO:root:[  262] Training loss: 0.41178474, Validation loss: 0.42170960, Gradient norm: 0.15750174
INFO:root:At the start of the epoch: mem (CPU python)=13615.21875MB; mem (CPU total)=37378.1875MB
INFO:root:[  263] Training loss: 0.41168241, Validation loss: 0.42154746, Gradient norm: 0.16291302
INFO:root:At the start of the epoch: mem (CPU python)=13636.3828125MB; mem (CPU total)=37457.3046875MB
INFO:root:[  264] Training loss: 0.41180881, Validation loss: 0.42195689, Gradient norm: 0.16024864
INFO:root:At the start of the epoch: mem (CPU python)=13657.55078125MB; mem (CPU total)=37533.609375MB
INFO:root:[  265] Training loss: 0.41181923, Validation loss: 0.42200033, Gradient norm: 0.16832969
INFO:root:At the start of the epoch: mem (CPU python)=13678.71484375MB; mem (CPU total)=37613.28125MB
INFO:root:[  266] Training loss: 0.41162247, Validation loss: 0.42092471, Gradient norm: 0.16374307
INFO:root:At the start of the epoch: mem (CPU python)=13699.87890625MB; mem (CPU total)=37687.1328125MB
INFO:root:[  267] Training loss: 0.41178818, Validation loss: 0.42152008, Gradient norm: 0.16562971
INFO:root:At the start of the epoch: mem (CPU python)=13721.04296875MB; mem (CPU total)=37761.4765625MB
INFO:root:[  268] Training loss: 0.41182034, Validation loss: 0.42188881, Gradient norm: 0.15818256
INFO:root:At the start of the epoch: mem (CPU python)=13742.20703125MB; mem (CPU total)=37839.51171875MB
INFO:root:[  269] Training loss: 0.41176561, Validation loss: 0.42173511, Gradient norm: 0.17162900
INFO:root:At the start of the epoch: mem (CPU python)=13763.37109375MB; mem (CPU total)=37913.484375MB
INFO:root:[  270] Training loss: 0.41158925, Validation loss: 0.42148791, Gradient norm: 0.16251993
INFO:root:At the start of the epoch: mem (CPU python)=13784.5390625MB; mem (CPU total)=37992.8046875MB
INFO:root:[  271] Training loss: 0.41174692, Validation loss: 0.42122701, Gradient norm: 0.16785082
INFO:root:At the start of the epoch: mem (CPU python)=13805.703125MB; mem (CPU total)=38067.25MB
INFO:root:[  272] Training loss: 0.41155446, Validation loss: 0.42185166, Gradient norm: 0.16079659
INFO:root:At the start of the epoch: mem (CPU python)=13826.8671875MB; mem (CPU total)=38141.90234375MB
INFO:root:[  273] Training loss: 0.41158037, Validation loss: 0.42143657, Gradient norm: 0.16264354
INFO:root:At the start of the epoch: mem (CPU python)=13848.03125MB; mem (CPU total)=38220.671875MB
INFO:root:[  274] Training loss: 0.41143553, Validation loss: 0.42144030, Gradient norm: 0.15946576
INFO:root:At the start of the epoch: mem (CPU python)=13869.1953125MB; mem (CPU total)=38294.5390625MB
INFO:root:[  275] Training loss: 0.41153112, Validation loss: 0.42123375, Gradient norm: 0.16615181
INFO:root:At the start of the epoch: mem (CPU python)=13890.359375MB; mem (CPU total)=38372.5703125MB
INFO:root:EP 275: Early stopping
INFO:root:After finishing all epochs: mem (CPU python)=13911.41015625MB; mem (CPU total)=38437.8203125MB
INFO:root:Training the model took 12068.759s.
INFO:root:Emptying the cuda cache took 0.015s.
INFO:root:Starting evaluation: model SFNO & uncertainty quantification dropout
INFO:root:Evaluating the model on Validation data.
INFO:root:MSEValidation: 0.46087
INFO:root:EnergyScoreValidation: 0.37339
INFO:root:CRPSValidation: 0.14544
INFO:root:Gaussian NLLValidation: 1.91822
INFO:root:CoverageValidation: 0.55188
INFO:root:IntervalWidthValidation: 0.32339
INFO:root:Evaluating the model on Test data.
INFO:root:MSETest: 0.35224
INFO:root:EnergyScoreTest: 0.28844
INFO:root:CRPSTest: 0.11081
INFO:root:Gaussian NLLTest: 1.90687
INFO:root:CoverageTest: 0.5242
INFO:root:IntervalWidthTest: 0.22562
INFO:root:After validation: mem (CPU python)=13918.11328125MB; mem (CPU total)=38950.859375MB
INFO:root:###3 out of 3 training parameter combinations ###
INFO:root:Training parameters: {'seed': 123, 'model': 'SFNO', 'uncertainty_quantification': 'dropout', 'batch_size': 32, 'n_epochs': 1000, 'early_stopping': 10, 'init': 'default', 'learning_rate': 0.005, 'lr_schedule': 'step', 'optimizer': 'adam', 'gradient_clipping': 1, 'layer_normalization': True, 'data_loader_pin_memory': False, 'data_loader_num_workers': 0, 'distributed_training': False, 'alpha': 0.05, 'n_samples_uq': 100, 'weight_decay': 0, 'dropout': 0.01, 'fourier_dropout': None, 'hidden_channels': 32, 'projection_channels': 256, 'lifting_channels': 256, 'n_modes': (32, 32), 'n_samples': 3}
INFO:root:After creating the dataloaders: mem (CPU python)=13918.11328125MB; mem (CPU total)=38964.39453125MB
INFO:root:NumberParameters: 284835
INFO:root:GPU memory allocated: 159383552
INFO:root:After setting up the model: mem (CPU python)=13918.171875MB; mem (CPU total)=38964.39453125MB
INFO:root:Training starts now.
INFO:root:At the start of the epoch: mem (CPU python)=13918.3671875MB; mem (CPU total)=38972.515625MB
INFO:root:[    1] Training loss: 0.83609144, Validation loss: 0.73946858, Gradient norm: 0.49961589
INFO:root:At the start of the epoch: mem (CPU python)=13939.44140625MB; mem (CPU total)=39028.359375MB
INFO:root:[    2] Training loss: 0.73578922, Validation loss: 0.73430146, Gradient norm: 0.25478862
INFO:root:At the start of the epoch: mem (CPU python)=13960.62109375MB; mem (CPU total)=39085.20703125MB
INFO:root:[    3] Training loss: 0.72917966, Validation loss: 0.72127129, Gradient norm: 0.21483265
INFO:root:At the start of the epoch: mem (CPU python)=13981.796875MB; mem (CPU total)=39143.52734375MB
INFO:root:[    4] Training loss: 0.69964833, Validation loss: 0.66286076, Gradient norm: 0.29336800
INFO:root:At the start of the epoch: mem (CPU python)=14002.9609375MB; mem (CPU total)=39199.1171875MB
INFO:root:[    5] Training loss: 0.63039404, Validation loss: 0.60855266, Gradient norm: 0.36455701
INFO:root:At the start of the epoch: mem (CPU python)=14024.125MB; mem (CPU total)=39254.2734375MB
INFO:root:[    6] Training loss: 0.59486386, Validation loss: 0.58594779, Gradient norm: 0.32352124
INFO:root:At the start of the epoch: mem (CPU python)=14045.2890625MB; mem (CPU total)=39310.13671875MB
INFO:root:[    7] Training loss: 0.57122298, Validation loss: 0.55351226, Gradient norm: 0.33252149
INFO:root:At the start of the epoch: mem (CPU python)=14066.453125MB; mem (CPU total)=39364.75390625MB
INFO:root:[    8] Training loss: 0.54385130, Validation loss: 0.53509955, Gradient norm: 0.31645581
INFO:root:At the start of the epoch: mem (CPU python)=14087.61328125MB; mem (CPU total)=39421.63671875MB
INFO:root:[    9] Training loss: 0.52980048, Validation loss: 0.52378810, Gradient norm: 0.31430715
INFO:root:At the start of the epoch: mem (CPU python)=14108.77734375MB; mem (CPU total)=39475.7734375MB
INFO:root:[   10] Training loss: 0.51930680, Validation loss: 0.51496600, Gradient norm: 0.31707579
INFO:root:At the start of the epoch: mem (CPU python)=14129.9453125MB; mem (CPU total)=39558.96484375MB
INFO:root:[   11] Training loss: 0.51020821, Validation loss: 0.50812380, Gradient norm: 0.31994139
INFO:root:At the start of the epoch: mem (CPU python)=14151.109375MB; mem (CPU total)=39614.16796875MB
INFO:root:[   12] Training loss: 0.50186881, Validation loss: 0.50352028, Gradient norm: 0.33105322
INFO:root:At the start of the epoch: mem (CPU python)=14172.2734375MB; mem (CPU total)=39657.7578125MB
INFO:root:[   13] Training loss: 0.49011430, Validation loss: 0.48440406, Gradient norm: 0.31729246
INFO:root:At the start of the epoch: mem (CPU python)=14193.4375MB; mem (CPU total)=39702.0546875MB
INFO:root:[   14] Training loss: 0.47489777, Validation loss: 0.46835389, Gradient norm: 0.38767951
INFO:root:At the start of the epoch: mem (CPU python)=14214.6015625MB; mem (CPU total)=39745.60546875MB
INFO:root:[   15] Training loss: 0.46012321, Validation loss: 0.45503444, Gradient norm: 0.36088906
INFO:root:At the start of the epoch: mem (CPU python)=14235.765625MB; mem (CPU total)=39789.8828125MB
INFO:root:[   16] Training loss: 0.45152597, Validation loss: 0.44996372, Gradient norm: 0.37405811
INFO:root:At the start of the epoch: mem (CPU python)=14256.93359375MB; mem (CPU total)=39834.12109375MB
INFO:root:[   17] Training loss: 0.44466045, Validation loss: 0.44557803, Gradient norm: 0.34967848
INFO:root:At the start of the epoch: mem (CPU python)=14278.09375MB; mem (CPU total)=39878.4140625MB
INFO:root:[   18] Training loss: 0.44034436, Validation loss: 0.43956340, Gradient norm: 0.35680285
INFO:root:At the start of the epoch: mem (CPU python)=14299.2578125MB; mem (CPU total)=39923.65234375MB
INFO:root:[   19] Training loss: 0.43631802, Validation loss: 0.43537436, Gradient norm: 0.34377146
INFO:root:At the start of the epoch: mem (CPU python)=14320.421875MB; mem (CPU total)=39968.44140625MB
INFO:root:[   20] Training loss: 0.43214885, Validation loss: 0.43160223, Gradient norm: 0.32934274
INFO:root:At the start of the epoch: mem (CPU python)=14341.5859375MB; mem (CPU total)=40012.24609375MB
INFO:root:[   21] Training loss: 0.42905875, Validation loss: 0.42972480, Gradient norm: 0.34070633
INFO:root:At the start of the epoch: mem (CPU python)=14362.75MB; mem (CPU total)=40056.28125MB
INFO:root:[   22] Training loss: 0.42618527, Validation loss: 0.42641377, Gradient norm: 0.36128551
INFO:root:At the start of the epoch: mem (CPU python)=14383.9140625MB; mem (CPU total)=40100.09765625MB
INFO:root:[   23] Training loss: 0.42254473, Validation loss: 0.42424944, Gradient norm: 0.34837723
INFO:root:At the start of the epoch: mem (CPU python)=14405.078125MB; mem (CPU total)=40143.90234375MB
INFO:root:[   24] Training loss: 0.42065293, Validation loss: 0.42131205, Gradient norm: 0.37353721
INFO:root:At the start of the epoch: mem (CPU python)=14426.2421875MB; mem (CPU total)=40187.70703125MB
INFO:root:[   25] Training loss: 0.41651992, Validation loss: 0.41659370, Gradient norm: 0.31058778
INFO:root:At the start of the epoch: mem (CPU python)=14447.40625MB; mem (CPU total)=40231.45703125MB
INFO:root:[   26] Training loss: 0.41410134, Validation loss: 0.41617749, Gradient norm: 0.34003258
INFO:root:At the start of the epoch: mem (CPU python)=14468.5703125MB; mem (CPU total)=40275.37890625MB
INFO:root:[   27] Training loss: 0.41201591, Validation loss: 0.41350983, Gradient norm: 0.34015708
INFO:root:At the start of the epoch: mem (CPU python)=14489.734375MB; mem (CPU total)=40319.3984375MB
INFO:root:[   28] Training loss: 0.40991252, Validation loss: 0.41076662, Gradient norm: 0.35516141
INFO:root:At the start of the epoch: mem (CPU python)=14510.8984375MB; mem (CPU total)=40363.6953125MB
INFO:root:[   29] Training loss: 0.40774764, Validation loss: 0.40823021, Gradient norm: 0.33841255
INFO:root:At the start of the epoch: mem (CPU python)=14532.0625MB; mem (CPU total)=40407.98828125MB
INFO:root:[   30] Training loss: 0.40532268, Validation loss: 0.40560579, Gradient norm: 0.35586612
INFO:root:At the start of the epoch: mem (CPU python)=14553.2265625MB; mem (CPU total)=40452.73046875MB
INFO:root:[   31] Training loss: 0.40392728, Validation loss: 0.40752009, Gradient norm: 0.34104021
INFO:root:At the start of the epoch: mem (CPU python)=14574.390625MB; mem (CPU total)=40497.55078125MB
INFO:root:[   32] Training loss: 0.40257586, Validation loss: 0.40374309, Gradient norm: 0.34747508
INFO:root:At the start of the epoch: mem (CPU python)=14595.55859375MB; mem (CPU total)=40542.33984375MB
INFO:root:[   33] Training loss: 0.40176047, Validation loss: 0.40079280, Gradient norm: 0.37148042
INFO:root:At the start of the epoch: mem (CPU python)=14616.72265625MB; mem (CPU total)=40586.390625MB
INFO:root:[   34] Training loss: 0.39903394, Validation loss: 0.39971301, Gradient norm: 0.33016732
INFO:root:At the start of the epoch: mem (CPU python)=14637.88671875MB; mem (CPU total)=40629.2109375MB
INFO:root:[   35] Training loss: 0.39758937, Validation loss: 0.39870591, Gradient norm: 0.31474649
INFO:root:At the start of the epoch: mem (CPU python)=14659.06640625MB; mem (CPU total)=40673.95703125MB
INFO:root:[   36] Training loss: 0.39755242, Validation loss: 0.40035269, Gradient norm: 0.36538256
INFO:root:At the start of the epoch: mem (CPU python)=14680.2265625MB; mem (CPU total)=40717.0390625MB
INFO:root:[   37] Training loss: 0.39567303, Validation loss: 0.39654202, Gradient norm: 0.31854636
INFO:root:At the start of the epoch: mem (CPU python)=14701.39453125MB; mem (CPU total)=40760.3046875MB
INFO:root:[   38] Training loss: 0.39471088, Validation loss: 0.39718851, Gradient norm: 0.34405807
INFO:root:At the start of the epoch: mem (CPU python)=14722.5546875MB; mem (CPU total)=40803.61328125MB
INFO:root:[   39] Training loss: 0.39401834, Validation loss: 0.39567744, Gradient norm: 0.33554737
INFO:root:At the start of the epoch: mem (CPU python)=14743.71875MB; mem (CPU total)=40846.859375MB
INFO:root:[   40] Training loss: 0.39291253, Validation loss: 0.39525164, Gradient norm: 0.33424448
INFO:root:At the start of the epoch: mem (CPU python)=14764.8828125MB; mem (CPU total)=40889.56640625MB
INFO:root:[   41] Training loss: 0.39229876, Validation loss: 0.39353721, Gradient norm: 0.33372333
INFO:root:At the start of the epoch: mem (CPU python)=14786.046875MB; mem (CPU total)=40932.62890625MB
INFO:root:[   42] Training loss: 0.39234099, Validation loss: 0.39391355, Gradient norm: 0.38352034
INFO:root:At the start of the epoch: mem (CPU python)=14807.2109375MB; mem (CPU total)=40977.4375MB
INFO:root:[   43] Training loss: 0.38996374, Validation loss: 0.39417046, Gradient norm: 0.30835205
INFO:root:At the start of the epoch: mem (CPU python)=14828.37890625MB; mem (CPU total)=41021.75390625MB
INFO:root:[   44] Training loss: 0.38959050, Validation loss: 0.39091124, Gradient norm: 0.34266653
INFO:root:At the start of the epoch: mem (CPU python)=14849.54296875MB; mem (CPU total)=41064.515625MB
INFO:root:[   45] Training loss: 0.38893061, Validation loss: 0.39139268, Gradient norm: 0.34151070
INFO:root:At the start of the epoch: mem (CPU python)=14870.703125MB; mem (CPU total)=41108.078125MB
INFO:root:[   46] Training loss: 0.38783474, Validation loss: 0.39070689, Gradient norm: 0.32559586
INFO:root:At the start of the epoch: mem (CPU python)=14891.8671875MB; mem (CPU total)=41150.9375MB
INFO:root:[   47] Training loss: 0.38783259, Validation loss: 0.38888930, Gradient norm: 0.36311219
INFO:root:At the start of the epoch: mem (CPU python)=14913.03125MB; mem (CPU total)=41194.71875MB
INFO:root:[   48] Training loss: 0.38666124, Validation loss: 0.38838284, Gradient norm: 0.33196325
INFO:root:At the start of the epoch: mem (CPU python)=14934.19921875MB; mem (CPU total)=41239.28125MB
INFO:root:[   49] Training loss: 0.38621839, Validation loss: 0.38719216, Gradient norm: 0.35265876
INFO:root:At the start of the epoch: mem (CPU python)=14955.36328125MB; mem (CPU total)=41283.4296875MB
INFO:root:[   50] Training loss: 0.38511402, Validation loss: 0.38636256, Gradient norm: 0.31258650
INFO:root:At the start of the epoch: mem (CPU python)=14976.52734375MB; mem (CPU total)=41327.49609375MB
INFO:root:[   51] Training loss: 0.38420258, Validation loss: 0.38804089, Gradient norm: 0.31466071
INFO:root:At the start of the epoch: mem (CPU python)=14997.69140625MB; mem (CPU total)=41371.31640625MB
INFO:root:[   52] Training loss: 0.38426961, Validation loss: 0.38539403, Gradient norm: 0.34103758
INFO:root:At the start of the epoch: mem (CPU python)=15018.859375MB; mem (CPU total)=41414.57421875MB
INFO:root:[   53] Training loss: 0.38335844, Validation loss: 0.38570025, Gradient norm: 0.32192618
INFO:root:At the start of the epoch: mem (CPU python)=15040.01953125MB; mem (CPU total)=41457.93359375MB
INFO:root:[   54] Training loss: 0.38331865, Validation loss: 0.38577243, Gradient norm: 0.34087458
INFO:root:At the start of the epoch: mem (CPU python)=15061.1875MB; mem (CPU total)=41501.52734375MB
INFO:root:[   55] Training loss: 0.38322701, Validation loss: 0.38774272, Gradient norm: 0.35297782
INFO:root:At the start of the epoch: mem (CPU python)=15082.34375MB; mem (CPU total)=41544.7421875MB
INFO:root:[   56] Training loss: 0.38201263, Validation loss: 0.38503253, Gradient norm: 0.30424761
INFO:root:At the start of the epoch: mem (CPU python)=15103.5078125MB; mem (CPU total)=41588.79296875MB
INFO:root:[   57] Training loss: 0.38192441, Validation loss: 0.38432680, Gradient norm: 0.34881975
INFO:root:At the start of the epoch: mem (CPU python)=15124.671875MB; mem (CPU total)=41632.84375MB
INFO:root:[   58] Training loss: 0.38158428, Validation loss: 0.38339304, Gradient norm: 0.33294615
INFO:root:At the start of the epoch: mem (CPU python)=15145.83984375MB; mem (CPU total)=41629.75MB
INFO:root:[   59] Training loss: 0.38118202, Validation loss: 0.38435125, Gradient norm: 0.34367730
INFO:root:At the start of the epoch: mem (CPU python)=15167.0MB; mem (CPU total)=41696.4609375MB
INFO:root:[   60] Training loss: 0.38093239, Validation loss: 0.38226094, Gradient norm: 0.32830817
INFO:root:At the start of the epoch: mem (CPU python)=15188.16796875MB; mem (CPU total)=41761.6484375MB
INFO:root:[   61] Training loss: 0.37996856, Validation loss: 0.38402897, Gradient norm: 0.31402204
INFO:root:At the start of the epoch: mem (CPU python)=15209.33203125MB; mem (CPU total)=41827.13671875MB
INFO:root:[   62] Training loss: 0.38085243, Validation loss: 0.38455221, Gradient norm: 0.37111642
INFO:root:At the start of the epoch: mem (CPU python)=15230.49609375MB; mem (CPU total)=41893.08984375MB
INFO:root:[   63] Training loss: 0.37936521, Validation loss: 0.38349799, Gradient norm: 0.30626693
INFO:root:At the start of the epoch: mem (CPU python)=15251.66015625MB; mem (CPU total)=41959.77734375MB
INFO:root:[   64] Training loss: 0.37931146, Validation loss: 0.38184721, Gradient norm: 0.33615263
INFO:root:At the start of the epoch: mem (CPU python)=15272.82421875MB; mem (CPU total)=42025.73046875MB
INFO:root:[   65] Training loss: 0.37880092, Validation loss: 0.38155471, Gradient norm: 0.32314043
INFO:root:At the start of the epoch: mem (CPU python)=15293.98828125MB; mem (CPU total)=42089.9609375MB
INFO:root:[   66] Training loss: 0.37875261, Validation loss: 0.38017262, Gradient norm: 0.34369760
INFO:root:At the start of the epoch: mem (CPU python)=15315.15234375MB; mem (CPU total)=42154.3984375MB
INFO:root:[   67] Training loss: 0.37818039, Validation loss: 0.38189465, Gradient norm: 0.31659009
INFO:root:At the start of the epoch: mem (CPU python)=15336.31640625MB; mem (CPU total)=42218.62890625MB
INFO:root:[   68] Training loss: 0.37844421, Validation loss: 0.38181045, Gradient norm: 0.34621502
INFO:root:At the start of the epoch: mem (CPU python)=15357.48046875MB; mem (CPU total)=42283.07421875MB
INFO:root:[   69] Training loss: 0.37770986, Validation loss: 0.38181749, Gradient norm: 0.32695307
INFO:root:At the start of the epoch: mem (CPU python)=15378.64453125MB; mem (CPU total)=42348.515625MB
INFO:root:[   70] Training loss: 0.37854770, Validation loss: 0.38349326, Gradient norm: 0.36255951
INFO:root:At the start of the epoch: mem (CPU python)=15399.8125MB; mem (CPU total)=42411.71875MB
INFO:root:[   71] Training loss: 0.37717725, Validation loss: 0.37923247, Gradient norm: 0.32304371
INFO:root:At the start of the epoch: mem (CPU python)=15420.9765625MB; mem (CPU total)=42476.6875MB
INFO:root:[   72] Training loss: 0.37666593, Validation loss: 0.38058843, Gradient norm: 0.33654113
INFO:root:At the start of the epoch: mem (CPU python)=15442.13671875MB; mem (CPU total)=42531.28125MB
INFO:root:[   73] Training loss: 0.37605401, Validation loss: 0.38079595, Gradient norm: 0.32837965
INFO:root:At the start of the epoch: mem (CPU python)=15463.30078125MB; mem (CPU total)=42589.60546875MB
INFO:root:[   74] Training loss: 0.37624649, Validation loss: 0.38099444, Gradient norm: 0.33661024
INFO:root:At the start of the epoch: mem (CPU python)=15484.4609375MB; mem (CPU total)=42647.46484375MB
INFO:root:[   75] Training loss: 0.37604819, Validation loss: 0.37900427, Gradient norm: 0.33731099
INFO:root:At the start of the epoch: mem (CPU python)=15505.62890625MB; mem (CPU total)=42704.76171875MB
INFO:root:[   76] Training loss: 0.37546451, Validation loss: 0.37906692, Gradient norm: 0.32905671
INFO:root:At the start of the epoch: mem (CPU python)=15526.7890625MB; mem (CPU total)=42766.0390625MB
INFO:root:[   77] Training loss: 0.37566413, Validation loss: 0.38521268, Gradient norm: 0.36825711
INFO:root:At the start of the epoch: mem (CPU python)=15547.95703125MB; mem (CPU total)=42820.671875MB
INFO:root:[   78] Training loss: 0.37451277, Validation loss: 0.37792451, Gradient norm: 0.32663517
INFO:root:At the start of the epoch: mem (CPU python)=15569.125MB; mem (CPU total)=42878.99609375MB
INFO:root:[   79] Training loss: 0.37422656, Validation loss: 0.37728412, Gradient norm: 0.34352082
INFO:root:At the start of the epoch: mem (CPU python)=15590.2890625MB; mem (CPU total)=42940.74609375MB
INFO:root:[   80] Training loss: 0.37390830, Validation loss: 0.37868936, Gradient norm: 0.34978386
INFO:root:At the start of the epoch: mem (CPU python)=15611.453125MB; mem (CPU total)=42996.06640625MB
INFO:root:[   81] Training loss: 0.37373563, Validation loss: 0.37690276, Gradient norm: 0.34546574
INFO:root:At the start of the epoch: mem (CPU python)=15642.5078125MB; mem (CPU total)=43062.14453125MB
INFO:root:[   82] Training loss: 0.37292798, Validation loss: 0.37861845, Gradient norm: 0.33156488
INFO:root:At the start of the epoch: mem (CPU python)=15664.23046875MB; mem (CPU total)=43120.74609375MB
INFO:root:[   83] Training loss: 0.37315103, Validation loss: 0.37923217, Gradient norm: 0.36387754
INFO:root:At the start of the epoch: mem (CPU python)=15685.45703125MB; mem (CPU total)=43177.33203125MB
INFO:root:[   84] Training loss: 0.37301458, Validation loss: 0.37529118, Gradient norm: 0.36345251
INFO:root:At the start of the epoch: mem (CPU python)=15706.62109375MB; mem (CPU total)=43233.10546875MB
INFO:root:[   85] Training loss: 0.37232823, Validation loss: 0.37578775, Gradient norm: 0.33922232
INFO:root:At the start of the epoch: mem (CPU python)=15727.78515625MB; mem (CPU total)=43290.32421875MB
INFO:root:[   86] Training loss: 0.37157361, Validation loss: 0.37556237, Gradient norm: 0.33573955
INFO:root:At the start of the epoch: mem (CPU python)=15748.94921875MB; mem (CPU total)=43348.51953125MB
INFO:root:[   87] Training loss: 0.37154511, Validation loss: 0.37448422, Gradient norm: 0.34450346
INFO:root:At the start of the epoch: mem (CPU python)=15770.1171875MB; mem (CPU total)=43405.3828125MB
INFO:root:[   88] Training loss: 0.37176342, Validation loss: 0.37393544, Gradient norm: 0.36106130
INFO:root:At the start of the epoch: mem (CPU python)=15791.28125MB; mem (CPU total)=43461.63671875MB
INFO:root:[   89] Training loss: 0.37036617, Validation loss: 0.37736025, Gradient norm: 0.34867500
INFO:root:At the start of the epoch: mem (CPU python)=15812.44140625MB; mem (CPU total)=43522.37109375MB
INFO:root:[   90] Training loss: 0.37075147, Validation loss: 0.37674713, Gradient norm: 0.37850824
INFO:root:At the start of the epoch: mem (CPU python)=15833.60546875MB; mem (CPU total)=43576.7734375MB
INFO:root:[   91] Training loss: 0.37002967, Validation loss: 0.37312739, Gradient norm: 0.34111855
INFO:root:At the start of the epoch: mem (CPU python)=15854.76953125MB; mem (CPU total)=43634.27734375MB
INFO:root:[   92] Training loss: 0.36945604, Validation loss: 0.37288842, Gradient norm: 0.32203560
INFO:root:At the start of the epoch: mem (CPU python)=15875.9375MB; mem (CPU total)=43693.94921875MB
INFO:root:[   93] Training loss: 0.36923244, Validation loss: 0.37337252, Gradient norm: 0.35239715
INFO:root:At the start of the epoch: mem (CPU python)=15897.09765625MB; mem (CPU total)=43749.58203125MB
INFO:root:[   94] Training loss: 0.36891348, Validation loss: 0.37194621, Gradient norm: 0.34550646
INFO:root:At the start of the epoch: mem (CPU python)=15918.26171875MB; mem (CPU total)=43806.14453125MB
INFO:root:[   95] Training loss: 0.36826600, Validation loss: 0.37282885, Gradient norm: 0.35019366
INFO:root:At the start of the epoch: mem (CPU python)=15939.42578125MB; mem (CPU total)=43864.609375MB
INFO:root:[   96] Training loss: 0.36858644, Validation loss: 0.37177153, Gradient norm: 0.36127137
INFO:root:At the start of the epoch: mem (CPU python)=15960.58984375MB; mem (CPU total)=43921.44140625MB
INFO:root:[   97] Training loss: 0.36745816, Validation loss: 0.37332784, Gradient norm: 0.33741243
INFO:root:At the start of the epoch: mem (CPU python)=15981.75390625MB; mem (CPU total)=43978.0234375MB
INFO:root:[   98] Training loss: 0.36784491, Validation loss: 0.37078189, Gradient norm: 0.36268275
INFO:root:At the start of the epoch: mem (CPU python)=16002.921875MB; mem (CPU total)=44034.3984375MB
INFO:root:[   99] Training loss: 0.36721755, Validation loss: 0.37044465, Gradient norm: 0.35862677
INFO:root:At the start of the epoch: mem (CPU python)=16024.0859375MB; mem (CPU total)=44093.4765625MB
INFO:root:[  100] Training loss: 0.36728700, Validation loss: 0.37066665, Gradient norm: 0.36694251
INFO:root:At the start of the epoch: mem (CPU python)=16045.25MB; mem (CPU total)=44149.6015625MB
INFO:root:[  101] Training loss: 0.36700366, Validation loss: 0.37016929, Gradient norm: 0.36179709
INFO:root:At the start of the epoch: mem (CPU python)=16066.4140625MB; mem (CPU total)=44206.97265625MB
INFO:root:[  102] Training loss: 0.36651578, Validation loss: 0.37170590, Gradient norm: 0.35133772
INFO:root:At the start of the epoch: mem (CPU python)=16087.57421875MB; mem (CPU total)=44267.7734375MB
INFO:root:[  103] Training loss: 0.36611737, Validation loss: 0.37027459, Gradient norm: 0.35993534
INFO:root:At the start of the epoch: mem (CPU python)=16108.73828125MB; mem (CPU total)=44322.1484375MB
INFO:root:[  104] Training loss: 0.36599148, Validation loss: 0.37022857, Gradient norm: 0.37960329
INFO:root:At the start of the epoch: mem (CPU python)=16129.90625MB; mem (CPU total)=44378.765625MB
INFO:root:[  105] Training loss: 0.36486002, Validation loss: 0.36902220, Gradient norm: 0.32334370
INFO:root:At the start of the epoch: mem (CPU python)=16151.0703125MB; mem (CPU total)=44439.1171875MB
INFO:root:[  106] Training loss: 0.36518384, Validation loss: 0.36784326, Gradient norm: 0.35783124
INFO:root:At the start of the epoch: mem (CPU python)=16172.234375MB; mem (CPU total)=44494.99609375MB
INFO:root:[  107] Training loss: 0.36489580, Validation loss: 0.36881960, Gradient norm: 0.37580504
INFO:root:At the start of the epoch: mem (CPU python)=16193.39453125MB; mem (CPU total)=44553.08984375MB
INFO:root:[  108] Training loss: 0.36452971, Validation loss: 0.37199195, Gradient norm: 0.36791586
INFO:root:At the start of the epoch: mem (CPU python)=16214.55859375MB; mem (CPU total)=44610.94140625MB
INFO:root:[  109] Training loss: 0.36401025, Validation loss: 0.36795686, Gradient norm: 0.35370391
INFO:root:At the start of the epoch: mem (CPU python)=16235.72265625MB; mem (CPU total)=44668.78125MB
INFO:root:[  110] Training loss: 0.36416129, Validation loss: 0.36834017, Gradient norm: 0.39525971
INFO:root:At the start of the epoch: mem (CPU python)=16256.890625MB; mem (CPU total)=44725.97265625MB
INFO:root:[  111] Training loss: 0.36328336, Validation loss: 0.36739177, Gradient norm: 0.34903767
INFO:root:At the start of the epoch: mem (CPU python)=16278.05078125MB; mem (CPU total)=44782.57421875MB
INFO:root:[  112] Training loss: 0.36273125, Validation loss: 0.36612641, Gradient norm: 0.35489031
INFO:root:At the start of the epoch: mem (CPU python)=16299.21484375MB; mem (CPU total)=44843.11328125MB
INFO:root:[  113] Training loss: 0.36340575, Validation loss: 0.36774006, Gradient norm: 0.41295463
INFO:root:At the start of the epoch: mem (CPU python)=16320.37890625MB; mem (CPU total)=44900.41796875MB
INFO:root:[  114] Training loss: 0.36243704, Validation loss: 0.36671860, Gradient norm: 0.37445023
INFO:root:At the start of the epoch: mem (CPU python)=16341.54296875MB; mem (CPU total)=44958.00390625MB
INFO:root:[  115] Training loss: 0.36149906, Validation loss: 0.36678763, Gradient norm: 0.33395058
INFO:root:At the start of the epoch: mem (CPU python)=16362.7109375MB; mem (CPU total)=45019.52734375MB
INFO:root:[  116] Training loss: 0.36149072, Validation loss: 0.36520174, Gradient norm: 0.37113983
INFO:root:At the start of the epoch: mem (CPU python)=16383.875MB; mem (CPU total)=45075.57421875MB
INFO:root:[  117] Training loss: 0.36124903, Validation loss: 0.36485268, Gradient norm: 0.37439964
INFO:root:At the start of the epoch: mem (CPU python)=16405.0390625MB; mem (CPU total)=45131.9453125MB
INFO:root:[  118] Training loss: 0.36098157, Validation loss: 0.36493499, Gradient norm: 0.38337874
INFO:root:At the start of the epoch: mem (CPU python)=16426.203125MB; mem (CPU total)=45190.51171875MB
INFO:root:[  119] Training loss: 0.36051878, Validation loss: 0.36459780, Gradient norm: 0.36976969
INFO:root:At the start of the epoch: mem (CPU python)=16447.3671875MB; mem (CPU total)=45249.05078125MB
INFO:root:[  120] Training loss: 0.35973546, Validation loss: 0.36461013, Gradient norm: 0.37431011
INFO:root:At the start of the epoch: mem (CPU python)=16468.53125MB; mem (CPU total)=45306.14453125MB
INFO:root:[  121] Training loss: 0.35962383, Validation loss: 0.36456539, Gradient norm: 0.39316991
INFO:root:At the start of the epoch: mem (CPU python)=16489.6953125MB; mem (CPU total)=45364.2265625MB
INFO:root:[  122] Training loss: 0.35848514, Validation loss: 0.36388266, Gradient norm: 0.33851372
INFO:root:At the start of the epoch: mem (CPU python)=16510.859375MB; mem (CPU total)=45424.390625MB
INFO:root:[  123] Training loss: 0.35818008, Validation loss: 0.36333022, Gradient norm: 0.36699553
INFO:root:At the start of the epoch: mem (CPU python)=16532.0234375MB; mem (CPU total)=45470.77734375MB
INFO:root:[  124] Training loss: 0.35826860, Validation loss: 0.36347831, Gradient norm: 0.38725063
INFO:root:At the start of the epoch: mem (CPU python)=16553.18359375MB; mem (CPU total)=45514.62890625MB
INFO:root:[  125] Training loss: 0.35827860, Validation loss: 0.36103637, Gradient norm: 0.40980985
INFO:root:At the start of the epoch: mem (CPU python)=16574.35546875MB; mem (CPU total)=45559.671875MB
INFO:root:[  126] Training loss: 0.35711294, Validation loss: 0.36090987, Gradient norm: 0.35815134
INFO:root:At the start of the epoch: mem (CPU python)=16595.51953125MB; mem (CPU total)=45603.49609375MB
INFO:root:[  127] Training loss: 0.35736714, Validation loss: 0.36078062, Gradient norm: 0.39492804
INFO:root:At the start of the epoch: mem (CPU python)=16616.68359375MB; mem (CPU total)=45647.06640625MB
INFO:root:[  128] Training loss: 0.35632641, Validation loss: 0.36082296, Gradient norm: 0.37834458
INFO:root:At the start of the epoch: mem (CPU python)=16637.84765625MB; mem (CPU total)=45690.3515625MB
INFO:root:[  129] Training loss: 0.35596646, Validation loss: 0.36031650, Gradient norm: 0.37476148
INFO:root:At the start of the epoch: mem (CPU python)=16659.01171875MB; mem (CPU total)=45733.70703125MB
INFO:root:[  130] Training loss: 0.35587498, Validation loss: 0.36066813, Gradient norm: 0.38049905
INFO:root:At the start of the epoch: mem (CPU python)=16680.171875MB; mem (CPU total)=45776.484375MB
INFO:root:[  131] Training loss: 0.35531513, Validation loss: 0.35906082, Gradient norm: 0.37874152
INFO:root:At the start of the epoch: mem (CPU python)=16701.33984375MB; mem (CPU total)=45819.3203125MB
INFO:root:[  132] Training loss: 0.35487980, Validation loss: 0.36023899, Gradient norm: 0.37978268
INFO:root:At the start of the epoch: mem (CPU python)=16722.50390625MB; mem (CPU total)=45862.6484375MB
INFO:root:[  133] Training loss: 0.35483697, Validation loss: 0.35933971, Gradient norm: 0.42233717
INFO:root:At the start of the epoch: mem (CPU python)=16743.66796875MB; mem (CPU total)=45906.2265625MB
INFO:root:[  134] Training loss: 0.35443563, Validation loss: 0.35798980, Gradient norm: 0.38069268
INFO:root:At the start of the epoch: mem (CPU python)=16764.83203125MB; mem (CPU total)=45948.98828125MB
INFO:root:[  135] Training loss: 0.35366633, Validation loss: 0.35832268, Gradient norm: 0.38176209
INFO:root:At the start of the epoch: mem (CPU python)=16785.99609375MB; mem (CPU total)=33538.62109375MB
INFO:root:[  136] Training loss: 0.35326719, Validation loss: 0.35695608, Gradient norm: 0.39736527
INFO:root:At the start of the epoch: mem (CPU python)=16807.1640625MB; mem (CPU total)=33652.37109375MB
INFO:root:[  137] Training loss: 0.35307761, Validation loss: 0.35655186, Gradient norm: 0.39805328
INFO:root:At the start of the epoch: mem (CPU python)=16828.328125MB; mem (CPU total)=33722.1953125MB
INFO:root:[  138] Training loss: 0.35226267, Validation loss: 0.35915882, Gradient norm: 0.38302247
INFO:root:At the start of the epoch: mem (CPU python)=16849.48828125MB; mem (CPU total)=33793.734375MB
INFO:root:[  139] Training loss: 0.35189685, Validation loss: 0.35692754, Gradient norm: 0.36859393
INFO:root:At the start of the epoch: mem (CPU python)=16870.65625MB; mem (CPU total)=33866.625MB
INFO:root:[  140] Training loss: 0.35190128, Validation loss: 0.35799623, Gradient norm: 0.41279242
INFO:root:At the start of the epoch: mem (CPU python)=16891.8125MB; mem (CPU total)=33936.5078125MB
INFO:root:[  141] Training loss: 0.35152943, Validation loss: 0.35755512, Gradient norm: 0.38129868
INFO:root:At the start of the epoch: mem (CPU python)=16912.9765625MB; mem (CPU total)=34013.99609375MB
INFO:root:[  142] Training loss: 0.35087663, Validation loss: 0.35503248, Gradient norm: 0.38941969
INFO:root:At the start of the epoch: mem (CPU python)=16934.14453125MB; mem (CPU total)=34088.625MB
INFO:root:[  143] Training loss: 0.35020881, Validation loss: 0.35646122, Gradient norm: 0.38235315
INFO:root:At the start of the epoch: mem (CPU python)=16955.3046875MB; mem (CPU total)=34155.9765625MB
INFO:root:[  144] Training loss: 0.34986013, Validation loss: 0.35487910, Gradient norm: 0.39730105
INFO:root:At the start of the epoch: mem (CPU python)=16976.47265625MB; mem (CPU total)=34231.44140625MB
INFO:root:[  145] Training loss: 0.34913758, Validation loss: 0.35492963, Gradient norm: 0.37440836
INFO:root:At the start of the epoch: mem (CPU python)=16997.63671875MB; mem (CPU total)=34305.7578125MB
INFO:root:[  146] Training loss: 0.34914251, Validation loss: 0.35476714, Gradient norm: 0.39587460
INFO:root:At the start of the epoch: mem (CPU python)=17018.80078125MB; mem (CPU total)=34381.6796875MB
INFO:root:[  147] Training loss: 0.34860924, Validation loss: 0.35226333, Gradient norm: 0.37746600
INFO:root:At the start of the epoch: mem (CPU python)=17039.96484375MB; mem (CPU total)=34457.4765625MB
INFO:root:[  148] Training loss: 0.34845519, Validation loss: 0.35429430, Gradient norm: 0.41412464
INFO:root:At the start of the epoch: mem (CPU python)=17061.12890625MB; mem (CPU total)=34532.16796875MB
INFO:root:[  149] Training loss: 0.34767075, Validation loss: 0.35262421, Gradient norm: 0.38033192
INFO:root:At the start of the epoch: mem (CPU python)=17082.29296875MB; mem (CPU total)=34607.03515625MB
INFO:root:[  150] Training loss: 0.34718826, Validation loss: 0.35380669, Gradient norm: 0.40295362
INFO:root:At the start of the epoch: mem (CPU python)=17103.45703125MB; mem (CPU total)=34681.59765625MB
INFO:root:[  151] Training loss: 0.34684432, Validation loss: 0.35207331, Gradient norm: 0.38076999
INFO:root:At the start of the epoch: mem (CPU python)=17124.62109375MB; mem (CPU total)=34758.59375MB
INFO:root:[  152] Training loss: 0.34604188, Validation loss: 0.35295624, Gradient norm: 0.38754699
INFO:root:At the start of the epoch: mem (CPU python)=17145.78515625MB; mem (CPU total)=34834.1953125MB
INFO:root:[  153] Training loss: 0.34557201, Validation loss: 0.35074675, Gradient norm: 0.37900021
INFO:root:At the start of the epoch: mem (CPU python)=17166.953125MB; mem (CPU total)=34908.4921875MB
INFO:root:[  154] Training loss: 0.34570103, Validation loss: 0.35144089, Gradient norm: 0.41322958
INFO:root:At the start of the epoch: mem (CPU python)=17188.11328125MB; mem (CPU total)=34983.99609375MB
INFO:root:[  155] Training loss: 0.34448438, Validation loss: 0.35095776, Gradient norm: 0.38108375
INFO:root:At the start of the epoch: mem (CPU python)=17209.28125MB; mem (CPU total)=35058.30859375MB
INFO:root:[  156] Training loss: 0.34390473, Validation loss: 0.35077753, Gradient norm: 0.39515103
INFO:root:At the start of the epoch: mem (CPU python)=17230.4453125MB; mem (CPU total)=35133.5234375MB
INFO:root:[  157] Training loss: 0.34349269, Validation loss: 0.35037768, Gradient norm: 0.41431347
INFO:root:At the start of the epoch: mem (CPU python)=17251.609375MB; mem (CPU total)=35208.85546875MB
INFO:root:[  158] Training loss: 0.34298043, Validation loss: 0.34810394, Gradient norm: 0.41470988
INFO:root:At the start of the epoch: mem (CPU python)=17272.765625MB; mem (CPU total)=35284.140625MB
INFO:root:[  159] Training loss: 0.34239491, Validation loss: 0.34713672, Gradient norm: 0.41607834
INFO:root:At the start of the epoch: mem (CPU python)=17293.93359375MB; mem (CPU total)=35356.27734375MB
INFO:root:[  160] Training loss: 0.34207127, Validation loss: 0.34833792, Gradient norm: 0.43963915
INFO:root:At the start of the epoch: mem (CPU python)=17315.09765625MB; mem (CPU total)=35430.84375MB
INFO:root:[  161] Training loss: 0.34066971, Validation loss: 0.34765173, Gradient norm: 0.40136901
INFO:root:At the start of the epoch: mem (CPU python)=17336.26171875MB; mem (CPU total)=35503.42578125MB
INFO:root:[  162] Training loss: 0.33977544, Validation loss: 0.34620003, Gradient norm: 0.41299211
INFO:root:At the start of the epoch: mem (CPU python)=17357.4296875MB; mem (CPU total)=35577.4921875MB
INFO:root:[  163] Training loss: 0.33909258, Validation loss: 0.34499263, Gradient norm: 0.40564336
INFO:root:At the start of the epoch: mem (CPU python)=17378.59375MB; mem (CPU total)=35650.98828125MB
INFO:root:[  164] Training loss: 0.33833047, Validation loss: 0.34414385, Gradient norm: 0.42519683
INFO:root:At the start of the epoch: mem (CPU python)=17399.7578125MB; mem (CPU total)=35726.4375MB
INFO:root:[  165] Training loss: 0.33765126, Validation loss: 0.34486437, Gradient norm: 0.40658538
INFO:root:At the start of the epoch: mem (CPU python)=17421.45703125MB; mem (CPU total)=35800.26953125MB
INFO:root:[  166] Training loss: 0.33701167, Validation loss: 0.34149337, Gradient norm: 0.42651556
INFO:root:At the start of the epoch: mem (CPU python)=17442.75MB; mem (CPU total)=35873.83203125MB
INFO:root:[  167] Training loss: 0.33535209, Validation loss: 0.34193184, Gradient norm: 0.39740071
INFO:root:At the start of the epoch: mem (CPU python)=17464.37890625MB; mem (CPU total)=35948.640625MB
INFO:root:[  168] Training loss: 0.33546698, Validation loss: 0.34358688, Gradient norm: 0.45384036
INFO:root:At the start of the epoch: mem (CPU python)=17485.5390625MB; mem (CPU total)=36022.46875MB
INFO:root:[  169] Training loss: 0.33420922, Validation loss: 0.33900874, Gradient norm: 0.42735572
INFO:root:At the start of the epoch: mem (CPU python)=17506.703125MB; mem (CPU total)=36097.9765625MB
INFO:root:[  170] Training loss: 0.33330301, Validation loss: 0.34032014, Gradient norm: 0.42821072
INFO:root:At the start of the epoch: mem (CPU python)=17527.8671875MB; mem (CPU total)=36170.9453125MB
INFO:root:[  171] Training loss: 0.33287201, Validation loss: 0.33623556, Gradient norm: 0.43304818
INFO:root:At the start of the epoch: mem (CPU python)=17549.03515625MB; mem (CPU total)=36246.265625MB
INFO:root:[  172] Training loss: 0.33195825, Validation loss: 0.33614338, Gradient norm: 0.42564112
INFO:root:At the start of the epoch: mem (CPU python)=17570.19921875MB; mem (CPU total)=36320.20703125MB
INFO:root:[  173] Training loss: 0.33113583, Validation loss: 0.33476895, Gradient norm: 0.45365793
INFO:root:At the start of the epoch: mem (CPU python)=17591.36328125MB; mem (CPU total)=36397.5234375MB
INFO:root:[  174] Training loss: 0.33035859, Validation loss: 0.33710993, Gradient norm: 0.42519947
INFO:root:At the start of the epoch: mem (CPU python)=17612.5234375MB; mem (CPU total)=36470.38671875MB
INFO:root:[  175] Training loss: 0.33040358, Validation loss: 0.33459217, Gradient norm: 0.45784013
INFO:root:At the start of the epoch: mem (CPU python)=17633.8359375MB; mem (CPU total)=36545.21484375MB
INFO:root:[  176] Training loss: 0.32907343, Validation loss: 0.33440307, Gradient norm: 0.45674121
INFO:root:At the start of the epoch: mem (CPU python)=17655.60546875MB; mem (CPU total)=36618.45703125MB
INFO:root:[  177] Training loss: 0.32772440, Validation loss: 0.33481398, Gradient norm: 0.41596616
INFO:root:At the start of the epoch: mem (CPU python)=17677.37109375MB; mem (CPU total)=36694.515625MB
INFO:root:[  178] Training loss: 0.32817804, Validation loss: 0.33592284, Gradient norm: 0.46389421
INFO:root:At the start of the epoch: mem (CPU python)=17698.6640625MB; mem (CPU total)=36765.4375MB
INFO:root:[  179] Training loss: 0.32745390, Validation loss: 0.34136422, Gradient norm: 0.45770017
INFO:root:At the start of the epoch: mem (CPU python)=17720.8125MB; mem (CPU total)=36842.1015625MB
INFO:root:[  180] Training loss: 0.32630327, Validation loss: 0.33203111, Gradient norm: 0.43639627
INFO:root:At the start of the epoch: mem (CPU python)=17742.5078125MB; mem (CPU total)=36915.96875MB
INFO:root:[  181] Training loss: 0.32591148, Validation loss: 0.33094621, Gradient norm: 0.45682398
INFO:root:At the start of the epoch: mem (CPU python)=17763.671875MB; mem (CPU total)=36992.7734375MB
INFO:root:[  182] Training loss: 0.32496960, Validation loss: 0.33273753, Gradient norm: 0.43663300
INFO:root:At the start of the epoch: mem (CPU python)=17784.8359375MB; mem (CPU total)=37066.12890625MB
INFO:root:[  183] Training loss: 0.32517004, Validation loss: 0.33048875, Gradient norm: 0.45807278
INFO:root:At the start of the epoch: mem (CPU python)=17806.00390625MB; mem (CPU total)=37141.32421875MB
INFO:root:[  184] Training loss: 0.32476987, Validation loss: 0.33169113, Gradient norm: 0.44828412
INFO:root:At the start of the epoch: mem (CPU python)=17827.16796875MB; mem (CPU total)=37214.6796875MB
INFO:root:[  185] Training loss: 0.32421197, Validation loss: 0.33500277, Gradient norm: 0.44235751
INFO:root:At the start of the epoch: mem (CPU python)=17848.33203125MB; mem (CPU total)=37289.50390625MB
INFO:root:[  186] Training loss: 0.32430134, Validation loss: 0.32888021, Gradient norm: 0.46377793
INFO:root:At the start of the epoch: mem (CPU python)=17869.49609375MB; mem (CPU total)=37363.984375MB
INFO:root:[  187] Training loss: 0.32336477, Validation loss: 0.32959772, Gradient norm: 0.46545476
INFO:root:At the start of the epoch: mem (CPU python)=17890.65625MB; mem (CPU total)=37437.92578125MB
INFO:root:[  188] Training loss: 0.32263573, Validation loss: 0.33208001, Gradient norm: 0.45264260
INFO:root:At the start of the epoch: mem (CPU python)=17911.828125MB; mem (CPU total)=37513.984375MB
INFO:root:[  189] Training loss: 0.32346333, Validation loss: 0.32984905, Gradient norm: 0.47246633
INFO:root:At the start of the epoch: mem (CPU python)=17933.36328125MB; mem (CPU total)=37587.23828125MB
INFO:root:[  190] Training loss: 0.32218434, Validation loss: 0.32795999, Gradient norm: 0.45796824
INFO:root:At the start of the epoch: mem (CPU python)=17954.52734375MB; mem (CPU total)=37661.45703125MB
INFO:root:[  191] Training loss: 0.32163823, Validation loss: 0.33136583, Gradient norm: 0.47054249
INFO:root:At the start of the epoch: mem (CPU python)=17975.6875MB; mem (CPU total)=37736.0390625MB
INFO:root:[  192] Training loss: 0.32147056, Validation loss: 0.32768733, Gradient norm: 0.44331934
INFO:root:At the start of the epoch: mem (CPU python)=17996.8515625MB; mem (CPU total)=37810.46875MB
INFO:root:[  193] Training loss: 0.32155231, Validation loss: 0.32624514, Gradient norm: 0.48578496
INFO:root:At the start of the epoch: mem (CPU python)=18018.0390625MB; mem (CPU total)=37886.02734375MB
INFO:root:[  194] Training loss: 0.32076078, Validation loss: 0.32802134, Gradient norm: 0.47209727
INFO:root:At the start of the epoch: mem (CPU python)=18039.5625MB; mem (CPU total)=37960.36328125MB
INFO:root:[  195] Training loss: 0.32079779, Validation loss: 0.32786255, Gradient norm: 0.46769956
INFO:root:At the start of the epoch: mem (CPU python)=18060.7734375MB; mem (CPU total)=38034.45703125MB
INFO:root:[  196] Training loss: 0.31978446, Validation loss: 0.32550966, Gradient norm: 0.44909354
INFO:root:At the start of the epoch: mem (CPU python)=18082.265625MB; mem (CPU total)=38110.9765625MB
INFO:root:[  197] Training loss: 0.31989997, Validation loss: 0.32600818, Gradient norm: 0.46729819
INFO:root:At the start of the epoch: mem (CPU python)=18103.4296875MB; mem (CPU total)=38183.78515625MB
INFO:root:[  198] Training loss: 0.31942690, Validation loss: 0.32643647, Gradient norm: 0.47694586
INFO:root:At the start of the epoch: mem (CPU python)=18124.59765625MB; mem (CPU total)=38257.828125MB
INFO:root:[  199] Training loss: 0.31884730, Validation loss: 0.32625721, Gradient norm: 0.45520364
INFO:root:At the start of the epoch: mem (CPU python)=18145.765625MB; mem (CPU total)=38331.12890625MB
INFO:root:[  200] Training loss: 0.31933247, Validation loss: 0.32523725, Gradient norm: 0.49130935
INFO:root:At the start of the epoch: mem (CPU python)=18167.30078125MB; mem (CPU total)=38405.203125MB
INFO:root:[  201] Training loss: 0.31903934, Validation loss: 0.32777691, Gradient norm: 0.47501347
INFO:root:At the start of the epoch: mem (CPU python)=18188.46484375MB; mem (CPU total)=38478.5390625MB
INFO:root:[  202] Training loss: 0.31827808, Validation loss: 0.32786126, Gradient norm: 0.45211132
INFO:root:At the start of the epoch: mem (CPU python)=18209.62890625MB; mem (CPU total)=38554.0MB
INFO:root:[  203] Training loss: 0.31856633, Validation loss: 0.32662921, Gradient norm: 0.48344473
INFO:root:At the start of the epoch: mem (CPU python)=18230.79296875MB; mem (CPU total)=38629.61328125MB
INFO:root:[  204] Training loss: 0.31845655, Validation loss: 0.32614719, Gradient norm: 0.51844306
INFO:root:At the start of the epoch: mem (CPU python)=18251.9609375MB; mem (CPU total)=38704.5078125MB
INFO:root:[  205] Training loss: 0.31720974, Validation loss: 0.32762429, Gradient norm: 0.42553819
INFO:root:At the start of the epoch: mem (CPU python)=18273.12890625MB; mem (CPU total)=38778.62890625MB
INFO:root:[  206] Training loss: 0.31722187, Validation loss: 0.32461356, Gradient norm: 0.47480153
INFO:root:At the start of the epoch: mem (CPU python)=18294.2890625MB; mem (CPU total)=38850.15234375MB
INFO:root:[  207] Training loss: 0.31722260, Validation loss: 0.32453270, Gradient norm: 0.47780251
INFO:root:At the start of the epoch: mem (CPU python)=18315.453125MB; mem (CPU total)=38923.359375MB
INFO:root:[  208] Training loss: 0.31691955, Validation loss: 0.32432310, Gradient norm: 0.50637267
INFO:root:At the start of the epoch: mem (CPU python)=18336.6171875MB; mem (CPU total)=38997.203125MB
INFO:root:[  209] Training loss: 0.31657772, Validation loss: 0.32322200, Gradient norm: 0.44663404
INFO:root:At the start of the epoch: mem (CPU python)=18357.77734375MB; mem (CPU total)=39070.54296875MB
INFO:root:[  210] Training loss: 0.31670982, Validation loss: 0.32318262, Gradient norm: 0.50353287
INFO:root:At the start of the epoch: mem (CPU python)=18378.9453125MB; mem (CPU total)=39143.3671875MB
INFO:root:[  211] Training loss: 0.31578319, Validation loss: 0.32445348, Gradient norm: 0.47606678
INFO:root:At the start of the epoch: mem (CPU python)=18400.10546875MB; mem (CPU total)=39216.23046875MB
INFO:root:[  212] Training loss: 0.31594132, Validation loss: 0.32409006, Gradient norm: 0.47860000
INFO:root:At the start of the epoch: mem (CPU python)=18421.2734375MB; mem (CPU total)=39289.578125MB
INFO:root:[  213] Training loss: 0.31557962, Validation loss: 0.32442981, Gradient norm: 0.49895425
INFO:root:At the start of the epoch: mem (CPU python)=18442.4375MB; mem (CPU total)=39363.91015625MB
INFO:root:[  214] Training loss: 0.31537829, Validation loss: 0.32500166, Gradient norm: 0.48726709
INFO:root:At the start of the epoch: mem (CPU python)=18463.6015625MB; mem (CPU total)=39428.33984375MB
INFO:root:[  215] Training loss: 0.31656780, Validation loss: 0.32339053, Gradient norm: 0.52019806
INFO:root:At the start of the epoch: mem (CPU python)=18484.76171875MB; mem (CPU total)=39489.98828125MB
INFO:root:[  216] Training loss: 0.31504509, Validation loss: 0.32131102, Gradient norm: 0.51574910
INFO:root:At the start of the epoch: mem (CPU python)=18505.9296875MB; mem (CPU total)=39551.7734375MB
INFO:root:[  217] Training loss: 0.31370171, Validation loss: 0.31996589, Gradient norm: 0.44705787
INFO:root:At the start of the epoch: mem (CPU python)=18527.09375MB; mem (CPU total)=39612.8125MB
INFO:root:[  218] Training loss: 0.31559541, Validation loss: 0.32252435, Gradient norm: 0.54789623
INFO:root:At the start of the epoch: mem (CPU python)=18548.2578125MB; mem (CPU total)=39673.8828125MB
INFO:root:[  219] Training loss: 0.31429952, Validation loss: 0.32153098, Gradient norm: 0.50107679
INFO:root:At the start of the epoch: mem (CPU python)=18569.421875MB; mem (CPU total)=39736.421875MB
INFO:root:[  220] Training loss: 0.31335604, Validation loss: 0.32377585, Gradient norm: 0.48366466
INFO:root:At the start of the epoch: mem (CPU python)=18590.5859375MB; mem (CPU total)=39794.47265625MB
INFO:root:[  221] Training loss: 0.31339986, Validation loss: 0.32072082, Gradient norm: 0.49845070
INFO:root:At the start of the epoch: mem (CPU python)=18611.75MB; mem (CPU total)=39855.99609375MB
INFO:root:[  222] Training loss: 0.31298508, Validation loss: 0.32030436, Gradient norm: 0.49465514
INFO:root:At the start of the epoch: mem (CPU python)=18632.91796875MB; mem (CPU total)=39915.796875MB
INFO:root:[  223] Training loss: 0.31253319, Validation loss: 0.31988031, Gradient norm: 0.48644071
INFO:root:At the start of the epoch: mem (CPU python)=18654.08203125MB; mem (CPU total)=39977.56640625MB
INFO:root:[  224] Training loss: 0.31216328, Validation loss: 0.32063991, Gradient norm: 0.49307361
INFO:root:At the start of the epoch: mem (CPU python)=18675.2421875MB; mem (CPU total)=40038.10546875MB
INFO:root:[  225] Training loss: 0.31234536, Validation loss: 0.32290727, Gradient norm: 0.51714030
INFO:root:At the start of the epoch: mem (CPU python)=18696.40234375MB; mem (CPU total)=40099.3046875MB
INFO:root:[  226] Training loss: 0.31287016, Validation loss: 0.31944638, Gradient norm: 0.51057817
INFO:root:At the start of the epoch: mem (CPU python)=18717.5703125MB; mem (CPU total)=40159.83203125MB
INFO:root:[  227] Training loss: 0.31173970, Validation loss: 0.32043307, Gradient norm: 0.52156401
INFO:root:At the start of the epoch: mem (CPU python)=18738.73046875MB; mem (CPU total)=40221.40625MB
INFO:root:[  228] Training loss: 0.31274749, Validation loss: 0.32748325, Gradient norm: 0.53752332
INFO:root:At the start of the epoch: mem (CPU python)=18759.89453125MB; mem (CPU total)=40281.640625MB
INFO:root:[  229] Training loss: 0.31160415, Validation loss: 0.32054858, Gradient norm: 0.48111019
INFO:root:At the start of the epoch: mem (CPU python)=18781.0625MB; mem (CPU total)=40342.69140625MB
INFO:root:[  230] Training loss: 0.31154602, Validation loss: 0.31868996, Gradient norm: 0.49295839
INFO:root:At the start of the epoch: mem (CPU python)=18802.2265625MB; mem (CPU total)=40403.94921875MB
INFO:root:[  231] Training loss: 0.31162158, Validation loss: 0.32093566, Gradient norm: 0.55697552
INFO:root:At the start of the epoch: mem (CPU python)=18823.390625MB; mem (CPU total)=40466.2421875MB
INFO:root:[  232] Training loss: 0.31107669, Validation loss: 0.32446218, Gradient norm: 0.51566666
INFO:root:At the start of the epoch: mem (CPU python)=18844.5546875MB; mem (CPU total)=40526.58984375MB
INFO:root:[  233] Training loss: 0.30990428, Validation loss: 0.32490725, Gradient norm: 0.48857208
INFO:root:At the start of the epoch: mem (CPU python)=18865.71875MB; mem (CPU total)=40588.98828125MB
INFO:root:[  234] Training loss: 0.31043404, Validation loss: 0.31869674, Gradient norm: 0.54291431
INFO:root:At the start of the epoch: mem (CPU python)=18886.8828125MB; mem (CPU total)=40650.7890625MB
INFO:root:[  235] Training loss: 0.31054244, Validation loss: 0.32015197, Gradient norm: 0.55812255
INFO:root:At the start of the epoch: mem (CPU python)=18908.046875MB; mem (CPU total)=40711.05859375MB
INFO:root:[  236] Training loss: 0.30976196, Validation loss: 0.31918644, Gradient norm: 0.52226305
INFO:root:At the start of the epoch: mem (CPU python)=18929.2109375MB; mem (CPU total)=40772.58203125MB
INFO:root:Learning rate reduced to: 0.0025
INFO:root:[  237] Training loss: 0.30975599, Validation loss: 0.31946773, Gradient norm: 0.53471426
INFO:root:At the start of the epoch: mem (CPU python)=18950.375MB; mem (CPU total)=40834.62890625MB
INFO:root:Learning rate reduced to: 0.00125
INFO:root:[  238] Training loss: 0.30268599, Validation loss: 0.31372218, Gradient norm: 0.30849507
INFO:root:At the start of the epoch: mem (CPU python)=18971.54296875MB; mem (CPU total)=40896.890625MB
INFO:root:[  239] Training loss: 0.29894465, Validation loss: 0.31094606, Gradient norm: 0.21430260
INFO:root:At the start of the epoch: mem (CPU python)=18992.70703125MB; mem (CPU total)=40958.90625MB
INFO:root:[  240] Training loss: 0.29880494, Validation loss: 0.31134856, Gradient norm: 0.21746471
INFO:root:At the start of the epoch: mem (CPU python)=19013.87109375MB; mem (CPU total)=41015.38671875MB
INFO:root:[  241] Training loss: 0.29850011, Validation loss: 0.31098100, Gradient norm: 0.20552591
INFO:root:At the start of the epoch: mem (CPU python)=19035.03515625MB; mem (CPU total)=41068.25MB
INFO:root:[  242] Training loss: 0.29875144, Validation loss: 0.31124562, Gradient norm: 0.24239099
INFO:root:At the start of the epoch: mem (CPU python)=19056.1953125MB; mem (CPU total)=41124.62109375MB
INFO:root:[  243] Training loss: 0.29853207, Validation loss: 0.31014905, Gradient norm: 0.23261370
INFO:root:At the start of the epoch: mem (CPU python)=19077.359375MB; mem (CPU total)=41176.33203125MB
INFO:root:[  244] Training loss: 0.29795628, Validation loss: 0.31013578, Gradient norm: 0.26130464
INFO:root:At the start of the epoch: mem (CPU python)=19098.5234375MB; mem (CPU total)=41229.48828125MB
INFO:root:[  245] Training loss: 0.29744082, Validation loss: 0.30927197, Gradient norm: 0.26781723
INFO:root:At the start of the epoch: mem (CPU python)=19119.6875MB; mem (CPU total)=41284.8828125MB
INFO:root:[  246] Training loss: 0.29774276, Validation loss: 0.31116260, Gradient norm: 0.26571020
INFO:root:At the start of the epoch: mem (CPU python)=19140.8515625MB; mem (CPU total)=41338.0390625MB
INFO:root:[  247] Training loss: 0.29824695, Validation loss: 0.31019773, Gradient norm: 0.26977178
INFO:root:At the start of the epoch: mem (CPU python)=19162.01953125MB; mem (CPU total)=41391.44140625MB
INFO:root:[  248] Training loss: 0.29698957, Validation loss: 0.31025772, Gradient norm: 0.26424207
INFO:root:At the start of the epoch: mem (CPU python)=19183.18359375MB; mem (CPU total)=41446.78515625MB
INFO:root:[  249] Training loss: 0.29804877, Validation loss: 0.31042806, Gradient norm: 0.26798543
INFO:root:At the start of the epoch: mem (CPU python)=19204.34765625MB; mem (CPU total)=41501.375MB
INFO:root:[  250] Training loss: 0.29732468, Validation loss: 0.31081350, Gradient norm: 0.28640389
INFO:root:At the start of the epoch: mem (CPU python)=19225.51171875MB; mem (CPU total)=41554.0546875MB
INFO:root:[  251] Training loss: 0.29768627, Validation loss: 0.30954583, Gradient norm: 0.29863678
INFO:root:At the start of the epoch: mem (CPU python)=19246.6796875MB; mem (CPU total)=41609.1953125MB
INFO:root:Learning rate reduced to: 0.000625
INFO:root:[  252] Training loss: 0.29673081, Validation loss: 0.31010508, Gradient norm: 0.30107472
INFO:root:At the start of the epoch: mem (CPU python)=19267.84375MB; mem (CPU total)=41662.296875MB
INFO:root:Learning rate reduced to: 0.0003125
INFO:root:[  253] Training loss: 0.29519460, Validation loss: 0.30883463, Gradient norm: 0.21473960
INFO:root:At the start of the epoch: mem (CPU python)=19289.00390625MB; mem (CPU total)=41715.22265625MB
INFO:root:[  254] Training loss: 0.29450411, Validation loss: 0.30911452, Gradient norm: 0.17768182
INFO:root:At the start of the epoch: mem (CPU python)=19310.16796875MB; mem (CPU total)=41770.84375MB
INFO:root:[  255] Training loss: 0.29422958, Validation loss: 0.30799457, Gradient norm: 0.16764574
INFO:root:At the start of the epoch: mem (CPU python)=19331.3359375MB; mem (CPU total)=41823.68359375MB
INFO:root:[  256] Training loss: 0.29458842, Validation loss: 0.30789160, Gradient norm: 0.17956889
INFO:root:At the start of the epoch: mem (CPU python)=19352.5MB; mem (CPU total)=41877.546875MB
INFO:root:[  257] Training loss: 0.29401397, Validation loss: 0.30853034, Gradient norm: 0.16955940
INFO:root:At the start of the epoch: mem (CPU python)=19373.6640625MB; mem (CPU total)=41935.1484375MB
INFO:root:[  258] Training loss: 0.29410764, Validation loss: 0.30806134, Gradient norm: 0.18714903
INFO:root:At the start of the epoch: mem (CPU python)=19395.33984375MB; mem (CPU total)=41986.60546875MB
INFO:root:[  259] Training loss: 0.29419200, Validation loss: 0.30854258, Gradient norm: 0.18234770
INFO:root:At the start of the epoch: mem (CPU python)=19416.72265625MB; mem (CPU total)=42040.265625MB
INFO:root:[  260] Training loss: 0.29369394, Validation loss: 0.30978111, Gradient norm: 0.18785280
INFO:root:At the start of the epoch: mem (CPU python)=19438.26953125MB; mem (CPU total)=42096.640625MB
INFO:root:[  261] Training loss: 0.29390514, Validation loss: 0.30737813, Gradient norm: 0.18264157
INFO:root:At the start of the epoch: mem (CPU python)=19459.4375MB; mem (CPU total)=42148.4921875MB
INFO:root:[  262] Training loss: 0.29365557, Validation loss: 0.30910072, Gradient norm: 0.18023723
INFO:root:At the start of the epoch: mem (CPU python)=19480.59375MB; mem (CPU total)=42201.6171875MB
INFO:root:[  263] Training loss: 0.29431264, Validation loss: 0.30843363, Gradient norm: 0.19213606
INFO:root:At the start of the epoch: mem (CPU python)=19502.01171875MB; mem (CPU total)=42260.88671875MB
INFO:root:[  264] Training loss: 0.29411118, Validation loss: 0.30870483, Gradient norm: 0.19128853
INFO:root:At the start of the epoch: mem (CPU python)=19523.17578125MB; mem (CPU total)=42311.828125MB
INFO:root:[  265] Training loss: 0.29388728, Validation loss: 0.30909715, Gradient norm: 0.20562301
INFO:root:At the start of the epoch: mem (CPU python)=19544.83984375MB; mem (CPU total)=42366.21484375MB
INFO:root:[  266] Training loss: 0.29359216, Validation loss: 0.30788161, Gradient norm: 0.19695823
INFO:root:At the start of the epoch: mem (CPU python)=19566.00390625MB; mem (CPU total)=42421.86328125MB
INFO:root:[  267] Training loss: 0.29418310, Validation loss: 0.30826232, Gradient norm: 0.20491533
INFO:root:At the start of the epoch: mem (CPU python)=19588.1875MB; mem (CPU total)=42475.1953125MB
INFO:root:Learning rate reduced to: 0.00015625
INFO:root:[  268] Training loss: 0.29373901, Validation loss: 0.30774072, Gradient norm: 0.19648827
INFO:root:At the start of the epoch: mem (CPU python)=19609.3515625MB; mem (CPU total)=42527.859375MB
INFO:root:Learning rate reduced to: 7.8125e-05
INFO:root:[  269] Training loss: 0.29279496, Validation loss: 0.30665007, Gradient norm: 0.16343176
INFO:root:At the start of the epoch: mem (CPU python)=19630.625MB; mem (CPU total)=42585.6875MB
INFO:root:[  270] Training loss: 0.29246463, Validation loss: 0.30668377, Gradient norm: 0.14329840
INFO:root:At the start of the epoch: mem (CPU python)=19651.7890625MB; mem (CPU total)=42636.3828125MB
INFO:root:[  271] Training loss: 0.29317768, Validation loss: 0.30685818, Gradient norm: 0.13974484
INFO:root:At the start of the epoch: mem (CPU python)=19672.94921875MB; mem (CPU total)=42689.2265625MB
INFO:root:[  272] Training loss: 0.29326783, Validation loss: 0.30757684, Gradient norm: 0.14262963
INFO:root:At the start of the epoch: mem (CPU python)=19694.890625MB; mem (CPU total)=42746.3671875MB
INFO:root:[  273] Training loss: 0.29313057, Validation loss: 0.30775372, Gradient norm: 0.14056949
INFO:root:At the start of the epoch: mem (CPU python)=19716.05859375MB; mem (CPU total)=42800.23046875MB
INFO:root:[  274] Training loss: 0.29256042, Validation loss: 0.30723750, Gradient norm: 0.13595297
INFO:root:At the start of the epoch: mem (CPU python)=19737.9453125MB; mem (CPU total)=42852.15625MB
INFO:root:[  275] Training loss: 0.29269640, Validation loss: 0.30755777, Gradient norm: 0.14260103
INFO:root:At the start of the epoch: mem (CPU python)=19759.109375MB; mem (CPU total)=42907.8203125MB
INFO:root:[  276] Training loss: 0.29305444, Validation loss: 0.30792315, Gradient norm: 0.14715406
INFO:root:At the start of the epoch: mem (CPU python)=19780.26953125MB; mem (CPU total)=42962.19140625MB
INFO:root:[  277] Training loss: 0.29325571, Validation loss: 0.30758809, Gradient norm: 0.14444337
INFO:root:At the start of the epoch: mem (CPU python)=19801.43359375MB; mem (CPU total)=43015.5625MB
INFO:root:[  278] Training loss: 0.29281147, Validation loss: 0.30761744, Gradient norm: 0.15228557
INFO:root:At the start of the epoch: mem (CPU python)=19822.6015625MB; mem (CPU total)=43069.98046875MB
INFO:root:EP 278: Early stopping
INFO:root:Training for autoregressive step 2 starts now.
INFO:root:Learning rate reduced to: [3.90625e-05]
INFO:root:At the start of the epoch: mem (CPU python)=19843.84375MB; mem (CPU total)=43125.84375MB
INFO:root:[  280] Training loss: 0.36922280, Validation loss: 0.38091596, Gradient norm: 0.35550826
INFO:root:At the start of the epoch: mem (CPU python)=19865.3046875MB; mem (CPU total)=43194.93359375MB
INFO:root:[  281] Training loss: 0.36721731, Validation loss: 0.38118104, Gradient norm: 0.29803309
INFO:root:At the start of the epoch: mem (CPU python)=19886.46484375MB; mem (CPU total)=43263.80859375MB
INFO:root:[  282] Training loss: 0.36597485, Validation loss: 0.37985518, Gradient norm: 0.28952534
INFO:root:At the start of the epoch: mem (CPU python)=19907.62890625MB; mem (CPU total)=43335.6015625MB
INFO:root:[  283] Training loss: 0.36661461, Validation loss: 0.37807449, Gradient norm: 0.28717556
INFO:root:At the start of the epoch: mem (CPU python)=19928.79296875MB; mem (CPU total)=43403.69921875MB
INFO:root:[  284] Training loss: 0.36533539, Validation loss: 0.37893609, Gradient norm: 0.28242669
INFO:root:At the start of the epoch: mem (CPU python)=19949.95703125MB; mem (CPU total)=43473.03125MB
INFO:root:[  285] Training loss: 0.36553151, Validation loss: 0.37953356, Gradient norm: 0.28556352
INFO:root:At the start of the epoch: mem (CPU python)=19971.12890625MB; mem (CPU total)=43542.70703125MB
INFO:root:[  286] Training loss: 0.36520822, Validation loss: 0.37853964, Gradient norm: 0.26914083
INFO:root:At the start of the epoch: mem (CPU python)=19992.29296875MB; mem (CPU total)=43611.859375MB
INFO:root:[  287] Training loss: 0.36519201, Validation loss: 0.37784607, Gradient norm: 0.28642139
INFO:root:At the start of the epoch: mem (CPU python)=20013.45703125MB; mem (CPU total)=43681.2890625MB
INFO:root:[  288] Training loss: 0.36491921, Validation loss: 0.37774850, Gradient norm: 0.26839518
INFO:root:At the start of the epoch: mem (CPU python)=20034.62109375MB; mem (CPU total)=43749.390625MB
INFO:root:[  289] Training loss: 0.36458634, Validation loss: 0.37765948, Gradient norm: 0.28342751
INFO:root:At the start of the epoch: mem (CPU python)=20055.7890625MB; mem (CPU total)=43820.6015625MB
INFO:root:[  290] Training loss: 0.36459379, Validation loss: 0.37709754, Gradient norm: 0.26698579
INFO:root:At the start of the epoch: mem (CPU python)=20076.94921875MB; mem (CPU total)=43888.5234375MB
INFO:root:[  291] Training loss: 0.36405302, Validation loss: 0.37786822, Gradient norm: 0.25622468
INFO:root:At the start of the epoch: mem (CPU python)=20098.11328125MB; mem (CPU total)=43957.72265625MB
INFO:root:[  292] Training loss: 0.36398858, Validation loss: 0.37757843, Gradient norm: 0.25797215
INFO:root:At the start of the epoch: mem (CPU python)=20119.27734375MB; mem (CPU total)=44026.875MB
INFO:root:[  293] Training loss: 0.36426347, Validation loss: 0.37640712, Gradient norm: 0.25712340
INFO:root:At the start of the epoch: mem (CPU python)=20140.44140625MB; mem (CPU total)=44095.99609375MB
INFO:root:[  294] Training loss: 0.36422275, Validation loss: 0.37835579, Gradient norm: 0.26478263
INFO:root:At the start of the epoch: mem (CPU python)=20161.6015625MB; mem (CPU total)=44163.89453125MB
INFO:root:[  295] Training loss: 0.36363678, Validation loss: 0.37752201, Gradient norm: 0.25605650
INFO:root:At the start of the epoch: mem (CPU python)=20182.765625MB; mem (CPU total)=44232.30859375MB
INFO:root:[  296] Training loss: 0.36408320, Validation loss: 0.37651847, Gradient norm: 0.25737021
INFO:root:At the start of the epoch: mem (CPU python)=20203.93359375MB; mem (CPU total)=44299.67578125MB
INFO:root:[  297] Training loss: 0.36365802, Validation loss: 0.37652455, Gradient norm: 0.24611592
INFO:root:At the start of the epoch: mem (CPU python)=20225.09765625MB; mem (CPU total)=44367.83984375MB
INFO:root:[  298] Training loss: 0.36370502, Validation loss: 0.37693833, Gradient norm: 0.25169839
INFO:root:At the start of the epoch: mem (CPU python)=20246.26171875MB; mem (CPU total)=44435.21484375MB
INFO:root:[  299] Training loss: 0.36322291, Validation loss: 0.37641432, Gradient norm: 0.25110158
INFO:root:At the start of the epoch: mem (CPU python)=20267.42578125MB; mem (CPU total)=44502.67578125MB
INFO:root:[  300] Training loss: 0.36302578, Validation loss: 0.37576446, Gradient norm: 0.24902662
INFO:root:At the start of the epoch: mem (CPU python)=20288.58984375MB; mem (CPU total)=44553.26953125MB
INFO:root:[  301] Training loss: 0.36264485, Validation loss: 0.37699458, Gradient norm: 0.25040715
INFO:root:At the start of the epoch: mem (CPU python)=20309.75MB; mem (CPU total)=44596.12890625MB
INFO:root:[  302] Training loss: 0.36303728, Validation loss: 0.37598092, Gradient norm: 0.24879563
INFO:root:At the start of the epoch: mem (CPU python)=20330.91796875MB; mem (CPU total)=44639.1875MB
INFO:root:[  303] Training loss: 0.36344058, Validation loss: 0.37662898, Gradient norm: 0.25330611
INFO:root:At the start of the epoch: mem (CPU python)=20352.08203125MB; mem (CPU total)=44682.5MB
INFO:root:[  304] Training loss: 0.36323750, Validation loss: 0.37523796, Gradient norm: 0.25460763
INFO:root:At the start of the epoch: mem (CPU python)=20373.24609375MB; mem (CPU total)=44725.84375MB
INFO:root:[  305] Training loss: 0.36273205, Validation loss: 0.37706758, Gradient norm: 0.25407469
INFO:root:At the start of the epoch: mem (CPU python)=20394.41015625MB; mem (CPU total)=44778.0078125MB
INFO:root:[  306] Training loss: 0.36291392, Validation loss: 0.37608557, Gradient norm: 0.25362356
INFO:root:At the start of the epoch: mem (CPU python)=20415.57421875MB; mem (CPU total)=44831.20703125MB
INFO:root:[  307] Training loss: 0.36315545, Validation loss: 0.37679311, Gradient norm: 0.24157901
INFO:root:At the start of the epoch: mem (CPU python)=20436.7421875MB; mem (CPU total)=44879.03125MB
INFO:root:[  308] Training loss: 0.36297909, Validation loss: 0.37618734, Gradient norm: 0.24592787
INFO:root:At the start of the epoch: mem (CPU python)=20457.90625MB; mem (CPU total)=44963.24609375MB
INFO:root:[  309] Training loss: 0.36273071, Validation loss: 0.37611359, Gradient norm: 0.25520254
INFO:root:At the start of the epoch: mem (CPU python)=20479.06640625MB; mem (CPU total)=45046.609375MB
INFO:root:[  310] Training loss: 0.36263135, Validation loss: 0.37652343, Gradient norm: 0.24965758
INFO:root:At the start of the epoch: mem (CPU python)=20500.2265625MB; mem (CPU total)=45132.91796875MB
INFO:root:[  311] Training loss: 0.36294141, Validation loss: 0.37661372, Gradient norm: 0.25174515
INFO:root:At the start of the epoch: mem (CPU python)=20521.390625MB; mem (CPU total)=45215.66015625MB
INFO:root:[  312] Training loss: 0.36242233, Validation loss: 0.37475624, Gradient norm: 0.25451305
INFO:root:At the start of the epoch: mem (CPU python)=20542.55859375MB; mem (CPU total)=45299.19921875MB
INFO:root:[  313] Training loss: 0.36198057, Validation loss: 0.37651040, Gradient norm: 0.25775897
INFO:root:At the start of the epoch: mem (CPU python)=20563.72265625MB; mem (CPU total)=45387.546875MB
INFO:root:[  314] Training loss: 0.36252401, Validation loss: 0.37513238, Gradient norm: 0.24893808
INFO:root:At the start of the epoch: mem (CPU python)=20584.890625MB; mem (CPU total)=45470.62109375MB
INFO:root:[  315] Training loss: 0.36208223, Validation loss: 0.37603404, Gradient norm: 0.24792434
INFO:root:At the start of the epoch: mem (CPU python)=20606.0546875MB; mem (CPU total)=45510.65234375MB
INFO:root:[  316] Training loss: 0.36220348, Validation loss: 0.37716369, Gradient norm: 0.24272130
INFO:root:At the start of the epoch: mem (CPU python)=20627.21875MB; mem (CPU total)=45639.640625MB
INFO:root:[  317] Training loss: 0.36261103, Validation loss: 0.37513082, Gradient norm: 0.25252299
INFO:root:At the start of the epoch: mem (CPU python)=20648.3828125MB; mem (CPU total)=45725.671875MB
INFO:root:[  318] Training loss: 0.36202443, Validation loss: 0.37541166, Gradient norm: 0.25679037
INFO:root:At the start of the epoch: mem (CPU python)=20669.55078125MB; mem (CPU total)=45811.5078125MB
INFO:root:[  319] Training loss: 0.36208851, Validation loss: 0.37566907, Gradient norm: 0.24512750
INFO:root:At the start of the epoch: mem (CPU python)=20690.7109375MB; mem (CPU total)=45894.046875MB
INFO:root:[  320] Training loss: 0.36214390, Validation loss: 0.37592330, Gradient norm: 0.25929528
INFO:root:At the start of the epoch: mem (CPU python)=20711.875MB; mem (CPU total)=45988.48046875MB
INFO:root:[  321] Training loss: 0.36240591, Validation loss: 0.37486444, Gradient norm: 0.24601994
INFO:root:At the start of the epoch: mem (CPU python)=20733.0390625MB; mem (CPU total)=46048.13671875MB
INFO:root:[  322] Training loss: 0.36189067, Validation loss: 0.37413067, Gradient norm: 0.24202145
INFO:root:At the start of the epoch: mem (CPU python)=20754.203125MB; mem (CPU total)=46113.3984375MB
INFO:root:[  323] Training loss: 0.36201794, Validation loss: 0.37472455, Gradient norm: 0.24441401
INFO:root:At the start of the epoch: mem (CPU python)=20775.3671875MB; mem (CPU total)=46179.2265625MB
INFO:root:[  324] Training loss: 0.36287989, Validation loss: 0.37445531, Gradient norm: 0.25056037
INFO:root:At the start of the epoch: mem (CPU python)=20796.53125MB; mem (CPU total)=46243.83203125MB
INFO:root:[  325] Training loss: 0.36206401, Validation loss: 0.37639697, Gradient norm: 0.23814393
INFO:root:At the start of the epoch: mem (CPU python)=20817.69921875MB; mem (CPU total)=46308.6640625MB
INFO:root:[  326] Training loss: 0.36190020, Validation loss: 0.37401543, Gradient norm: 0.26414044
INFO:root:At the start of the epoch: mem (CPU python)=20838.86328125MB; mem (CPU total)=46372.484375MB
INFO:root:[  327] Training loss: 0.36235144, Validation loss: 0.37514075, Gradient norm: 0.25044478
INFO:root:At the start of the epoch: mem (CPU python)=20860.0234375MB; mem (CPU total)=46440.515625MB
INFO:root:[  328] Training loss: 0.36174649, Validation loss: 0.37465273, Gradient norm: 0.23773566
INFO:root:At the start of the epoch: mem (CPU python)=20881.18359375MB; mem (CPU total)=46504.51953125MB
INFO:root:[  329] Training loss: 0.36186917, Validation loss: 0.37567993, Gradient norm: 0.25962939
INFO:root:At the start of the epoch: mem (CPU python)=20902.34765625MB; mem (CPU total)=46568.41796875MB
INFO:root:[  330] Training loss: 0.36152070, Validation loss: 0.37494488, Gradient norm: 0.25272052
INFO:root:At the start of the epoch: mem (CPU python)=20923.515625MB; mem (CPU total)=46632.61328125MB
INFO:root:[  331] Training loss: 0.36165205, Validation loss: 0.37456854, Gradient norm: 0.24335358
INFO:root:At the start of the epoch: mem (CPU python)=20944.6796875MB; mem (CPU total)=46696.0234375MB
INFO:root:[  332] Training loss: 0.36130922, Validation loss: 0.37485618, Gradient norm: 0.24108249
INFO:root:At the start of the epoch: mem (CPU python)=20965.84375MB; mem (CPU total)=46762.64453125MB
INFO:root:[  333] Training loss: 0.36146358, Validation loss: 0.37442589, Gradient norm: 0.24734055
INFO:root:At the start of the epoch: mem (CPU python)=20987.0078125MB; mem (CPU total)=46825.6875MB
INFO:root:[  334] Training loss: 0.36139780, Validation loss: 0.37556640, Gradient norm: 0.25348203
INFO:root:At the start of the epoch: mem (CPU python)=21008.171875MB; mem (CPU total)=46889.2109375MB
INFO:root:[  335] Training loss: 0.36150921, Validation loss: 0.37540947, Gradient norm: 0.25120186
INFO:root:At the start of the epoch: mem (CPU python)=21029.33984375MB; mem (CPU total)=46951.9921875MB
INFO:root:EP 335: Early stopping
INFO:root:After finishing all epochs: mem (CPU python)=21050.50390625MB; mem (CPU total)=47001.91796875MB
INFO:root:Training the model took 16173.6s.
INFO:root:Emptying the cuda cache took 0.014s.
INFO:root:Starting evaluation: model SFNO & uncertainty quantification dropout
INFO:root:Evaluating the model on Validation data.
INFO:root:MSEValidation: 0.39334
INFO:root:EnergyScoreValidation: 0.3019
INFO:root:CRPSValidation: 0.12279
INFO:root:Gaussian NLLValidation: 0.80377
INFO:root:CoverageValidation: 0.64977
INFO:root:IntervalWidthValidation: 0.3828
INFO:root:Evaluating the model on Test data.
INFO:root:MSETest: 0.30313
INFO:root:EnergyScoreTest: 0.23716
INFO:root:CRPSTest: 0.0946
INFO:root:Gaussian NLLTest: 0.81647
INFO:root:CoverageTest: 0.60612
INFO:root:IntervalWidthTest: 0.25741
INFO:root:After validation: mem (CPU python)=21051.13671875MB; mem (CPU total)=47313.9453125MB
