INFO:root:Starting the logger.
INFO:root:Using cuda.
INFO:root:: mem (CPU python)=576.16015625MB; mem (CPU total)=25205.91015625MB
INFO:root:############### Starting experiment with config file sswe/sfno_laplace_2_3.ini ###############
INFO:root:###1 out of 1 data set parameter combinations ###
INFO:root:Data parameters: {'dataset_name': 'SSWE', 'max_training_set_size': 5000, 'pred_horizon': 1, 'train_horizon': 2, 'stepwise_evaluation': False}
INFO:root:After loading the datasets: mem (CPU python)=587.15625MB; mem (CPU total)=25210.09375MB
INFO:root:###1 out of 3 training parameter combinations ###
INFO:root:Training parameters: {'seed': 1234567, 'model': 'SFNO', 'uncertainty_quantification': 'laplace', 'batch_size': 32, 'n_epochs': 1000, 'early_stopping': 10, 'init': 'default', 'learning_rate': 0.005, 'lr_schedule': 'step', 'optimizer': 'adam', 'gradient_clipping': 1, 'layer_normalization': True, 'data_loader_pin_memory': False, 'data_loader_num_workers': 0, 'distributed_training': False, 'alpha': 0.05, 'n_samples_uq': 100, 'weight_decay': 0, 'dropout': 0.001, 'fourier_dropout': None, 'hidden_channels': 32, 'projection_channels': 256, 'lifting_channels': 256, 'n_modes': (32, 32), 'n_samples': 3}
INFO:root:After creating the dataloaders: mem (CPU python)=588.6328125MB; mem (CPU total)=25209.296875MB
INFO:root:NumberParameters: 284835
INFO:root:GPU memory allocated: 2097152
INFO:root:After setting up the model: mem (CPU python)=2107.453125MB; mem (CPU total)=26496.78515625MB
INFO:root:Training starts now.
INFO:root:At the start of the epoch: mem (CPU python)=2116.98828125MB; mem (CPU total)=26509.43359375MB
INFO:root:[    1] Training loss: 0.82525690, Validation loss: 0.73430714, Gradient norm: 0.54862421
INFO:root:At the start of the epoch: mem (CPU python)=3079.3671875MB; mem (CPU total)=27258.50390625MB
INFO:root:[    2] Training loss: 0.73304437, Validation loss: 0.73133057, Gradient norm: 0.31844524
INFO:root:At the start of the epoch: mem (CPU python)=3101.0078125MB; mem (CPU total)=27305.0625MB
INFO:root:[    3] Training loss: 0.73009123, Validation loss: 0.72447492, Gradient norm: 0.25938947
INFO:root:At the start of the epoch: mem (CPU python)=3123.25390625MB; mem (CPU total)=27357.5234375MB
INFO:root:[    4] Training loss: 0.70265886, Validation loss: 0.66317006, Gradient norm: 0.39113146
INFO:root:At the start of the epoch: mem (CPU python)=3145.63671875MB; mem (CPU total)=27410.87890625MB
INFO:root:[    5] Training loss: 0.63185899, Validation loss: 0.59486535, Gradient norm: 0.46391177
INFO:root:At the start of the epoch: mem (CPU python)=3167.58984375MB; mem (CPU total)=27469.4453125MB
INFO:root:[    6] Training loss: 0.58299045, Validation loss: 0.56548529, Gradient norm: 0.47791005
INFO:root:At the start of the epoch: mem (CPU python)=3189.0078125MB; mem (CPU total)=27526.78515625MB
INFO:root:[    7] Training loss: 0.55871065, Validation loss: 0.54644551, Gradient norm: 0.47522225
INFO:root:At the start of the epoch: mem (CPU python)=3210.19140625MB; mem (CPU total)=27582.09765625MB
INFO:root:[    8] Training loss: 0.53908372, Validation loss: 0.52843509, Gradient norm: 0.50478085
INFO:root:At the start of the epoch: mem (CPU python)=3231.36328125MB; mem (CPU total)=27633.3515625MB
INFO:root:[    9] Training loss: 0.52347857, Validation loss: 0.51685809, Gradient norm: 0.50176765
INFO:root:At the start of the epoch: mem (CPU python)=3252.53125MB; mem (CPU total)=27687.30859375MB
INFO:root:[   10] Training loss: 0.50947462, Validation loss: 0.49860153, Gradient norm: 0.54760260
INFO:root:At the start of the epoch: mem (CPU python)=3273.71875MB; mem (CPU total)=27745.703125MB
INFO:root:[   11] Training loss: 0.49891396, Validation loss: 0.49139924, Gradient norm: 0.51877591
INFO:root:At the start of the epoch: mem (CPU python)=3294.88671875MB; mem (CPU total)=27799.51953125MB
INFO:root:[   12] Training loss: 0.48991839, Validation loss: 0.48398804, Gradient norm: 0.53191253
INFO:root:At the start of the epoch: mem (CPU python)=3316.1328125MB; mem (CPU total)=27854.88671875MB
INFO:root:[   13] Training loss: 0.48413346, Validation loss: 0.47857456, Gradient norm: 0.50402608
INFO:root:At the start of the epoch: mem (CPU python)=3337.296875MB; mem (CPU total)=27912.31640625MB
INFO:root:[   14] Training loss: 0.47861060, Validation loss: 0.47380817, Gradient norm: 0.50799728
INFO:root:At the start of the epoch: mem (CPU python)=3359.32421875MB; mem (CPU total)=27969.359375MB
INFO:root:[   15] Training loss: 0.47755448, Validation loss: 0.47050865, Gradient norm: 0.55830131
INFO:root:At the start of the epoch: mem (CPU python)=3380.3515625MB; mem (CPU total)=28026.39453125MB
INFO:root:[   16] Training loss: 0.46920622, Validation loss: 0.46317740, Gradient norm: 0.42423590
INFO:root:At the start of the epoch: mem (CPU python)=3402.20703125MB; mem (CPU total)=28080.58203125MB
INFO:root:[   17] Training loss: 0.46633492, Validation loss: 0.46329205, Gradient norm: 0.51298614
INFO:root:At the start of the epoch: mem (CPU python)=3422.390625MB; mem (CPU total)=28139.890625MB
INFO:root:[   18] Training loss: 0.46115436, Validation loss: 0.45630620, Gradient norm: 0.46640324
INFO:root:At the start of the epoch: mem (CPU python)=3443.8125MB; mem (CPU total)=28191.63671875MB
INFO:root:[   19] Training loss: 0.45770757, Validation loss: 0.45662980, Gradient norm: 0.50809653
INFO:root:At the start of the epoch: mem (CPU python)=3465.83203125MB; mem (CPU total)=28249.0234375MB
INFO:root:[   20] Training loss: 0.45284120, Validation loss: 0.45076248, Gradient norm: 0.48104340
INFO:root:At the start of the epoch: mem (CPU python)=3486.64453125MB; mem (CPU total)=28307.34765625MB
INFO:root:[   21] Training loss: 0.45010511, Validation loss: 0.44568070, Gradient norm: 0.51103222
INFO:root:At the start of the epoch: mem (CPU python)=3507.21484375MB; mem (CPU total)=28366.609375MB
INFO:root:[   22] Training loss: 0.44662353, Validation loss: 0.44190368, Gradient norm: 0.50127410
INFO:root:At the start of the epoch: mem (CPU python)=3529.265625MB; mem (CPU total)=28375.015625MB
INFO:root:[   23] Training loss: 0.44401707, Validation loss: 0.43998214, Gradient norm: 0.47830928
INFO:root:At the start of the epoch: mem (CPU python)=3550.1640625MB; mem (CPU total)=28471.03515625MB
INFO:root:[   24] Training loss: 0.44144436, Validation loss: 0.43715895, Gradient norm: 0.50389291
INFO:root:At the start of the epoch: mem (CPU python)=3572.70703125MB; mem (CPU total)=28526.8515625MB
INFO:root:[   25] Training loss: 0.43823014, Validation loss: 0.43311081, Gradient norm: 0.51738785
INFO:root:At the start of the epoch: mem (CPU python)=3594.76171875MB; mem (CPU total)=28585.46484375MB
INFO:root:[   26] Training loss: 0.43402940, Validation loss: 0.42990747, Gradient norm: 0.48082960
INFO:root:At the start of the epoch: mem (CPU python)=3616.1796875MB; mem (CPU total)=28644.484375MB
INFO:root:[   27] Training loss: 0.43087248, Validation loss: 0.42684772, Gradient norm: 0.49488987
INFO:root:At the start of the epoch: mem (CPU python)=3637.4765625MB; mem (CPU total)=28698.390625MB
INFO:root:[   28] Training loss: 0.42606039, Validation loss: 0.42277941, Gradient norm: 0.47728631
INFO:root:At the start of the epoch: mem (CPU python)=3658.6484375MB; mem (CPU total)=28750.1328125MB
INFO:root:[   29] Training loss: 0.41691012, Validation loss: 0.39859953, Gradient norm: 0.51745424
INFO:root:At the start of the epoch: mem (CPU python)=3679.82421875MB; mem (CPU total)=28804.64453125MB
INFO:root:[   30] Training loss: 0.39068068, Validation loss: 0.38309114, Gradient norm: 0.60606910
INFO:root:At the start of the epoch: mem (CPU python)=3701.19140625MB; mem (CPU total)=28864.9375MB
INFO:root:[   31] Training loss: 0.37995359, Validation loss: 0.37640679, Gradient norm: 0.59987304
INFO:root:At the start of the epoch: mem (CPU python)=3722.484375MB; mem (CPU total)=28918.76171875MB
INFO:root:[   32] Training loss: 0.37422204, Validation loss: 0.37072640, Gradient norm: 0.60010910
INFO:root:At the start of the epoch: mem (CPU python)=3744.46484375MB; mem (CPU total)=28977.4609375MB
INFO:root:[   33] Training loss: 0.36861363, Validation loss: 0.36607102, Gradient norm: 0.59924202
INFO:root:At the start of the epoch: mem (CPU python)=3765.6328125MB; mem (CPU total)=29030.61328125MB
INFO:root:[   34] Training loss: 0.36441648, Validation loss: 0.36440572, Gradient norm: 0.59083720
INFO:root:At the start of the epoch: mem (CPU python)=3786.8046875MB; mem (CPU total)=29086.625MB
INFO:root:[   35] Training loss: 0.36071486, Validation loss: 0.36087390, Gradient norm: 0.62366852
INFO:root:At the start of the epoch: mem (CPU python)=3808.2265625MB; mem (CPU total)=29146.1796875MB
INFO:root:[   36] Training loss: 0.35728089, Validation loss: 0.35579434, Gradient norm: 0.62359883
INFO:root:At the start of the epoch: mem (CPU python)=3829.3984375MB; mem (CPU total)=29199.4921875MB
INFO:root:[   37] Training loss: 0.35467413, Validation loss: 0.35005840, Gradient norm: 0.59910083
INFO:root:At the start of the epoch: mem (CPU python)=3850.5703125MB; mem (CPU total)=29253.390625MB
INFO:root:[   38] Training loss: 0.35137186, Validation loss: 0.34798621, Gradient norm: 0.57589291
INFO:root:At the start of the epoch: mem (CPU python)=3871.7421875MB; mem (CPU total)=29310.421875MB
INFO:root:[   39] Training loss: 0.34890857, Validation loss: 0.34806867, Gradient norm: 0.61799851
INFO:root:At the start of the epoch: mem (CPU python)=3892.9140625MB; mem (CPU total)=29366.828125MB
INFO:root:[   40] Training loss: 0.34682218, Validation loss: 0.34342878, Gradient norm: 0.63655732
INFO:root:At the start of the epoch: mem (CPU python)=3914.0859375MB; mem (CPU total)=29425.65625MB
INFO:root:[   41] Training loss: 0.34623224, Validation loss: 0.34175511, Gradient norm: 0.64341822
INFO:root:At the start of the epoch: mem (CPU python)=3935.25390625MB; mem (CPU total)=29476.3203125MB
INFO:root:[   42] Training loss: 0.34437172, Validation loss: 0.34119572, Gradient norm: 0.69236594
INFO:root:At the start of the epoch: mem (CPU python)=3956.56640625MB; mem (CPU total)=29528.78515625MB
INFO:root:[   43] Training loss: 0.34049174, Validation loss: 0.33985588, Gradient norm: 0.59761939
INFO:root:At the start of the epoch: mem (CPU python)=3977.98046875MB; mem (CPU total)=29583.18359375MB
INFO:root:[   44] Training loss: 0.34032760, Validation loss: 0.34264816, Gradient norm: 0.63524518
INFO:root:At the start of the epoch: mem (CPU python)=3999.29296875MB; mem (CPU total)=29646.83203125MB
INFO:root:[   45] Training loss: 0.33799947, Validation loss: 0.34731227, Gradient norm: 0.62039651
INFO:root:At the start of the epoch: mem (CPU python)=4021.5703125MB; mem (CPU total)=29703.40625MB
INFO:root:[   46] Training loss: 0.33704456, Validation loss: 0.33271175, Gradient norm: 0.62504519
INFO:root:At the start of the epoch: mem (CPU python)=4043.37109375MB; mem (CPU total)=29757.55859375MB
INFO:root:[   47] Training loss: 0.33617596, Validation loss: 0.33251668, Gradient norm: 0.65939279
INFO:root:At the start of the epoch: mem (CPU python)=4064.54296875MB; mem (CPU total)=29812.68359375MB
INFO:root:[   48] Training loss: 0.33270599, Validation loss: 0.33552124, Gradient norm: 0.60969339
INFO:root:At the start of the epoch: mem (CPU python)=4085.7109375MB; mem (CPU total)=29866.83984375MB
INFO:root:[   49] Training loss: 0.33170573, Validation loss: 0.33134316, Gradient norm: 0.67126964
INFO:root:At the start of the epoch: mem (CPU python)=4106.890625MB; mem (CPU total)=29924.69140625MB
INFO:root:[   50] Training loss: 0.33042221, Validation loss: 0.33047115, Gradient norm: 0.63075821
INFO:root:At the start of the epoch: mem (CPU python)=4128.43359375MB; mem (CPU total)=29984.73828125MB
INFO:root:[   51] Training loss: 0.32923803, Validation loss: 0.32741939, Gradient norm: 0.62648223
INFO:root:At the start of the epoch: mem (CPU python)=4149.60546875MB; mem (CPU total)=30040.74609375MB
INFO:root:[   52] Training loss: 0.32940011, Validation loss: 0.33142198, Gradient norm: 0.68765065
INFO:root:At the start of the epoch: mem (CPU python)=4170.7734375MB; mem (CPU total)=30094.4765625MB
INFO:root:[   53] Training loss: 0.32742473, Validation loss: 0.32709048, Gradient norm: 0.64827100
INFO:root:At the start of the epoch: mem (CPU python)=4191.94921875MB; mem (CPU total)=30147.3984375MB
INFO:root:[   54] Training loss: 0.32707581, Validation loss: 0.32491855, Gradient norm: 0.63394246
INFO:root:At the start of the epoch: mem (CPU python)=4213.125MB; mem (CPU total)=30205.66796875MB
INFO:root:[   55] Training loss: 0.32578999, Validation loss: 0.32707419, Gradient norm: 0.64243747
INFO:root:At the start of the epoch: mem (CPU python)=4234.51953125MB; mem (CPU total)=30262.4296875MB
INFO:root:[   56] Training loss: 0.32476673, Validation loss: 0.32528830, Gradient norm: 0.62273798
INFO:root:At the start of the epoch: mem (CPU python)=4255.8359375MB; mem (CPU total)=30317.7421875MB
INFO:root:[   57] Training loss: 0.32346557, Validation loss: 0.32469665, Gradient norm: 0.65057948
INFO:root:At the start of the epoch: mem (CPU python)=4277.4375MB; mem (CPU total)=30374.6328125MB
INFO:root:[   58] Training loss: 0.32177919, Validation loss: 0.32249454, Gradient norm: 0.64816734
INFO:root:At the start of the epoch: mem (CPU python)=4299.3125MB; mem (CPU total)=30426.8046875MB
INFO:root:[   59] Training loss: 0.32086430, Validation loss: 0.32330429, Gradient norm: 0.64463841
INFO:root:At the start of the epoch: mem (CPU python)=4320.48046875MB; mem (CPU total)=30486.60546875MB
INFO:root:[   60] Training loss: 0.32052572, Validation loss: 0.32625089, Gradient norm: 0.60512176
INFO:root:At the start of the epoch: mem (CPU python)=4342.08984375MB; mem (CPU total)=30540.21484375MB
INFO:root:[   61] Training loss: 0.31878769, Validation loss: 0.32042158, Gradient norm: 0.64621557
INFO:root:At the start of the epoch: mem (CPU python)=4363.72265625MB; mem (CPU total)=30593.86328125MB
INFO:root:[   62] Training loss: 0.31892898, Validation loss: 0.31936341, Gradient norm: 0.66836681
INFO:root:At the start of the epoch: mem (CPU python)=4385.12109375MB; mem (CPU total)=30651.46484375MB
INFO:root:[   63] Training loss: 0.31896566, Validation loss: 0.32099799, Gradient norm: 0.67002348
INFO:root:At the start of the epoch: mem (CPU python)=4406.29296875MB; mem (CPU total)=30708.0MB
INFO:root:[   64] Training loss: 0.31761235, Validation loss: 0.32105586, Gradient norm: 0.65014065
INFO:root:At the start of the epoch: mem (CPU python)=4427.46484375MB; mem (CPU total)=30766.33984375MB
INFO:root:[   65] Training loss: 0.31592815, Validation loss: 0.32000613, Gradient norm: 0.67483023
INFO:root:At the start of the epoch: mem (CPU python)=4448.63671875MB; mem (CPU total)=30818.0078125MB
INFO:root:[   66] Training loss: 0.31459930, Validation loss: 0.31898486, Gradient norm: 0.68603602
INFO:root:At the start of the epoch: mem (CPU python)=4470.1875MB; mem (CPU total)=30870.91796875MB
INFO:root:[   67] Training loss: 0.31384994, Validation loss: 0.31629441, Gradient norm: 0.64526145
INFO:root:At the start of the epoch: mem (CPU python)=4492.31640625MB; mem (CPU total)=30927.01953125MB
INFO:root:[   68] Training loss: 0.31305000, Validation loss: 0.31550605, Gradient norm: 0.65692179
INFO:root:At the start of the epoch: mem (CPU python)=4514.15234375MB; mem (CPU total)=30989.234375MB
INFO:root:[   69] Training loss: 0.31218396, Validation loss: 0.31323951, Gradient norm: 0.64300573
INFO:root:At the start of the epoch: mem (CPU python)=4535.32421875MB; mem (CPU total)=31042.68359375MB
INFO:root:[   70] Training loss: 0.31064044, Validation loss: 0.32112002, Gradient norm: 0.67529326
INFO:root:At the start of the epoch: mem (CPU python)=4556.4921875MB; mem (CPU total)=31096.2578125MB
INFO:root:[   71] Training loss: 0.31089604, Validation loss: 0.31555667, Gradient norm: 0.66682583
INFO:root:At the start of the epoch: mem (CPU python)=4577.6640625MB; mem (CPU total)=31149.859375MB
INFO:root:[   72] Training loss: 0.30947400, Validation loss: 0.31703833, Gradient norm: 0.67943822
INFO:root:At the start of the epoch: mem (CPU python)=4598.83984375MB; mem (CPU total)=31202.4921875MB
INFO:root:[   73] Training loss: 0.30982536, Validation loss: 0.31338977, Gradient norm: 0.65682142
INFO:root:At the start of the epoch: mem (CPU python)=4620.01171875MB; mem (CPU total)=31268.1875MB
INFO:root:[   74] Training loss: 0.30808966, Validation loss: 0.31584758, Gradient norm: 0.66277763
INFO:root:At the start of the epoch: mem (CPU python)=4641.1796875MB; mem (CPU total)=31323.546875MB
INFO:root:[   75] Training loss: 0.30835320, Validation loss: 0.31203060, Gradient norm: 0.71498978
INFO:root:At the start of the epoch: mem (CPU python)=4662.40234375MB; mem (CPU total)=31375.95703125MB
INFO:root:[   76] Training loss: 0.30805419, Validation loss: 0.31145577, Gradient norm: 0.65602184
INFO:root:At the start of the epoch: mem (CPU python)=4683.90625MB; mem (CPU total)=31428.62109375MB
INFO:root:[   77] Training loss: 0.30614685, Validation loss: 0.31066727, Gradient norm: 0.66682257
INFO:root:At the start of the epoch: mem (CPU python)=4705.078125MB; mem (CPU total)=31484.9609375MB
INFO:root:[   78] Training loss: 0.30543183, Validation loss: 0.31178725, Gradient norm: 0.65184805
INFO:root:At the start of the epoch: mem (CPU python)=4726.24609375MB; mem (CPU total)=31544.48046875MB
INFO:root:[   79] Training loss: 0.30467912, Validation loss: 0.31256401, Gradient norm: 0.65537330
INFO:root:At the start of the epoch: mem (CPU python)=4747.41796875MB; mem (CPU total)=31600.09765625MB
INFO:root:[   80] Training loss: 0.30419393, Validation loss: 0.31147412, Gradient norm: 0.66751329
INFO:root:At the start of the epoch: mem (CPU python)=4768.77734375MB; mem (CPU total)=31653.25390625MB
INFO:root:[   81] Training loss: 0.30374771, Validation loss: 0.31280623, Gradient norm: 0.65413271
INFO:root:At the start of the epoch: mem (CPU python)=4790.13671875MB; mem (CPU total)=31705.91796875MB
INFO:root:[   82] Training loss: 0.30409183, Validation loss: 0.31002775, Gradient norm: 0.69802846
INFO:root:At the start of the epoch: mem (CPU python)=4813.1875MB; mem (CPU total)=31767.703125MB
INFO:root:[   83] Training loss: 0.30352215, Validation loss: 0.30836153, Gradient norm: 0.62655262
INFO:root:At the start of the epoch: mem (CPU python)=4834.359375MB; mem (CPU total)=31824.30078125MB
INFO:root:[   84] Training loss: 0.30164067, Validation loss: 0.31118150, Gradient norm: 0.65771454
INFO:root:At the start of the epoch: mem (CPU python)=4855.53125MB; mem (CPU total)=31877.703125MB
INFO:root:[   85] Training loss: 0.30261758, Validation loss: 0.30915252, Gradient norm: 0.69650283
INFO:root:At the start of the epoch: mem (CPU python)=4876.69921875MB; mem (CPU total)=31935.59765625MB
INFO:root:[   86] Training loss: 0.30090172, Validation loss: 0.30870476, Gradient norm: 0.64557909
INFO:root:At the start of the epoch: mem (CPU python)=4897.87890625MB; mem (CPU total)=31988.2890625MB
INFO:root:[   87] Training loss: 0.30132338, Validation loss: 0.30498384, Gradient norm: 0.68604531
INFO:root:At the start of the epoch: mem (CPU python)=4919.046875MB; mem (CPU total)=32047.3828125MB
INFO:root:[   88] Training loss: 0.30003975, Validation loss: 0.31381875, Gradient norm: 0.66493188
INFO:root:At the start of the epoch: mem (CPU python)=4940.2109375MB; mem (CPU total)=32100.29296875MB
INFO:root:[   89] Training loss: 0.29970248, Validation loss: 0.30860219, Gradient norm: 0.67702259
INFO:root:At the start of the epoch: mem (CPU python)=4961.39453125MB; mem (CPU total)=32153.09375MB
INFO:root:[   90] Training loss: 0.29846566, Validation loss: 0.31025884, Gradient norm: 0.65640041
INFO:root:At the start of the epoch: mem (CPU python)=4982.5625MB; mem (CPU total)=32208.95703125MB
INFO:root:[   91] Training loss: 0.29852922, Validation loss: 0.30731983, Gradient norm: 0.66215624
INFO:root:At the start of the epoch: mem (CPU python)=5003.73828125MB; mem (CPU total)=32269.25MB
INFO:root:[   92] Training loss: 0.29781975, Validation loss: 0.30755845, Gradient norm: 0.67150426
INFO:root:At the start of the epoch: mem (CPU python)=5024.91015625MB; mem (CPU total)=32326.33984375MB
INFO:root:[   93] Training loss: 0.29859232, Validation loss: 0.30920679, Gradient norm: 0.65829288
INFO:root:At the start of the epoch: mem (CPU python)=5046.0859375MB; mem (CPU total)=32380.421875MB
INFO:root:Learning rate reduced to: 0.0025
INFO:root:[   94] Training loss: 0.29714055, Validation loss: 0.30596233, Gradient norm: 0.64002542
INFO:root:At the start of the epoch: mem (CPU python)=5067.5859375MB; mem (CPU total)=32433.30078125MB
INFO:root:Learning rate reduced to: 0.00125
INFO:root:[   95] Training loss: 0.28864231, Validation loss: 0.30098414, Gradient norm: 0.33846578
INFO:root:At the start of the epoch: mem (CPU python)=5089.1796875MB; mem (CPU total)=32486.5390625MB
INFO:root:[   96] Training loss: 0.28417544, Validation loss: 0.29781476, Gradient norm: 0.20452316
INFO:root:At the start of the epoch: mem (CPU python)=5110.3515625MB; mem (CPU total)=32548.19140625MB
INFO:root:[   97] Training loss: 0.28315949, Validation loss: 0.29946862, Gradient norm: 0.24552294
INFO:root:At the start of the epoch: mem (CPU python)=5131.59375MB; mem (CPU total)=32608.7109375MB
INFO:root:[   98] Training loss: 0.28307490, Validation loss: 0.29886488, Gradient norm: 0.24535191
INFO:root:At the start of the epoch: mem (CPU python)=5153.11328125MB; mem (CPU total)=32659.6953125MB
INFO:root:[   99] Training loss: 0.28291092, Validation loss: 0.29814709, Gradient norm: 0.26870446
INFO:root:At the start of the epoch: mem (CPU python)=5174.64453125MB; mem (CPU total)=32713.9921875MB
INFO:root:[  100] Training loss: 0.28262667, Validation loss: 0.29999365, Gradient norm: 0.25233824
INFO:root:At the start of the epoch: mem (CPU python)=5196.16015625MB; mem (CPU total)=32767.0234375MB
INFO:root:[  101] Training loss: 0.28206710, Validation loss: 0.29721956, Gradient norm: 0.28853660
INFO:root:At the start of the epoch: mem (CPU python)=5217.3359375MB; mem (CPU total)=32826.3203125MB
INFO:root:[  102] Training loss: 0.28253448, Validation loss: 0.29894532, Gradient norm: 0.29347684
INFO:root:At the start of the epoch: mem (CPU python)=5238.5078125MB; mem (CPU total)=32883.671875MB
INFO:root:[  103] Training loss: 0.28198941, Validation loss: 0.29641275, Gradient norm: 0.35577593
INFO:root:At the start of the epoch: mem (CPU python)=5260.328125MB; mem (CPU total)=32939.546875MB
INFO:root:[  104] Training loss: 0.28235527, Validation loss: 0.29841366, Gradient norm: 0.34873195
INFO:root:At the start of the epoch: mem (CPU python)=5281.625MB; mem (CPU total)=32991.796875MB
INFO:root:[  105] Training loss: 0.28156875, Validation loss: 0.29750237, Gradient norm: 0.37521308
INFO:root:At the start of the epoch: mem (CPU python)=5303.1484375MB; mem (CPU total)=33047.875MB
INFO:root:[  106] Training loss: 0.28217942, Validation loss: 0.29872386, Gradient norm: 0.37766522
INFO:root:At the start of the epoch: mem (CPU python)=5324.3203125MB; mem (CPU total)=33108.1953125MB
INFO:root:[  107] Training loss: 0.28221088, Validation loss: 0.29830065, Gradient norm: 0.35465155
INFO:root:At the start of the epoch: mem (CPU python)=5345.49609375MB; mem (CPU total)=33160.62890625MB
INFO:root:[  108] Training loss: 0.28086554, Validation loss: 0.29894850, Gradient norm: 0.36040985
INFO:root:At the start of the epoch: mem (CPU python)=5366.80859375MB; mem (CPU total)=33218.71875MB
INFO:root:[  109] Training loss: 0.28118344, Validation loss: 0.29993243, Gradient norm: 0.34581461
INFO:root:At the start of the epoch: mem (CPU python)=5388.171875MB; mem (CPU total)=33274.1015625MB
INFO:root:Learning rate reduced to: 0.000625
INFO:root:[  110] Training loss: 0.28048351, Validation loss: 0.29666996, Gradient norm: 0.39852540
INFO:root:At the start of the epoch: mem (CPU python)=5409.76171875MB; mem (CPU total)=33332.44140625MB
INFO:root:Learning rate reduced to: 0.0003125
INFO:root:[  111] Training loss: 0.27901203, Validation loss: 0.29622338, Gradient norm: 0.22573717
INFO:root:At the start of the epoch: mem (CPU python)=5430.9375MB; mem (CPU total)=33392.5MB
INFO:root:[  112] Training loss: 0.27772877, Validation loss: 0.29608319, Gradient norm: 0.17220443
INFO:root:At the start of the epoch: mem (CPU python)=5452.10546875MB; mem (CPU total)=33447.390625MB
INFO:root:[  113] Training loss: 0.27772886, Validation loss: 0.29623268, Gradient norm: 0.17681646
INFO:root:At the start of the epoch: mem (CPU python)=5473.27734375MB; mem (CPU total)=33501.91796875MB
INFO:root:[  114] Training loss: 0.27741200, Validation loss: 0.29611284, Gradient norm: 0.16826731
INFO:root:At the start of the epoch: mem (CPU python)=5494.63671875MB; mem (CPU total)=33556.24609375MB
INFO:root:[  115] Training loss: 0.27701559, Validation loss: 0.29674198, Gradient norm: 0.18221528
INFO:root:At the start of the epoch: mem (CPU python)=5515.9921875MB; mem (CPU total)=33615.30859375MB
INFO:root:[  116] Training loss: 0.27762146, Validation loss: 0.29545729, Gradient norm: 0.19364164
INFO:root:At the start of the epoch: mem (CPU python)=5537.90625MB; mem (CPU total)=33679.765625MB
INFO:root:[  117] Training loss: 0.27698540, Validation loss: 0.29675923, Gradient norm: 0.19002886
INFO:root:At the start of the epoch: mem (CPU python)=5559.078125MB; mem (CPU total)=33741.05859375MB
INFO:root:[  118] Training loss: 0.27725623, Validation loss: 0.29554977, Gradient norm: 0.20033551
INFO:root:At the start of the epoch: mem (CPU python)=5580.6328125MB; mem (CPU total)=33793.97265625MB
INFO:root:[  119] Training loss: 0.27820223, Validation loss: 0.29756617, Gradient norm: 0.20623460
INFO:root:At the start of the epoch: mem (CPU python)=5602.55859375MB; mem (CPU total)=33837.046875MB
INFO:root:[  120] Training loss: 0.27696286, Validation loss: 0.29653478, Gradient norm: 0.20082411
INFO:root:At the start of the epoch: mem (CPU python)=5623.73046875MB; mem (CPU total)=33889.47265625MB
INFO:root:[  121] Training loss: 0.27702480, Validation loss: 0.29718436, Gradient norm: 0.19596411
INFO:root:At the start of the epoch: mem (CPU python)=5645.45703125MB; mem (CPU total)=33937.26171875MB
INFO:root:[  122] Training loss: 0.27708283, Validation loss: 0.29606602, Gradient norm: 0.21427690
INFO:root:At the start of the epoch: mem (CPU python)=5666.83984375MB; mem (CPU total)=33991.40625MB
INFO:root:Learning rate reduced to: 0.00015625
INFO:root:[  123] Training loss: 0.27704842, Validation loss: 0.29620047, Gradient norm: 0.20573174
INFO:root:At the start of the epoch: mem (CPU python)=5688.625MB; mem (CPU total)=34044.8046875MB
INFO:root:Learning rate reduced to: 7.8125e-05
INFO:root:[  124] Training loss: 0.27608769, Validation loss: 0.29544582, Gradient norm: 0.16620156
INFO:root:At the start of the epoch: mem (CPU python)=5709.796875MB; mem (CPU total)=34091.8515625MB
INFO:root:[  125] Training loss: 0.27591212, Validation loss: 0.29602779, Gradient norm: 0.13503074
INFO:root:At the start of the epoch: mem (CPU python)=5730.9765625MB; mem (CPU total)=34142.30859375MB
INFO:root:[  126] Training loss: 0.27558529, Validation loss: 0.29534031, Gradient norm: 0.13591993
INFO:root:At the start of the epoch: mem (CPU python)=5752.15234375MB; mem (CPU total)=34189.29296875MB
INFO:root:[  127] Training loss: 0.27589067, Validation loss: 0.29605430, Gradient norm: 0.13595022
INFO:root:At the start of the epoch: mem (CPU python)=5773.33203125MB; mem (CPU total)=34243.9921875MB
INFO:root:[  128] Training loss: 0.27619517, Validation loss: 0.29576771, Gradient norm: 0.14114178
INFO:root:At the start of the epoch: mem (CPU python)=5794.51171875MB; mem (CPU total)=34294.81640625MB
INFO:root:[  129] Training loss: 0.27588223, Validation loss: 0.29618692, Gradient norm: 0.14498883
INFO:root:At the start of the epoch: mem (CPU python)=5815.6875MB; mem (CPU total)=34343.83203125MB
INFO:root:[  130] Training loss: 0.27601055, Validation loss: 0.29592105, Gradient norm: 0.15237496
INFO:root:At the start of the epoch: mem (CPU python)=5837.96875MB; mem (CPU total)=34391.78515625MB
INFO:root:[  131] Training loss: 0.27579553, Validation loss: 0.29515111, Gradient norm: 0.14240669
INFO:root:At the start of the epoch: mem (CPU python)=5859.52734375MB; mem (CPU total)=34439.2421875MB
INFO:root:[  132] Training loss: 0.27551397, Validation loss: 0.29593940, Gradient norm: 0.13714307
INFO:root:At the start of the epoch: mem (CPU python)=5880.734375MB; mem (CPU total)=34492.78125MB
INFO:root:[  133] Training loss: 0.27577124, Validation loss: 0.29548223, Gradient norm: 0.14169793
INFO:root:At the start of the epoch: mem (CPU python)=5902.9140625MB; mem (CPU total)=34544.25MB
INFO:root:[  134] Training loss: 0.27562367, Validation loss: 0.29565411, Gradient norm: 0.15862335
INFO:root:At the start of the epoch: mem (CPU python)=5924.0859375MB; mem (CPU total)=34593.59375MB
INFO:root:[  135] Training loss: 0.27623955, Validation loss: 0.29551827, Gradient norm: 0.15449023
INFO:root:At the start of the epoch: mem (CPU python)=5945.2578125MB; mem (CPU total)=34640.8828125MB
INFO:root:[  136] Training loss: 0.27528125, Validation loss: 0.29598996, Gradient norm: 0.14077764
INFO:root:At the start of the epoch: mem (CPU python)=5966.42578125MB; mem (CPU total)=34690.77734375MB
INFO:root:[  137] Training loss: 0.27593832, Validation loss: 0.29560878, Gradient norm: 0.16047734
INFO:root:At the start of the epoch: mem (CPU python)=5987.609375MB; mem (CPU total)=34745.2265625MB
INFO:root:[  138] Training loss: 0.27524310, Validation loss: 0.29561166, Gradient norm: 0.14465781
INFO:root:At the start of the epoch: mem (CPU python)=6008.7890625MB; mem (CPU total)=34799.1328125MB
INFO:root:[  139] Training loss: 0.27552727, Validation loss: 0.29642338, Gradient norm: 0.14886876
INFO:root:At the start of the epoch: mem (CPU python)=6030.18359375MB; mem (CPU total)=34845.53125MB
INFO:root:[  140] Training loss: 0.27500693, Validation loss: 0.29622161, Gradient norm: 0.14873551
INFO:root:At the start of the epoch: mem (CPU python)=6051.88671875MB; mem (CPU total)=34893.43359375MB
INFO:root:EP 140: Early stopping
INFO:root:Training for autoregressive step 2 starts now.
INFO:root:Learning rate reduced to: [3.90625e-05]
INFO:root:At the start of the epoch: mem (CPU python)=6073.09375MB; mem (CPU total)=34941.96875MB
INFO:root:[  142] Training loss: 0.35261662, Validation loss: 0.36257828, Gradient norm: 0.38311191
INFO:root:At the start of the epoch: mem (CPU python)=6081.1015625MB; mem (CPU total)=35000.73046875MB
INFO:root:[  143] Training loss: 0.34975516, Validation loss: 0.36101768, Gradient norm: 0.29550575
INFO:root:At the start of the epoch: mem (CPU python)=6102.265625MB; mem (CPU total)=35074.3828125MB
INFO:root:[  144] Training loss: 0.34855016, Validation loss: 0.36083423, Gradient norm: 0.29534370
INFO:root:At the start of the epoch: mem (CPU python)=6126.4296875MB; mem (CPU total)=35139.765625MB
INFO:root:[  145] Training loss: 0.34762465, Validation loss: 0.35998193, Gradient norm: 0.26045436
INFO:root:At the start of the epoch: mem (CPU python)=6147.60546875MB; mem (CPU total)=35200.953125MB
INFO:root:[  146] Training loss: 0.34808114, Validation loss: 0.36002063, Gradient norm: 0.26636735
INFO:root:At the start of the epoch: mem (CPU python)=6168.77734375MB; mem (CPU total)=35262.76953125MB
INFO:root:[  147] Training loss: 0.34727141, Validation loss: 0.35951413, Gradient norm: 0.28775294
INFO:root:At the start of the epoch: mem (CPU python)=6189.94921875MB; mem (CPU total)=35322.34375MB
INFO:root:[  148] Training loss: 0.34750227, Validation loss: 0.35896257, Gradient norm: 0.26599988
INFO:root:At the start of the epoch: mem (CPU python)=6211.14453125MB; mem (CPU total)=35380.953125MB
INFO:root:[  149] Training loss: 0.34730326, Validation loss: 0.35935377, Gradient norm: 0.27076805
INFO:root:At the start of the epoch: mem (CPU python)=6232.3359375MB; mem (CPU total)=35440.50390625MB
INFO:root:[  150] Training loss: 0.34702048, Validation loss: 0.35884920, Gradient norm: 0.27045909
INFO:root:At the start of the epoch: mem (CPU python)=6253.51953125MB; mem (CPU total)=35500.86328125MB
INFO:root:[  151] Training loss: 0.34616449, Validation loss: 0.35845860, Gradient norm: 0.27147418
INFO:root:At the start of the epoch: mem (CPU python)=6274.66796875MB; mem (CPU total)=35562.15234375MB
INFO:root:[  152] Training loss: 0.34645979, Validation loss: 0.35873141, Gradient norm: 0.24365825
INFO:root:At the start of the epoch: mem (CPU python)=6295.83203125MB; mem (CPU total)=35620.00390625MB
INFO:root:[  153] Training loss: 0.34651861, Validation loss: 0.35931281, Gradient norm: 0.27038769
INFO:root:At the start of the epoch: mem (CPU python)=6317.00390625MB; mem (CPU total)=35678.5MB
INFO:root:[  154] Training loss: 0.34656021, Validation loss: 0.35936564, Gradient norm: 0.28511708
INFO:root:At the start of the epoch: mem (CPU python)=6338.16796875MB; mem (CPU total)=35738.3125MB
INFO:root:[  155] Training loss: 0.34579914, Validation loss: 0.35829419, Gradient norm: 0.29456035
INFO:root:At the start of the epoch: mem (CPU python)=6359.3359375MB; mem (CPU total)=35800.25390625MB
INFO:root:[  156] Training loss: 0.34589991, Validation loss: 0.35886032, Gradient norm: 0.25499118
INFO:root:At the start of the epoch: mem (CPU python)=6380.49609375MB; mem (CPU total)=35861.80078125MB
INFO:root:[  157] Training loss: 0.34586236, Validation loss: 0.35826777, Gradient norm: 0.26497960
INFO:root:At the start of the epoch: mem (CPU python)=6401.66015625MB; mem (CPU total)=35918.78125MB
INFO:root:[  158] Training loss: 0.34581526, Validation loss: 0.35809340, Gradient norm: 0.26625468
INFO:root:At the start of the epoch: mem (CPU python)=6422.82421875MB; mem (CPU total)=35978.11328125MB
INFO:root:[  159] Training loss: 0.34579507, Validation loss: 0.35816665, Gradient norm: 0.27845709
INFO:root:At the start of the epoch: mem (CPU python)=6443.98828125MB; mem (CPU total)=36037.41015625MB
INFO:root:[  160] Training loss: 0.34560988, Validation loss: 0.35780834, Gradient norm: 0.25799929
INFO:root:At the start of the epoch: mem (CPU python)=6465.15625MB; mem (CPU total)=36096.03515625MB
INFO:root:[  161] Training loss: 0.34508914, Validation loss: 0.35798111, Gradient norm: 0.25917753
INFO:root:At the start of the epoch: mem (CPU python)=6486.31640625MB; mem (CPU total)=36154.8046875MB
INFO:root:[  162] Training loss: 0.34545929, Validation loss: 0.35761174, Gradient norm: 0.24298872
INFO:root:At the start of the epoch: mem (CPU python)=6507.484375MB; mem (CPU total)=36214.48046875MB
INFO:root:[  163] Training loss: 0.34554775, Validation loss: 0.35795810, Gradient norm: 0.27518184
INFO:root:At the start of the epoch: mem (CPU python)=6528.64453125MB; mem (CPU total)=36276.32421875MB
INFO:root:[  164] Training loss: 0.34543306, Validation loss: 0.35801513, Gradient norm: 0.26314853
INFO:root:At the start of the epoch: mem (CPU python)=6549.80859375MB; mem (CPU total)=36338.8203125MB
INFO:root:[  165] Training loss: 0.34506456, Validation loss: 0.35805765, Gradient norm: 0.24150383
INFO:root:At the start of the epoch: mem (CPU python)=6570.97265625MB; mem (CPU total)=36397.8203125MB
INFO:root:[  166] Training loss: 0.34473085, Validation loss: 0.35758439, Gradient norm: 0.25819303
INFO:root:At the start of the epoch: mem (CPU python)=6592.140625MB; mem (CPU total)=36454.421875MB
INFO:root:[  167] Training loss: 0.34514725, Validation loss: 0.35790515, Gradient norm: 0.24578428
INFO:root:At the start of the epoch: mem (CPU python)=6613.3046875MB; mem (CPU total)=36513.9765625MB
INFO:root:[  168] Training loss: 0.34420463, Validation loss: 0.35722733, Gradient norm: 0.25762111
INFO:root:At the start of the epoch: mem (CPU python)=6634.46875MB; mem (CPU total)=36572.7421875MB
INFO:root:[  169] Training loss: 0.34462758, Validation loss: 0.35684906, Gradient norm: 0.24876309
INFO:root:At the start of the epoch: mem (CPU python)=6655.6328125MB; mem (CPU total)=36631.8046875MB
INFO:root:[  170] Training loss: 0.34413089, Validation loss: 0.35795122, Gradient norm: 0.26800252
INFO:root:At the start of the epoch: mem (CPU python)=6676.796875MB; mem (CPU total)=36690.3671875MB
INFO:root:[  171] Training loss: 0.34510713, Validation loss: 0.35754928, Gradient norm: 0.26964876
INFO:root:At the start of the epoch: mem (CPU python)=6697.9609375MB; mem (CPU total)=36749.18359375MB
INFO:root:[  172] Training loss: 0.34430780, Validation loss: 0.35724569, Gradient norm: 0.25548097
INFO:root:At the start of the epoch: mem (CPU python)=6719.125MB; mem (CPU total)=36809.23046875MB
INFO:root:[  173] Training loss: 0.34467284, Validation loss: 0.35820410, Gradient norm: 0.24617540
INFO:root:At the start of the epoch: mem (CPU python)=6740.28515625MB; mem (CPU total)=36868.73046875MB
INFO:root:[  174] Training loss: 0.34467256, Validation loss: 0.35743368, Gradient norm: 0.25529570
INFO:root:At the start of the epoch: mem (CPU python)=6761.44921875MB; mem (CPU total)=36911.73046875MB
INFO:root:[  175] Training loss: 0.34415193, Validation loss: 0.35733335, Gradient norm: 0.26363839
INFO:root:At the start of the epoch: mem (CPU python)=6782.61328125MB; mem (CPU total)=36949.3828125MB
INFO:root:[  176] Training loss: 0.34415318, Validation loss: 0.35717449, Gradient norm: 0.27063201
INFO:root:At the start of the epoch: mem (CPU python)=6803.77734375MB; mem (CPU total)=36989.7734375MB
INFO:root:[  177] Training loss: 0.34483451, Validation loss: 0.35765045, Gradient norm: 0.25327728
INFO:root:At the start of the epoch: mem (CPU python)=6824.9453125MB; mem (CPU total)=37030.0546875MB
INFO:root:[  178] Training loss: 0.34407154, Validation loss: 0.35727924, Gradient norm: 0.25410054
INFO:root:At the start of the epoch: mem (CPU python)=6846.109375MB; mem (CPU total)=37070.26171875MB
INFO:root:[  179] Training loss: 0.34418340, Validation loss: 0.35652713, Gradient norm: 0.25272561
INFO:root:At the start of the epoch: mem (CPU python)=6867.2734375MB; mem (CPU total)=37110.40625MB
INFO:root:[  180] Training loss: 0.34383588, Validation loss: 0.35657021, Gradient norm: 0.25089808
INFO:root:At the start of the epoch: mem (CPU python)=6888.4375MB; mem (CPU total)=37151.2421875MB
INFO:root:[  181] Training loss: 0.34397873, Validation loss: 0.35727920, Gradient norm: 0.25562893
INFO:root:At the start of the epoch: mem (CPU python)=6909.59765625MB; mem (CPU total)=37197.76171875MB
INFO:root:[  182] Training loss: 0.34416975, Validation loss: 0.35790876, Gradient norm: 0.25574897
INFO:root:At the start of the epoch: mem (CPU python)=6930.76171875MB; mem (CPU total)=37241.1484375MB
INFO:root:[  183] Training loss: 0.34376071, Validation loss: 0.35660194, Gradient norm: 0.25814674
INFO:root:At the start of the epoch: mem (CPU python)=6951.92578125MB; mem (CPU total)=37284.23046875MB
INFO:root:[  184] Training loss: 0.34410426, Validation loss: 0.35707013, Gradient norm: 0.25690257
INFO:root:At the start of the epoch: mem (CPU python)=6973.09375MB; mem (CPU total)=37342.80078125MB
INFO:root:[  185] Training loss: 0.34356056, Validation loss: 0.35649547, Gradient norm: 0.26495813
INFO:root:At the start of the epoch: mem (CPU python)=6994.2578125MB; mem (CPU total)=37407.4765625MB
INFO:root:[  186] Training loss: 0.34374466, Validation loss: 0.35752425, Gradient norm: 0.25339913
INFO:root:At the start of the epoch: mem (CPU python)=7015.421875MB; mem (CPU total)=37481.078125MB
INFO:root:[  187] Training loss: 0.34291735, Validation loss: 0.35722327, Gradient norm: 0.25454299
INFO:root:At the start of the epoch: mem (CPU python)=7036.5859375MB; mem (CPU total)=37549.73046875MB
INFO:root:[  188] Training loss: 0.34380740, Validation loss: 0.35668244, Gradient norm: 0.25612529
INFO:root:At the start of the epoch: mem (CPU python)=7057.75MB; mem (CPU total)=37623.3359375MB
INFO:root:[  189] Training loss: 0.34336874, Validation loss: 0.35659345, Gradient norm: 0.26561165
INFO:root:At the start of the epoch: mem (CPU python)=7078.91796875MB; mem (CPU total)=37695.0MB
INFO:root:[  190] Training loss: 0.34379821, Validation loss: 0.35756440, Gradient norm: 0.25185479
INFO:root:At the start of the epoch: mem (CPU python)=7100.078125MB; mem (CPU total)=37768.33203125MB
INFO:root:[  191] Training loss: 0.34420288, Validation loss: 0.35635989, Gradient norm: 0.27955468
INFO:root:At the start of the epoch: mem (CPU python)=7121.23828125MB; mem (CPU total)=37841.9140625MB
INFO:root:[  192] Training loss: 0.34331614, Validation loss: 0.35698796, Gradient norm: 0.27625164
INFO:root:At the start of the epoch: mem (CPU python)=7142.40234375MB; mem (CPU total)=37917.703125MB
INFO:root:[  193] Training loss: 0.34340341, Validation loss: 0.35624627, Gradient norm: 0.26440380
INFO:root:At the start of the epoch: mem (CPU python)=7163.56640625MB; mem (CPU total)=37988.31640625MB
INFO:root:[  194] Training loss: 0.34299044, Validation loss: 0.35640695, Gradient norm: 0.24321290
INFO:root:At the start of the epoch: mem (CPU python)=7184.73046875MB; mem (CPU total)=38061.86328125MB
INFO:root:[  195] Training loss: 0.34353204, Validation loss: 0.35672637, Gradient norm: 0.26405065
INFO:root:At the start of the epoch: mem (CPU python)=7205.89453125MB; mem (CPU total)=38133.75390625MB
INFO:root:[  196] Training loss: 0.34311434, Validation loss: 0.35663239, Gradient norm: 0.25347149
INFO:root:At the start of the epoch: mem (CPU python)=7227.0625MB; mem (CPU total)=38206.2734375MB
INFO:root:[  197] Training loss: 0.34282334, Validation loss: 0.35581731, Gradient norm: 0.24247949
INFO:root:At the start of the epoch: mem (CPU python)=7248.2265625MB; mem (CPU total)=38281.32421875MB
INFO:root:[  198] Training loss: 0.34413869, Validation loss: 0.35687739, Gradient norm: 0.27588867
INFO:root:At the start of the epoch: mem (CPU python)=7269.390625MB; mem (CPU total)=38351.67578125MB
INFO:root:[  199] Training loss: 0.34359358, Validation loss: 0.35733678, Gradient norm: 0.27781338
INFO:root:At the start of the epoch: mem (CPU python)=7290.5546875MB; mem (CPU total)=38426.31640625MB
INFO:root:[  200] Training loss: 0.34362567, Validation loss: 0.35687165, Gradient norm: 0.25812066
INFO:root:At the start of the epoch: mem (CPU python)=7311.71875MB; mem (CPU total)=38491.41015625MB
INFO:root:[  201] Training loss: 0.34265983, Validation loss: 0.35602043, Gradient norm: 0.24923842
INFO:root:At the start of the epoch: mem (CPU python)=7332.8828125MB; mem (CPU total)=38563.8046875MB
INFO:root:[  202] Training loss: 0.34330718, Validation loss: 0.35639697, Gradient norm: 0.26436945
INFO:root:At the start of the epoch: mem (CPU python)=7354.046875MB; mem (CPU total)=38621.65625MB
INFO:root:[  203] Training loss: 0.34224784, Validation loss: 0.35611787, Gradient norm: 0.26590450
INFO:root:At the start of the epoch: mem (CPU python)=7375.2109375MB; mem (CPU total)=38674.34375MB
INFO:root:[  204] Training loss: 0.34330705, Validation loss: 0.35653551, Gradient norm: 0.27533187
INFO:root:At the start of the epoch: mem (CPU python)=7396.375MB; mem (CPU total)=38728.734375MB
INFO:root:[  205] Training loss: 0.34399627, Validation loss: 0.35690664, Gradient norm: 0.27266348
INFO:root:At the start of the epoch: mem (CPU python)=7417.54296875MB; mem (CPU total)=38776.5MB
INFO:root:[  206] Training loss: 0.34274227, Validation loss: 0.35595728, Gradient norm: 0.25174485
INFO:root:At the start of the epoch: mem (CPU python)=7438.70703125MB; mem (CPU total)=38832.12109375MB
INFO:root:EP 206: Early stopping
INFO:root:After finishing all epochs: mem (CPU python)=7459.8671875MB; mem (CPU total)=38880.828125MB
INFO:root:Training the model took 8590.502s.
INFO:root:Emptying the cuda cache took 0.016s.
INFO:root:Starting evaluation: model SFNO & uncertainty quantification laplace
INFO:root:Evaluating the model on Validation data.
INFO:root:MSEValidation: 0.41886
INFO:root:EnergyScoreValidation: 0.32256
INFO:root:CRPSValidation: 0.14549
INFO:root:Gaussian NLLValidation: 0.20231
INFO:root:CoverageValidation: 0.97902
INFO:root:IntervalWidthValidation: 1.54219
INFO:root:Evaluating the model on Test data.
INFO:root:MSETest: 0.326
INFO:root:EnergyScoreTest: 0.23242
INFO:root:CRPSTest: 0.1025
INFO:root:Gaussian NLLTest: -0.17607
INFO:root:CoverageTest: 0.92997
INFO:root:IntervalWidthTest: 0.8051
INFO:root:After validation: mem (CPU python)=7796.265625MB; mem (CPU total)=24788.109375MB
INFO:root:###2 out of 3 training parameter combinations ###
INFO:root:Training parameters: {'seed': 12345678, 'model': 'SFNO', 'uncertainty_quantification': 'laplace', 'batch_size': 32, 'n_epochs': 1000, 'early_stopping': 10, 'init': 'default', 'learning_rate': 0.005, 'lr_schedule': 'step', 'optimizer': 'adam', 'gradient_clipping': 1, 'layer_normalization': True, 'data_loader_pin_memory': False, 'data_loader_num_workers': 0, 'distributed_training': False, 'alpha': 0.05, 'n_samples_uq': 100, 'weight_decay': 0, 'dropout': 0.001, 'fourier_dropout': None, 'hidden_channels': 32, 'projection_channels': 256, 'lifting_channels': 256, 'n_modes': (32, 32), 'n_samples': 3}
INFO:root:After creating the dataloaders: mem (CPU python)=7796.26953125MB; mem (CPU total)=24820.78125MB
INFO:root:NumberParameters: 284835
INFO:root:GPU memory allocated: 446693376
INFO:root:After setting up the model: mem (CPU python)=7836.04296875MB; mem (CPU total)=24859.94921875MB
INFO:root:Training starts now.
INFO:root:At the start of the epoch: mem (CPU python)=7836.1328125MB; mem (CPU total)=24865.11328125MB
INFO:root:[    1] Training loss: 0.83758228, Validation loss: 0.73409974, Gradient norm: 0.50625842
INFO:root:At the start of the epoch: mem (CPU python)=7857.53515625MB; mem (CPU total)=24872.65234375MB
INFO:root:[    2] Training loss: 0.73293169, Validation loss: 0.73061457, Gradient norm: 0.29780810
INFO:root:At the start of the epoch: mem (CPU python)=7878.71875MB; mem (CPU total)=24881.2890625MB
INFO:root:[    3] Training loss: 0.72553154, Validation loss: 0.71617194, Gradient norm: 0.26146559
INFO:root:At the start of the epoch: mem (CPU python)=7899.8984375MB; mem (CPU total)=24948.171875MB
INFO:root:[    4] Training loss: 0.70623644, Validation loss: 0.70520072, Gradient norm: 0.25814093
INFO:root:At the start of the epoch: mem (CPU python)=7921.0703125MB; mem (CPU total)=24985.0859375MB
INFO:root:[    5] Training loss: 0.66116725, Validation loss: 0.63435419, Gradient norm: 0.38364161
INFO:root:At the start of the epoch: mem (CPU python)=7942.234375MB; mem (CPU total)=25028.4609375MB
INFO:root:[    6] Training loss: 0.60731903, Validation loss: 0.58599948, Gradient norm: 0.39993819
INFO:root:At the start of the epoch: mem (CPU python)=7963.3984375MB; mem (CPU total)=25070.18359375MB
INFO:root:[    7] Training loss: 0.57391248, Validation loss: 0.56475867, Gradient norm: 0.34243449
INFO:root:At the start of the epoch: mem (CPU python)=7984.5625MB; mem (CPU total)=25107.1953125MB
INFO:root:[    8] Training loss: 0.55740308, Validation loss: 0.55029146, Gradient norm: 0.35517183
INFO:root:At the start of the epoch: mem (CPU python)=8005.73046875MB; mem (CPU total)=25150.078125MB
INFO:root:[    9] Training loss: 0.54389094, Validation loss: 0.52521202, Gradient norm: 0.37771534
INFO:root:At the start of the epoch: mem (CPU python)=8026.89453125MB; mem (CPU total)=25208.46875MB
INFO:root:[   10] Training loss: 0.51098544, Validation loss: 0.49474982, Gradient norm: 0.40956850
INFO:root:At the start of the epoch: mem (CPU python)=8048.0625MB; mem (CPU total)=25245.5078125MB
INFO:root:[   11] Training loss: 0.48956095, Validation loss: 0.47793621, Gradient norm: 0.40085116
INFO:root:At the start of the epoch: mem (CPU python)=8069.2265625MB; mem (CPU total)=25227.4375MB
INFO:root:[   12] Training loss: 0.47467225, Validation loss: 0.46358120, Gradient norm: 0.41626150
INFO:root:At the start of the epoch: mem (CPU python)=8090.38671875MB; mem (CPU total)=25330.05078125MB
INFO:root:[   13] Training loss: 0.45943981, Validation loss: 0.44673908, Gradient norm: 0.40275862
INFO:root:At the start of the epoch: mem (CPU python)=8111.55078125MB; mem (CPU total)=25368.45703125MB
INFO:root:[   14] Training loss: 0.44338554, Validation loss: 0.43290132, Gradient norm: 0.45102072
INFO:root:At the start of the epoch: mem (CPU python)=8132.71484375MB; mem (CPU total)=25379.87109375MB
INFO:root:[   15] Training loss: 0.43176533, Validation loss: 0.42204175, Gradient norm: 0.43503161
INFO:root:At the start of the epoch: mem (CPU python)=8153.8828125MB; mem (CPU total)=25418.24609375MB
INFO:root:[   16] Training loss: 0.42333165, Validation loss: 0.41652471, Gradient norm: 0.38253490
INFO:root:At the start of the epoch: mem (CPU python)=8175.04296875MB; mem (CPU total)=25483.62890625MB
INFO:root:[   17] Training loss: 0.41908910, Validation loss: 0.41160834, Gradient norm: 0.41204077
INFO:root:At the start of the epoch: mem (CPU python)=8196.20703125MB; mem (CPU total)=25523.51171875MB
INFO:root:[   18] Training loss: 0.41434157, Validation loss: 0.40984543, Gradient norm: 0.38159868
INFO:root:At the start of the epoch: mem (CPU python)=8217.37109375MB; mem (CPU total)=25535.859375MB
INFO:root:[   19] Training loss: 0.41080660, Validation loss: 0.40719040, Gradient norm: 0.37990305
INFO:root:At the start of the epoch: mem (CPU python)=8238.53125MB; mem (CPU total)=25575.23046875MB
INFO:root:[   20] Training loss: 0.40720820, Validation loss: 0.40548830, Gradient norm: 0.37042701
INFO:root:At the start of the epoch: mem (CPU python)=8259.703125MB; mem (CPU total)=25612.63671875MB
INFO:root:[   21] Training loss: 0.40540684, Validation loss: 0.40139413, Gradient norm: 0.40269172
INFO:root:At the start of the epoch: mem (CPU python)=8280.8671875MB; mem (CPU total)=25594.44140625MB
INFO:root:[   22] Training loss: 0.40136255, Validation loss: 0.39573188, Gradient norm: 0.35566019
INFO:root:At the start of the epoch: mem (CPU python)=8302.03125MB; mem (CPU total)=25632.83203125MB
INFO:root:[   23] Training loss: 0.39961162, Validation loss: 0.39927833, Gradient norm: 0.38715047
INFO:root:At the start of the epoch: mem (CPU python)=8323.1953125MB; mem (CPU total)=25671.22265625MB
INFO:root:[   24] Training loss: 0.39802609, Validation loss: 0.39756707, Gradient norm: 0.40692107
INFO:root:At the start of the epoch: mem (CPU python)=8344.359375MB; mem (CPU total)=25714.2890625MB
INFO:root:[   25] Training loss: 0.39461488, Validation loss: 0.39230249, Gradient norm: 0.33642502
INFO:root:At the start of the epoch: mem (CPU python)=8365.5234375MB; mem (CPU total)=25757.30859375MB
INFO:root:[   26] Training loss: 0.39345219, Validation loss: 0.38950516, Gradient norm: 0.39997772
INFO:root:At the start of the epoch: mem (CPU python)=8386.6875MB; mem (CPU total)=25794.96875MB
INFO:root:[   27] Training loss: 0.39048429, Validation loss: 0.38589099, Gradient norm: 0.34928214
INFO:root:At the start of the epoch: mem (CPU python)=8407.8515625MB; mem (CPU total)=25832.8359375MB
INFO:root:[   28] Training loss: 0.38860740, Validation loss: 0.38583886, Gradient norm: 0.36254860
INFO:root:At the start of the epoch: mem (CPU python)=8429.015625MB; mem (CPU total)=25898.79296875MB
INFO:root:[   29] Training loss: 0.38692379, Validation loss: 0.38336054, Gradient norm: 0.36945274
INFO:root:At the start of the epoch: mem (CPU python)=8450.17578125MB; mem (CPU total)=25968.48046875MB
INFO:root:[   30] Training loss: 0.38495942, Validation loss: 0.38288082, Gradient norm: 0.35727232
INFO:root:At the start of the epoch: mem (CPU python)=8471.34375MB; mem (CPU total)=25976.94140625MB
INFO:root:[   31] Training loss: 0.38460504, Validation loss: 0.38072174, Gradient norm: 0.40214688
INFO:root:At the start of the epoch: mem (CPU python)=8492.5078125MB; mem (CPU total)=26078.48046875MB
INFO:root:[   32] Training loss: 0.38222672, Validation loss: 0.38026836, Gradient norm: 0.37361269
INFO:root:At the start of the epoch: mem (CPU python)=8513.671875MB; mem (CPU total)=26121.59375MB
INFO:root:[   33] Training loss: 0.38046155, Validation loss: 0.37948402, Gradient norm: 0.35476992
INFO:root:At the start of the epoch: mem (CPU python)=8534.8359375MB; mem (CPU total)=26129.04296875MB
INFO:root:[   34] Training loss: 0.37977723, Validation loss: 0.37780900, Gradient norm: 0.37996267
INFO:root:At the start of the epoch: mem (CPU python)=8555.99609375MB; mem (CPU total)=26174.609375MB
INFO:root:[   35] Training loss: 0.37876103, Validation loss: 0.37491997, Gradient norm: 0.37824322
INFO:root:At the start of the epoch: mem (CPU python)=8577.16015625MB; mem (CPU total)=26141.13671875MB
INFO:root:[   36] Training loss: 0.37720106, Validation loss: 0.37352676, Gradient norm: 0.36721623
INFO:root:At the start of the epoch: mem (CPU python)=8598.328125MB; mem (CPU total)=26271.75MB
INFO:root:[   37] Training loss: 0.37655407, Validation loss: 0.37752478, Gradient norm: 0.37944779
INFO:root:At the start of the epoch: mem (CPU python)=8619.4921875MB; mem (CPU total)=26288.6015625MB
INFO:root:[   38] Training loss: 0.37515199, Validation loss: 0.37161037, Gradient norm: 0.35218594
INFO:root:At the start of the epoch: mem (CPU python)=8640.65625MB; mem (CPU total)=26358.09375MB
INFO:root:[   39] Training loss: 0.37415358, Validation loss: 0.37235494, Gradient norm: 0.36561378
INFO:root:At the start of the epoch: mem (CPU python)=8661.8203125MB; mem (CPU total)=26394.55078125MB
INFO:root:[   40] Training loss: 0.37397687, Validation loss: 0.37178120, Gradient norm: 0.39746110
INFO:root:At the start of the epoch: mem (CPU python)=8682.98828125MB; mem (CPU total)=26377.2578125MB
INFO:root:[   41] Training loss: 0.37203028, Validation loss: 0.36849627, Gradient norm: 0.35484072
INFO:root:At the start of the epoch: mem (CPU python)=8704.15625MB; mem (CPU total)=26451.109375MB
INFO:root:[   42] Training loss: 0.37159090, Validation loss: 0.37018416, Gradient norm: 0.37343528
INFO:root:At the start of the epoch: mem (CPU python)=8725.31640625MB; mem (CPU total)=26489.75390625MB
INFO:root:[   43] Training loss: 0.37106242, Validation loss: 0.37021191, Gradient norm: 0.38466741
INFO:root:At the start of the epoch: mem (CPU python)=8746.48046875MB; mem (CPU total)=26458.2265625MB
INFO:root:[   44] Training loss: 0.36931690, Validation loss: 0.36615894, Gradient norm: 0.35928994
INFO:root:At the start of the epoch: mem (CPU python)=8767.64453125MB; mem (CPU total)=26591.98046875MB
INFO:root:[   45] Training loss: 0.36902262, Validation loss: 0.36731637, Gradient norm: 0.38442973
INFO:root:At the start of the epoch: mem (CPU python)=8788.8046875MB; mem (CPU total)=26635.0625MB
INFO:root:[   46] Training loss: 0.36853701, Validation loss: 0.36584188, Gradient norm: 0.37764792
INFO:root:At the start of the epoch: mem (CPU python)=8809.97265625MB; mem (CPU total)=26645.79296875MB
INFO:root:[   47] Training loss: 0.36719958, Validation loss: 0.36496897, Gradient norm: 0.36339572
INFO:root:At the start of the epoch: mem (CPU python)=8831.13671875MB; mem (CPU total)=26714.41015625MB
INFO:root:[   48] Training loss: 0.36626541, Validation loss: 0.36545087, Gradient norm: 0.37930489
INFO:root:At the start of the epoch: mem (CPU python)=8852.30078125MB; mem (CPU total)=26699.30859375MB
INFO:root:[   49] Training loss: 0.36575995, Validation loss: 0.36506794, Gradient norm: 0.37409964
INFO:root:At the start of the epoch: mem (CPU python)=8873.46484375MB; mem (CPU total)=26766.72265625MB
INFO:root:[   50] Training loss: 0.36526893, Validation loss: 0.36270450, Gradient norm: 0.37063280
INFO:root:At the start of the epoch: mem (CPU python)=8895.140625MB; mem (CPU total)=26811.8359375MB
INFO:root:[   51] Training loss: 0.36381822, Validation loss: 0.36160156, Gradient norm: 0.35466977
INFO:root:At the start of the epoch: mem (CPU python)=8916.91796875MB; mem (CPU total)=26850.734375MB
INFO:root:[   52] Training loss: 0.36269338, Validation loss: 0.36126647, Gradient norm: 0.35117281
INFO:root:At the start of the epoch: mem (CPU python)=8938.0859375MB; mem (CPU total)=26910.61328125MB
INFO:root:[   53] Training loss: 0.36250122, Validation loss: 0.36022356, Gradient norm: 0.37729938
INFO:root:At the start of the epoch: mem (CPU python)=8959.24609375MB; mem (CPU total)=26924.6796875MB
INFO:root:[   54] Training loss: 0.36149813, Validation loss: 0.35923300, Gradient norm: 0.35347053
INFO:root:At the start of the epoch: mem (CPU python)=8980.41015625MB; mem (CPU total)=24960.29296875MB
INFO:root:[   55] Training loss: 0.36158853, Validation loss: 0.36034467, Gradient norm: 0.38144411
INFO:root:At the start of the epoch: mem (CPU python)=9001.57421875MB; mem (CPU total)=26901.44140625MB
INFO:root:[   56] Training loss: 0.36098646, Validation loss: 0.36144538, Gradient norm: 0.39739250
INFO:root:At the start of the epoch: mem (CPU python)=9022.73828125MB; mem (CPU total)=26940.23828125MB
INFO:root:[   57] Training loss: 0.35939117, Validation loss: 0.35622868, Gradient norm: 0.33609745
INFO:root:At the start of the epoch: mem (CPU python)=9043.90625MB; mem (CPU total)=26980.0859375MB
INFO:root:[   58] Training loss: 0.35855972, Validation loss: 0.35743472, Gradient norm: 0.35197646
INFO:root:At the start of the epoch: mem (CPU python)=9065.41796875MB; mem (CPU total)=27019.53125MB
INFO:root:[   59] Training loss: 0.35808790, Validation loss: 0.35889656, Gradient norm: 0.36361143
INFO:root:At the start of the epoch: mem (CPU python)=9086.984375MB; mem (CPU total)=27058.42578125MB
INFO:root:[   60] Training loss: 0.35798841, Validation loss: 0.35542528, Gradient norm: 0.38431613
INFO:root:At the start of the epoch: mem (CPU python)=9108.1484375MB; mem (CPU total)=27161.50390625MB
INFO:root:[   61] Training loss: 0.35696816, Validation loss: 0.35592518, Gradient norm: 0.37770142
INFO:root:At the start of the epoch: mem (CPU python)=9129.30859375MB; mem (CPU total)=27204.91015625MB
INFO:root:[   62] Training loss: 0.35643236, Validation loss: 0.35455674, Gradient norm: 0.36602842
INFO:root:At the start of the epoch: mem (CPU python)=9150.48046875MB; mem (CPU total)=27249.375MB
INFO:root:[   63] Training loss: 0.35541069, Validation loss: 0.35490643, Gradient norm: 0.35556689
INFO:root:At the start of the epoch: mem (CPU python)=9171.63671875MB; mem (CPU total)=27319.5859375MB
INFO:root:[   64] Training loss: 0.35497139, Validation loss: 0.35361825, Gradient norm: 0.36525045
INFO:root:At the start of the epoch: mem (CPU python)=9192.80078125MB; mem (CPU total)=27388.43359375MB
INFO:root:[   65] Training loss: 0.35424451, Validation loss: 0.35528142, Gradient norm: 0.35572559
INFO:root:At the start of the epoch: mem (CPU python)=9213.96484375MB; mem (CPU total)=27426.8671875MB
INFO:root:[   66] Training loss: 0.35393493, Validation loss: 0.35243808, Gradient norm: 0.37977659
INFO:root:At the start of the epoch: mem (CPU python)=9235.30859375MB; mem (CPU total)=27407.45703125MB
INFO:root:[   67] Training loss: 0.35297908, Validation loss: 0.35357058, Gradient norm: 0.35906924
INFO:root:At the start of the epoch: mem (CPU python)=9256.6640625MB; mem (CPU total)=27481.15234375MB
INFO:root:[   68] Training loss: 0.35291181, Validation loss: 0.35032689, Gradient norm: 0.39022998
INFO:root:At the start of the epoch: mem (CPU python)=9277.8359375MB; mem (CPU total)=27543.82421875MB
INFO:root:[   69] Training loss: 0.35242528, Validation loss: 0.35204607, Gradient norm: 0.38657101
INFO:root:At the start of the epoch: mem (CPU python)=9299.0MB; mem (CPU total)=27500.6875MB
INFO:root:[   70] Training loss: 0.35155132, Validation loss: 0.34964208, Gradient norm: 0.35959909
INFO:root:At the start of the epoch: mem (CPU python)=9320.1640625MB; mem (CPU total)=27593.45703125MB
INFO:root:[   71] Training loss: 0.35123554, Validation loss: 0.34961346, Gradient norm: 0.39102120
INFO:root:At the start of the epoch: mem (CPU python)=9341.328125MB; mem (CPU total)=27634.38671875MB
INFO:root:[   72] Training loss: 0.34993204, Validation loss: 0.35018236, Gradient norm: 0.35578485
INFO:root:At the start of the epoch: mem (CPU python)=9362.48828125MB; mem (CPU total)=27673.54296875MB
INFO:root:[   73] Training loss: 0.35005182, Validation loss: 0.35013633, Gradient norm: 0.38461366
INFO:root:At the start of the epoch: mem (CPU python)=9383.65234375MB; mem (CPU total)=27737.6796875MB
INFO:root:[   74] Training loss: 0.34878206, Validation loss: 0.35277742, Gradient norm: 0.35650815
INFO:root:At the start of the epoch: mem (CPU python)=9404.8203125MB; mem (CPU total)=27692.3046875MB
INFO:root:[   75] Training loss: 0.34874285, Validation loss: 0.34696182, Gradient norm: 0.37502263
INFO:root:At the start of the epoch: mem (CPU python)=9425.984375MB; mem (CPU total)=27788.49609375MB
INFO:root:[   76] Training loss: 0.34840034, Validation loss: 0.34626189, Gradient norm: 0.38668669
INFO:root:At the start of the epoch: mem (CPU python)=9447.1484375MB; mem (CPU total)=27836.15625MB
INFO:root:[   77] Training loss: 0.34772463, Validation loss: 0.34759339, Gradient norm: 0.36530199
INFO:root:At the start of the epoch: mem (CPU python)=9468.3125MB; mem (CPU total)=27875.92578125MB
INFO:root:[   78] Training loss: 0.34714400, Validation loss: 0.34775200, Gradient norm: 0.36108385
INFO:root:At the start of the epoch: mem (CPU python)=9489.47265625MB; mem (CPU total)=27939.79296875MB
INFO:root:[   79] Training loss: 0.34649569, Validation loss: 0.34542068, Gradient norm: 0.35452581
INFO:root:At the start of the epoch: mem (CPU python)=9510.64453125MB; mem (CPU total)=27978.28125MB
INFO:root:[   80] Training loss: 0.34665505, Validation loss: 0.34605689, Gradient norm: 0.39191018
INFO:root:At the start of the epoch: mem (CPU python)=9531.8046875MB; mem (CPU total)=27983.78515625MB
INFO:root:[   81] Training loss: 0.34591346, Validation loss: 0.34440073, Gradient norm: 0.36539593
INFO:root:At the start of the epoch: mem (CPU python)=9552.96484375MB; mem (CPU total)=28051.58984375MB
INFO:root:[   82] Training loss: 0.34522112, Validation loss: 0.35071671, Gradient norm: 0.37032489
INFO:root:At the start of the epoch: mem (CPU python)=9574.12890625MB; mem (CPU total)=28093.8984375MB
INFO:root:[   83] Training loss: 0.34526723, Validation loss: 0.34355047, Gradient norm: 0.38616064
INFO:root:At the start of the epoch: mem (CPU python)=9595.296875MB; mem (CPU total)=28135.94140625MB
INFO:root:[   84] Training loss: 0.34454205, Validation loss: 0.34525381, Gradient norm: 0.36754533
INFO:root:At the start of the epoch: mem (CPU python)=9616.4609375MB; mem (CPU total)=28182.67578125MB
INFO:root:[   85] Training loss: 0.34426502, Validation loss: 0.34542981, Gradient norm: 0.37500964
INFO:root:At the start of the epoch: mem (CPU python)=9637.625MB; mem (CPU total)=28184.828125MB
INFO:root:[   86] Training loss: 0.34407844, Validation loss: 0.34265762, Gradient norm: 0.36851237
INFO:root:At the start of the epoch: mem (CPU python)=9658.79296875MB; mem (CPU total)=28226.88671875MB
INFO:root:[   87] Training loss: 0.34274984, Validation loss: 0.34410994, Gradient norm: 0.37271274
INFO:root:At the start of the epoch: mem (CPU python)=9679.95703125MB; mem (CPU total)=28210.53125MB
INFO:root:[   88] Training loss: 0.34265686, Validation loss: 0.34161263, Gradient norm: 0.36686567
INFO:root:At the start of the epoch: mem (CPU python)=9701.12109375MB; mem (CPU total)=28247.4296875MB
INFO:root:[   89] Training loss: 0.34276862, Validation loss: 0.34289630, Gradient norm: 0.40324922
INFO:root:At the start of the epoch: mem (CPU python)=9722.28515625MB; mem (CPU total)=28287.27734375MB
INFO:root:[   90] Training loss: 0.34185888, Validation loss: 0.34204156, Gradient norm: 0.35947947
INFO:root:At the start of the epoch: mem (CPU python)=9743.44921875MB; mem (CPU total)=28330.359375MB
INFO:root:[   91] Training loss: 0.34245947, Validation loss: 0.34180052, Gradient norm: 0.43037182
INFO:root:At the start of the epoch: mem (CPU python)=9764.61328125MB; mem (CPU total)=28372.703125MB
INFO:root:[   92] Training loss: 0.34058171, Validation loss: 0.34017249, Gradient norm: 0.32002302
INFO:root:At the start of the epoch: mem (CPU python)=9785.77734375MB; mem (CPU total)=28409.13671875MB
INFO:root:[   93] Training loss: 0.34164212, Validation loss: 0.34102506, Gradient norm: 0.40567319
INFO:root:At the start of the epoch: mem (CPU python)=9806.94140625MB; mem (CPU total)=28449.265625MB
INFO:root:[   94] Training loss: 0.34079116, Validation loss: 0.34188867, Gradient norm: 0.37969801
INFO:root:At the start of the epoch: mem (CPU python)=9828.10546875MB; mem (CPU total)=28514.1328125MB
INFO:root:[   95] Training loss: 0.33990333, Validation loss: 0.34050943, Gradient norm: 0.36056855
INFO:root:At the start of the epoch: mem (CPU python)=9849.265625MB; mem (CPU total)=28590.7578125MB
INFO:root:[   96] Training loss: 0.33982787, Validation loss: 0.34014639, Gradient norm: 0.37721995
INFO:root:At the start of the epoch: mem (CPU python)=9870.4375MB; mem (CPU total)=28594.10546875MB
INFO:root:[   97] Training loss: 0.33932063, Validation loss: 0.34228001, Gradient norm: 0.37295911
INFO:root:At the start of the epoch: mem (CPU python)=9891.59765625MB; mem (CPU total)=28668.453125MB
INFO:root:[   98] Training loss: 0.33910387, Validation loss: 0.33896150, Gradient norm: 0.37979305
INFO:root:At the start of the epoch: mem (CPU python)=9912.76171875MB; mem (CPU total)=28715.50390625MB
INFO:root:[   99] Training loss: 0.33899619, Validation loss: 0.33812484, Gradient norm: 0.39624215
INFO:root:At the start of the epoch: mem (CPU python)=9933.92578125MB; mem (CPU total)=28777.10546875MB
INFO:root:[  100] Training loss: 0.33807625, Validation loss: 0.33953286, Gradient norm: 0.36850776
INFO:root:At the start of the epoch: mem (CPU python)=9955.0859375MB; mem (CPU total)=28815.75390625MB
INFO:root:[  101] Training loss: 0.33866267, Validation loss: 0.33726861, Gradient norm: 0.40338129
INFO:root:At the start of the epoch: mem (CPU python)=9976.25390625MB; mem (CPU total)=28830.00390625MB
INFO:root:[  102] Training loss: 0.33709684, Validation loss: 0.33726150, Gradient norm: 0.36499331
INFO:root:At the start of the epoch: mem (CPU python)=9997.41796875MB; mem (CPU total)=28868.8984375MB
INFO:root:[  103] Training loss: 0.33724721, Validation loss: 0.33677723, Gradient norm: 0.37298660
INFO:root:At the start of the epoch: mem (CPU python)=10018.58203125MB; mem (CPU total)=28910.7734375MB
INFO:root:[  104] Training loss: 0.33755510, Validation loss: 0.33977656, Gradient norm: 0.41733998
INFO:root:At the start of the epoch: mem (CPU python)=10039.74609375MB; mem (CPU total)=28976.1484375MB
INFO:root:[  105] Training loss: 0.33619362, Validation loss: 0.33849147, Gradient norm: 0.35196384
INFO:root:At the start of the epoch: mem (CPU python)=10060.91015625MB; mem (CPU total)=29013.5078125MB
INFO:root:[  106] Training loss: 0.33640398, Validation loss: 0.33839162, Gradient norm: 0.40297710
INFO:root:At the start of the epoch: mem (CPU python)=10082.07421875MB; mem (CPU total)=29032.8359375MB
INFO:root:[  107] Training loss: 0.33563313, Validation loss: 0.33572760, Gradient norm: 0.36627128
INFO:root:At the start of the epoch: mem (CPU python)=10103.2421875MB; mem (CPU total)=29070.74609375MB
INFO:root:[  108] Training loss: 0.33536170, Validation loss: 0.33402448, Gradient norm: 0.38312112
INFO:root:At the start of the epoch: mem (CPU python)=10124.40625MB; mem (CPU total)=29109.88671875MB
INFO:root:[  109] Training loss: 0.33491357, Validation loss: 0.33531869, Gradient norm: 0.37118008
INFO:root:At the start of the epoch: mem (CPU python)=10145.5703125MB; mem (CPU total)=29148.29296875MB
INFO:root:[  110] Training loss: 0.33537895, Validation loss: 0.33860551, Gradient norm: 0.39723054
INFO:root:At the start of the epoch: mem (CPU python)=10166.73046875MB; mem (CPU total)=29187.68359375MB
INFO:root:[  111] Training loss: 0.33441305, Validation loss: 0.33572465, Gradient norm: 0.36903245
INFO:root:At the start of the epoch: mem (CPU python)=10187.89453125MB; mem (CPU total)=29225.6171875MB
INFO:root:[  112] Training loss: 0.33420133, Validation loss: 0.33439878, Gradient norm: 0.38163859
INFO:root:At the start of the epoch: mem (CPU python)=10209.0546875MB; mem (CPU total)=29265.7421875MB
INFO:root:[  113] Training loss: 0.33388519, Validation loss: 0.33554861, Gradient norm: 0.38807218
INFO:root:At the start of the epoch: mem (CPU python)=10230.22265625MB; mem (CPU total)=29309.5625MB
INFO:root:[  114] Training loss: 0.33359186, Validation loss: 0.33341517, Gradient norm: 0.39596233
INFO:root:At the start of the epoch: mem (CPU python)=10251.38671875MB; mem (CPU total)=29352.23046875MB
INFO:root:[  115] Training loss: 0.33338284, Validation loss: 0.33436790, Gradient norm: 0.39518270
INFO:root:At the start of the epoch: mem (CPU python)=10272.55078125MB; mem (CPU total)=29389.8984375MB
INFO:root:[  116] Training loss: 0.33338321, Validation loss: 0.33395338, Gradient norm: 0.42307829
INFO:root:At the start of the epoch: mem (CPU python)=10293.71484375MB; mem (CPU total)=29428.546875MB
INFO:root:[  117] Training loss: 0.33249563, Validation loss: 0.33318587, Gradient norm: 0.38604459
INFO:root:At the start of the epoch: mem (CPU python)=10314.87890625MB; mem (CPU total)=29467.69140625MB
INFO:root:[  118] Training loss: 0.33164548, Validation loss: 0.33422112, Gradient norm: 0.35019269
INFO:root:At the start of the epoch: mem (CPU python)=10336.04296875MB; mem (CPU total)=29505.60546875MB
INFO:root:[  119] Training loss: 0.33245438, Validation loss: 0.33049017, Gradient norm: 0.39689587
INFO:root:At the start of the epoch: mem (CPU python)=10357.20703125MB; mem (CPU total)=29543.25390625MB
INFO:root:[  120] Training loss: 0.33112268, Validation loss: 0.33123164, Gradient norm: 0.36172031
INFO:root:At the start of the epoch: mem (CPU python)=10378.37109375MB; mem (CPU total)=29530.44921875MB
INFO:root:[  121] Training loss: 0.33150006, Validation loss: 0.33234519, Gradient norm: 0.38623470
INFO:root:At the start of the epoch: mem (CPU python)=10399.53515625MB; mem (CPU total)=29573.28515625MB
INFO:root:[  122] Training loss: 0.33137932, Validation loss: 0.33218899, Gradient norm: 0.38714804
INFO:root:At the start of the epoch: mem (CPU python)=10420.69921875MB; mem (CPU total)=29615.15234375MB
INFO:root:[  123] Training loss: 0.33126951, Validation loss: 0.33422695, Gradient norm: 0.40588560
INFO:root:At the start of the epoch: mem (CPU python)=10441.86328125MB; mem (CPU total)=29652.8125MB
INFO:root:[  124] Training loss: 0.33037912, Validation loss: 0.33620366, Gradient norm: 0.39376743
INFO:root:At the start of the epoch: mem (CPU python)=10463.03125MB; mem (CPU total)=29691.45703125MB
INFO:root:[  125] Training loss: 0.33075700, Validation loss: 0.33054438, Gradient norm: 0.40747814
INFO:root:At the start of the epoch: mem (CPU python)=10484.1953125MB; mem (CPU total)=29731.83203125MB
INFO:root:Learning rate reduced to: 0.0025
INFO:root:[  126] Training loss: 0.33003118, Validation loss: 0.33134666, Gradient norm: 0.37946784
INFO:root:At the start of the epoch: mem (CPU python)=10505.359375MB; mem (CPU total)=29772.20703125MB
INFO:root:Learning rate reduced to: 0.00125
INFO:root:[  127] Training loss: 0.32390611, Validation loss: 0.32463608, Gradient norm: 0.18142559
INFO:root:At the start of the epoch: mem (CPU python)=10526.5234375MB; mem (CPU total)=29887.78125MB
INFO:root:[  128] Training loss: 0.32100290, Validation loss: 0.32335932, Gradient norm: 0.13131852
INFO:root:At the start of the epoch: mem (CPU python)=10547.6875MB; mem (CPU total)=29907.6484375MB
INFO:root:[  129] Training loss: 0.32053871, Validation loss: 0.32303523, Gradient norm: 0.14105481
INFO:root:At the start of the epoch: mem (CPU python)=10568.8515625MB; mem (CPU total)=29949.5546875MB
INFO:root:[  130] Training loss: 0.32046994, Validation loss: 0.32263571, Gradient norm: 0.13446516
INFO:root:At the start of the epoch: mem (CPU python)=10590.01953125MB; mem (CPU total)=29990.421875MB
INFO:root:[  131] Training loss: 0.32029223, Validation loss: 0.32286911, Gradient norm: 0.16170846
INFO:root:At the start of the epoch: mem (CPU python)=10611.1796875MB; mem (CPU total)=30028.33203125MB
INFO:root:[  132] Training loss: 0.32048807, Validation loss: 0.32295773, Gradient norm: 0.17227333
INFO:root:At the start of the epoch: mem (CPU python)=10632.34375MB; mem (CPU total)=30067.4765625MB
INFO:root:[  133] Training loss: 0.32017927, Validation loss: 0.32347823, Gradient norm: 0.17707048
INFO:root:At the start of the epoch: mem (CPU python)=10653.5078125MB; mem (CPU total)=30106.12890625MB
INFO:root:[  134] Training loss: 0.32026740, Validation loss: 0.32272371, Gradient norm: 0.19144302
INFO:root:At the start of the epoch: mem (CPU python)=10674.671875MB; mem (CPU total)=30144.76171875MB
INFO:root:[  135] Training loss: 0.31987740, Validation loss: 0.32257665, Gradient norm: 0.17244326
INFO:root:At the start of the epoch: mem (CPU python)=10696.8125MB; mem (CPU total)=30185.88671875MB
INFO:root:[  136] Training loss: 0.31990910, Validation loss: 0.32248253, Gradient norm: 0.17919372
INFO:root:At the start of the epoch: mem (CPU python)=10718.50390625MB; mem (CPU total)=30227.67578125MB
INFO:root:[  137] Training loss: 0.31984103, Validation loss: 0.32198796, Gradient norm: 0.18232062
INFO:root:At the start of the epoch: mem (CPU python)=10739.66796875MB; mem (CPU total)=30270.25MB
INFO:root:[  138] Training loss: 0.31940925, Validation loss: 0.32211234, Gradient norm: 0.19466424
INFO:root:At the start of the epoch: mem (CPU python)=10760.828125MB; mem (CPU total)=30311.85546875MB
INFO:root:[  139] Training loss: 0.31966402, Validation loss: 0.32189919, Gradient norm: 0.20317363
INFO:root:At the start of the epoch: mem (CPU python)=10782.1015625MB; mem (CPU total)=30348.97265625MB
INFO:root:[  140] Training loss: 0.31955859, Validation loss: 0.32255032, Gradient norm: 0.20123357
INFO:root:At the start of the epoch: mem (CPU python)=10803.53125MB; mem (CPU total)=30388.60546875MB
INFO:root:[  141] Training loss: 0.31913916, Validation loss: 0.32192335, Gradient norm: 0.20629823
INFO:root:At the start of the epoch: mem (CPU python)=10824.69921875MB; mem (CPU total)=30426.765625MB
INFO:root:[  142] Training loss: 0.31965781, Validation loss: 0.32182311, Gradient norm: 0.21894247
INFO:root:At the start of the epoch: mem (CPU python)=10845.86328125MB; mem (CPU total)=30465.45703125MB
INFO:root:[  143] Training loss: 0.31911865, Validation loss: 0.32169218, Gradient norm: 0.23061864
INFO:root:At the start of the epoch: mem (CPU python)=10867.02734375MB; mem (CPU total)=30531.05859375MB
INFO:root:[  144] Training loss: 0.31915703, Validation loss: 0.32181652, Gradient norm: 0.22720224
INFO:root:At the start of the epoch: mem (CPU python)=10888.19140625MB; mem (CPU total)=30543.18359375MB
INFO:root:[  145] Training loss: 0.31940371, Validation loss: 0.32201357, Gradient norm: 0.21717549
INFO:root:At the start of the epoch: mem (CPU python)=10909.35546875MB; mem (CPU total)=30585.52734375MB
INFO:root:[  146] Training loss: 0.31887758, Validation loss: 0.32186252, Gradient norm: 0.20412590
INFO:root:At the start of the epoch: mem (CPU python)=10930.51953125MB; mem (CPU total)=30627.625MB
INFO:root:[  147] Training loss: 0.31880760, Validation loss: 0.32129119, Gradient norm: 0.24787197
INFO:root:At the start of the epoch: mem (CPU python)=10951.68359375MB; mem (CPU total)=30665.046875MB
INFO:root:[  148] Training loss: 0.31907258, Validation loss: 0.32139751, Gradient norm: 0.21274025
INFO:root:At the start of the epoch: mem (CPU python)=10972.97265625MB; mem (CPU total)=30708.40625MB
INFO:root:[  149] Training loss: 0.31866639, Validation loss: 0.32135738, Gradient norm: 0.23879484
INFO:root:At the start of the epoch: mem (CPU python)=10994.3828125MB; mem (CPU total)=30749.75MB
INFO:root:[  150] Training loss: 0.31839262, Validation loss: 0.32103813, Gradient norm: 0.20643107
INFO:root:At the start of the epoch: mem (CPU python)=11015.546875MB; mem (CPU total)=30787.90625MB
INFO:root:[  151] Training loss: 0.31876373, Validation loss: 0.32103881, Gradient norm: 0.23965119
INFO:root:At the start of the epoch: mem (CPU python)=11037.18359375MB; mem (CPU total)=30826.8046875MB
INFO:root:[  152] Training loss: 0.31848974, Validation loss: 0.32126351, Gradient norm: 0.19712567
INFO:root:At the start of the epoch: mem (CPU python)=11058.62890625MB; mem (CPU total)=29444.640625MB
INFO:root:[  153] Training loss: 0.31826532, Validation loss: 0.32123611, Gradient norm: 0.23451612
INFO:root:At the start of the epoch: mem (CPU python)=11079.79296875MB; mem (CPU total)=30786.91015625MB
INFO:root:[  154] Training loss: 0.31840436, Validation loss: 0.32128762, Gradient norm: 0.24307949
INFO:root:At the start of the epoch: mem (CPU python)=11100.95703125MB; mem (CPU total)=30828.03125MB
INFO:root:[  155] Training loss: 0.31815105, Validation loss: 0.32136621, Gradient norm: 0.23401366
INFO:root:At the start of the epoch: mem (CPU python)=11122.12109375MB; mem (CPU total)=30868.5390625MB
INFO:root:[  156] Training loss: 0.31833690, Validation loss: 0.32105915, Gradient norm: 0.25881021
INFO:root:At the start of the epoch: mem (CPU python)=11143.28515625MB; mem (CPU total)=30907.4375MB
INFO:root:Learning rate reduced to: 0.000625
INFO:root:[  157] Training loss: 0.31827219, Validation loss: 0.32075619, Gradient norm: 0.24118991
INFO:root:At the start of the epoch: mem (CPU python)=11164.44921875MB; mem (CPU total)=30947.796875MB
INFO:root:[  158] Training loss: 0.31626601, Validation loss: 0.31941724, Gradient norm: 0.15811104
INFO:root:At the start of the epoch: mem (CPU python)=11185.61328125MB; mem (CPU total)=31060.234375MB
INFO:root:[  159] Training loss: 0.31595538, Validation loss: 0.31939980, Gradient norm: 0.15147064
INFO:root:At the start of the epoch: mem (CPU python)=11206.77734375MB; mem (CPU total)=31135.73046875MB
INFO:root:[  160] Training loss: 0.31617845, Validation loss: 0.31897220, Gradient norm: 0.15046050
INFO:root:At the start of the epoch: mem (CPU python)=11228.15234375MB; mem (CPU total)=31174.0703125MB
INFO:root:[  161] Training loss: 0.31590808, Validation loss: 0.31904617, Gradient norm: 0.16625457
INFO:root:At the start of the epoch: mem (CPU python)=11249.48046875MB; mem (CPU total)=31218.3828125MB
INFO:root:[  162] Training loss: 0.31591883, Validation loss: 0.31895796, Gradient norm: 0.17846894
INFO:root:At the start of the epoch: mem (CPU python)=11270.64453125MB; mem (CPU total)=31262.68359375MB
INFO:root:[  163] Training loss: 0.31589235, Validation loss: 0.31925724, Gradient norm: 0.16674128
INFO:root:At the start of the epoch: mem (CPU python)=11291.8046875MB; mem (CPU total)=31302.99609375MB
INFO:root:[  164] Training loss: 0.31598664, Validation loss: 0.31936264, Gradient norm: 0.18266556
INFO:root:At the start of the epoch: mem (CPU python)=11312.96875MB; mem (CPU total)=31343.546875MB
INFO:root:[  165] Training loss: 0.31582171, Validation loss: 0.31903546, Gradient norm: 0.17509706
INFO:root:At the start of the epoch: mem (CPU python)=11334.13671875MB; mem (CPU total)=31382.4609375MB
INFO:root:[  166] Training loss: 0.31564082, Validation loss: 0.31891339, Gradient norm: 0.18010570
INFO:root:At the start of the epoch: mem (CPU python)=11355.296875MB; mem (CPU total)=31419.24609375MB
INFO:root:[  167] Training loss: 0.31550848, Validation loss: 0.31914386, Gradient norm: 0.16523614
INFO:root:At the start of the epoch: mem (CPU python)=11376.6953125MB; mem (CPU total)=31461.94921875MB
INFO:root:[  168] Training loss: 0.31574388, Validation loss: 0.31893737, Gradient norm: 0.18150274
INFO:root:At the start of the epoch: mem (CPU python)=11398.37890625MB; mem (CPU total)=31499.33203125MB
INFO:root:[  169] Training loss: 0.31587547, Validation loss: 0.31863659, Gradient norm: 0.20252381
INFO:root:At the start of the epoch: mem (CPU python)=11419.546875MB; mem (CPU total)=31541.91796875MB
INFO:root:[  170] Training loss: 0.31566764, Validation loss: 0.31912070, Gradient norm: 0.18758914
INFO:root:At the start of the epoch: mem (CPU python)=11440.7109375MB; mem (CPU total)=31584.75390625MB
INFO:root:[  171] Training loss: 0.31582072, Validation loss: 0.31852009, Gradient norm: 0.19180544
INFO:root:At the start of the epoch: mem (CPU python)=11461.875MB; mem (CPU total)=31626.38671875MB
INFO:root:[  172] Training loss: 0.31533207, Validation loss: 0.31873533, Gradient norm: 0.18085649
INFO:root:At the start of the epoch: mem (CPU python)=11483.23046875MB; mem (CPU total)=31663.65234375MB
INFO:root:[  173] Training loss: 0.31552636, Validation loss: 0.31841469, Gradient norm: 0.19401615
INFO:root:At the start of the epoch: mem (CPU python)=11505.61328125MB; mem (CPU total)=31705.2265625MB
INFO:root:[  174] Training loss: 0.31553683, Validation loss: 0.31883286, Gradient norm: 0.17985150
INFO:root:At the start of the epoch: mem (CPU python)=11527.2421875MB; mem (CPU total)=31744.91015625MB
INFO:root:[  175] Training loss: 0.31554659, Validation loss: 0.31876682, Gradient norm: 0.20534193
INFO:root:At the start of the epoch: mem (CPU python)=11548.40625MB; mem (CPU total)=31784.328125MB
INFO:root:[  176] Training loss: 0.31556339, Validation loss: 0.31863952, Gradient norm: 0.18313919
INFO:root:At the start of the epoch: mem (CPU python)=11569.5703125MB; mem (CPU total)=31823.90625MB
INFO:root:[  177] Training loss: 0.31505126, Validation loss: 0.31868543, Gradient norm: 0.17024495
INFO:root:At the start of the epoch: mem (CPU python)=11590.734375MB; mem (CPU total)=31864.71875MB
INFO:root:[  178] Training loss: 0.31500299, Validation loss: 0.31825201, Gradient norm: 0.18472441
INFO:root:At the start of the epoch: mem (CPU python)=11611.8984375MB; mem (CPU total)=31906.25390625MB
INFO:root:[  179] Training loss: 0.31519195, Validation loss: 0.31843601, Gradient norm: 0.20401033
INFO:root:At the start of the epoch: mem (CPU python)=11633.0625MB; mem (CPU total)=31949.5078125MB
INFO:root:[  180] Training loss: 0.31536793, Validation loss: 0.31869040, Gradient norm: 0.19141748
INFO:root:At the start of the epoch: mem (CPU python)=11654.22265625MB; mem (CPU total)=31991.046875MB
INFO:root:[  181] Training loss: 0.31526565, Validation loss: 0.31851928, Gradient norm: 0.18873024
INFO:root:At the start of the epoch: mem (CPU python)=11675.390625MB; mem (CPU total)=32028.703125MB
INFO:root:[  182] Training loss: 0.31546179, Validation loss: 0.31859855, Gradient norm: 0.19625501
INFO:root:At the start of the epoch: mem (CPU python)=11696.5546875MB; mem (CPU total)=32067.58984375MB
INFO:root:[  183] Training loss: 0.31493917, Validation loss: 0.31820496, Gradient norm: 0.18722345
INFO:root:At the start of the epoch: mem (CPU python)=11717.71875MB; mem (CPU total)=32105.74609375MB
INFO:root:[  184] Training loss: 0.31481907, Validation loss: 0.31833864, Gradient norm: 0.19685088
INFO:root:At the start of the epoch: mem (CPU python)=11738.8828125MB; mem (CPU total)=32144.7734375MB
INFO:root:[  185] Training loss: 0.31476246, Validation loss: 0.31828428, Gradient norm: 0.18928055
INFO:root:At the start of the epoch: mem (CPU python)=11760.04296875MB; mem (CPU total)=32183.87890625MB
INFO:root:[  186] Training loss: 0.31506339, Validation loss: 0.31816886, Gradient norm: 0.20985296
INFO:root:At the start of the epoch: mem (CPU python)=11781.2109375MB; mem (CPU total)=32222.94921875MB
INFO:root:[  187] Training loss: 0.31515081, Validation loss: 0.31847107, Gradient norm: 0.21649960
INFO:root:At the start of the epoch: mem (CPU python)=11802.37109375MB; mem (CPU total)=32266.0MB
INFO:root:[  188] Training loss: 0.31467199, Validation loss: 0.31817528, Gradient norm: 0.19956286
INFO:root:At the start of the epoch: mem (CPU python)=11823.5390625MB; mem (CPU total)=32308.8359375MB
INFO:root:[  189] Training loss: 0.31497287, Validation loss: 0.31822418, Gradient norm: 0.19362475
INFO:root:At the start of the epoch: mem (CPU python)=11844.703125MB; mem (CPU total)=32352.1640625MB
INFO:root:[  190] Training loss: 0.31476179, Validation loss: 0.31797967, Gradient norm: 0.21553221
INFO:root:At the start of the epoch: mem (CPU python)=11865.8671875MB; mem (CPU total)=32406.5078125MB
INFO:root:[  191] Training loss: 0.31462862, Validation loss: 0.31823807, Gradient norm: 0.17871494
INFO:root:At the start of the epoch: mem (CPU python)=11887.03125MB; mem (CPU total)=32388.20703125MB
INFO:root:[  192] Training loss: 0.31469176, Validation loss: 0.31801957, Gradient norm: 0.20471192
INFO:root:At the start of the epoch: mem (CPU python)=11908.19921875MB; mem (CPU total)=32468.2109375MB
INFO:root:[  193] Training loss: 0.31424456, Validation loss: 0.31767434, Gradient norm: 0.19923921
INFO:root:At the start of the epoch: mem (CPU python)=11929.36328125MB; mem (CPU total)=32507.35546875MB
INFO:root:[  194] Training loss: 0.31471149, Validation loss: 0.31797794, Gradient norm: 0.18745076
INFO:root:At the start of the epoch: mem (CPU python)=11950.5234375MB; mem (CPU total)=32545.90625MB
INFO:root:[  195] Training loss: 0.31432591, Validation loss: 0.31788531, Gradient norm: 0.19874454
INFO:root:At the start of the epoch: mem (CPU python)=11971.6875MB; mem (CPU total)=32610.0859375MB
INFO:root:[  196] Training loss: 0.31448332, Validation loss: 0.31803678, Gradient norm: 0.22563220
INFO:root:At the start of the epoch: mem (CPU python)=11992.8515625MB; mem (CPU total)=32651.4453125MB
INFO:root:[  197] Training loss: 0.31457346, Validation loss: 0.31759751, Gradient norm: 0.19288410
INFO:root:At the start of the epoch: mem (CPU python)=12014.01953125MB; mem (CPU total)=32668.44921875MB
INFO:root:[  198] Training loss: 0.31412798, Validation loss: 0.31770915, Gradient norm: 0.19746407
INFO:root:At the start of the epoch: mem (CPU python)=12035.1796875MB; mem (CPU total)=32710.98828125MB
INFO:root:[  199] Training loss: 0.31408627, Validation loss: 0.31771853, Gradient norm: 0.18393874
INFO:root:At the start of the epoch: mem (CPU python)=12056.34375MB; mem (CPU total)=32750.7890625MB
INFO:root:[  200] Training loss: 0.31430573, Validation loss: 0.31772966, Gradient norm: 0.19383569
INFO:root:At the start of the epoch: mem (CPU python)=12077.5078125MB; mem (CPU total)=32814.69140625MB
INFO:root:[  201] Training loss: 0.31398763, Validation loss: 0.31757017, Gradient norm: 0.18836649
INFO:root:At the start of the epoch: mem (CPU python)=12098.67578125MB; mem (CPU total)=32824.12109375MB
INFO:root:[  202] Training loss: 0.31395755, Validation loss: 0.31761910, Gradient norm: 0.20494733
INFO:root:At the start of the epoch: mem (CPU python)=12119.8359375MB; mem (CPU total)=32867.46484375MB
INFO:root:[  203] Training loss: 0.31397047, Validation loss: 0.31740065, Gradient norm: 0.19720817
INFO:root:At the start of the epoch: mem (CPU python)=12141.00390625MB; mem (CPU total)=32909.50390625MB
INFO:root:[  204] Training loss: 0.31404882, Validation loss: 0.31724753, Gradient norm: 0.19248535
INFO:root:At the start of the epoch: mem (CPU python)=12162.1640625MB; mem (CPU total)=32948.87890625MB
INFO:root:[  205] Training loss: 0.31413743, Validation loss: 0.31766934, Gradient norm: 0.19847474
INFO:root:At the start of the epoch: mem (CPU python)=12183.328125MB; mem (CPU total)=33015.453125MB
INFO:root:[  206] Training loss: 0.31395773, Validation loss: 0.31741545, Gradient norm: 0.21401342
INFO:root:At the start of the epoch: mem (CPU python)=12204.4921875MB; mem (CPU total)=33057.78125MB
INFO:root:[  207] Training loss: 0.31393402, Validation loss: 0.31741436, Gradient norm: 0.19391332
INFO:root:At the start of the epoch: mem (CPU python)=12225.65625MB; mem (CPU total)=33071.46484375MB
INFO:root:[  208] Training loss: 0.31373677, Validation loss: 0.31688611, Gradient norm: 0.19572651
INFO:root:At the start of the epoch: mem (CPU python)=12246.82421875MB; mem (CPU total)=33113.0546875MB
INFO:root:[  209] Training loss: 0.31395033, Validation loss: 0.31754693, Gradient norm: 0.19942927
INFO:root:At the start of the epoch: mem (CPU python)=12267.984375MB; mem (CPU total)=33150.4921875MB
INFO:root:[  210] Training loss: 0.31372894, Validation loss: 0.31727400, Gradient norm: 0.20398192
INFO:root:At the start of the epoch: mem (CPU python)=12289.15625MB; mem (CPU total)=33216.57421875MB
INFO:root:[  211] Training loss: 0.31360823, Validation loss: 0.31721653, Gradient norm: 0.19398550
INFO:root:At the start of the epoch: mem (CPU python)=12310.3203125MB; mem (CPU total)=33254.99609375MB
INFO:root:[  212] Training loss: 0.31351550, Validation loss: 0.31740418, Gradient norm: 0.21762875
INFO:root:At the start of the epoch: mem (CPU python)=12331.484375MB; mem (CPU total)=33233.8203125MB
INFO:root:[  213] Training loss: 0.31343636, Validation loss: 0.31697536, Gradient norm: 0.18341476
INFO:root:At the start of the epoch: mem (CPU python)=12352.64453125MB; mem (CPU total)=33306.38671875MB
INFO:root:[  214] Training loss: 0.31361586, Validation loss: 0.31712391, Gradient norm: 0.19879067
INFO:root:At the start of the epoch: mem (CPU python)=12373.80859375MB; mem (CPU total)=33342.5625MB
INFO:root:Learning rate reduced to: 0.0003125
INFO:root:[  215] Training loss: 0.31355171, Validation loss: 0.31747228, Gradient norm: 0.20117255
INFO:root:At the start of the epoch: mem (CPU python)=12394.97265625MB; mem (CPU total)=33309.66015625MB
INFO:root:Learning rate reduced to: 0.00015625
INFO:root:[  216] Training loss: 0.31237942, Validation loss: 0.31620229, Gradient norm: 0.13715170
INFO:root:At the start of the epoch: mem (CPU python)=12416.13671875MB; mem (CPU total)=33346.08203125MB
INFO:root:[  217] Training loss: 0.31204799, Validation loss: 0.31593574, Gradient norm: 0.11687569
INFO:root:At the start of the epoch: mem (CPU python)=12437.30078125MB; mem (CPU total)=33379.55078125MB
INFO:root:[  218] Training loss: 0.31201468, Validation loss: 0.31611110, Gradient norm: 0.13547184
INFO:root:At the start of the epoch: mem (CPU python)=12458.46484375MB; mem (CPU total)=33412.7734375MB
INFO:root:[  219] Training loss: 0.31215409, Validation loss: 0.31583335, Gradient norm: 0.12519957
INFO:root:At the start of the epoch: mem (CPU python)=12479.6328125MB; mem (CPU total)=33450.91796875MB
INFO:root:[  220] Training loss: 0.31156442, Validation loss: 0.31577416, Gradient norm: 0.11792974
INFO:root:At the start of the epoch: mem (CPU python)=12500.796875MB; mem (CPU total)=33484.3828125MB
INFO:root:[  221] Training loss: 0.31184057, Validation loss: 0.31605218, Gradient norm: 0.13433760
INFO:root:At the start of the epoch: mem (CPU python)=12521.9609375MB; mem (CPU total)=33589.6953125MB
INFO:root:[  222] Training loss: 0.31169335, Validation loss: 0.31597182, Gradient norm: 0.12494481
INFO:root:At the start of the epoch: mem (CPU python)=12543.125MB; mem (CPU total)=33624.88671875MB
INFO:root:[  223] Training loss: 0.31186071, Validation loss: 0.31590296, Gradient norm: 0.12855114
INFO:root:At the start of the epoch: mem (CPU python)=12564.28515625MB; mem (CPU total)=33621.1796875MB
INFO:root:[  224] Training loss: 0.31202572, Validation loss: 0.31585386, Gradient norm: 0.13328067
INFO:root:At the start of the epoch: mem (CPU python)=12585.453125MB; mem (CPU total)=33696.83203125MB
INFO:root:[  225] Training loss: 0.31178146, Validation loss: 0.31590482, Gradient norm: 0.12578546
INFO:root:At the start of the epoch: mem (CPU python)=12606.6171875MB; mem (CPU total)=33729.31640625MB
INFO:root:[  226] Training loss: 0.31169948, Validation loss: 0.31580749, Gradient norm: 0.12211568
INFO:root:At the start of the epoch: mem (CPU python)=12627.78125MB; mem (CPU total)=33785.03125MB
INFO:root:Learning rate reduced to: 7.8125e-05
INFO:root:[  227] Training loss: 0.31160754, Validation loss: 0.31595561, Gradient norm: 0.13405521
INFO:root:At the start of the epoch: mem (CPU python)=12648.9453125MB; mem (CPU total)=33799.96875MB
INFO:root:[  228] Training loss: 0.31147573, Validation loss: 0.31621467, Gradient norm: 0.10810658
INFO:root:At the start of the epoch: mem (CPU python)=12670.109375MB; mem (CPU total)=33830.11328125MB
INFO:root:[  229] Training loss: 0.31134674, Validation loss: 0.31571597, Gradient norm: 0.11317834
INFO:root:At the start of the epoch: mem (CPU python)=12691.2734375MB; mem (CPU total)=33864.59765625MB
INFO:root:[  230] Training loss: 0.31141858, Validation loss: 0.31545262, Gradient norm: 0.11015934
INFO:root:At the start of the epoch: mem (CPU python)=12712.44140625MB; mem (CPU total)=33864.73828125MB
INFO:root:[  231] Training loss: 0.31140113, Validation loss: 0.31582413, Gradient norm: 0.11383147
INFO:root:At the start of the epoch: mem (CPU python)=12733.6015625MB; mem (CPU total)=33934.8359375MB
INFO:root:[  232] Training loss: 0.31150124, Validation loss: 0.31585567, Gradient norm: 0.11703571
INFO:root:At the start of the epoch: mem (CPU python)=12754.765625MB; mem (CPU total)=33972.28515625MB
INFO:root:[  233] Training loss: 0.31138790, Validation loss: 0.31587529, Gradient norm: 0.12160672
INFO:root:At the start of the epoch: mem (CPU python)=12775.9296875MB; mem (CPU total)=34029.20703125MB
INFO:root:[  234] Training loss: 0.31144753, Validation loss: 0.31606362, Gradient norm: 0.11733162
INFO:root:At the start of the epoch: mem (CPU python)=12797.09375MB; mem (CPU total)=34038.4765625MB
INFO:root:[  235] Training loss: 0.31150040, Validation loss: 0.31580345, Gradient norm: 0.11830670
INFO:root:At the start of the epoch: mem (CPU python)=12818.2578125MB; mem (CPU total)=34077.12890625MB
INFO:root:[  236] Training loss: 0.31121860, Validation loss: 0.31573414, Gradient norm: 0.11445897
INFO:root:At the start of the epoch: mem (CPU python)=12839.42578125MB; mem (CPU total)=34074.64453125MB
INFO:root:[  237] Training loss: 0.31164460, Validation loss: 0.31571715, Gradient norm: 0.13077195
INFO:root:At the start of the epoch: mem (CPU python)=12860.58984375MB; mem (CPU total)=34138.44140625MB
INFO:root:[  238] Training loss: 0.31124035, Validation loss: 0.31586214, Gradient norm: 0.10989673
INFO:root:At the start of the epoch: mem (CPU python)=12881.75390625MB; mem (CPU total)=34203.94140625MB
INFO:root:[  239] Training loss: 0.31130636, Validation loss: 0.31580970, Gradient norm: 0.11583915
INFO:root:At the start of the epoch: mem (CPU python)=12902.91796875MB; mem (CPU total)=34212.11328125MB
INFO:root:EP 239: Early stopping
INFO:root:Training for autoregressive step 2 starts now.
INFO:root:Learning rate reduced to: [3.90625e-05]
INFO:root:At the start of the epoch: mem (CPU python)=12924.08203125MB; mem (CPU total)=34248.30078125MB
INFO:root:[  241] Training loss: 0.38923104, Validation loss: 0.38789107, Gradient norm: 0.22290737
INFO:root:At the start of the epoch: mem (CPU python)=12945.25MB; mem (CPU total)=34315.16796875MB
INFO:root:[  242] Training loss: 0.38727353, Validation loss: 0.38671304, Gradient norm: 0.19973596
INFO:root:At the start of the epoch: mem (CPU python)=12966.41015625MB; mem (CPU total)=34333.95703125MB
INFO:root:[  243] Training loss: 0.38660476, Validation loss: 0.38595536, Gradient norm: 0.18817999
INFO:root:At the start of the epoch: mem (CPU python)=12987.57421875MB; mem (CPU total)=32032.99609375MB
INFO:root:[  244] Training loss: 0.38562529, Validation loss: 0.38598483, Gradient norm: 0.17359693
INFO:root:At the start of the epoch: mem (CPU python)=13008.73828125MB; mem (CPU total)=32075.5703125MB
INFO:root:[  245] Training loss: 0.38557091, Validation loss: 0.38556366, Gradient norm: 0.18267441
INFO:root:At the start of the epoch: mem (CPU python)=13029.90234375MB; mem (CPU total)=32118.4609375MB
INFO:root:[  246] Training loss: 0.38481767, Validation loss: 0.38507613, Gradient norm: 0.17410352
INFO:root:At the start of the epoch: mem (CPU python)=13051.06640625MB; mem (CPU total)=32160.515625MB
INFO:root:[  247] Training loss: 0.38483330, Validation loss: 0.38500729, Gradient norm: 0.18413341
INFO:root:At the start of the epoch: mem (CPU python)=13072.234375MB; mem (CPU total)=32202.8671875MB
INFO:root:[  248] Training loss: 0.38507514, Validation loss: 0.38492191, Gradient norm: 0.18149961
INFO:root:At the start of the epoch: mem (CPU python)=13093.3984375MB; mem (CPU total)=32244.3828125MB
INFO:root:[  249] Training loss: 0.38456245, Validation loss: 0.38446089, Gradient norm: 0.18265828
INFO:root:At the start of the epoch: mem (CPU python)=13114.5625MB; mem (CPU total)=32285.48828125MB
INFO:root:[  250] Training loss: 0.38436760, Validation loss: 0.38453861, Gradient norm: 0.17679565
INFO:root:At the start of the epoch: mem (CPU python)=13135.72265625MB; mem (CPU total)=32326.84375MB
INFO:root:[  251] Training loss: 0.38430745, Validation loss: 0.38404886, Gradient norm: 0.17890598
INFO:root:At the start of the epoch: mem (CPU python)=13156.8828125MB; mem (CPU total)=32367.46484375MB
INFO:root:[  252] Training loss: 0.38423282, Validation loss: 0.38404998, Gradient norm: 0.17407649
INFO:root:At the start of the epoch: mem (CPU python)=13178.05078125MB; mem (CPU total)=32408.828125MB
INFO:root:[  253] Training loss: 0.38396726, Validation loss: 0.38406680, Gradient norm: 0.17755784
INFO:root:At the start of the epoch: mem (CPU python)=13199.21875MB; mem (CPU total)=32450.65234375MB
INFO:root:[  254] Training loss: 0.38363865, Validation loss: 0.38421344, Gradient norm: 0.17117038
INFO:root:At the start of the epoch: mem (CPU python)=13220.3828125MB; mem (CPU total)=32492.265625MB
INFO:root:[  255] Training loss: 0.38395667, Validation loss: 0.38369710, Gradient norm: 0.18785904
INFO:root:At the start of the epoch: mem (CPU python)=13241.546875MB; mem (CPU total)=32533.8828125MB
INFO:root:[  256] Training loss: 0.38351438, Validation loss: 0.38366737, Gradient norm: 0.16020380
INFO:root:At the start of the epoch: mem (CPU python)=13262.7109375MB; mem (CPU total)=32575.49609375MB
INFO:root:[  257] Training loss: 0.38342948, Validation loss: 0.38349094, Gradient norm: 0.16765165
INFO:root:At the start of the epoch: mem (CPU python)=13283.875MB; mem (CPU total)=32617.3828125MB
INFO:root:[  258] Training loss: 0.38329654, Validation loss: 0.38339607, Gradient norm: 0.17044602
INFO:root:At the start of the epoch: mem (CPU python)=13305.04296875MB; mem (CPU total)=32659.20703125MB
INFO:root:[  259] Training loss: 0.38310567, Validation loss: 0.38334717, Gradient norm: 0.17216478
INFO:root:At the start of the epoch: mem (CPU python)=13326.20703125MB; mem (CPU total)=32699.87109375MB
INFO:root:[  260] Training loss: 0.38291535, Validation loss: 0.38318528, Gradient norm: 0.16853182
INFO:root:At the start of the epoch: mem (CPU python)=13347.3671875MB; mem (CPU total)=32741.48046875MB
INFO:root:[  261] Training loss: 0.38281448, Validation loss: 0.38291297, Gradient norm: 0.16289888
INFO:root:At the start of the epoch: mem (CPU python)=13368.53125MB; mem (CPU total)=32783.06640625MB
INFO:root:[  262] Training loss: 0.38279475, Validation loss: 0.38304363, Gradient norm: 0.17174671
INFO:root:At the start of the epoch: mem (CPU python)=13389.6953125MB; mem (CPU total)=32824.4296875MB
INFO:root:[  263] Training loss: 0.38261672, Validation loss: 0.38288155, Gradient norm: 0.17530625
INFO:root:At the start of the epoch: mem (CPU python)=13410.86328125MB; mem (CPU total)=32865.765625MB
INFO:root:[  264] Training loss: 0.38239286, Validation loss: 0.38268126, Gradient norm: 0.17741806
INFO:root:At the start of the epoch: mem (CPU python)=13432.02734375MB; mem (CPU total)=32907.16796875MB
INFO:root:[  265] Training loss: 0.38267783, Validation loss: 0.38285754, Gradient norm: 0.16573868
INFO:root:At the start of the epoch: mem (CPU python)=13453.18359375MB; mem (CPU total)=32948.8125MB
INFO:root:[  266] Training loss: 0.38237760, Validation loss: 0.38266445, Gradient norm: 0.16911842
INFO:root:At the start of the epoch: mem (CPU python)=13474.35546875MB; mem (CPU total)=32991.09765625MB
INFO:root:[  267] Training loss: 0.38263195, Validation loss: 0.38261996, Gradient norm: 0.18291407
INFO:root:At the start of the epoch: mem (CPU python)=13495.515625MB; mem (CPU total)=33032.7734375MB
INFO:root:[  268] Training loss: 0.38245301, Validation loss: 0.38250578, Gradient norm: 0.17974562
INFO:root:At the start of the epoch: mem (CPU python)=13516.6796875MB; mem (CPU total)=33074.17578125MB
INFO:root:[  269] Training loss: 0.38213772, Validation loss: 0.38243916, Gradient norm: 0.16839061
INFO:root:At the start of the epoch: mem (CPU python)=13537.84375MB; mem (CPU total)=33116.7734375MB
INFO:root:[  270] Training loss: 0.38218166, Validation loss: 0.38238404, Gradient norm: 0.17349717
INFO:root:At the start of the epoch: mem (CPU python)=13559.0078125MB; mem (CPU total)=33159.8671875MB
INFO:root:[  271] Training loss: 0.38213415, Validation loss: 0.38226938, Gradient norm: 0.16820349
INFO:root:At the start of the epoch: mem (CPU python)=13580.171875MB; mem (CPU total)=33203.08984375MB
INFO:root:[  272] Training loss: 0.38193488, Validation loss: 0.38236760, Gradient norm: 0.16051690
INFO:root:At the start of the epoch: mem (CPU python)=13601.3359375MB; mem (CPU total)=33245.4765625MB
INFO:root:[  273] Training loss: 0.38180876, Validation loss: 0.38215590, Gradient norm: 0.17446234
INFO:root:At the start of the epoch: mem (CPU python)=13622.5MB; mem (CPU total)=33288.2265625MB
INFO:root:[  274] Training loss: 0.38217615, Validation loss: 0.38217772, Gradient norm: 0.16116607
INFO:root:At the start of the epoch: mem (CPU python)=13643.6640625MB; mem (CPU total)=33330.328125MB
INFO:root:[  275] Training loss: 0.38177772, Validation loss: 0.38200858, Gradient norm: 0.17316375
INFO:root:At the start of the epoch: mem (CPU python)=13664.83203125MB; mem (CPU total)=33372.63671875MB
INFO:root:[  276] Training loss: 0.38167967, Validation loss: 0.38175520, Gradient norm: 0.16851221
INFO:root:At the start of the epoch: mem (CPU python)=13685.99609375MB; mem (CPU total)=33414.6875MB
INFO:root:[  277] Training loss: 0.38189095, Validation loss: 0.38218613, Gradient norm: 0.18002969
INFO:root:At the start of the epoch: mem (CPU python)=13707.16015625MB; mem (CPU total)=33456.44140625MB
INFO:root:[  278] Training loss: 0.38173692, Validation loss: 0.38204806, Gradient norm: 0.17004644
INFO:root:At the start of the epoch: mem (CPU python)=13728.32421875MB; mem (CPU total)=33498.24609375MB
INFO:root:[  279] Training loss: 0.38175540, Validation loss: 0.38164394, Gradient norm: 0.17528298
INFO:root:At the start of the epoch: mem (CPU python)=13749.484375MB; mem (CPU total)=33539.09765625MB
INFO:root:[  280] Training loss: 0.38183129, Validation loss: 0.38173468, Gradient norm: 0.17018666
INFO:root:At the start of the epoch: mem (CPU python)=13770.6484375MB; mem (CPU total)=33581.17578125MB
INFO:root:[  281] Training loss: 0.38141865, Validation loss: 0.38179852, Gradient norm: 0.16886001
INFO:root:At the start of the epoch: mem (CPU python)=13791.8125MB; mem (CPU total)=33623.50390625MB
INFO:root:[  282] Training loss: 0.38147747, Validation loss: 0.38175853, Gradient norm: 0.17298904
INFO:root:At the start of the epoch: mem (CPU python)=13812.9765625MB; mem (CPU total)=33665.83203125MB
INFO:root:[  283] Training loss: 0.38149581, Validation loss: 0.38164474, Gradient norm: 0.17653536
INFO:root:At the start of the epoch: mem (CPU python)=13834.140625MB; mem (CPU total)=33708.16015625MB
INFO:root:[  284] Training loss: 0.38108361, Validation loss: 0.38156821, Gradient norm: 0.17226067
INFO:root:At the start of the epoch: mem (CPU python)=13855.3046875MB; mem (CPU total)=33752.1484375MB
INFO:root:[  285] Training loss: 0.38157466, Validation loss: 0.38127109, Gradient norm: 0.16411186
INFO:root:At the start of the epoch: mem (CPU python)=13876.46875MB; mem (CPU total)=33794.5MB
INFO:root:[  286] Training loss: 0.38108259, Validation loss: 0.38114410, Gradient norm: 0.16752499
INFO:root:At the start of the epoch: mem (CPU python)=13897.63671875MB; mem (CPU total)=33836.83203125MB
INFO:root:[  287] Training loss: 0.38118230, Validation loss: 0.38160442, Gradient norm: 0.17278703
INFO:root:At the start of the epoch: mem (CPU python)=13918.796875MB; mem (CPU total)=33879.18359375MB
INFO:root:[  288] Training loss: 0.38139552, Validation loss: 0.38137112, Gradient norm: 0.17048024
INFO:root:At the start of the epoch: mem (CPU python)=13939.96484375MB; mem (CPU total)=33921.55859375MB
INFO:root:[  289] Training loss: 0.38135401, Validation loss: 0.38103594, Gradient norm: 0.16902680
INFO:root:At the start of the epoch: mem (CPU python)=13961.12890625MB; mem (CPU total)=33963.16015625MB
INFO:root:[  290] Training loss: 0.38073004, Validation loss: 0.38116799, Gradient norm: 0.17392412
INFO:root:At the start of the epoch: mem (CPU python)=13982.29296875MB; mem (CPU total)=34003.4765625MB
INFO:root:[  291] Training loss: 0.38088772, Validation loss: 0.38125068, Gradient norm: 0.16040903
INFO:root:At the start of the epoch: mem (CPU python)=14003.45703125MB; mem (CPU total)=34043.859375MB
INFO:root:[  292] Training loss: 0.38103702, Validation loss: 0.38107224, Gradient norm: 0.17887617
INFO:root:At the start of the epoch: mem (CPU python)=14024.62109375MB; mem (CPU total)=34085.453125MB
INFO:root:[  293] Training loss: 0.38088388, Validation loss: 0.38119459, Gradient norm: 0.17884026
INFO:root:At the start of the epoch: mem (CPU python)=14045.7890625MB; mem (CPU total)=34126.8203125MB
INFO:root:[  294] Training loss: 0.38077157, Validation loss: 0.38122282, Gradient norm: 0.16707169
INFO:root:At the start of the epoch: mem (CPU python)=14066.953125MB; mem (CPU total)=34167.9453125MB
INFO:root:[  295] Training loss: 0.38101338, Validation loss: 0.38104052, Gradient norm: 0.16536889
INFO:root:At the start of the epoch: mem (CPU python)=14088.1171875MB; mem (CPU total)=34209.10546875MB
INFO:root:[  296] Training loss: 0.38076045, Validation loss: 0.38078903, Gradient norm: 0.16273161
INFO:root:At the start of the epoch: mem (CPU python)=14109.28125MB; mem (CPU total)=34250.19140625MB
INFO:root:[  297] Training loss: 0.38078076, Validation loss: 0.38073570, Gradient norm: 0.16410991
INFO:root:At the start of the epoch: mem (CPU python)=14130.4453125MB; mem (CPU total)=34291.31640625MB
INFO:root:[  298] Training loss: 0.38081318, Validation loss: 0.38086971, Gradient norm: 0.17033550
INFO:root:At the start of the epoch: mem (CPU python)=14151.60546875MB; mem (CPU total)=34332.9296875MB
INFO:root:[  299] Training loss: 0.38077379, Validation loss: 0.38078811, Gradient norm: 0.16769170
INFO:root:At the start of the epoch: mem (CPU python)=14172.76953125MB; mem (CPU total)=34374.05078125MB
INFO:root:[  300] Training loss: 0.38080573, Validation loss: 0.38095973, Gradient norm: 0.16605987
INFO:root:At the start of the epoch: mem (CPU python)=14193.93359375MB; mem (CPU total)=34414.6796875MB
INFO:root:[  301] Training loss: 0.38089025, Validation loss: 0.38090755, Gradient norm: 0.16813260
INFO:root:At the start of the epoch: mem (CPU python)=14215.09765625MB; mem (CPU total)=34455.80078125MB
INFO:root:[  302] Training loss: 0.38036071, Validation loss: 0.38083074, Gradient norm: 0.16837793
INFO:root:At the start of the epoch: mem (CPU python)=14236.26171875MB; mem (CPU total)=34496.64453125MB
INFO:root:[  303] Training loss: 0.38043782, Validation loss: 0.38079930, Gradient norm: 0.17192711
INFO:root:At the start of the epoch: mem (CPU python)=14257.42578125MB; mem (CPU total)=34537.5234375MB
INFO:root:[  304] Training loss: 0.38059465, Validation loss: 0.38088461, Gradient norm: 0.17188068
INFO:root:At the start of the epoch: mem (CPU python)=14278.59375MB; mem (CPU total)=34578.890625MB
INFO:root:[  305] Training loss: 0.38044982, Validation loss: 0.38062518, Gradient norm: 0.16946261
INFO:root:At the start of the epoch: mem (CPU python)=14299.7578125MB; mem (CPU total)=34620.8125MB
INFO:root:[  306] Training loss: 0.38067533, Validation loss: 0.38056025, Gradient norm: 0.17652674
INFO:root:At the start of the epoch: mem (CPU python)=14320.921875MB; mem (CPU total)=34663.2578125MB
INFO:root:[  307] Training loss: 0.38055080, Validation loss: 0.38086424, Gradient norm: 0.17309826
INFO:root:At the start of the epoch: mem (CPU python)=14342.08203125MB; mem (CPU total)=34705.609375MB
INFO:root:[  308] Training loss: 0.38069800, Validation loss: 0.38051569, Gradient norm: 0.17089026
INFO:root:At the start of the epoch: mem (CPU python)=14363.25MB; mem (CPU total)=34748.6328125MB
INFO:root:[  309] Training loss: 0.38038834, Validation loss: 0.38056369, Gradient norm: 0.17088461
INFO:root:At the start of the epoch: mem (CPU python)=14384.41015625MB; mem (CPU total)=34790.59375MB
INFO:root:[  310] Training loss: 0.38040607, Validation loss: 0.38062522, Gradient norm: 0.17031038
INFO:root:At the start of the epoch: mem (CPU python)=14405.578125MB; mem (CPU total)=34833.33984375MB
INFO:root:[  311] Training loss: 0.38045331, Validation loss: 0.38075156, Gradient norm: 0.17144857
INFO:root:At the start of the epoch: mem (CPU python)=14426.7421875MB; mem (CPU total)=34875.79296875MB
INFO:root:[  312] Training loss: 0.38026024, Validation loss: 0.38054845, Gradient norm: 0.17704914
INFO:root:At the start of the epoch: mem (CPU python)=14447.90625MB; mem (CPU total)=34918.0546875MB
INFO:root:[  313] Training loss: 0.38021235, Validation loss: 0.38035959, Gradient norm: 0.17041642
INFO:root:At the start of the epoch: mem (CPU python)=14469.1015625MB; mem (CPU total)=34960.125MB
INFO:root:[  314] Training loss: 0.38017061, Validation loss: 0.38052512, Gradient norm: 0.18098315
INFO:root:At the start of the epoch: mem (CPU python)=14490.265625MB; mem (CPU total)=35001.265625MB
INFO:root:[  315] Training loss: 0.38029413, Validation loss: 0.38026938, Gradient norm: 0.18043267
INFO:root:At the start of the epoch: mem (CPU python)=14511.43359375MB; mem (CPU total)=35044.0859375MB
INFO:root:[  316] Training loss: 0.38042995, Validation loss: 0.38022694, Gradient norm: 0.17004854
INFO:root:At the start of the epoch: mem (CPU python)=14532.59765625MB; mem (CPU total)=35086.35546875MB
INFO:root:[  317] Training loss: 0.38025758, Validation loss: 0.38009587, Gradient norm: 0.17058071
INFO:root:At the start of the epoch: mem (CPU python)=14553.76171875MB; mem (CPU total)=35128.71484375MB
INFO:root:[  318] Training loss: 0.38030291, Validation loss: 0.38012524, Gradient norm: 0.17200962
INFO:root:At the start of the epoch: mem (CPU python)=14574.921875MB; mem (CPU total)=35171.04296875MB
INFO:root:[  319] Training loss: 0.38019173, Validation loss: 0.38026798, Gradient norm: 0.16047016
INFO:root:At the start of the epoch: mem (CPU python)=14596.0859375MB; mem (CPU total)=35213.15625MB
INFO:root:[  320] Training loss: 0.38047016, Validation loss: 0.38042448, Gradient norm: 0.17391305
INFO:root:At the start of the epoch: mem (CPU python)=14617.25MB; mem (CPU total)=35255.7265625MB
INFO:root:[  321] Training loss: 0.38002968, Validation loss: 0.38013881, Gradient norm: 0.16837720
INFO:root:At the start of the epoch: mem (CPU python)=14638.41796875MB; mem (CPU total)=35298.30078125MB
INFO:root:[  322] Training loss: 0.38016845, Validation loss: 0.38020917, Gradient norm: 0.17063668
INFO:root:At the start of the epoch: mem (CPU python)=14659.58203125MB; mem (CPU total)=35340.4765625MB
INFO:root:[  323] Training loss: 0.38027870, Validation loss: 0.38037817, Gradient norm: 0.17032814
INFO:root:At the start of the epoch: mem (CPU python)=14680.74609375MB; mem (CPU total)=35380.5703125MB
INFO:root:[  324] Training loss: 0.38015892, Validation loss: 0.38011425, Gradient norm: 0.17044025
INFO:root:At the start of the epoch: mem (CPU python)=14701.91015625MB; mem (CPU total)=35420.9296875MB
INFO:root:[  325] Training loss: 0.38009900, Validation loss: 0.38022951, Gradient norm: 0.16943433
INFO:root:At the start of the epoch: mem (CPU python)=14723.07421875MB; mem (CPU total)=35445.69140625MB
INFO:root:[  326] Training loss: 0.38000385, Validation loss: 0.37996184, Gradient norm: 0.16485155
INFO:root:At the start of the epoch: mem (CPU python)=14744.23828125MB; mem (CPU total)=35467.34765625MB
INFO:root:[  327] Training loss: 0.38015563, Validation loss: 0.38002896, Gradient norm: 0.16637507
INFO:root:At the start of the epoch: mem (CPU python)=14765.3984375MB; mem (CPU total)=35489.25MB
INFO:root:[  328] Training loss: 0.38003970, Validation loss: 0.37997370, Gradient norm: 0.16896711
INFO:root:At the start of the epoch: mem (CPU python)=14786.56640625MB; mem (CPU total)=35511.15234375MB
INFO:root:[  329] Training loss: 0.37979447, Validation loss: 0.38001501, Gradient norm: 0.17744124
INFO:root:At the start of the epoch: mem (CPU python)=14807.73046875MB; mem (CPU total)=35533.0234375MB
INFO:root:[  330] Training loss: 0.37975149, Validation loss: 0.38019837, Gradient norm: 0.17515113
INFO:root:At the start of the epoch: mem (CPU python)=14828.89453125MB; mem (CPU total)=35554.43359375MB
INFO:root:[  331] Training loss: 0.37972208, Validation loss: 0.37971640, Gradient norm: 0.17209167
INFO:root:At the start of the epoch: mem (CPU python)=14850.0625MB; mem (CPU total)=35575.8828125MB
INFO:root:[  332] Training loss: 0.37984433, Validation loss: 0.37996484, Gradient norm: 0.16622129
INFO:root:At the start of the epoch: mem (CPU python)=14871.22265625MB; mem (CPU total)=35599.59765625MB
INFO:root:[  333] Training loss: 0.37986638, Validation loss: 0.37993143, Gradient norm: 0.16265558
INFO:root:At the start of the epoch: mem (CPU python)=14892.38671875MB; mem (CPU total)=35622.01953125MB
INFO:root:[  334] Training loss: 0.37959707, Validation loss: 0.38014888, Gradient norm: 0.16821260
INFO:root:At the start of the epoch: mem (CPU python)=14913.55078125MB; mem (CPU total)=35643.453125MB
INFO:root:[  335] Training loss: 0.37980222, Validation loss: 0.38001478, Gradient norm: 0.16067444
INFO:root:At the start of the epoch: mem (CPU python)=14934.71484375MB; mem (CPU total)=14777.03125MB
INFO:root:[  336] Training loss: 0.37962759, Validation loss: 0.37988711, Gradient norm: 0.17238538
INFO:root:At the start of the epoch: mem (CPU python)=14955.875MB; mem (CPU total)=14798.1953125MB
INFO:root:[  337] Training loss: 0.37964687, Validation loss: 0.37974795, Gradient norm: 0.17038775
INFO:root:At the start of the epoch: mem (CPU python)=14977.0390625MB; mem (CPU total)=14819.359375MB
INFO:root:[  338] Training loss: 0.37989681, Validation loss: 0.37979979, Gradient norm: 0.17161091
INFO:root:At the start of the epoch: mem (CPU python)=14998.203125MB; mem (CPU total)=14840.51953125MB
INFO:root:[  339] Training loss: 0.37960076, Validation loss: 0.37977501, Gradient norm: 0.17156291
INFO:root:At the start of the epoch: mem (CPU python)=15019.37109375MB; mem (CPU total)=14861.67578125MB
INFO:root:[  340] Training loss: 0.37969844, Validation loss: 0.37952784, Gradient norm: 0.16629150
INFO:root:At the start of the epoch: mem (CPU python)=15040.53515625MB; mem (CPU total)=14883.265625MB
INFO:root:[  341] Training loss: 0.37989208, Validation loss: 0.37966112, Gradient norm: 0.18518010
INFO:root:At the start of the epoch: mem (CPU python)=15061.69921875MB; mem (CPU total)=14903.99609375MB
INFO:root:[  342] Training loss: 0.37934046, Validation loss: 0.37955012, Gradient norm: 0.16801562
INFO:root:At the start of the epoch: mem (CPU python)=15082.86328125MB; mem (CPU total)=14924.97265625MB
INFO:root:[  343] Training loss: 0.37966389, Validation loss: 0.37967802, Gradient norm: 0.18129017
INFO:root:At the start of the epoch: mem (CPU python)=15104.02734375MB; mem (CPU total)=14945.9140625MB
INFO:root:[  344] Training loss: 0.37960957, Validation loss: 0.37966722, Gradient norm: 0.17888194
INFO:root:At the start of the epoch: mem (CPU python)=15125.1953125MB; mem (CPU total)=14967.06640625MB
INFO:root:[  345] Training loss: 0.37933804, Validation loss: 0.37974499, Gradient norm: 0.17399069
INFO:root:At the start of the epoch: mem (CPU python)=15146.35546875MB; mem (CPU total)=14987.953125MB
INFO:root:[  346] Training loss: 0.37964204, Validation loss: 0.37980860, Gradient norm: 0.17414690
INFO:root:At the start of the epoch: mem (CPU python)=15167.51953125MB; mem (CPU total)=15009.1171875MB
INFO:root:[  347] Training loss: 0.37950551, Validation loss: 0.37961268, Gradient norm: 0.17093300
INFO:root:At the start of the epoch: mem (CPU python)=15188.68359375MB; mem (CPU total)=15030.7734375MB
INFO:root:[  348] Training loss: 0.37943782, Validation loss: 0.37964722, Gradient norm: 0.16112815
INFO:root:At the start of the epoch: mem (CPU python)=15209.84765625MB; mem (CPU total)=15051.44140625MB
INFO:root:[  349] Training loss: 0.37930665, Validation loss: 0.37980039, Gradient norm: 0.16497121
INFO:root:At the start of the epoch: mem (CPU python)=15231.01953125MB; mem (CPU total)=15072.375MB
INFO:root:EP 349: Early stopping
INFO:root:After finishing all epochs: mem (CPU python)=15252.1796875MB; mem (CPU total)=15093.234375MB
INFO:root:Training the model took 16696.554s.
INFO:root:Emptying the cuda cache took 0.014s.
INFO:root:Starting evaluation: model SFNO & uncertainty quantification laplace
INFO:root:Evaluating the model on Validation data.
INFO:root:MSEValidation: 0.44467
INFO:root:EnergyScoreValidation: 0.33346
INFO:root:CRPSValidation: 0.14926
INFO:root:Gaussian NLLValidation: 0.21308
INFO:root:CoverageValidation: 0.97376
INFO:root:IntervalWidthValidation: 1.52027
INFO:root:Evaluating the model on Test data.
INFO:root:MSETest: 0.34423
INFO:root:EnergyScoreTest: 0.2441
INFO:root:CRPSTest: 0.10695
INFO:root:Gaussian NLLTest: -0.12824
INFO:root:CoverageTest: 0.92089
INFO:root:IntervalWidthTest: 0.80453
INFO:root:After validation: mem (CPU python)=15344.234375MB; mem (CPU total)=15187.078125MB
INFO:root:###3 out of 3 training parameter combinations ###
INFO:root:Training parameters: {'seed': 123456789, 'model': 'SFNO', 'uncertainty_quantification': 'laplace', 'batch_size': 32, 'n_epochs': 1000, 'early_stopping': 10, 'init': 'default', 'learning_rate': 0.005, 'lr_schedule': 'step', 'optimizer': 'adam', 'gradient_clipping': 1, 'layer_normalization': True, 'data_loader_pin_memory': False, 'data_loader_num_workers': 0, 'distributed_training': False, 'alpha': 0.05, 'n_samples_uq': 100, 'weight_decay': 0, 'dropout': 0.001, 'fourier_dropout': None, 'hidden_channels': 32, 'projection_channels': 256, 'lifting_channels': 256, 'n_modes': (32, 32), 'n_samples': 3}
INFO:root:After creating the dataloaders: mem (CPU python)=15344.234375MB; mem (CPU total)=15092.5859375MB
INFO:root:NumberParameters: 284835
INFO:root:GPU memory allocated: 446693376
INFO:root:After setting up the model: mem (CPU python)=15344.234375MB; mem (CPU total)=15115.81640625MB
INFO:root:Training starts now.
INFO:root:At the start of the epoch: mem (CPU python)=15344.234375MB; mem (CPU total)=15115.81640625MB
INFO:root:[    1] Training loss: 0.82931069, Validation loss: 0.73786300, Gradient norm: 0.54166768
INFO:root:At the start of the epoch: mem (CPU python)=15344.234375MB; mem (CPU total)=15137.3828125MB
INFO:root:[    2] Training loss: 0.73266983, Validation loss: 0.73020886, Gradient norm: 0.28169153
INFO:root:At the start of the epoch: mem (CPU python)=15344.234375MB; mem (CPU total)=15157.828125MB
INFO:root:[    3] Training loss: 0.72285917, Validation loss: 0.70819192, Gradient norm: 0.31424878
INFO:root:At the start of the epoch: mem (CPU python)=15344.234375MB; mem (CPU total)=15178.98828125MB
INFO:root:[    4] Training loss: 0.68271145, Validation loss: 0.65014897, Gradient norm: 0.41265905
INFO:root:At the start of the epoch: mem (CPU python)=15356.7421875MB; mem (CPU total)=15200.1484375MB
INFO:root:[    5] Training loss: 0.63449367, Validation loss: 0.60399022, Gradient norm: 0.43785828
INFO:root:At the start of the epoch: mem (CPU python)=15377.90625MB; mem (CPU total)=15221.3125MB
INFO:root:[    6] Training loss: 0.58708953, Validation loss: 0.56490117, Gradient norm: 0.47570250
INFO:root:At the start of the epoch: mem (CPU python)=15399.0703125MB; mem (CPU total)=15242.5078125MB
INFO:root:[    7] Training loss: 0.54983720, Validation loss: 0.53413141, Gradient norm: 0.51742742
INFO:root:At the start of the epoch: mem (CPU python)=15420.23046875MB; mem (CPU total)=15263.671875MB
INFO:root:[    8] Training loss: 0.52754081, Validation loss: 0.51319768, Gradient norm: 0.49941879
INFO:root:At the start of the epoch: mem (CPU python)=15441.39453125MB; mem (CPU total)=15285.08203125MB
INFO:root:[    9] Training loss: 0.50719979, Validation loss: 0.49075298, Gradient norm: 0.58362008
INFO:root:At the start of the epoch: mem (CPU python)=15462.55859375MB; mem (CPU total)=15306.23046875MB
INFO:root:[   10] Training loss: 0.48820524, Validation loss: 0.47736409, Gradient norm: 0.57297202
INFO:root:At the start of the epoch: mem (CPU python)=15483.72265625MB; mem (CPU total)=15327.1953125MB
INFO:root:[   11] Training loss: 0.47331336, Validation loss: 0.45956101, Gradient norm: 0.57120697
INFO:root:At the start of the epoch: mem (CPU python)=15504.88671875MB; mem (CPU total)=15348.34765625MB
INFO:root:[   12] Training loss: 0.46094616, Validation loss: 0.44748877, Gradient norm: 0.58411145
INFO:root:At the start of the epoch: mem (CPU python)=15526.0546875MB; mem (CPU total)=15369.51171875MB
INFO:root:[   13] Training loss: 0.44742205, Validation loss: 0.43862972, Gradient norm: 0.59646386
INFO:root:At the start of the epoch: mem (CPU python)=15547.21875MB; mem (CPU total)=15390.67578125MB
INFO:root:[   14] Training loss: 0.43758239, Validation loss: 0.42474540, Gradient norm: 0.63906540
INFO:root:At the start of the epoch: mem (CPU python)=15568.3828125MB; mem (CPU total)=15411.83984375MB
INFO:root:[   15] Training loss: 0.42347028, Validation loss: 0.41652644, Gradient norm: 0.60870536
INFO:root:At the start of the epoch: mem (CPU python)=15589.546875MB; mem (CPU total)=15433.2421875MB
INFO:root:[   16] Training loss: 0.41478069, Validation loss: 0.40912187, Gradient norm: 0.61966085
INFO:root:At the start of the epoch: mem (CPU python)=15610.71484375MB; mem (CPU total)=15454.40625MB
INFO:root:[   17] Training loss: 0.40803684, Validation loss: 0.39933144, Gradient norm: 0.62954281
INFO:root:At the start of the epoch: mem (CPU python)=15631.87890625MB; mem (CPU total)=15475.5703125MB
INFO:root:[   18] Training loss: 0.40251708, Validation loss: 0.39554673, Gradient norm: 0.64894374
INFO:root:At the start of the epoch: mem (CPU python)=15653.04296875MB; mem (CPU total)=15496.98046875MB
INFO:root:[   19] Training loss: 0.39664486, Validation loss: 0.39192522, Gradient norm: 0.61317441
INFO:root:At the start of the epoch: mem (CPU python)=15674.20703125MB; mem (CPU total)=15518.17578125MB
INFO:root:[   20] Training loss: 0.39161710, Validation loss: 0.38879386, Gradient norm: 0.60334525
INFO:root:At the start of the epoch: mem (CPU python)=15695.37109375MB; mem (CPU total)=15539.33984375MB
INFO:root:[   21] Training loss: 0.38842702, Validation loss: 0.38180931, Gradient norm: 0.62205183
INFO:root:At the start of the epoch: mem (CPU python)=15716.53515625MB; mem (CPU total)=15560.74609375MB
INFO:root:[   22] Training loss: 0.38460860, Validation loss: 0.37998957, Gradient norm: 0.61463634
INFO:root:At the start of the epoch: mem (CPU python)=15737.703125MB; mem (CPU total)=15581.90625MB
INFO:root:[   23] Training loss: 0.38212598, Validation loss: 0.37629596, Gradient norm: 0.62136340
INFO:root:At the start of the epoch: mem (CPU python)=15758.8671875MB; mem (CPU total)=15603.0390625MB
INFO:root:[   24] Training loss: 0.37904828, Validation loss: 0.37347514, Gradient norm: 0.59947032
INFO:root:At the start of the epoch: mem (CPU python)=15780.02734375MB; mem (CPU total)=15624.203125MB
INFO:root:[   25] Training loss: 0.37643767, Validation loss: 0.37610863, Gradient norm: 0.59611260
INFO:root:At the start of the epoch: mem (CPU python)=15801.19140625MB; mem (CPU total)=15644.80859375MB
INFO:root:[   26] Training loss: 0.37368943, Validation loss: 0.37087082, Gradient norm: 0.57263605
INFO:root:At the start of the epoch: mem (CPU python)=15822.35546875MB; mem (CPU total)=15665.94140625MB
INFO:root:[   27] Training loss: 0.37280805, Validation loss: 0.36760537, Gradient norm: 0.60163055
INFO:root:At the start of the epoch: mem (CPU python)=15843.51953125MB; mem (CPU total)=15686.84765625MB
INFO:root:[   28] Training loss: 0.37102618, Validation loss: 0.36944091, Gradient norm: 0.62276902
INFO:root:At the start of the epoch: mem (CPU python)=15864.68359375MB; mem (CPU total)=15708.04296875MB
INFO:root:[   29] Training loss: 0.36816307, Validation loss: 0.36349364, Gradient norm: 0.58995949
INFO:root:At the start of the epoch: mem (CPU python)=15885.84765625MB; mem (CPU total)=15728.890625MB
INFO:root:[   30] Training loss: 0.36619337, Validation loss: 0.36439407, Gradient norm: 0.60209140
INFO:root:At the start of the epoch: mem (CPU python)=15907.01171875MB; mem (CPU total)=15750.29296875MB
INFO:root:[   31] Training loss: 0.36539051, Validation loss: 0.36168535, Gradient norm: 0.62835484
INFO:root:At the start of the epoch: mem (CPU python)=15928.17578125MB; mem (CPU total)=15771.45703125MB
INFO:root:[   32] Training loss: 0.36253672, Validation loss: 0.36052706, Gradient norm: 0.57905298
INFO:root:At the start of the epoch: mem (CPU python)=15949.34375MB; mem (CPU total)=15792.62109375MB
INFO:root:[   33] Training loss: 0.36224765, Validation loss: 0.36714991, Gradient norm: 0.58602929
INFO:root:At the start of the epoch: mem (CPU python)=15970.5078125MB; mem (CPU total)=15813.78515625MB
INFO:root:[   34] Training loss: 0.36048735, Validation loss: 0.36277136, Gradient norm: 0.55577337
INFO:root:At the start of the epoch: mem (CPU python)=15991.671875MB; mem (CPU total)=15834.94921875MB
INFO:root:[   35] Training loss: 0.35861433, Validation loss: 0.36379603, Gradient norm: 0.56374915
INFO:root:At the start of the epoch: mem (CPU python)=16012.8359375MB; mem (CPU total)=15856.359375MB
INFO:root:[   36] Training loss: 0.35795764, Validation loss: 0.35515367, Gradient norm: 0.58426761
INFO:root:At the start of the epoch: mem (CPU python)=16033.99609375MB; mem (CPU total)=15877.5234375MB
INFO:root:[   37] Training loss: 0.35636810, Validation loss: 0.35446488, Gradient norm: 0.58555569
INFO:root:At the start of the epoch: mem (CPU python)=16055.16015625MB; mem (CPU total)=15898.4375MB
INFO:root:[   38] Training loss: 0.35541034, Validation loss: 0.35506485, Gradient norm: 0.58007429
INFO:root:At the start of the epoch: mem (CPU python)=16076.86328125MB; mem (CPU total)=15920.5859375MB
INFO:root:[   39] Training loss: 0.35446614, Validation loss: 0.35096681, Gradient norm: 0.56755582
INFO:root:At the start of the epoch: mem (CPU python)=16098.6171875MB; mem (CPU total)=15942.03515625MB
INFO:root:[   40] Training loss: 0.35325891, Validation loss: 0.35380904, Gradient norm: 0.54140951
INFO:root:At the start of the epoch: mem (CPU python)=16119.77734375MB; mem (CPU total)=15963.1875MB
INFO:root:[   41] Training loss: 0.35211518, Validation loss: 0.35076468, Gradient norm: 0.54687713
INFO:root:At the start of the epoch: mem (CPU python)=16140.94140625MB; mem (CPU total)=15984.3515625MB
INFO:root:[   42] Training loss: 0.35078752, Validation loss: 0.35110966, Gradient norm: 0.57174721
INFO:root:At the start of the epoch: mem (CPU python)=16162.10546875MB; mem (CPU total)=16005.51171875MB
INFO:root:[   43] Training loss: 0.35012836, Validation loss: 0.34802670, Gradient norm: 0.55779261
INFO:root:At the start of the epoch: mem (CPU python)=16183.2734375MB; mem (CPU total)=16026.921875MB
INFO:root:[   44] Training loss: 0.34953859, Validation loss: 0.35048553, Gradient norm: 0.53969288
INFO:root:At the start of the epoch: mem (CPU python)=16204.43359375MB; mem (CPU total)=16048.078125MB
INFO:root:[   45] Training loss: 0.34825778, Validation loss: 0.34680225, Gradient norm: 0.55853783
INFO:root:At the start of the epoch: mem (CPU python)=16225.59765625MB; mem (CPU total)=16069.2421875MB
INFO:root:[   46] Training loss: 0.34863719, Validation loss: 0.34730528, Gradient norm: 0.58124534
INFO:root:At the start of the epoch: mem (CPU python)=16246.76171875MB; mem (CPU total)=16090.65234375MB
INFO:root:[   47] Training loss: 0.34647751, Validation loss: 0.34424143, Gradient norm: 0.55392591
INFO:root:At the start of the epoch: mem (CPU python)=16267.92578125MB; mem (CPU total)=16111.81640625MB
INFO:root:[   48] Training loss: 0.34605503, Validation loss: 0.34372500, Gradient norm: 0.52704271
INFO:root:At the start of the epoch: mem (CPU python)=16289.09375MB; mem (CPU total)=16133.08984375MB
INFO:root:[   49] Training loss: 0.34435844, Validation loss: 0.34466150, Gradient norm: 0.55284950
INFO:root:At the start of the epoch: mem (CPU python)=16310.25390625MB; mem (CPU total)=16154.25390625MB
INFO:root:[   50] Training loss: 0.34471857, Validation loss: 0.34485192, Gradient norm: 0.55575594
INFO:root:At the start of the epoch: mem (CPU python)=16331.421875MB; mem (CPU total)=16175.41796875MB
INFO:root:[   51] Training loss: 0.34307057, Validation loss: 0.34480395, Gradient norm: 0.56805951
INFO:root:At the start of the epoch: mem (CPU python)=16352.5859375MB; mem (CPU total)=16196.3359375MB
INFO:root:[   52] Training loss: 0.34210589, Validation loss: 0.34094258, Gradient norm: 0.53429069
INFO:root:At the start of the epoch: mem (CPU python)=16373.75MB; mem (CPU total)=16217.5MB
INFO:root:[   53] Training loss: 0.34189798, Validation loss: 0.34085018, Gradient norm: 0.57038078
INFO:root:At the start of the epoch: mem (CPU python)=16394.9140625MB; mem (CPU total)=16238.91015625MB
INFO:root:[   54] Training loss: 0.34072538, Validation loss: 0.34024386, Gradient norm: 0.55065555
INFO:root:At the start of the epoch: mem (CPU python)=16416.08203125MB; mem (CPU total)=16260.11328125MB
INFO:root:[   55] Training loss: 0.34140248, Validation loss: 0.34204404, Gradient norm: 0.58882047
INFO:root:At the start of the epoch: mem (CPU python)=16437.2421875MB; mem (CPU total)=16280.77734375MB
INFO:root:[   56] Training loss: 0.33883578, Validation loss: 0.33967468, Gradient norm: 0.54772368
INFO:root:At the start of the epoch: mem (CPU python)=16458.40625MB; mem (CPU total)=16301.93359375MB
INFO:root:[   57] Training loss: 0.33903362, Validation loss: 0.33819607, Gradient norm: 0.58784834
INFO:root:At the start of the epoch: mem (CPU python)=16479.5703125MB; mem (CPU total)=16323.3125MB
INFO:root:[   58] Training loss: 0.33709897, Validation loss: 0.33620326, Gradient norm: 0.54901496
INFO:root:At the start of the epoch: mem (CPU python)=16500.7265625MB; mem (CPU total)=16344.4765625MB
INFO:root:[   59] Training loss: 0.33600822, Validation loss: 0.33927078, Gradient norm: 0.56076460
INFO:root:At the start of the epoch: mem (CPU python)=16522.43359375MB; mem (CPU total)=16368.1640625MB
INFO:root:[   60] Training loss: 0.33464676, Validation loss: 0.33152833, Gradient norm: 0.55242119
INFO:root:At the start of the epoch: mem (CPU python)=16544.19140625MB; mem (CPU total)=16389.34375MB
INFO:root:[   61] Training loss: 0.33333672, Validation loss: 0.33284262, Gradient norm: 0.54895648
INFO:root:At the start of the epoch: mem (CPU python)=16565.3515625MB; mem (CPU total)=16410.76953125MB
INFO:root:[   62] Training loss: 0.33276995, Validation loss: 0.33233372, Gradient norm: 0.57597089
INFO:root:At the start of the epoch: mem (CPU python)=16586.51953125MB; mem (CPU total)=16431.9453125MB
INFO:root:[   63] Training loss: 0.33057034, Validation loss: 0.32925216, Gradient norm: 0.57394125
INFO:root:At the start of the epoch: mem (CPU python)=16607.68359375MB; mem (CPU total)=16453.6484375MB
INFO:root:[   64] Training loss: 0.32908162, Validation loss: 0.33504448, Gradient norm: 0.58383677
INFO:root:At the start of the epoch: mem (CPU python)=16628.84375MB; mem (CPU total)=16475.07421875MB
INFO:root:[   65] Training loss: 0.32709130, Validation loss: 0.32900781, Gradient norm: 0.56233222
INFO:root:At the start of the epoch: mem (CPU python)=16650.51171875MB; mem (CPU total)=16497.48046875MB
INFO:root:[   66] Training loss: 0.32564187, Validation loss: 0.32583654, Gradient norm: 0.57409459
INFO:root:At the start of the epoch: mem (CPU python)=16672.30078125MB; mem (CPU total)=16518.2578125MB
INFO:root:[   67] Training loss: 0.32493635, Validation loss: 0.32381992, Gradient norm: 0.62617328
INFO:root:At the start of the epoch: mem (CPU python)=16693.46484375MB; mem (CPU total)=16539.421875MB
INFO:root:[   68] Training loss: 0.32247277, Validation loss: 0.32162193, Gradient norm: 0.59259078
INFO:root:At the start of the epoch: mem (CPU python)=16714.62890625MB; mem (CPU total)=16560.36328125MB
INFO:root:[   69] Training loss: 0.32005413, Validation loss: 0.31956924, Gradient norm: 0.58020341
INFO:root:At the start of the epoch: mem (CPU python)=16735.79296875MB; mem (CPU total)=16581.26953125MB
INFO:root:[   70] Training loss: 0.31920880, Validation loss: 0.32102297, Gradient norm: 0.60178313
INFO:root:At the start of the epoch: mem (CPU python)=16756.95703125MB; mem (CPU total)=16602.40234375MB
INFO:root:[   71] Training loss: 0.31771909, Validation loss: 0.31832287, Gradient norm: 0.60706084
INFO:root:At the start of the epoch: mem (CPU python)=16778.125MB; mem (CPU total)=16623.8125MB
INFO:root:[   72] Training loss: 0.31607262, Validation loss: 0.31820728, Gradient norm: 0.58024585
INFO:root:At the start of the epoch: mem (CPU python)=16799.2890625MB; mem (CPU total)=16644.73046875MB
INFO:root:[   73] Training loss: 0.31527213, Validation loss: 0.31948880, Gradient norm: 0.61661547
INFO:root:At the start of the epoch: mem (CPU python)=16820.4453125MB; mem (CPU total)=16665.88671875MB
INFO:root:[   74] Training loss: 0.31406282, Validation loss: 0.31423153, Gradient norm: 0.62966253
INFO:root:At the start of the epoch: mem (CPU python)=16841.61328125MB; mem (CPU total)=16687.05078125MB
INFO:root:[   75] Training loss: 0.31173496, Validation loss: 0.31172849, Gradient norm: 0.60392867
INFO:root:At the start of the epoch: mem (CPU python)=16862.7734375MB; mem (CPU total)=16708.4609375MB
INFO:root:[   76] Training loss: 0.31245991, Validation loss: 0.31304934, Gradient norm: 0.60849159
INFO:root:At the start of the epoch: mem (CPU python)=16883.9375MB; mem (CPU total)=16729.625MB
INFO:root:[   77] Training loss: 0.31047442, Validation loss: 0.31196749, Gradient norm: 0.65173555
INFO:root:At the start of the epoch: mem (CPU python)=16905.10546875MB; mem (CPU total)=16750.7890625MB
INFO:root:[   78] Training loss: 0.30871869, Validation loss: 0.31211596, Gradient norm: 0.58669172
INFO:root:At the start of the epoch: mem (CPU python)=16926.26953125MB; mem (CPU total)=16771.953125MB
INFO:root:[   79] Training loss: 0.30907286, Validation loss: 0.31087918, Gradient norm: 0.61875501
INFO:root:At the start of the epoch: mem (CPU python)=16947.43359375MB; mem (CPU total)=16793.07421875MB
INFO:root:[   80] Training loss: 0.30808728, Validation loss: 0.30993842, Gradient norm: 0.62976896
INFO:root:At the start of the epoch: mem (CPU python)=16968.65234375MB; mem (CPU total)=16815.0078125MB
INFO:root:[   81] Training loss: 0.30716498, Validation loss: 0.30955507, Gradient norm: 0.64202600
INFO:root:At the start of the epoch: mem (CPU python)=16991.6796875MB; mem (CPU total)=16838.6328125MB
INFO:root:[   82] Training loss: 0.30613389, Validation loss: 0.30772938, Gradient norm: 0.61656486
INFO:root:At the start of the epoch: mem (CPU python)=17013.2265625MB; mem (CPU total)=16859.578125MB
INFO:root:[   83] Training loss: 0.30528292, Validation loss: 0.30747264, Gradient norm: 0.61409963
INFO:root:At the start of the epoch: mem (CPU python)=17034.71484375MB; mem (CPU total)=16880.48828125MB
INFO:root:[   84] Training loss: 0.30444982, Validation loss: 0.30794544, Gradient norm: 0.61526531
INFO:root:At the start of the epoch: mem (CPU python)=17055.87890625MB; mem (CPU total)=16901.8984375MB
INFO:root:[   85] Training loss: 0.30393414, Validation loss: 0.31302097, Gradient norm: 0.64056318
INFO:root:At the start of the epoch: mem (CPU python)=17077.04296875MB; mem (CPU total)=16923.0625MB
INFO:root:[   86] Training loss: 0.30342014, Validation loss: 0.30789665, Gradient norm: 0.60538587
INFO:root:At the start of the epoch: mem (CPU python)=17098.20703125MB; mem (CPU total)=16944.2265625MB
INFO:root:[   87] Training loss: 0.30179377, Validation loss: 0.30698087, Gradient norm: 0.63395944
INFO:root:At the start of the epoch: mem (CPU python)=17119.375MB; mem (CPU total)=16965.3515625MB
INFO:root:[   88] Training loss: 0.30122690, Validation loss: 0.30525809, Gradient norm: 0.61874822
INFO:root:At the start of the epoch: mem (CPU python)=17140.5390625MB; mem (CPU total)=16986.76171875MB
INFO:root:[   89] Training loss: 0.30154022, Validation loss: 0.30426592, Gradient norm: 0.61811232
INFO:root:At the start of the epoch: mem (CPU python)=17161.703125MB; mem (CPU total)=17007.92578125MB
INFO:root:[   90] Training loss: 0.30032068, Validation loss: 0.30566385, Gradient norm: 0.61024056
INFO:root:At the start of the epoch: mem (CPU python)=17182.86328125MB; mem (CPU total)=17029.08984375MB
INFO:root:[   91] Training loss: 0.29883017, Validation loss: 0.30706318, Gradient norm: 0.64111765
INFO:root:At the start of the epoch: mem (CPU python)=17204.02734375MB; mem (CPU total)=17050.25390625MB
INFO:root:[   92] Training loss: 0.29889189, Validation loss: 0.30469963, Gradient norm: 0.63999323
INFO:root:At the start of the epoch: mem (CPU python)=17225.19140625MB; mem (CPU total)=17071.41796875MB
INFO:root:[   93] Training loss: 0.29833645, Validation loss: 0.30198267, Gradient norm: 0.62183092
INFO:root:At the start of the epoch: mem (CPU python)=17246.35546875MB; mem (CPU total)=17092.58203125MB
INFO:root:[   94] Training loss: 0.29873794, Validation loss: 0.30854240, Gradient norm: 0.65736812
INFO:root:At the start of the epoch: mem (CPU python)=17267.51953125MB; mem (CPU total)=17113.9921875MB
INFO:root:[   95] Training loss: 0.29625628, Validation loss: 0.30168491, Gradient norm: 0.61853136
INFO:root:At the start of the epoch: mem (CPU python)=17288.68359375MB; mem (CPU total)=17135.15625MB
INFO:root:[   96] Training loss: 0.29548777, Validation loss: 0.30254960, Gradient norm: 0.64579955
INFO:root:At the start of the epoch: mem (CPU python)=17309.84765625MB; mem (CPU total)=17156.15234375MB
INFO:root:[   97] Training loss: 0.29532391, Validation loss: 0.29987317, Gradient norm: 0.60756355
INFO:root:At the start of the epoch: mem (CPU python)=17331.01171875MB; mem (CPU total)=17177.5390625MB
INFO:root:[   98] Training loss: 0.29436294, Validation loss: 0.29797532, Gradient norm: 0.62909918
INFO:root:At the start of the epoch: mem (CPU python)=17352.1796875MB; mem (CPU total)=17198.69921875MB
INFO:root:[   99] Training loss: 0.29380708, Validation loss: 0.29940957, Gradient norm: 0.64576191
INFO:root:At the start of the epoch: mem (CPU python)=17373.33984375MB; mem (CPU total)=17219.86328125MB
INFO:root:[  100] Training loss: 0.29230696, Validation loss: 0.29720908, Gradient norm: 0.62157402
INFO:root:At the start of the epoch: mem (CPU python)=17394.5078125MB; mem (CPU total)=17240.99609375MB
INFO:root:[  101] Training loss: 0.29125623, Validation loss: 0.30203035, Gradient norm: 0.64679371
INFO:root:At the start of the epoch: mem (CPU python)=17415.671875MB; mem (CPU total)=17262.3984375MB
INFO:root:[  102] Training loss: 0.29064997, Validation loss: 0.30141730, Gradient norm: 0.67303655
INFO:root:At the start of the epoch: mem (CPU python)=17436.83203125MB; mem (CPU total)=17283.55859375MB
INFO:root:[  103] Training loss: 0.29054429, Validation loss: 0.29932680, Gradient norm: 0.63275970
INFO:root:At the start of the epoch: mem (CPU python)=17457.99609375MB; mem (CPU total)=17304.72265625MB
INFO:root:[  104] Training loss: 0.28863209, Validation loss: 0.29572446, Gradient norm: 0.65409690
INFO:root:At the start of the epoch: mem (CPU python)=17479.1640625MB; mem (CPU total)=17325.91796875MB
INFO:root:[  105] Training loss: 0.28793759, Validation loss: 0.29503999, Gradient norm: 0.65376644
INFO:root:At the start of the epoch: mem (CPU python)=17500.328125MB; mem (CPU total)=17347.08203125MB
INFO:root:[  106] Training loss: 0.28723230, Validation loss: 0.30008342, Gradient norm: 0.69394873
INFO:root:At the start of the epoch: mem (CPU python)=17521.4921875MB; mem (CPU total)=17368.76953125MB
INFO:root:[  107] Training loss: 0.28766095, Validation loss: 0.29747516, Gradient norm: 0.64763582
INFO:root:At the start of the epoch: mem (CPU python)=17542.65625MB; mem (CPU total)=17389.625MB
INFO:root:[  108] Training loss: 0.28707753, Validation loss: 0.29495942, Gradient norm: 0.67599033
INFO:root:At the start of the epoch: mem (CPU python)=17563.82421875MB; mem (CPU total)=17410.7890625MB
INFO:root:[  109] Training loss: 0.28522936, Validation loss: 0.29282094, Gradient norm: 0.65058966
INFO:root:At the start of the epoch: mem (CPU python)=17584.98828125MB; mem (CPU total)=17431.953125MB
INFO:root:[  110] Training loss: 0.28533272, Validation loss: 0.29228588, Gradient norm: 0.65145895
INFO:root:At the start of the epoch: mem (CPU python)=17606.15234375MB; mem (CPU total)=17452.94921875MB
INFO:root:[  111] Training loss: 0.28447147, Validation loss: 0.29217797, Gradient norm: 0.67560844
INFO:root:At the start of the epoch: mem (CPU python)=17627.3125MB; mem (CPU total)=17474.3515625MB
INFO:root:[  112] Training loss: 0.28278441, Validation loss: 0.29602328, Gradient norm: 0.64707886
INFO:root:At the start of the epoch: mem (CPU python)=17648.4765625MB; mem (CPU total)=17495.26953125MB
INFO:root:[  113] Training loss: 0.28257386, Validation loss: 0.29121201, Gradient norm: 0.67874167
INFO:root:At the start of the epoch: mem (CPU python)=17669.640625MB; mem (CPU total)=17516.71875MB
INFO:root:[  114] Training loss: 0.28300027, Validation loss: 0.29387694, Gradient norm: 0.67654109
INFO:root:At the start of the epoch: mem (CPU python)=17690.8046875MB; mem (CPU total)=17537.62890625MB
INFO:root:[  115] Training loss: 0.28283145, Validation loss: 0.29339453, Gradient norm: 0.66112255
INFO:root:At the start of the epoch: mem (CPU python)=17711.96875MB; mem (CPU total)=17559.03125MB
INFO:root:[  116] Training loss: 0.28146924, Validation loss: 0.29235617, Gradient norm: 0.67082746
INFO:root:At the start of the epoch: mem (CPU python)=17733.13671875MB; mem (CPU total)=17580.1953125MB
INFO:root:[  117] Training loss: 0.28340007, Validation loss: 0.29394056, Gradient norm: 0.69854706
INFO:root:At the start of the epoch: mem (CPU python)=17754.30078125MB; mem (CPU total)=17601.359375MB
INFO:root:[  118] Training loss: 0.28002599, Validation loss: 0.29368152, Gradient norm: 0.65725968
INFO:root:At the start of the epoch: mem (CPU python)=17775.46484375MB; mem (CPU total)=17622.5234375MB
INFO:root:[  119] Training loss: 0.27937177, Validation loss: 0.29051349, Gradient norm: 0.67199860
INFO:root:At the start of the epoch: mem (CPU python)=17796.62890625MB; mem (CPU total)=17643.6875MB
INFO:root:[  120] Training loss: 0.27832507, Validation loss: 0.29479466, Gradient norm: 0.66515226
INFO:root:At the start of the epoch: mem (CPU python)=17817.7890625MB; mem (CPU total)=17664.8203125MB
INFO:root:[  121] Training loss: 0.27897814, Validation loss: 0.29160799, Gradient norm: 0.64562656
INFO:root:At the start of the epoch: mem (CPU python)=17838.953125MB; mem (CPU total)=17685.984375MB
INFO:root:[  122] Training loss: 0.27899101, Validation loss: 0.29176168, Gradient norm: 0.70951394
INFO:root:At the start of the epoch: mem (CPU python)=17860.12109375MB; mem (CPU total)=17707.1484375MB
INFO:root:[  123] Training loss: 0.27666906, Validation loss: 0.29165574, Gradient norm: 0.65429942
INFO:root:At the start of the epoch: mem (CPU python)=17881.28515625MB; mem (CPU total)=17728.30859375MB
INFO:root:[  124] Training loss: 0.27966236, Validation loss: 0.29364281, Gradient norm: 0.68565505
INFO:root:At the start of the epoch: mem (CPU python)=17902.4453125MB; mem (CPU total)=17750.80859375MB
INFO:root:[  125] Training loss: 0.27608350, Validation loss: 0.28867261, Gradient norm: 0.64942316
INFO:root:At the start of the epoch: mem (CPU python)=17923.61328125MB; mem (CPU total)=17771.98828125MB
INFO:root:[  126] Training loss: 0.27772340, Validation loss: 0.29161738, Gradient norm: 0.72830237
INFO:root:At the start of the epoch: mem (CPU python)=17944.7734375MB; mem (CPU total)=17793.1640625MB
INFO:root:[  127] Training loss: 0.27600085, Validation loss: 0.29874063, Gradient norm: 0.68943814
INFO:root:At the start of the epoch: mem (CPU python)=17965.9375MB; mem (CPU total)=17814.3359375MB
INFO:root:[  128] Training loss: 0.27488790, Validation loss: 0.28934003, Gradient norm: 0.68134958
INFO:root:At the start of the epoch: mem (CPU python)=17987.10546875MB; mem (CPU total)=17835.203125MB
INFO:root:[  129] Training loss: 0.27484562, Validation loss: 0.29170991, Gradient norm: 0.69089263
INFO:root:At the start of the epoch: mem (CPU python)=18008.26953125MB; mem (CPU total)=17856.77734375MB
INFO:root:[  130] Training loss: 0.27366920, Validation loss: 0.28921064, Gradient norm: 0.69935813
INFO:root:At the start of the epoch: mem (CPU python)=18029.4296875MB; mem (CPU total)=17877.8125MB
INFO:root:[  131] Training loss: 0.27270299, Validation loss: 0.29062692, Gradient norm: 0.68947338
INFO:root:At the start of the epoch: mem (CPU python)=18050.59375MB; mem (CPU total)=17898.9921875MB
INFO:root:Learning rate reduced to: 0.0025
INFO:root:[  132] Training loss: 0.27449446, Validation loss: 0.30686973, Gradient norm: 0.70242618
INFO:root:At the start of the epoch: mem (CPU python)=18071.7578125MB; mem (CPU total)=17920.75MB
INFO:root:Learning rate reduced to: 0.00125
INFO:root:[  133] Training loss: 0.26503295, Validation loss: 0.28193896, Gradient norm: 0.36460465
INFO:root:At the start of the epoch: mem (CPU python)=18092.92578125MB; mem (CPU total)=17941.5703125MB
INFO:root:[  134] Training loss: 0.26012069, Validation loss: 0.28071734, Gradient norm: 0.23311266
INFO:root:At the start of the epoch: mem (CPU python)=18114.08984375MB; mem (CPU total)=17962.78125MB
INFO:root:[  135] Training loss: 0.25910090, Validation loss: 0.28083592, Gradient norm: 0.23474232
INFO:root:At the start of the epoch: mem (CPU python)=18135.25390625MB; mem (CPU total)=17983.71484375MB
INFO:root:[  136] Training loss: 0.25898782, Validation loss: 0.27892716, Gradient norm: 0.26044571
INFO:root:At the start of the epoch: mem (CPU python)=18156.41796875MB; mem (CPU total)=18005.17578125MB
INFO:root:[  137] Training loss: 0.25882197, Validation loss: 0.27911181, Gradient norm: 0.26764977
INFO:root:At the start of the epoch: mem (CPU python)=18177.58203125MB; mem (CPU total)=18026.39453125MB
INFO:root:[  138] Training loss: 0.25928309, Validation loss: 0.28047576, Gradient norm: 0.26083240
INFO:root:At the start of the epoch: mem (CPU python)=18198.74609375MB; mem (CPU total)=18047.44140625MB
INFO:root:[  139] Training loss: 0.25858388, Validation loss: 0.27980054, Gradient norm: 0.31848682
INFO:root:At the start of the epoch: mem (CPU python)=18219.91015625MB; mem (CPU total)=18068.625MB
INFO:root:[  140] Training loss: 0.25802562, Validation loss: 0.27947137, Gradient norm: 0.31251202
INFO:root:At the start of the epoch: mem (CPU python)=18241.07421875MB; mem (CPU total)=18089.8046875MB
INFO:root:[  141] Training loss: 0.25773169, Validation loss: 0.27987436, Gradient norm: 0.30858047
INFO:root:At the start of the epoch: mem (CPU python)=18262.234375MB; mem (CPU total)=18110.76953125MB
INFO:root:[  142] Training loss: 0.25814013, Validation loss: 0.27949479, Gradient norm: 0.31475903
INFO:root:At the start of the epoch: mem (CPU python)=18283.3984375MB; mem (CPU total)=18131.921875MB
INFO:root:Learning rate reduced to: 0.000625
INFO:root:[  143] Training loss: 0.25751362, Validation loss: 0.27801633, Gradient norm: 0.33327414
INFO:root:At the start of the epoch: mem (CPU python)=18304.5703125MB; mem (CPU total)=18153.375MB
INFO:root:[  144] Training loss: 0.25527325, Validation loss: 0.27751256, Gradient norm: 0.23454399
INFO:root:At the start of the epoch: mem (CPU python)=18326.453125MB; mem (CPU total)=18175.32421875MB
INFO:root:[  145] Training loss: 0.25565750, Validation loss: 0.27930132, Gradient norm: 0.23071482
INFO:root:At the start of the epoch: mem (CPU python)=18348.6171875MB; mem (CPU total)=18197.48828125MB
INFO:root:[  146] Training loss: 0.25460820, Validation loss: 0.27741052, Gradient norm: 0.22906969
INFO:root:At the start of the epoch: mem (CPU python)=18370.96875MB; mem (CPU total)=18220.1484375MB
INFO:root:[  147] Training loss: 0.25527250, Validation loss: 0.27788907, Gradient norm: 0.26508683
INFO:root:At the start of the epoch: mem (CPU python)=18392.1328125MB; mem (CPU total)=18241.57421875MB
INFO:root:[  148] Training loss: 0.25503322, Validation loss: 0.27865298, Gradient norm: 0.23749518
INFO:root:At the start of the epoch: mem (CPU python)=18413.359375MB; mem (CPU total)=18262.5078125MB
INFO:root:[  149] Training loss: 0.25435433, Validation loss: 0.27920395, Gradient norm: 0.26066935
INFO:root:At the start of the epoch: mem (CPU python)=18434.61328125MB; mem (CPU total)=18283.90625MB
INFO:root:[  150] Training loss: 0.25451236, Validation loss: 0.27644292, Gradient norm: 0.25582435
INFO:root:At the start of the epoch: mem (CPU python)=18455.78125MB; mem (CPU total)=18305.0859375MB
INFO:root:[  151] Training loss: 0.25433782, Validation loss: 0.27709003, Gradient norm: 0.26520989
INFO:root:At the start of the epoch: mem (CPU python)=18476.9453125MB; mem (CPU total)=18326.046875MB
INFO:root:[  152] Training loss: 0.25479533, Validation loss: 0.27706786, Gradient norm: 0.25989293
INFO:root:At the start of the epoch: mem (CPU python)=18498.109375MB; mem (CPU total)=18347.23046875MB
INFO:root:[  153] Training loss: 0.25446437, Validation loss: 0.27828306, Gradient norm: 0.28611766
INFO:root:At the start of the epoch: mem (CPU python)=18519.2734375MB; mem (CPU total)=18368.37890625MB
INFO:root:[  154] Training loss: 0.25454321, Validation loss: 0.27747151, Gradient norm: 0.28157884
INFO:root:At the start of the epoch: mem (CPU python)=18540.4375MB; mem (CPU total)=18389.55859375MB
INFO:root:[  155] Training loss: 0.25460815, Validation loss: 0.27749971, Gradient norm: 0.28546011
INFO:root:At the start of the epoch: mem (CPU python)=18561.60546875MB; mem (CPU total)=18411.125MB
INFO:root:[  156] Training loss: 0.25395546, Validation loss: 0.27732718, Gradient norm: 0.32489739
INFO:root:At the start of the epoch: mem (CPU python)=18582.76953125MB; mem (CPU total)=18431.9140625MB
INFO:root:Learning rate reduced to: 0.0003125
INFO:root:[  157] Training loss: 0.25384956, Validation loss: 0.27756920, Gradient norm: 0.28938683
INFO:root:At the start of the epoch: mem (CPU python)=18603.93359375MB; mem (CPU total)=18453.27734375MB
INFO:root:Learning rate reduced to: 0.00015625
INFO:root:[  158] Training loss: 0.25240494, Validation loss: 0.27792648, Gradient norm: 0.19853939
INFO:root:At the start of the epoch: mem (CPU python)=18625.08984375MB; mem (CPU total)=18474.45703125MB
INFO:root:Learning rate reduced to: 7.8125e-05
INFO:root:[  159] Training loss: 0.25161673, Validation loss: 0.27733987, Gradient norm: 0.17116515
INFO:root:At the start of the epoch: mem (CPU python)=18647.62890625MB; mem (CPU total)=18497.10546875MB
INFO:root:EP 159: Early stopping
INFO:root:Training for autoregressive step 2 starts now.
INFO:root:Learning rate reduced to: [3.90625e-05]
INFO:root:At the start of the epoch: mem (CPU python)=18668.796875MB; mem (CPU total)=18518.28515625MB
INFO:root:[  161] Training loss: 0.32945397, Validation loss: 0.34258134, Gradient norm: 0.44883891
INFO:root:At the start of the epoch: mem (CPU python)=18690.4453125MB; mem (CPU total)=18539.796875MB
INFO:root:[  162] Training loss: 0.32689115, Validation loss: 0.34118508, Gradient norm: 0.39981870
INFO:root:At the start of the epoch: mem (CPU python)=18712.20703125MB; mem (CPU total)=18561.890625MB
INFO:root:[  163] Training loss: 0.32561880, Validation loss: 0.34083582, Gradient norm: 0.33981722
INFO:root:At the start of the epoch: mem (CPU python)=18733.4609375MB; mem (CPU total)=18582.84375MB
INFO:root:[  164] Training loss: 0.32481733, Validation loss: 0.34001400, Gradient norm: 0.36750545
INFO:root:At the start of the epoch: mem (CPU python)=18754.625MB; mem (CPU total)=18603.68359375MB
INFO:root:[  165] Training loss: 0.32444466, Validation loss: 0.33971048, Gradient norm: 0.34158646
INFO:root:At the start of the epoch: mem (CPU python)=18775.7890625MB; mem (CPU total)=18624.6015625MB
INFO:root:[  166] Training loss: 0.32393835, Validation loss: 0.33912368, Gradient norm: 0.34384275
INFO:root:At the start of the epoch: mem (CPU python)=18796.95703125MB; mem (CPU total)=18646.03515625MB
INFO:root:[  167] Training loss: 0.32379487, Validation loss: 0.33969496, Gradient norm: 0.30323909
INFO:root:At the start of the epoch: mem (CPU python)=18818.12109375MB; mem (CPU total)=18667.19921875MB
INFO:root:[  168] Training loss: 0.32279075, Validation loss: 0.33813339, Gradient norm: 0.32630520
INFO:root:At the start of the epoch: mem (CPU python)=18839.28125MB; mem (CPU total)=18691.3046875MB
INFO:root:[  169] Training loss: 0.32270904, Validation loss: 0.33846360, Gradient norm: 0.32829361
INFO:root:At the start of the epoch: mem (CPU python)=18860.4453125MB; mem (CPU total)=18712.16015625MB
INFO:root:[  170] Training loss: 0.32235060, Validation loss: 0.33830500, Gradient norm: 0.33076291
INFO:root:At the start of the epoch: mem (CPU python)=18881.609375MB; mem (CPU total)=18733.3203125MB
INFO:root:[  171] Training loss: 0.32327980, Validation loss: 0.33943536, Gradient norm: 0.35096636
INFO:root:At the start of the epoch: mem (CPU python)=18902.7734375MB; mem (CPU total)=18754.4453125MB
INFO:root:[  172] Training loss: 0.32205299, Validation loss: 0.33749555, Gradient norm: 0.31454858
INFO:root:At the start of the epoch: mem (CPU python)=18923.94140625MB; mem (CPU total)=18775.62109375MB
INFO:root:[  173] Training loss: 0.32282630, Validation loss: 0.33788304, Gradient norm: 0.33286283
INFO:root:At the start of the epoch: mem (CPU python)=18945.10546875MB; mem (CPU total)=18795.5859375MB
INFO:root:[  174] Training loss: 0.32209290, Validation loss: 0.33793654, Gradient norm: 0.32588734
INFO:root:At the start of the epoch: mem (CPU python)=18966.26953125MB; mem (CPU total)=18817.2421875MB
INFO:root:[  175] Training loss: 0.32135890, Validation loss: 0.33763972, Gradient norm: 0.32016207
INFO:root:At the start of the epoch: mem (CPU python)=18987.4296875MB; mem (CPU total)=18838.3984375MB
INFO:root:[  176] Training loss: 0.32193142, Validation loss: 0.33758762, Gradient norm: 0.33233896
INFO:root:At the start of the epoch: mem (CPU python)=19008.59375MB; mem (CPU total)=18859.5625MB
INFO:root:[  177] Training loss: 0.32192873, Validation loss: 0.33702531, Gradient norm: 0.32803778
INFO:root:At the start of the epoch: mem (CPU python)=19029.7578125MB; mem (CPU total)=18880.32421875MB
INFO:root:[  178] Training loss: 0.32122104, Validation loss: 0.33677236, Gradient norm: 0.29930685
INFO:root:At the start of the epoch: mem (CPU python)=19050.921875MB; mem (CPU total)=18902.01171875MB
INFO:root:[  179] Training loss: 0.32041524, Validation loss: 0.33748330, Gradient norm: 0.29216065
INFO:root:At the start of the epoch: mem (CPU python)=19072.0859375MB; mem (CPU total)=18923.15234375MB
INFO:root:[  180] Training loss: 0.32142809, Validation loss: 0.33684283, Gradient norm: 0.32835641
INFO:root:At the start of the epoch: mem (CPU python)=19093.25MB; mem (CPU total)=18944.31640625MB
INFO:root:[  181] Training loss: 0.32160531, Validation loss: 0.33652167, Gradient norm: 0.32871945
INFO:root:At the start of the epoch: mem (CPU python)=19114.4140625MB; mem (CPU total)=18964.0234375MB
INFO:root:[  182] Training loss: 0.32115193, Validation loss: 0.33754373, Gradient norm: 0.31472003
INFO:root:At the start of the epoch: mem (CPU python)=19135.578125MB; mem (CPU total)=18985.43359375MB
INFO:root:[  183] Training loss: 0.32021858, Validation loss: 0.33592993, Gradient norm: 0.31270189
INFO:root:At the start of the epoch: mem (CPU python)=19156.74609375MB; mem (CPU total)=19006.33203125MB
INFO:root:[  184] Training loss: 0.32154864, Validation loss: 0.33703090, Gradient norm: 0.30603896
INFO:root:At the start of the epoch: mem (CPU python)=19177.91015625MB; mem (CPU total)=19029.0234375MB
INFO:root:[  185] Training loss: 0.32070024, Validation loss: 0.33650218, Gradient norm: 0.33146800
INFO:root:At the start of the epoch: mem (CPU python)=19199.07421875MB; mem (CPU total)=19050.1796875MB
INFO:root:[  186] Training loss: 0.32066439, Validation loss: 0.33655127, Gradient norm: 0.32113536
INFO:root:At the start of the epoch: mem (CPU python)=19220.23828125MB; mem (CPU total)=19071.34765625MB
INFO:root:[  187] Training loss: 0.32107447, Validation loss: 0.33609575, Gradient norm: 0.31175456
INFO:root:At the start of the epoch: mem (CPU python)=19241.40625MB; mem (CPU total)=19092.58984375MB
INFO:root:[  188] Training loss: 0.32088780, Validation loss: 0.33626551, Gradient norm: 0.32460406
INFO:root:At the start of the epoch: mem (CPU python)=19262.5703125MB; mem (CPU total)=19113.42578125MB
INFO:root:[  189] Training loss: 0.32070828, Validation loss: 0.33607700, Gradient norm: 0.31954868
INFO:root:At the start of the epoch: mem (CPU python)=19283.734375MB; mem (CPU total)=19134.8359375MB
INFO:root:[  190] Training loss: 0.32053970, Validation loss: 0.33584343, Gradient norm: 0.32429136
INFO:root:At the start of the epoch: mem (CPU python)=19304.90234375MB; mem (CPU total)=19155.5546875MB
INFO:root:[  191] Training loss: 0.32044959, Validation loss: 0.33618827, Gradient norm: 0.32325922
INFO:root:At the start of the epoch: mem (CPU python)=19326.06640625MB; mem (CPU total)=19176.71875MB
INFO:root:[  192] Training loss: 0.32043340, Validation loss: 0.33558914, Gradient norm: 0.32108810
INFO:root:At the start of the epoch: mem (CPU python)=19347.23046875MB; mem (CPU total)=19197.9140625MB
INFO:root:[  193] Training loss: 0.32023529, Validation loss: 0.33632185, Gradient norm: 0.31971990
INFO:root:At the start of the epoch: mem (CPU python)=19368.390625MB; mem (CPU total)=19219.0703125MB
INFO:root:[  194] Training loss: 0.32015627, Validation loss: 0.33609002, Gradient norm: 0.29693705
INFO:root:At the start of the epoch: mem (CPU python)=19389.5546875MB; mem (CPU total)=19239.49609375MB
INFO:root:[  195] Training loss: 0.31975673, Validation loss: 0.33572634, Gradient norm: 0.30445296
INFO:root:At the start of the epoch: mem (CPU python)=19410.72265625MB; mem (CPU total)=19261.13671875MB
INFO:root:[  196] Training loss: 0.32003232, Validation loss: 0.33532598, Gradient norm: 0.30229283
INFO:root:At the start of the epoch: mem (CPU python)=19431.8828125MB; mem (CPU total)=19281.546875MB
INFO:root:[  197] Training loss: 0.32020976, Validation loss: 0.33653502, Gradient norm: 0.32378399
INFO:root:At the start of the epoch: mem (CPU python)=19453.046875MB; mem (CPU total)=19303.203125MB
INFO:root:[  198] Training loss: 0.32064126, Validation loss: 0.33521929, Gradient norm: 0.32170918
INFO:root:At the start of the epoch: mem (CPU python)=19474.2109375MB; mem (CPU total)=19324.12109375MB
INFO:root:[  199] Training loss: 0.31948598, Validation loss: 0.33568543, Gradient norm: 0.29909020
INFO:root:At the start of the epoch: mem (CPU python)=19495.375MB; mem (CPU total)=19345.05078125MB
INFO:root:[  200] Training loss: 0.31938548, Validation loss: 0.33508210, Gradient norm: 0.31739792
INFO:root:At the start of the epoch: mem (CPU python)=19516.54296875MB; mem (CPU total)=19365.9921875MB
INFO:root:[  201] Training loss: 0.31954714, Validation loss: 0.33596253, Gradient norm: 0.30050056
INFO:root:At the start of the epoch: mem (CPU python)=19537.70703125MB; mem (CPU total)=19386.91015625MB
INFO:root:[  202] Training loss: 0.31967361, Validation loss: 0.33537412, Gradient norm: 0.30634849
INFO:root:At the start of the epoch: mem (CPU python)=19558.87109375MB; mem (CPU total)=19408.1171875MB
INFO:root:[  203] Training loss: 0.31992809, Validation loss: 0.33554830, Gradient norm: 0.31622162
INFO:root:At the start of the epoch: mem (CPU python)=19580.03515625MB; mem (CPU total)=19429.49609375MB
INFO:root:[  204] Training loss: 0.31948528, Validation loss: 0.33487573, Gradient norm: 0.29919711
INFO:root:At the start of the epoch: mem (CPU python)=19601.19921875MB; mem (CPU total)=19450.66015625MB
INFO:root:[  205] Training loss: 0.31913260, Validation loss: 0.33547332, Gradient norm: 0.29958997
INFO:root:At the start of the epoch: mem (CPU python)=19622.359375MB; mem (CPU total)=19472.05859375MB
INFO:root:[  206] Training loss: 0.31938076, Validation loss: 0.33448032, Gradient norm: 0.29689719
INFO:root:At the start of the epoch: mem (CPU python)=19643.52734375MB; mem (CPU total)=19493.22265625MB
INFO:root:[  207] Training loss: 0.31962362, Validation loss: 0.33552707, Gradient norm: 0.30732005
INFO:root:At the start of the epoch: mem (CPU python)=19664.69140625MB; mem (CPU total)=19514.0703125MB
INFO:root:[  208] Training loss: 0.31959501, Validation loss: 0.33510387, Gradient norm: 0.30251025
INFO:root:At the start of the epoch: mem (CPU python)=19685.85546875MB; mem (CPU total)=19536.765625MB
INFO:root:[  209] Training loss: 0.31897229, Validation loss: 0.33490942, Gradient norm: 0.30971184
INFO:root:At the start of the epoch: mem (CPU python)=19707.015625MB; mem (CPU total)=19557.92578125MB
INFO:root:[  210] Training loss: 0.31961925, Validation loss: 0.33426487, Gradient norm: 0.33123630
INFO:root:At the start of the epoch: mem (CPU python)=19728.18359375MB; mem (CPU total)=19579.78515625MB
INFO:root:[  211] Training loss: 0.31863967, Validation loss: 0.33464556, Gradient norm: 0.29093379
INFO:root:At the start of the epoch: mem (CPU python)=19749.34375MB; mem (CPU total)=19600.58203125MB
INFO:root:[  212] Training loss: 0.31944002, Validation loss: 0.33445609, Gradient norm: 0.31869362
INFO:root:At the start of the epoch: mem (CPU python)=19770.51171875MB; mem (CPU total)=19622.296875MB
INFO:root:[  213] Training loss: 0.31949038, Validation loss: 0.33565857, Gradient norm: 0.31871843
INFO:root:At the start of the epoch: mem (CPU python)=19791.67578125MB; mem (CPU total)=19643.2109375MB
INFO:root:[  214] Training loss: 0.31888016, Validation loss: 0.33409951, Gradient norm: 0.30910927
INFO:root:At the start of the epoch: mem (CPU python)=19812.83984375MB; mem (CPU total)=19663.90625MB
INFO:root:[  215] Training loss: 0.31948921, Validation loss: 0.33487933, Gradient norm: 0.30982630
INFO:root:At the start of the epoch: mem (CPU python)=19834.0MB; mem (CPU total)=19684.7890625MB
INFO:root:[  216] Training loss: 0.31934820, Validation loss: 0.33454607, Gradient norm: 0.32610406
INFO:root:At the start of the epoch: mem (CPU python)=19855.1640625MB; mem (CPU total)=19705.89453125MB
INFO:root:[  217] Training loss: 0.31993033, Validation loss: 0.33471589, Gradient norm: 0.30688351
INFO:root:At the start of the epoch: mem (CPU python)=19876.328125MB; mem (CPU total)=19727.04296875MB
INFO:root:[  218] Training loss: 0.31917372, Validation loss: 0.33506917, Gradient norm: 0.30287285
INFO:root:At the start of the epoch: mem (CPU python)=19897.49609375MB; mem (CPU total)=19747.70703125MB
INFO:root:[  219] Training loss: 0.31865145, Validation loss: 0.33494166, Gradient norm: 0.28689978
INFO:root:At the start of the epoch: mem (CPU python)=19918.66015625MB; mem (CPU total)=19768.59375MB
INFO:root:[  220] Training loss: 0.31915807, Validation loss: 0.33498201, Gradient norm: 0.30541043
INFO:root:At the start of the epoch: mem (CPU python)=19939.82421875MB; mem (CPU total)=19789.80859375MB
INFO:root:[  221] Training loss: 0.31920003, Validation loss: 0.33400069, Gradient norm: 0.28760078
INFO:root:At the start of the epoch: mem (CPU python)=19960.9921875MB; mem (CPU total)=19810.7265625MB
INFO:root:[  222] Training loss: 0.31841236, Validation loss: 0.33447780, Gradient norm: 0.29809306
INFO:root:At the start of the epoch: mem (CPU python)=19982.15234375MB; mem (CPU total)=19831.65625MB
INFO:root:[  223] Training loss: 0.31797944, Validation loss: 0.33451298, Gradient norm: 0.30582435
INFO:root:At the start of the epoch: mem (CPU python)=20003.31640625MB; mem (CPU total)=19853.0625MB
INFO:root:[  224] Training loss: 0.31876655, Validation loss: 0.33409208, Gradient norm: 0.29899139
INFO:root:At the start of the epoch: mem (CPU python)=20024.48046875MB; mem (CPU total)=19874.2265625MB
INFO:root:[  225] Training loss: 0.31796881, Validation loss: 0.33380531, Gradient norm: 0.30151127
INFO:root:At the start of the epoch: mem (CPU python)=20045.64453125MB; mem (CPU total)=19895.40234375MB
INFO:root:[  226] Training loss: 0.31800957, Validation loss: 0.33393233, Gradient norm: 0.30296807
INFO:root:At the start of the epoch: mem (CPU python)=20066.8046875MB; mem (CPU total)=19916.5625MB
INFO:root:[  227] Training loss: 0.31895175, Validation loss: 0.33409855, Gradient norm: 0.29766430
INFO:root:At the start of the epoch: mem (CPU python)=20087.96875MB; mem (CPU total)=19937.7265625MB
INFO:root:[  228] Training loss: 0.31832525, Validation loss: 0.33365238, Gradient norm: 0.30441485
INFO:root:At the start of the epoch: mem (CPU python)=20109.13671875MB; mem (CPU total)=19959.13671875MB
INFO:root:[  229] Training loss: 0.31894330, Validation loss: 0.33436626, Gradient norm: 0.30720781
INFO:root:At the start of the epoch: mem (CPU python)=20130.3046875MB; mem (CPU total)=19980.546875MB
INFO:root:[  230] Training loss: 0.31755277, Validation loss: 0.33376132, Gradient norm: 0.28147652
INFO:root:At the start of the epoch: mem (CPU python)=20151.46875MB; mem (CPU total)=20001.43359375MB
INFO:root:[  231] Training loss: 0.31891517, Validation loss: 0.33407859, Gradient norm: 0.30224537
INFO:root:At the start of the epoch: mem (CPU python)=20172.6328125MB; mem (CPU total)=20022.59765625MB
INFO:root:[  232] Training loss: 0.31761719, Validation loss: 0.33415571, Gradient norm: 0.30832133
INFO:root:At the start of the epoch: mem (CPU python)=20193.796875MB; mem (CPU total)=20043.9609375MB
INFO:root:[  233] Training loss: 0.31819835, Validation loss: 0.33423419, Gradient norm: 0.29744445
INFO:root:At the start of the epoch: mem (CPU python)=20214.95703125MB; mem (CPU total)=20065.33984375MB
INFO:root:[  234] Training loss: 0.31839141, Validation loss: 0.33435514, Gradient norm: 0.30573032
INFO:root:At the start of the epoch: mem (CPU python)=20236.125MB; mem (CPU total)=20086.1796875MB
INFO:root:[  235] Training loss: 0.31806337, Validation loss: 0.33376583, Gradient norm: 0.30352250
INFO:root:At the start of the epoch: mem (CPU python)=20257.2890625MB; mem (CPU total)=20107.33984375MB
INFO:root:[  236] Training loss: 0.31872481, Validation loss: 0.33393324, Gradient norm: 0.30581694
INFO:root:At the start of the epoch: mem (CPU python)=20278.453125MB; mem (CPU total)=20128.8515625MB
INFO:root:[  237] Training loss: 0.31772651, Validation loss: 0.33376070, Gradient norm: 0.30763925
INFO:root:At the start of the epoch: mem (CPU python)=20299.6171875MB; mem (CPU total)=20151.7109375MB
INFO:root:[  238] Training loss: 0.31865449, Validation loss: 0.33363916, Gradient norm: 0.29295402
INFO:root:At the start of the epoch: mem (CPU python)=20320.78125MB; mem (CPU total)=20172.31640625MB
INFO:root:[  239] Training loss: 0.31818105, Validation loss: 0.33362372, Gradient norm: 0.29246369
INFO:root:At the start of the epoch: mem (CPU python)=20341.94921875MB; mem (CPU total)=20193.3203125MB
INFO:root:[  240] Training loss: 0.31810178, Validation loss: 0.33358974, Gradient norm: 0.30362305
INFO:root:At the start of the epoch: mem (CPU python)=20363.11328125MB; mem (CPU total)=20214.50390625MB
INFO:root:[  241] Training loss: 0.31774706, Validation loss: 0.33332128, Gradient norm: 0.29901821
INFO:root:At the start of the epoch: mem (CPU python)=20384.27734375MB; mem (CPU total)=20235.41796875MB
INFO:root:[  242] Training loss: 0.31814697, Validation loss: 0.33382596, Gradient norm: 0.29833282
INFO:root:At the start of the epoch: mem (CPU python)=20405.44140625MB; mem (CPU total)=20256.60546875MB
INFO:root:[  243] Training loss: 0.31840186, Validation loss: 0.33379203, Gradient norm: 0.29679596
INFO:root:At the start of the epoch: mem (CPU python)=20426.59765625MB; mem (CPU total)=20277.83984375MB
INFO:root:[  244] Training loss: 0.31856812, Validation loss: 0.33349625, Gradient norm: 0.30625559
INFO:root:At the start of the epoch: mem (CPU python)=20447.76171875MB; mem (CPU total)=20298.99609375MB
INFO:root:[  245] Training loss: 0.31745852, Validation loss: 0.33375014, Gradient norm: 0.29247149
INFO:root:At the start of the epoch: mem (CPU python)=20468.9296875MB; mem (CPU total)=20320.18359375MB
INFO:root:[  246] Training loss: 0.31774770, Validation loss: 0.33340016, Gradient norm: 0.29765109
INFO:root:At the start of the epoch: mem (CPU python)=20490.09375MB; mem (CPU total)=20341.34375MB
INFO:root:[  247] Training loss: 0.31834920, Validation loss: 0.33384004, Gradient norm: 0.31029026
INFO:root:At the start of the epoch: mem (CPU python)=20511.2578125MB; mem (CPU total)=20361.96875MB
INFO:root:[  248] Training loss: 0.31740888, Validation loss: 0.33344930, Gradient norm: 0.28250577
INFO:root:At the start of the epoch: mem (CPU python)=20532.421875MB; mem (CPU total)=20383.1640625MB
INFO:root:[  249] Training loss: 0.31769193, Validation loss: 0.33367173, Gradient norm: 0.28374924
INFO:root:At the start of the epoch: mem (CPU python)=20553.5859375MB; mem (CPU total)=20403.80078125MB
INFO:root:[  250] Training loss: 0.31801056, Validation loss: 0.33356366, Gradient norm: 0.29638256
INFO:root:At the start of the epoch: mem (CPU python)=20574.75MB; mem (CPU total)=20424.96484375MB
INFO:root:EP 250: Early stopping
INFO:root:After finishing all epochs: mem (CPU python)=20595.91796875MB; mem (CPU total)=20445.51953125MB
INFO:root:Training the model took 13009.433s.
INFO:root:Emptying the cuda cache took 0.014s.
INFO:root:Starting evaluation: model SFNO & uncertainty quantification laplace
INFO:root:Evaluating the model on Validation data.
INFO:root:MSEValidation: 0.66786
INFO:root:EnergyScoreValidation: 0.51592
INFO:root:CRPSValidation: 0.22744
INFO:root:Gaussian NLLValidation: 0.83268
INFO:root:CoverageValidation: 0.99501
INFO:root:IntervalWidthValidation: 3.56259
INFO:root:Evaluating the model on Test data.
INFO:root:MSETest: 0.32105
INFO:root:EnergyScoreTest: 0.25368
INFO:root:CRPSTest: 0.11508
INFO:root:Gaussian NLLTest: -0.02185
INFO:root:CoverageTest: 0.97342
INFO:root:IntervalWidthTest: 1.21993
INFO:root:After validation: mem (CPU python)=20690.16015625MB; mem (CPU total)=20540.3359375MB
