INFO:root:Starting the logger.
INFO:root:Using cuda.
INFO:root:: mem (CPU python)=578.0390625MB; mem (CPU total)=4815.3984375MB
INFO:root:############### Starting experiment with config file sswe/sfno_sr_dropout_2_1.ini ###############
INFO:root:###1 out of 1 data set parameter combinations ###
INFO:root:Data parameters: {'dataset_name': 'SSWE', 'max_training_set_size': 5000, 'pred_horizon': 1, 'train_horizon': 2, 'stepwise_evaluation': False}
INFO:root:After loading the datasets: mem (CPU python)=589.5625MB; mem (CPU total)=4819.6328125MB
INFO:root:###1 out of 3 training parameter combinations ###
INFO:root:Training parameters: {'seed': 1, 'model': 'SFNO', 'uncertainty_quantification': 'scoring-rule-dropout', 'batch_size': 8, 'n_epochs': 1000, 'early_stopping': 10, 'init': 'default', 'learning_rate': 0.005, 'lr_schedule': 'step', 'optimizer': 'adam', 'gradient_clipping': 1, 'layer_normalization': True, 'data_loader_pin_memory': False, 'data_loader_num_workers': 0, 'distributed_training': False, 'alpha': 0.05, 'n_samples_uq': 100, 'weight_decay': 0, 'dropout': 0.01, 'fourier_dropout': None, 'hidden_channels': 32, 'projection_channels': 256, 'lifting_channels': 256, 'n_modes': (32, 32), 'n_samples': 3}
INFO:root:After creating the dataloaders: mem (CPU python)=591.09375MB; mem (CPU total)=4819.6328125MB
INFO:root:NumberParameters: 284835
INFO:root:GPU memory allocated: 2097152
INFO:root:After setting up the model: mem (CPU python)=2235.28125MB; mem (CPU total)=6196.04296875MB
INFO:root:Training starts now.
INFO:root:At the start of the epoch: mem (CPU python)=2244.984375MB; mem (CPU total)=6204.7421875MB
INFO:root:[    1] Training loss: 0.63288526, Validation loss: 0.55279492, Gradient norm: 2.05560359
INFO:root:At the start of the epoch: mem (CPU python)=4412.27734375MB; mem (CPU total)=7918.23046875MB
INFO:root:[    2] Training loss: 0.53614795, Validation loss: 0.52655031, Gradient norm: 0.96915761
INFO:root:At the start of the epoch: mem (CPU python)=4433.6796875MB; mem (CPU total)=7939.20703125MB
INFO:root:[    3] Training loss: 0.51316910, Validation loss: 0.49249091, Gradient norm: 0.84420027
INFO:root:At the start of the epoch: mem (CPU python)=4454.9296875MB; mem (CPU total)=7956.62109375MB
INFO:root:[    4] Training loss: 0.43961805, Validation loss: 0.39112394, Gradient norm: 1.12367450
INFO:root:At the start of the epoch: mem (CPU python)=4476.125MB; mem (CPU total)=7975.34765625MB
INFO:root:[    5] Training loss: 0.37595929, Validation loss: 0.35672437, Gradient norm: 1.37104739
INFO:root:At the start of the epoch: mem (CPU python)=4497.3125MB; mem (CPU total)=7999.26953125MB
INFO:root:[    6] Training loss: 0.34757875, Validation loss: 0.33955040, Gradient norm: 1.52530284
INFO:root:At the start of the epoch: mem (CPU python)=4518.5MB; mem (CPU total)=8009.6484375MB
INFO:root:[    7] Training loss: 0.32431961, Validation loss: 0.31178488, Gradient norm: 1.71773012
INFO:root:At the start of the epoch: mem (CPU python)=4539.69140625MB; mem (CPU total)=8044.109375MB
INFO:root:[    8] Training loss: 0.30724516, Validation loss: 0.29952952, Gradient norm: 1.87641418
INFO:root:At the start of the epoch: mem (CPU python)=4560.875MB; mem (CPU total)=8059.7265625MB
INFO:root:[    9] Training loss: 0.29906827, Validation loss: 0.29278580, Gradient norm: 1.96441501
INFO:root:At the start of the epoch: mem (CPU python)=4582.0625MB; mem (CPU total)=8083.546875MB
INFO:root:[   10] Training loss: 0.28975015, Validation loss: 0.28381212, Gradient norm: 2.07071536
INFO:root:At the start of the epoch: mem (CPU python)=4603.23828125MB; mem (CPU total)=8105.05078125MB
INFO:root:[   11] Training loss: 0.28379450, Validation loss: 0.28181454, Gradient norm: 2.25009052
INFO:root:At the start of the epoch: mem (CPU python)=4624.40625MB; mem (CPU total)=8140.16015625MB
INFO:root:[   12] Training loss: 0.27974153, Validation loss: 0.27608328, Gradient norm: 2.46798735
INFO:root:At the start of the epoch: mem (CPU python)=4645.5859375MB; mem (CPU total)=8127.828125MB
INFO:root:[   13] Training loss: 0.27322465, Validation loss: 0.26659123, Gradient norm: 2.55254852
INFO:root:At the start of the epoch: mem (CPU python)=4666.921875MB; mem (CPU total)=8175.58984375MB
INFO:root:[   14] Training loss: 0.27029501, Validation loss: 0.26597515, Gradient norm: 2.66907282
INFO:root:At the start of the epoch: mem (CPU python)=4688.3125MB; mem (CPU total)=8189.671875MB
INFO:root:[   15] Training loss: 0.26568457, Validation loss: 0.26140527, Gradient norm: 2.78739293
INFO:root:At the start of the epoch: mem (CPU python)=4709.4921875MB; mem (CPU total)=8211.359375MB
INFO:root:[   16] Training loss: 0.26121825, Validation loss: 0.25812547, Gradient norm: 2.85398340
INFO:root:At the start of the epoch: mem (CPU python)=4730.66015625MB; mem (CPU total)=8221.5859375MB
INFO:root:[   17] Training loss: 0.25646503, Validation loss: 0.25383882, Gradient norm: 2.98113081
INFO:root:At the start of the epoch: mem (CPU python)=4751.828125MB; mem (CPU total)=8253.67578125MB
INFO:root:[   18] Training loss: 0.25423891, Validation loss: 0.25666972, Gradient norm: 3.06188489
INFO:root:At the start of the epoch: mem (CPU python)=4773.0MB; mem (CPU total)=8275.4140625MB
INFO:root:[   19] Training loss: 0.25161149, Validation loss: 0.25348990, Gradient norm: 3.10037832
INFO:root:At the start of the epoch: mem (CPU python)=4794.16796875MB; mem (CPU total)=8289.609375MB
INFO:root:[   20] Training loss: 0.25024039, Validation loss: 0.24481363, Gradient norm: 3.12213808
INFO:root:At the start of the epoch: mem (CPU python)=4815.34765625MB; mem (CPU total)=8318.2890625MB
INFO:root:[   21] Training loss: 0.24719480, Validation loss: 0.23931749, Gradient norm: 3.14304627
INFO:root:At the start of the epoch: mem (CPU python)=4836.99609375MB; mem (CPU total)=8341.33984375MB
INFO:root:[   22] Training loss: 0.24682448, Validation loss: 0.24827536, Gradient norm: 3.22638944
INFO:root:At the start of the epoch: mem (CPU python)=4858.80859375MB; mem (CPU total)=8359.80859375MB
INFO:root:[   23] Training loss: 0.24464756, Validation loss: 0.23556043, Gradient norm: 3.21164996
INFO:root:At the start of the epoch: mem (CPU python)=4880.00390625MB; mem (CPU total)=8387.62890625MB
INFO:root:[   24] Training loss: 0.24414849, Validation loss: 0.29266926, Gradient norm: 3.21339401
INFO:root:At the start of the epoch: mem (CPU python)=4901.19921875MB; mem (CPU total)=8408.44921875MB
INFO:root:[   25] Training loss: 0.24248085, Validation loss: 0.24778912, Gradient norm: 3.16365048
INFO:root:At the start of the epoch: mem (CPU python)=4922.37890625MB; mem (CPU total)=8426.90625MB
INFO:root:[   26] Training loss: 0.23987241, Validation loss: 0.23445686, Gradient norm: 3.08032745
INFO:root:At the start of the epoch: mem (CPU python)=4943.5625MB; mem (CPU total)=8440.28515625MB
INFO:root:[   27] Training loss: 0.23869658, Validation loss: 0.23784370, Gradient norm: 3.15644441
INFO:root:At the start of the epoch: mem (CPU python)=4964.734375MB; mem (CPU total)=8481.2890625MB
INFO:root:[   28] Training loss: 0.23776166, Validation loss: 0.25270743, Gradient norm: 3.06985326
INFO:root:At the start of the epoch: mem (CPU python)=4985.91015625MB; mem (CPU total)=8467.94921875MB
INFO:root:[   29] Training loss: 0.23421978, Validation loss: 0.23236558, Gradient norm: 3.05144425
INFO:root:At the start of the epoch: mem (CPU python)=5007.08984375MB; mem (CPU total)=8513.97265625MB
INFO:root:[   30] Training loss: 0.23363204, Validation loss: 0.22874241, Gradient norm: 3.09706622
INFO:root:At the start of the epoch: mem (CPU python)=5028.25390625MB; mem (CPU total)=8538.96484375MB
INFO:root:[   31] Training loss: 0.23157709, Validation loss: 0.22756735, Gradient norm: 3.08985839
INFO:root:At the start of the epoch: mem (CPU python)=5049.41796875MB; mem (CPU total)=8544.8828125MB
INFO:root:[   32] Training loss: 0.23110711, Validation loss: 0.24819585, Gradient norm: 3.16160455
INFO:root:At the start of the epoch: mem (CPU python)=5070.58203125MB; mem (CPU total)=8576.35546875MB
INFO:root:[   33] Training loss: 0.23036982, Validation loss: 0.22605817, Gradient norm: 3.15152809
INFO:root:At the start of the epoch: mem (CPU python)=5091.7421875MB; mem (CPU total)=8601.69140625MB
INFO:root:[   34] Training loss: 0.22770971, Validation loss: 0.22185194, Gradient norm: 3.04629673
INFO:root:At the start of the epoch: mem (CPU python)=5112.91796875MB; mem (CPU total)=8606.23046875MB
INFO:root:[   35] Training loss: 0.22726790, Validation loss: 0.21981015, Gradient norm: 3.02831142
INFO:root:At the start of the epoch: mem (CPU python)=5134.0859375MB; mem (CPU total)=8639.8203125MB
INFO:root:[   36] Training loss: 0.22567936, Validation loss: 0.21961605, Gradient norm: 3.13373270
INFO:root:At the start of the epoch: mem (CPU python)=5156.171875MB; mem (CPU total)=8661.0859375MB
INFO:root:[   37] Training loss: 0.22589598, Validation loss: 0.22297684, Gradient norm: 3.10681613
INFO:root:At the start of the epoch: mem (CPU python)=5177.91015625MB; mem (CPU total)=8676.28125MB
INFO:root:[   38] Training loss: 0.22570757, Validation loss: 0.22086076, Gradient norm: 3.08158630
INFO:root:At the start of the epoch: mem (CPU python)=5199.515625MB; mem (CPU total)=8698.00390625MB
INFO:root:[   39] Training loss: 0.22368778, Validation loss: 0.22820427, Gradient norm: 3.12041440
INFO:root:At the start of the epoch: mem (CPU python)=5221.08203125MB; mem (CPU total)=8724.71484375MB
INFO:root:[   40] Training loss: 0.22325926, Validation loss: 0.22223070, Gradient norm: 3.09645050
INFO:root:At the start of the epoch: mem (CPU python)=5243.1640625MB; mem (CPU total)=8735.1640625MB
INFO:root:[   41] Training loss: 0.22354618, Validation loss: 0.22116374, Gradient norm: 3.08264903
INFO:root:At the start of the epoch: mem (CPU python)=5264.89453125MB; mem (CPU total)=8762.16796875MB
INFO:root:[   42] Training loss: 0.22329013, Validation loss: 0.22052179, Gradient norm: 3.05555940
INFO:root:At the start of the epoch: mem (CPU python)=5286.4296875MB; mem (CPU total)=8802.3203125MB
INFO:root:[   43] Training loss: 0.22271431, Validation loss: 0.22329269, Gradient norm: 3.16400507
INFO:root:At the start of the epoch: mem (CPU python)=5307.59375MB; mem (CPU total)=8811.49609375MB
INFO:root:[   44] Training loss: 0.22027875, Validation loss: 0.21919972, Gradient norm: 3.16110076
INFO:root:At the start of the epoch: mem (CPU python)=5328.7578125MB; mem (CPU total)=8838.48046875MB
INFO:root:[   45] Training loss: 0.22061969, Validation loss: 0.21557991, Gradient norm: 3.18273621
INFO:root:At the start of the epoch: mem (CPU python)=5349.921875MB; mem (CPU total)=8856.171875MB
INFO:root:[   46] Training loss: 0.22133869, Validation loss: 0.22299663, Gradient norm: 3.32806907
INFO:root:At the start of the epoch: mem (CPU python)=5371.08984375MB; mem (CPU total)=8883.2265625MB
INFO:root:[   47] Training loss: 0.21991637, Validation loss: 0.21662198, Gradient norm: 3.24904603
INFO:root:At the start of the epoch: mem (CPU python)=5392.25390625MB; mem (CPU total)=8899.83203125MB
INFO:root:[   48] Training loss: 0.21945469, Validation loss: 0.21527475, Gradient norm: 3.44739070
INFO:root:At the start of the epoch: mem (CPU python)=5413.41796875MB; mem (CPU total)=8908.71875MB
INFO:root:[   49] Training loss: 0.21909961, Validation loss: 0.21782054, Gradient norm: 3.43167819
INFO:root:At the start of the epoch: mem (CPU python)=5434.58203125MB; mem (CPU total)=8939.40625MB
INFO:root:[   50] Training loss: 0.21986256, Validation loss: 0.22195633, Gradient norm: 3.36717880
INFO:root:At the start of the epoch: mem (CPU python)=5455.74609375MB; mem (CPU total)=8962.37109375MB
INFO:root:[   51] Training loss: 0.21752549, Validation loss: 0.21577223, Gradient norm: 3.31008487
INFO:root:At the start of the epoch: mem (CPU python)=5476.9140625MB; mem (CPU total)=8961.16796875MB
INFO:root:[   52] Training loss: 0.21739191, Validation loss: 0.21923312, Gradient norm: 3.35307080
INFO:root:At the start of the epoch: mem (CPU python)=5498.0703125MB; mem (CPU total)=8999.96875MB
INFO:root:[   53] Training loss: 0.21691124, Validation loss: 0.22828796, Gradient norm: 3.29156169
INFO:root:At the start of the epoch: mem (CPU python)=5519.234375MB; mem (CPU total)=9015.91015625MB
INFO:root:[   54] Training loss: 0.21660485, Validation loss: 0.22061565, Gradient norm: 3.23047225
INFO:root:At the start of the epoch: mem (CPU python)=5540.3984375MB; mem (CPU total)=9031.75390625MB
INFO:root:[   55] Training loss: 0.21453705, Validation loss: 0.20684981, Gradient norm: 3.19649114
INFO:root:At the start of the epoch: mem (CPU python)=5562.25390625MB; mem (CPU total)=9061.90234375MB
INFO:root:[   56] Training loss: 0.21372297, Validation loss: 0.20980503, Gradient norm: 3.14358945
INFO:root:At the start of the epoch: mem (CPU python)=5583.41796875MB; mem (CPU total)=9085.0546875MB
INFO:root:[   57] Training loss: 0.21422532, Validation loss: 0.21350164, Gradient norm: 3.22429208
INFO:root:At the start of the epoch: mem (CPU python)=5604.8671875MB; mem (CPU total)=9119.26953125MB
INFO:root:[   58] Training loss: 0.21379624, Validation loss: 0.21854789, Gradient norm: 3.20481094
INFO:root:At the start of the epoch: mem (CPU python)=5626.12109375MB; mem (CPU total)=9141.609375MB
INFO:root:[   59] Training loss: 0.21449662, Validation loss: 0.22777090, Gradient norm: 3.23707022
INFO:root:At the start of the epoch: mem (CPU python)=5647.34765625MB; mem (CPU total)=9139.6796875MB
INFO:root:[   60] Training loss: 0.21409471, Validation loss: 0.21536932, Gradient norm: 3.25537469
INFO:root:At the start of the epoch: mem (CPU python)=5668.51171875MB; mem (CPU total)=9162.21875MB
INFO:root:[   61] Training loss: 0.21265245, Validation loss: 0.22115215, Gradient norm: 3.28605731
INFO:root:At the start of the epoch: mem (CPU python)=5689.671875MB; mem (CPU total)=9193.76953125MB
INFO:root:Learning rate reduced to: 0.0025
INFO:root:[   62] Training loss: 0.21464715, Validation loss: 0.20734383, Gradient norm: 3.33503068
INFO:root:At the start of the epoch: mem (CPU python)=5710.83984375MB; mem (CPU total)=9206.99609375MB
INFO:root:Learning rate reduced to: 0.00125
INFO:root:[   63] Training loss: 0.20056278, Validation loss: 0.20177060, Gradient norm: 2.67860229
INFO:root:At the start of the epoch: mem (CPU python)=5732.00390625MB; mem (CPU total)=9234.50390625MB
INFO:root:[   64] Training loss: 0.19409764, Validation loss: 0.19276471, Gradient norm: 2.68047000
INFO:root:At the start of the epoch: mem (CPU python)=5753.16796875MB; mem (CPU total)=9255.8203125MB
INFO:root:[   65] Training loss: 0.19422321, Validation loss: 0.19460968, Gradient norm: 3.20130178
INFO:root:At the start of the epoch: mem (CPU python)=5774.33203125MB; mem (CPU total)=9272.08984375MB
INFO:root:[   66] Training loss: 0.19330831, Validation loss: 0.19470213, Gradient norm: 3.59178352
INFO:root:At the start of the epoch: mem (CPU python)=5795.49609375MB; mem (CPU total)=9090.27734375MB
INFO:root:[   67] Training loss: 0.19342272, Validation loss: 0.19172385, Gradient norm: 4.07053365
INFO:root:At the start of the epoch: mem (CPU python)=5816.6640625MB; mem (CPU total)=9314.41796875MB
INFO:root:[   68] Training loss: 0.19291485, Validation loss: 0.19091486, Gradient norm: 4.15985203
INFO:root:At the start of the epoch: mem (CPU python)=5837.828125MB; mem (CPU total)=9334.421875MB
INFO:root:[   69] Training loss: 0.19370252, Validation loss: 0.19685367, Gradient norm: 5.17110175
INFO:root:At the start of the epoch: mem (CPU python)=5858.98828125MB; mem (CPU total)=9356.98828125MB
INFO:root:[   70] Training loss: 0.19416692, Validation loss: 0.19357049, Gradient norm: 5.34552337
INFO:root:At the start of the epoch: mem (CPU python)=5880.15234375MB; mem (CPU total)=9376.91015625MB
INFO:root:[   71] Training loss: 0.19329640, Validation loss: 0.19247590, Gradient norm: 5.32811914
INFO:root:At the start of the epoch: mem (CPU python)=5901.3125MB; mem (CPU total)=9402.5390625MB
INFO:root:[   72] Training loss: 0.19530258, Validation loss: 0.19133527, Gradient norm: 6.32768933
INFO:root:At the start of the epoch: mem (CPU python)=5922.4765625MB; mem (CPU total)=9423.53515625MB
INFO:root:[   73] Training loss: 0.19454076, Validation loss: 0.19916118, Gradient norm: 5.91124234
INFO:root:At the start of the epoch: mem (CPU python)=5943.64453125MB; mem (CPU total)=9454.44140625MB
INFO:root:[   74] Training loss: 0.19435649, Validation loss: 0.19639213, Gradient norm: 6.44600196
INFO:root:At the start of the epoch: mem (CPU python)=5964.80859375MB; mem (CPU total)=9453.5546875MB
INFO:root:Learning rate reduced to: 0.000625
INFO:root:[   75] Training loss: 0.19526294, Validation loss: 0.19214499, Gradient norm: 6.73364321
INFO:root:At the start of the epoch: mem (CPU python)=5985.97265625MB; mem (CPU total)=9484.4296875MB
INFO:root:Learning rate reduced to: 0.0003125
INFO:root:[   76] Training loss: 0.19052177, Validation loss: 0.18916415, Gradient norm: 5.51651798
INFO:root:At the start of the epoch: mem (CPU python)=6007.13671875MB; mem (CPU total)=9504.7421875MB
INFO:root:[   77] Training loss: 0.18735494, Validation loss: 0.18777281, Gradient norm: 4.20736598
INFO:root:At the start of the epoch: mem (CPU python)=6028.30078125MB; mem (CPU total)=9513.91015625MB
INFO:root:[   78] Training loss: 0.18722658, Validation loss: 0.18786215, Gradient norm: 4.91681175
INFO:root:At the start of the epoch: mem (CPU python)=6049.46484375MB; mem (CPU total)=9547.68359375MB
INFO:root:[   79] Training loss: 0.18740510, Validation loss: 0.18745147, Gradient norm: 5.38621584
INFO:root:At the start of the epoch: mem (CPU python)=6070.6328125MB; mem (CPU total)=9569.53515625MB
INFO:root:[   80] Training loss: 0.18704995, Validation loss: 0.18784891, Gradient norm: 5.58997141
INFO:root:At the start of the epoch: mem (CPU python)=6091.7890625MB; mem (CPU total)=9576.75MB
INFO:root:[   81] Training loss: 0.18681508, Validation loss: 0.18735988, Gradient norm: 6.15364111
INFO:root:At the start of the epoch: mem (CPU python)=6112.95703125MB; mem (CPU total)=9615.984375MB
INFO:root:[   82] Training loss: 0.18691408, Validation loss: 0.18695177, Gradient norm: 6.19219950
INFO:root:At the start of the epoch: mem (CPU python)=6134.12109375MB; mem (CPU total)=9633.72265625MB
INFO:root:[   83] Training loss: 0.18733888, Validation loss: 0.18709625, Gradient norm: 6.73620418
INFO:root:At the start of the epoch: mem (CPU python)=6155.28515625MB; mem (CPU total)=9638.67578125MB
INFO:root:[   84] Training loss: 0.18729482, Validation loss: 0.18733043, Gradient norm: 7.46597975
INFO:root:At the start of the epoch: mem (CPU python)=6176.44921875MB; mem (CPU total)=9673.2890625MB
INFO:root:[   85] Training loss: 0.18681757, Validation loss: 0.18717965, Gradient norm: 7.35365049
INFO:root:At the start of the epoch: mem (CPU python)=6197.61328125MB; mem (CPU total)=9699.859375MB
INFO:root:[   86] Training loss: 0.18754661, Validation loss: 0.18783297, Gradient norm: 8.23453154
INFO:root:At the start of the epoch: mem (CPU python)=6218.77734375MB; mem (CPU total)=9708.53125MB
INFO:root:[   87] Training loss: 0.18746529, Validation loss: 0.18703465, Gradient norm: 8.43831380
INFO:root:At the start of the epoch: mem (CPU python)=6239.94140625MB; mem (CPU total)=9741.3984375MB
INFO:root:[   88] Training loss: 0.18771364, Validation loss: 0.18804713, Gradient norm: 9.32074990
INFO:root:At the start of the epoch: mem (CPU python)=6261.10546875MB; mem (CPU total)=9779.76953125MB
INFO:root:Learning rate reduced to: 0.00015625
INFO:root:[   89] Training loss: 0.18791408, Validation loss: 0.18913685, Gradient norm: 9.74677466
INFO:root:At the start of the epoch: mem (CPU python)=6282.26953125MB; mem (CPU total)=9764.421875MB
INFO:root:Learning rate reduced to: 7.8125e-05
INFO:root:[   90] Training loss: 0.18552792, Validation loss: 0.18629833, Gradient norm: 6.49718494
INFO:root:At the start of the epoch: mem (CPU python)=6303.43359375MB; mem (CPU total)=9802.49609375MB
INFO:root:[   91] Training loss: 0.18486877, Validation loss: 0.18544614, Gradient norm: 5.63056495
INFO:root:At the start of the epoch: mem (CPU python)=6324.59765625MB; mem (CPU total)=9800.05859375MB
INFO:root:[   92] Training loss: 0.18493752, Validation loss: 0.18541905, Gradient norm: 6.08318605
INFO:root:At the start of the epoch: mem (CPU python)=6345.76171875MB; mem (CPU total)=9822.38671875MB
INFO:root:[   93] Training loss: 0.18453698, Validation loss: 0.18504008, Gradient norm: 6.25118934
INFO:root:At the start of the epoch: mem (CPU python)=6366.92578125MB; mem (CPU total)=9864.875MB
INFO:root:[   94] Training loss: 0.18462102, Validation loss: 0.18506531, Gradient norm: 6.52591389
INFO:root:At the start of the epoch: mem (CPU python)=6388.08984375MB; mem (CPU total)=9887.5234375MB
INFO:root:[   95] Training loss: 0.18443100, Validation loss: 0.18522834, Gradient norm: 6.49135611
INFO:root:At the start of the epoch: mem (CPU python)=6409.25390625MB; mem (CPU total)=9665.04296875MB
INFO:root:[   96] Training loss: 0.18484004, Validation loss: 0.18529352, Gradient norm: 6.46328092
INFO:root:At the start of the epoch: mem (CPU python)=6430.421875MB; mem (CPU total)=9930.89453125MB
INFO:root:[   97] Training loss: 0.18474518, Validation loss: 0.18493050, Gradient norm: 6.63539787
INFO:root:At the start of the epoch: mem (CPU python)=6451.5859375MB; mem (CPU total)=9939.5234375MB
INFO:root:[   98] Training loss: 0.18452941, Validation loss: 0.18519337, Gradient norm: 7.15801086
INFO:root:At the start of the epoch: mem (CPU python)=6472.75MB; mem (CPU total)=9972.4765625MB
INFO:root:[   99] Training loss: 0.18474566, Validation loss: 0.18513085, Gradient norm: 7.48927619
INFO:root:At the start of the epoch: mem (CPU python)=6493.91015625MB; mem (CPU total)=9993.51953125MB
INFO:root:[  100] Training loss: 0.18449451, Validation loss: 0.18525467, Gradient norm: 6.77466436
INFO:root:At the start of the epoch: mem (CPU python)=6515.07421875MB; mem (CPU total)=10019.09375MB
INFO:root:[  101] Training loss: 0.18466500, Validation loss: 0.18445517, Gradient norm: 7.18679804
INFO:root:At the start of the epoch: mem (CPU python)=6536.2421875MB; mem (CPU total)=10043.31640625MB
INFO:root:[  102] Training loss: 0.18492292, Validation loss: 0.18530336, Gradient norm: 8.29339817
INFO:root:At the start of the epoch: mem (CPU python)=6557.40625MB; mem (CPU total)=10057.015625MB
INFO:root:[  103] Training loss: 0.18472027, Validation loss: 0.18530184, Gradient norm: 7.67388006
INFO:root:At the start of the epoch: mem (CPU python)=6578.56640625MB; mem (CPU total)=10095.5078125MB
INFO:root:[  104] Training loss: 0.18458541, Validation loss: 0.18610368, Gradient norm: 8.40346158
INFO:root:At the start of the epoch: mem (CPU python)=6599.73046875MB; mem (CPU total)=10117.6953125MB
INFO:root:[  105] Training loss: 0.18466164, Validation loss: 0.18552613, Gradient norm: 7.81418939
INFO:root:At the start of the epoch: mem (CPU python)=6620.89453125MB; mem (CPU total)=10121.8359375MB
INFO:root:[  106] Training loss: 0.18467950, Validation loss: 0.18526355, Gradient norm: 8.70204234
INFO:root:At the start of the epoch: mem (CPU python)=6642.05859375MB; mem (CPU total)=10138.63671875MB
INFO:root:[  107] Training loss: 0.18482153, Validation loss: 0.18517684, Gradient norm: 8.59307076
INFO:root:At the start of the epoch: mem (CPU python)=6663.2265625MB; mem (CPU total)=10167.57421875MB
INFO:root:[  108] Training loss: 0.18457425, Validation loss: 0.18515429, Gradient norm: 9.46878197
INFO:root:At the start of the epoch: mem (CPU python)=6684.38671875MB; mem (CPU total)=10180.80078125MB
INFO:root:[  109] Training loss: 0.18462047, Validation loss: 0.18518556, Gradient norm: 9.03147944
INFO:root:At the start of the epoch: mem (CPU python)=6705.5546875MB; mem (CPU total)=10207.5859375MB
INFO:root:[  110] Training loss: 0.18475908, Validation loss: 0.18450752, Gradient norm: 9.33155739
INFO:root:At the start of the epoch: mem (CPU python)=6726.71875MB; mem (CPU total)=10230.484375MB
INFO:root:EP 110: Early stopping
INFO:root:Training for autoregressive step 2 starts now.
INFO:root:Learning rate reduced to: [3.90625e-05]
INFO:root:At the start of the epoch: mem (CPU python)=6747.8828125MB; mem (CPU total)=10255.21875MB
INFO:root:[  112] Training loss: 0.23360969, Validation loss: 0.23252698, Gradient norm: 12.72808545
INFO:root:At the start of the epoch: mem (CPU python)=6769.05078125MB; mem (CPU total)=10276.30078125MB
INFO:root:[  113] Training loss: 0.23269606, Validation loss: 0.23251399, Gradient norm: 11.84977736
INFO:root:At the start of the epoch: mem (CPU python)=6790.21484375MB; mem (CPU total)=10278.2265625MB
INFO:root:[  114] Training loss: 0.23195658, Validation loss: 0.23231326, Gradient norm: 11.50564905
INFO:root:At the start of the epoch: mem (CPU python)=6811.37890625MB; mem (CPU total)=10311.85546875MB
INFO:root:[  115] Training loss: 0.23150263, Validation loss: 0.23184122, Gradient norm: 11.94198828
INFO:root:At the start of the epoch: mem (CPU python)=6832.546875MB; mem (CPU total)=10340.5703125MB
INFO:root:[  116] Training loss: 0.23157168, Validation loss: 0.23193615, Gradient norm: 11.73161791
INFO:root:At the start of the epoch: mem (CPU python)=6853.7109375MB; mem (CPU total)=10365.89453125MB
INFO:root:[  117] Training loss: 0.23115787, Validation loss: 0.23107176, Gradient norm: 12.09624464
INFO:root:At the start of the epoch: mem (CPU python)=6874.875MB; mem (CPU total)=10378.12890625MB
INFO:root:[  118] Training loss: 0.23126345, Validation loss: 0.23107105, Gradient norm: 12.55878938
INFO:root:At the start of the epoch: mem (CPU python)=6896.03515625MB; mem (CPU total)=10386.84375MB
INFO:root:[  119] Training loss: 0.23105460, Validation loss: 0.23231637, Gradient norm: 12.46577972
INFO:root:At the start of the epoch: mem (CPU python)=6917.203125MB; mem (CPU total)=10421.87109375MB
INFO:root:[  120] Training loss: 0.23095116, Validation loss: 0.23154331, Gradient norm: 12.62893817
INFO:root:At the start of the epoch: mem (CPU python)=6938.36328125MB; mem (CPU total)=10437.28515625MB
INFO:root:[  121] Training loss: 0.23112990, Validation loss: 0.23064426, Gradient norm: 12.95013433
INFO:root:At the start of the epoch: mem (CPU python)=6959.52734375MB; mem (CPU total)=10457.31640625MB
INFO:root:[  122] Training loss: 0.23051487, Validation loss: 0.23112825, Gradient norm: 12.36141362
INFO:root:At the start of the epoch: mem (CPU python)=6980.69140625MB; mem (CPU total)=10469.16015625MB
INFO:root:[  123] Training loss: 0.23088670, Validation loss: 0.23127230, Gradient norm: 12.79933748
INFO:root:At the start of the epoch: mem (CPU python)=7001.85546875MB; mem (CPU total)=10508.265625MB
INFO:root:[  124] Training loss: 0.23098382, Validation loss: 0.23146838, Gradient norm: 12.77281214
INFO:root:At the start of the epoch: mem (CPU python)=7023.01953125MB; mem (CPU total)=10525.91796875MB
INFO:root:[  125] Training loss: 0.23089613, Validation loss: 0.23125418, Gradient norm: 13.38348819
INFO:root:At the start of the epoch: mem (CPU python)=7044.1875MB; mem (CPU total)=10553.75390625MB
INFO:root:[  126] Training loss: 0.23072805, Validation loss: 0.23054518, Gradient norm: 13.44870171
INFO:root:At the start of the epoch: mem (CPU python)=7065.3515625MB; mem (CPU total)=10543.5859375MB
INFO:root:[  127] Training loss: 0.23079624, Validation loss: 0.23246943, Gradient norm: 13.80494679
INFO:root:At the start of the epoch: mem (CPU python)=7086.51171875MB; mem (CPU total)=10560.01953125MB
INFO:root:[  128] Training loss: 0.23079443, Validation loss: 0.23125695, Gradient norm: 13.92052166
INFO:root:At the start of the epoch: mem (CPU python)=7107.67578125MB; mem (CPU total)=10602.80859375MB
INFO:root:[  129] Training loss: 0.23076696, Validation loss: 0.23075692, Gradient norm: 13.53681012
INFO:root:At the start of the epoch: mem (CPU python)=7128.83984375MB; mem (CPU total)=10626.31640625MB
INFO:root:[  130] Training loss: 0.23054349, Validation loss: 0.23075964, Gradient norm: 13.82450096
INFO:root:At the start of the epoch: mem (CPU python)=7150.00390625MB; mem (CPU total)=10614.77734375MB
INFO:root:[  131] Training loss: 0.23073591, Validation loss: 0.23169897, Gradient norm: 14.70394454
INFO:root:At the start of the epoch: mem (CPU python)=7171.171875MB; mem (CPU total)=10685.66015625MB
INFO:root:[  132] Training loss: 0.23093206, Validation loss: 0.23190352, Gradient norm: 14.00405814
INFO:root:At the start of the epoch: mem (CPU python)=7192.3359375MB; mem (CPU total)=10683.484375MB
INFO:root:[  133] Training loss: 0.23055334, Validation loss: 0.23042761, Gradient norm: 13.78666335
INFO:root:At the start of the epoch: mem (CPU python)=7213.5MB; mem (CPU total)=10712.81640625MB
INFO:root:[  134] Training loss: 0.23067819, Validation loss: 0.23092656, Gradient norm: 14.49657238
INFO:root:At the start of the epoch: mem (CPU python)=7234.6640625MB; mem (CPU total)=10728.9921875MB
INFO:root:[  135] Training loss: 0.23070243, Validation loss: 0.23038327, Gradient norm: 15.37632742
INFO:root:At the start of the epoch: mem (CPU python)=7255.828125MB; mem (CPU total)=10740.5546875MB
INFO:root:[  136] Training loss: 0.23050905, Validation loss: 0.23097752, Gradient norm: 14.18857039
INFO:root:At the start of the epoch: mem (CPU python)=7276.9921875MB; mem (CPU total)=10763.3671875MB
INFO:root:[  137] Training loss: 0.23048455, Validation loss: 0.23160497, Gradient norm: 15.41464261
INFO:root:At the start of the epoch: mem (CPU python)=7298.15234375MB; mem (CPU total)=10794.71875MB
INFO:root:[  138] Training loss: 0.23052441, Validation loss: 0.23099365, Gradient norm: 14.87168743
INFO:root:At the start of the epoch: mem (CPU python)=7319.31640625MB; mem (CPU total)=10821.1875MB
INFO:root:[  139] Training loss: 0.23051414, Validation loss: 0.23077954, Gradient norm: 14.67925485
INFO:root:At the start of the epoch: mem (CPU python)=7340.48046875MB; mem (CPU total)=10845.890625MB
INFO:root:[  140] Training loss: 0.23031114, Validation loss: 0.23073011, Gradient norm: 14.26284975
INFO:root:At the start of the epoch: mem (CPU python)=7361.64453125MB; mem (CPU total)=10851.83203125MB
INFO:root:[  141] Training loss: 0.23054335, Validation loss: 0.23149996, Gradient norm: 15.06838808
INFO:root:At the start of the epoch: mem (CPU python)=7382.80859375MB; mem (CPU total)=10881.421875MB
INFO:root:[  142] Training loss: 0.23037593, Validation loss: 0.23078714, Gradient norm: 15.14620081
INFO:root:At the start of the epoch: mem (CPU python)=7403.9765625MB; mem (CPU total)=10903.78515625MB
INFO:root:[  143] Training loss: 0.23049902, Validation loss: 0.23169907, Gradient norm: 15.70219068
INFO:root:At the start of the epoch: mem (CPU python)=7425.140625MB; mem (CPU total)=10921.8671875MB
INFO:root:[  144] Training loss: 0.23032730, Validation loss: 0.23002946, Gradient norm: 15.66345671
INFO:root:At the start of the epoch: mem (CPU python)=7446.3046875MB; mem (CPU total)=10949.56640625MB
INFO:root:[  145] Training loss: 0.23049195, Validation loss: 0.23095207, Gradient norm: 15.47079541
INFO:root:At the start of the epoch: mem (CPU python)=7467.46875MB; mem (CPU total)=10968.375MB
INFO:root:[  146] Training loss: 0.23050748, Validation loss: 0.23029816, Gradient norm: 15.51736626
INFO:root:At the start of the epoch: mem (CPU python)=7488.6328125MB; mem (CPU total)=10993.45703125MB
INFO:root:[  147] Training loss: 0.23037541, Validation loss: 0.23119367, Gradient norm: 15.66869743
INFO:root:At the start of the epoch: mem (CPU python)=7509.796875MB; mem (CPU total)=10963.39453125MB
INFO:root:[  148] Training loss: 0.23028046, Validation loss: 0.23124487, Gradient norm: 15.54968429
INFO:root:At the start of the epoch: mem (CPU python)=7530.96484375MB; mem (CPU total)=11031.61328125MB
INFO:root:[  149] Training loss: 0.23008376, Validation loss: 0.23245401, Gradient norm: 16.58142192
INFO:root:At the start of the epoch: mem (CPU python)=7552.12890625MB; mem (CPU total)=11046.46875MB
INFO:root:[  150] Training loss: 0.23067801, Validation loss: 0.23106010, Gradient norm: 16.68752612
INFO:root:At the start of the epoch: mem (CPU python)=7573.29296875MB; mem (CPU total)=11075.1015625MB
INFO:root:[  151] Training loss: 0.23025406, Validation loss: 0.23023649, Gradient norm: 16.89167500
INFO:root:At the start of the epoch: mem (CPU python)=7594.45703125MB; mem (CPU total)=11096.62109375MB
INFO:root:[  152] Training loss: 0.23031488, Validation loss: 0.23040083, Gradient norm: 15.87756127
INFO:root:At the start of the epoch: mem (CPU python)=7615.62109375MB; mem (CPU total)=11108.46484375MB
INFO:root:[  153] Training loss: 0.23033673, Validation loss: 0.23101927, Gradient norm: 16.56654500
INFO:root:At the start of the epoch: mem (CPU python)=7636.7890625MB; mem (CPU total)=11137.828125MB
INFO:root:EP 153: Early stopping
INFO:root:After finishing all epochs: mem (CPU python)=7657.94921875MB; mem (CPU total)=11160.95703125MB
INFO:root:Training the model took 11350.025s.
INFO:root:Emptying the cuda cache took 0.101s.
INFO:root:Starting evaluation: model SFNO & uncertainty quantification scoring-rule-dropout
INFO:root:Evaluating the model on Validation data.
INFO:root:MSEValidation: 0.35529
INFO:root:EnergyScoreValidation: 0.27383
INFO:root:CRPSValidation: 0.11386
INFO:root:Gaussian NLLValidation: -0.16487
INFO:root:CoverageValidation: 0.98447
INFO:root:IntervalWidthValidation: 1.21294
INFO:root:Evaluating the model on Test data.
INFO:root:MSETest: 0.27395
INFO:root:EnergyScoreTest: 0.2071
INFO:root:CRPSTest: 0.08519
INFO:root:Gaussian NLLTest: -0.49682
INFO:root:CoverageTest: 0.97213
INFO:root:IntervalWidthTest: 0.85024
INFO:root:After validation: mem (CPU python)=7673.65234375MB; mem (CPU total)=11182.20703125MB
INFO:root:###2 out of 3 training parameter combinations ###
INFO:root:Training parameters: {'seed': 12, 'model': 'SFNO', 'uncertainty_quantification': 'scoring-rule-dropout', 'batch_size': 8, 'n_epochs': 1000, 'early_stopping': 10, 'init': 'default', 'learning_rate': 0.005, 'lr_schedule': 'step', 'optimizer': 'adam', 'gradient_clipping': 1, 'layer_normalization': True, 'data_loader_pin_memory': False, 'data_loader_num_workers': 0, 'distributed_training': False, 'alpha': 0.05, 'n_samples_uq': 100, 'weight_decay': 0, 'dropout': 0.01, 'fourier_dropout': None, 'hidden_channels': 32, 'projection_channels': 256, 'lifting_channels': 256, 'n_modes': (32, 32), 'n_samples': 3}
INFO:root:After creating the dataloaders: mem (CPU python)=7673.65234375MB; mem (CPU total)=11182.109375MB
INFO:root:NumberParameters: 284835
INFO:root:GPU memory allocated: 62914560
INFO:root:After setting up the model: mem (CPU python)=7681.96875MB; mem (CPU total)=11190.6015625MB
INFO:root:Training starts now.
INFO:root:At the start of the epoch: mem (CPU python)=7682.18359375MB; mem (CPU total)=11191.1328125MB
INFO:root:[    1] Training loss: 0.64455285, Validation loss: 0.56302711, Gradient norm: 2.69472196
INFO:root:At the start of the epoch: mem (CPU python)=7703.98046875MB; mem (CPU total)=11214.87109375MB
INFO:root:[    2] Training loss: 0.54449104, Validation loss: 0.53157294, Gradient norm: 1.22396604
INFO:root:At the start of the epoch: mem (CPU python)=7725.1640625MB; mem (CPU total)=11236.7734375MB
INFO:root:[    3] Training loss: 0.52276618, Validation loss: 0.52406576, Gradient norm: 1.31297937
INFO:root:At the start of the epoch: mem (CPU python)=7746.34375MB; mem (CPU total)=11247.2265625MB
INFO:root:[    4] Training loss: 0.51500781, Validation loss: 0.50968242, Gradient norm: 1.45177014
INFO:root:At the start of the epoch: mem (CPU python)=7767.50390625MB; mem (CPU total)=11269.73828125MB
INFO:root:[    5] Training loss: 0.50869302, Validation loss: 0.50811513, Gradient norm: 1.65641181
INFO:root:At the start of the epoch: mem (CPU python)=7788.66796875MB; mem (CPU total)=11290.8515625MB
INFO:root:[    6] Training loss: 0.44024545, Validation loss: 0.40604878, Gradient norm: 2.22004693
INFO:root:At the start of the epoch: mem (CPU python)=7809.83984375MB; mem (CPU total)=11311.6484375MB
INFO:root:[    7] Training loss: 0.37570678, Validation loss: 0.35606880, Gradient norm: 2.36090535
INFO:root:At the start of the epoch: mem (CPU python)=7831.00390625MB; mem (CPU total)=11355.171875MB
INFO:root:[    8] Training loss: 0.34971884, Validation loss: 0.34768644, Gradient norm: 2.62487761
INFO:root:At the start of the epoch: mem (CPU python)=7852.16796875MB; mem (CPU total)=11381.9140625MB
INFO:root:[    9] Training loss: 0.33719408, Validation loss: 0.33904130, Gradient norm: 2.74958130
INFO:root:At the start of the epoch: mem (CPU python)=7873.33203125MB; mem (CPU total)=11367.86328125MB
INFO:root:[   10] Training loss: 0.32729755, Validation loss: 0.31821660, Gradient norm: 2.89878865
INFO:root:At the start of the epoch: mem (CPU python)=7894.49609375MB; mem (CPU total)=11383.42578125MB
INFO:root:[   11] Training loss: 0.32206190, Validation loss: 0.31609325, Gradient norm: 3.06392548
INFO:root:At the start of the epoch: mem (CPU python)=7915.66015625MB; mem (CPU total)=11423.0MB
INFO:root:[   12] Training loss: 0.31011799, Validation loss: 0.31225097, Gradient norm: 3.44761956
INFO:root:At the start of the epoch: mem (CPU python)=7936.828125MB; mem (CPU total)=11434.9140625MB
INFO:root:[   13] Training loss: 0.29944821, Validation loss: 0.30154302, Gradient norm: 3.56232193
INFO:root:At the start of the epoch: mem (CPU python)=7957.9921875MB; mem (CPU total)=11450.49609375MB
INFO:root:[   14] Training loss: 0.29298419, Validation loss: 0.28785093, Gradient norm: 3.69438099
INFO:root:At the start of the epoch: mem (CPU python)=7979.15625MB; mem (CPU total)=11482.32421875MB
INFO:root:[   15] Training loss: 0.28853592, Validation loss: 0.28042231, Gradient norm: 3.78419202
INFO:root:At the start of the epoch: mem (CPU python)=8000.3203125MB; mem (CPU total)=11496.24609375MB
INFO:root:[   16] Training loss: 0.28651412, Validation loss: 0.28487021, Gradient norm: 3.99024785
INFO:root:At the start of the epoch: mem (CPU python)=8021.484375MB; mem (CPU total)=11512.35546875MB
INFO:root:[   17] Training loss: 0.28211898, Validation loss: 0.28065644, Gradient norm: 4.07301562
INFO:root:At the start of the epoch: mem (CPU python)=8042.6484375MB; mem (CPU total)=11544.328125MB
INFO:root:[   18] Training loss: 0.28065420, Validation loss: 0.27910021, Gradient norm: 4.12256669
INFO:root:At the start of the epoch: mem (CPU python)=8063.81640625MB; mem (CPU total)=11563.64453125MB
INFO:root:[   19] Training loss: 0.27751068, Validation loss: 0.28049731, Gradient norm: 4.26062406
INFO:root:At the start of the epoch: mem (CPU python)=8084.98046875MB; mem (CPU total)=11581.58984375MB
INFO:root:[   20] Training loss: 0.27791999, Validation loss: 0.28139735, Gradient norm: 4.18224415
INFO:root:At the start of the epoch: mem (CPU python)=8106.140625MB; mem (CPU total)=11612.359375MB
INFO:root:[   21] Training loss: 0.27408671, Validation loss: 0.27260574, Gradient norm: 4.34093472
INFO:root:At the start of the epoch: mem (CPU python)=8127.3046875MB; mem (CPU total)=11623.8828125MB
INFO:root:[   22] Training loss: 0.27327619, Validation loss: 0.27261845, Gradient norm: 4.25948298
INFO:root:At the start of the epoch: mem (CPU python)=8148.47265625MB; mem (CPU total)=11666.5078125MB
INFO:root:[   23] Training loss: 0.27114457, Validation loss: 0.25692328, Gradient norm: 4.20517225
INFO:root:At the start of the epoch: mem (CPU python)=8169.6328125MB; mem (CPU total)=11685.265625MB
INFO:root:[   24] Training loss: 0.26825921, Validation loss: 0.26156051, Gradient norm: 4.16305664
INFO:root:At the start of the epoch: mem (CPU python)=8190.80078125MB; mem (CPU total)=11695.4609375MB
INFO:root:[   25] Training loss: 0.26800135, Validation loss: 0.26977274, Gradient norm: 4.17299430
INFO:root:At the start of the epoch: mem (CPU python)=8211.96484375MB; mem (CPU total)=11718.15234375MB
INFO:root:[   26] Training loss: 0.26613685, Validation loss: 0.25694474, Gradient norm: 4.15029711
INFO:root:At the start of the epoch: mem (CPU python)=8233.12890625MB; mem (CPU total)=11739.97265625MB
INFO:root:[   27] Training loss: 0.26209989, Validation loss: 0.25059996, Gradient norm: 4.26668236
INFO:root:At the start of the epoch: mem (CPU python)=8254.29296875MB; mem (CPU total)=11750.2109375MB
INFO:root:[   28] Training loss: 0.26280907, Validation loss: 0.26123168, Gradient norm: 4.20100140
INFO:root:At the start of the epoch: mem (CPU python)=8275.45703125MB; mem (CPU total)=11762.8359375MB
INFO:root:[   29] Training loss: 0.26073232, Validation loss: 0.25374851, Gradient norm: 4.17885041
INFO:root:At the start of the epoch: mem (CPU python)=8296.625MB; mem (CPU total)=11797.91796875MB
INFO:root:[   30] Training loss: 0.25808445, Validation loss: 0.26208851, Gradient norm: 4.17139067
INFO:root:At the start of the epoch: mem (CPU python)=8317.7890625MB; mem (CPU total)=11807.85546875MB
INFO:root:[   31] Training loss: 0.25717917, Validation loss: 0.25717525, Gradient norm: 4.07981262
INFO:root:At the start of the epoch: mem (CPU python)=8338.953125MB; mem (CPU total)=11831.01171875MB
INFO:root:[   32] Training loss: 0.25686408, Validation loss: 0.26397344, Gradient norm: 4.07991780
INFO:root:At the start of the epoch: mem (CPU python)=8360.1171875MB; mem (CPU total)=11858.71484375MB
INFO:root:[   33] Training loss: 0.25520057, Validation loss: 0.24936921, Gradient norm: 4.03148536
INFO:root:At the start of the epoch: mem (CPU python)=8381.296875MB; mem (CPU total)=11881.4140625MB
INFO:root:[   34] Training loss: 0.25439984, Validation loss: 0.24525413, Gradient norm: 4.02082657
INFO:root:At the start of the epoch: mem (CPU python)=8402.4609375MB; mem (CPU total)=11901.55078125MB
INFO:root:[   35] Training loss: 0.25350579, Validation loss: 0.25049580, Gradient norm: 3.91964668
INFO:root:At the start of the epoch: mem (CPU python)=8423.625MB; mem (CPU total)=11923.671875MB
INFO:root:[   36] Training loss: 0.25505778, Validation loss: 0.25120150, Gradient norm: 4.17971085
INFO:root:At the start of the epoch: mem (CPU python)=8444.7890625MB; mem (CPU total)=11941.421875MB
INFO:root:[   37] Training loss: 0.25202958, Validation loss: 0.25577847, Gradient norm: 4.02930918
INFO:root:At the start of the epoch: mem (CPU python)=8465.94921875MB; mem (CPU total)=11966.16015625MB
INFO:root:[   38] Training loss: 0.25153582, Validation loss: 0.25917466, Gradient norm: 3.91464328
INFO:root:At the start of the epoch: mem (CPU python)=8487.11328125MB; mem (CPU total)=11995.703125MB
INFO:root:[   39] Training loss: 0.24859932, Validation loss: 0.24536311, Gradient norm: 3.87981192
INFO:root:At the start of the epoch: mem (CPU python)=8508.28125MB; mem (CPU total)=12005.05859375MB
INFO:root:[   40] Training loss: 0.24940904, Validation loss: 0.26478285, Gradient norm: 3.91869693
INFO:root:At the start of the epoch: mem (CPU python)=8529.4453125MB; mem (CPU total)=12015.46875MB
INFO:root:[   41] Training loss: 0.24898928, Validation loss: 0.24085505, Gradient norm: 4.00490982
INFO:root:At the start of the epoch: mem (CPU python)=8550.609375MB; mem (CPU total)=12047.40234375MB
INFO:root:[   42] Training loss: 0.24816507, Validation loss: 0.25724757, Gradient norm: 3.92300636
INFO:root:At the start of the epoch: mem (CPU python)=8571.76953125MB; mem (CPU total)=12070.23046875MB
INFO:root:[   43] Training loss: 0.24459041, Validation loss: 0.24473830, Gradient norm: 3.87810272
INFO:root:At the start of the epoch: mem (CPU python)=8592.93359375MB; mem (CPU total)=12079.21484375MB
INFO:root:[   44] Training loss: 0.24689445, Validation loss: 0.26100653, Gradient norm: 3.85771904
INFO:root:At the start of the epoch: mem (CPU python)=8614.09765625MB; mem (CPU total)=12113.44140625MB
INFO:root:[   45] Training loss: 0.24734904, Validation loss: 0.24335280, Gradient norm: 3.91792264
INFO:root:At the start of the epoch: mem (CPU python)=8635.265625MB; mem (CPU total)=12133.92578125MB
INFO:root:[   46] Training loss: 0.24521044, Validation loss: 0.24578250, Gradient norm: 3.85980315
INFO:root:At the start of the epoch: mem (CPU python)=8656.4296875MB; mem (CPU total)=12155.5546875MB
INFO:root:[   47] Training loss: 0.24396246, Validation loss: 0.24428870, Gradient norm: 3.86086308
INFO:root:At the start of the epoch: mem (CPU python)=8677.59375MB; mem (CPU total)=12179.23828125MB
INFO:root:[   48] Training loss: 0.24280059, Validation loss: 0.24009608, Gradient norm: 3.77017014
INFO:root:At the start of the epoch: mem (CPU python)=8698.7578125MB; mem (CPU total)=12193.359375MB
INFO:root:[   49] Training loss: 0.24311282, Validation loss: 0.23864382, Gradient norm: 3.82665299
INFO:root:At the start of the epoch: mem (CPU python)=8719.921875MB; mem (CPU total)=12214.9453125MB
INFO:root:[   50] Training loss: 0.24164627, Validation loss: 0.24354087, Gradient norm: 3.87629835
INFO:root:At the start of the epoch: mem (CPU python)=8741.0859375MB; mem (CPU total)=12237.8046875MB
INFO:root:[   51] Training loss: 0.24177580, Validation loss: 0.24359998, Gradient norm: 3.88237190
INFO:root:At the start of the epoch: mem (CPU python)=8763.32421875MB; mem (CPU total)=12264.16015625MB
INFO:root:[   52] Training loss: 0.24107650, Validation loss: 0.23698976, Gradient norm: 3.84646304
INFO:root:At the start of the epoch: mem (CPU python)=8784.5390625MB; mem (CPU total)=12289.76171875MB
INFO:root:[   53] Training loss: 0.24072665, Validation loss: 0.23284031, Gradient norm: 3.97703357
INFO:root:At the start of the epoch: mem (CPU python)=8805.703125MB; mem (CPU total)=12319.81640625MB
INFO:root:[   54] Training loss: 0.23970779, Validation loss: 0.23971327, Gradient norm: 4.06252695
INFO:root:At the start of the epoch: mem (CPU python)=8826.86328125MB; mem (CPU total)=12316.47265625MB
INFO:root:[   55] Training loss: 0.23983694, Validation loss: 0.24355282, Gradient norm: 3.87931024
INFO:root:At the start of the epoch: mem (CPU python)=8848.03125MB; mem (CPU total)=12350.234375MB
INFO:root:[   56] Training loss: 0.23690644, Validation loss: 0.24114011, Gradient norm: 3.81014273
INFO:root:At the start of the epoch: mem (CPU python)=8869.19140625MB; mem (CPU total)=12326.75390625MB
INFO:root:[   57] Training loss: 0.23794710, Validation loss: 0.23277269, Gradient norm: 3.95771164
INFO:root:At the start of the epoch: mem (CPU python)=8890.359375MB; mem (CPU total)=12374.171875MB
INFO:root:[   58] Training loss: 0.23781760, Validation loss: 0.23820586, Gradient norm: 3.79639219
INFO:root:At the start of the epoch: mem (CPU python)=8911.5234375MB; mem (CPU total)=12399.453125MB
INFO:root:[   59] Training loss: 0.23497399, Validation loss: 0.23949901, Gradient norm: 3.91943106
INFO:root:At the start of the epoch: mem (CPU python)=8932.6875MB; mem (CPU total)=12430.5078125MB
INFO:root:[   60] Training loss: 0.23537110, Validation loss: 0.23714948, Gradient norm: 3.83413774
INFO:root:At the start of the epoch: mem (CPU python)=8953.8515625MB; mem (CPU total)=12454.1328125MB
INFO:root:[   61] Training loss: 0.23405364, Validation loss: 0.23264592, Gradient norm: 3.76439994
INFO:root:At the start of the epoch: mem (CPU python)=8975.01171875MB; mem (CPU total)=12473.79296875MB
INFO:root:[   62] Training loss: 0.23410952, Validation loss: 0.24679791, Gradient norm: 3.91126918
INFO:root:At the start of the epoch: mem (CPU python)=8996.1796875MB; mem (CPU total)=12489.07421875MB
INFO:root:[   63] Training loss: 0.23447460, Validation loss: 0.23335584, Gradient norm: 3.82810755
INFO:root:At the start of the epoch: mem (CPU python)=9017.34375MB; mem (CPU total)=12520.171875MB
INFO:root:[   64] Training loss: 0.23169890, Validation loss: 0.23298238, Gradient norm: 3.77108670
INFO:root:At the start of the epoch: mem (CPU python)=9038.5078125MB; mem (CPU total)=12538.31640625MB
INFO:root:[   65] Training loss: 0.23158388, Validation loss: 0.23479561, Gradient norm: 3.74794510
INFO:root:At the start of the epoch: mem (CPU python)=9059.671875MB; mem (CPU total)=12554.73828125MB
INFO:root:[   66] Training loss: 0.23186716, Validation loss: 0.23001448, Gradient norm: 3.74592711
INFO:root:At the start of the epoch: mem (CPU python)=9080.8359375MB; mem (CPU total)=12582.83984375MB
INFO:root:[   67] Training loss: 0.23218915, Validation loss: 0.23423437, Gradient norm: 3.78612053
INFO:root:At the start of the epoch: mem (CPU python)=9102.0MB; mem (CPU total)=12622.51953125MB
INFO:root:[   68] Training loss: 0.23236479, Validation loss: 0.22714176, Gradient norm: 3.85022101
INFO:root:At the start of the epoch: mem (CPU python)=9123.1640625MB; mem (CPU total)=12607.87109375MB
INFO:root:[   69] Training loss: 0.22944715, Validation loss: 0.23736671, Gradient norm: 3.69137058
INFO:root:At the start of the epoch: mem (CPU python)=9144.33203125MB; mem (CPU total)=12648.7265625MB
INFO:root:[   70] Training loss: 0.23001671, Validation loss: 0.23535127, Gradient norm: 3.72297379
INFO:root:At the start of the epoch: mem (CPU python)=9165.4921875MB; mem (CPU total)=12666.796875MB
INFO:root:[   71] Training loss: 0.22859318, Validation loss: 0.22841067, Gradient norm: 3.71850700
INFO:root:At the start of the epoch: mem (CPU python)=9186.65234375MB; mem (CPU total)=12692.67578125MB
INFO:root:[   72] Training loss: 0.22953667, Validation loss: 0.22744509, Gradient norm: 3.74635078
INFO:root:At the start of the epoch: mem (CPU python)=9207.81640625MB; mem (CPU total)=12714.5234375MB
INFO:root:[   73] Training loss: 0.22772424, Validation loss: 0.22912505, Gradient norm: 3.62861470
INFO:root:At the start of the epoch: mem (CPU python)=9228.98046875MB; mem (CPU total)=12735.671875MB
INFO:root:[   74] Training loss: 0.22707665, Validation loss: 0.22683013, Gradient norm: 3.84116929
INFO:root:At the start of the epoch: mem (CPU python)=9250.1484375MB; mem (CPU total)=12748.5859375MB
INFO:root:[   75] Training loss: 0.22677541, Validation loss: 0.22732269, Gradient norm: 3.74308012
INFO:root:At the start of the epoch: mem (CPU python)=9271.3125MB; mem (CPU total)=12776.515625MB
INFO:root:[   76] Training loss: 0.22686370, Validation loss: 0.23150959, Gradient norm: 3.78524991
INFO:root:At the start of the epoch: mem (CPU python)=9292.4765625MB; mem (CPU total)=12795.27734375MB
INFO:root:[   77] Training loss: 0.22643315, Validation loss: 0.22044356, Gradient norm: 3.74456516
INFO:root:At the start of the epoch: mem (CPU python)=9313.640625MB; mem (CPU total)=12808.30859375MB
INFO:root:[   78] Training loss: 0.22550023, Validation loss: 0.23129019, Gradient norm: 3.72209409
INFO:root:At the start of the epoch: mem (CPU python)=9334.8046875MB; mem (CPU total)=13292.02734375MB
INFO:root:[   79] Training loss: 0.22615013, Validation loss: 0.22709596, Gradient norm: 3.69692076
INFO:root:At the start of the epoch: mem (CPU python)=9355.97265625MB; mem (CPU total)=12853.11328125MB
INFO:root:[   80] Training loss: 0.23431893, Validation loss: 0.22405886, Gradient norm: 4.31058813
INFO:root:At the start of the epoch: mem (CPU python)=9377.1328125MB; mem (CPU total)=12870.92578125MB
INFO:root:[   81] Training loss: 0.22667683, Validation loss: 0.22494029, Gradient norm: 3.77300198
INFO:root:At the start of the epoch: mem (CPU python)=9398.296875MB; mem (CPU total)=12876.37890625MB
INFO:root:[   82] Training loss: 0.22674813, Validation loss: 0.22242688, Gradient norm: 3.78029039
INFO:root:At the start of the epoch: mem (CPU python)=9419.4609375MB; mem (CPU total)=12931.7421875MB
INFO:root:[   83] Training loss: 0.22456413, Validation loss: 0.22344588, Gradient norm: 3.62812773
INFO:root:At the start of the epoch: mem (CPU python)=9440.625MB; mem (CPU total)=12946.6875MB
INFO:root:Learning rate reduced to: 0.0025
INFO:root:[   84] Training loss: 0.22451743, Validation loss: 0.22612187, Gradient norm: 3.72638010
INFO:root:At the start of the epoch: mem (CPU python)=9461.7890625MB; mem (CPU total)=12964.51953125MB
INFO:root:Learning rate reduced to: 0.00125
INFO:root:[   85] Training loss: 0.21140868, Validation loss: 0.20796965, Gradient norm: 3.07810016
INFO:root:At the start of the epoch: mem (CPU python)=9482.95703125MB; mem (CPU total)=13099.015625MB
INFO:root:[   86] Training loss: 0.20479313, Validation loss: 0.20589272, Gradient norm: 3.20003923
INFO:root:At the start of the epoch: mem (CPU python)=9504.12109375MB; mem (CPU total)=13007.76171875MB
INFO:root:[   87] Training loss: 0.20462158, Validation loss: 0.20614424, Gradient norm: 3.73677775
INFO:root:At the start of the epoch: mem (CPU python)=9525.28515625MB; mem (CPU total)=13018.9296875MB
INFO:root:[   88] Training loss: 0.20462162, Validation loss: 0.20312196, Gradient norm: 4.18931419
INFO:root:At the start of the epoch: mem (CPU python)=9546.44921875MB; mem (CPU total)=13835.7890625MB
INFO:root:[   89] Training loss: 0.20410967, Validation loss: 0.20285721, Gradient norm: 4.43341800
INFO:root:At the start of the epoch: mem (CPU python)=9567.60546875MB; mem (CPU total)=13066.37109375MB
INFO:root:[   90] Training loss: 0.20490071, Validation loss: 0.20570580, Gradient norm: 5.43281885
INFO:root:At the start of the epoch: mem (CPU python)=9588.76953125MB; mem (CPU total)=13077.61328125MB
INFO:root:[   91] Training loss: 0.20450291, Validation loss: 0.20497613, Gradient norm: 5.32812019
INFO:root:At the start of the epoch: mem (CPU python)=9609.9375MB; mem (CPU total)=13899.2421875MB
INFO:root:[   92] Training loss: 0.20557815, Validation loss: 0.20650919, Gradient norm: 6.06335133
INFO:root:At the start of the epoch: mem (CPU python)=9631.1015625MB; mem (CPU total)=13127.1796875MB
INFO:root:[   93] Training loss: 0.20592276, Validation loss: 0.20228994, Gradient norm: 6.38522201
INFO:root:At the start of the epoch: mem (CPU python)=9652.265625MB; mem (CPU total)=13121.9921875MB
INFO:root:[   94] Training loss: 0.20694202, Validation loss: 0.20755152, Gradient norm: 7.13352487
INFO:root:At the start of the epoch: mem (CPU python)=9673.4296875MB; mem (CPU total)=13965.53125MB
INFO:root:[   95] Training loss: 0.20553504, Validation loss: 0.20418829, Gradient norm: 6.43799328
INFO:root:At the start of the epoch: mem (CPU python)=9694.59375MB; mem (CPU total)=13986.671875MB
INFO:root:[   96] Training loss: 0.20585031, Validation loss: 0.20268045, Gradient norm: 6.74291640
INFO:root:At the start of the epoch: mem (CPU python)=9715.76171875MB; mem (CPU total)=13230.9453125MB
INFO:root:[   97] Training loss: 0.20516155, Validation loss: 0.20907647, Gradient norm: 6.80502818
INFO:root:At the start of the epoch: mem (CPU python)=9736.92578125MB; mem (CPU total)=14026.84375MB
INFO:root:[   98] Training loss: 0.20672026, Validation loss: 0.20516247, Gradient norm: 7.66627632
INFO:root:At the start of the epoch: mem (CPU python)=9758.08984375MB; mem (CPU total)=14039.96875MB
INFO:root:[   99] Training loss: 0.20564058, Validation loss: 0.20166644, Gradient norm: 7.30430853
INFO:root:At the start of the epoch: mem (CPU python)=9779.25MB; mem (CPU total)=13498.44921875MB
INFO:root:[  100] Training loss: 0.20541002, Validation loss: 0.20477180, Gradient norm: 7.80327037
INFO:root:At the start of the epoch: mem (CPU python)=9800.4140625MB; mem (CPU total)=14080.03515625MB
INFO:root:[  101] Training loss: 0.20646040, Validation loss: 0.21140844, Gradient norm: 8.09764169
INFO:root:At the start of the epoch: mem (CPU python)=9821.578125MB; mem (CPU total)=14099.9296875MB
INFO:root:[  102] Training loss: 0.20573465, Validation loss: 0.20452086, Gradient norm: 8.20413927
INFO:root:At the start of the epoch: mem (CPU python)=9842.74609375MB; mem (CPU total)=13675.77734375MB
INFO:root:[  103] Training loss: 0.20618943, Validation loss: 0.21921318, Gradient norm: 8.75731036
INFO:root:At the start of the epoch: mem (CPU python)=9863.91015625MB; mem (CPU total)=13365.69921875MB
INFO:root:[  104] Training loss: 0.20665466, Validation loss: 0.20819857, Gradient norm: 8.62629918
INFO:root:At the start of the epoch: mem (CPU python)=9885.07421875MB; mem (CPU total)=14166.32421875MB
INFO:root:[  105] Training loss: 0.20811866, Validation loss: 0.20441890, Gradient norm: 9.33567933
INFO:root:At the start of the epoch: mem (CPU python)=9906.234375MB; mem (CPU total)=14185.234375MB
INFO:root:Learning rate reduced to: 0.000625
INFO:root:[  106] Training loss: 0.20749368, Validation loss: 0.20632865, Gradient norm: 9.22063242
INFO:root:At the start of the epoch: mem (CPU python)=9927.40234375MB; mem (CPU total)=13414.1640625MB
INFO:root:Learning rate reduced to: 0.0003125
INFO:root:[  107] Training loss: 0.20186590, Validation loss: 0.20152539, Gradient norm: 7.21581985
INFO:root:At the start of the epoch: mem (CPU python)=9948.56640625MB; mem (CPU total)=14228.72265625MB
INFO:root:[  108] Training loss: 0.19829106, Validation loss: 0.19987836, Gradient norm: 5.82433296
INFO:root:At the start of the epoch: mem (CPU python)=9969.7265625MB; mem (CPU total)=14250.5703125MB
INFO:root:[  109] Training loss: 0.19850572, Validation loss: 0.19995077, Gradient norm: 6.48109565
INFO:root:At the start of the epoch: mem (CPU python)=9990.890625MB; mem (CPU total)=13943.328125MB
INFO:root:[  110] Training loss: 0.19819434, Validation loss: 0.19824142, Gradient norm: 7.02353941
INFO:root:At the start of the epoch: mem (CPU python)=10012.0546875MB; mem (CPU total)=14304.484375MB
INFO:root:[  111] Training loss: 0.19840085, Validation loss: 0.20101615, Gradient norm: 7.33682893
INFO:root:At the start of the epoch: mem (CPU python)=10033.21875MB; mem (CPU total)=14319.58203125MB
INFO:root:[  112] Training loss: 0.19810157, Validation loss: 0.19887836, Gradient norm: 7.56676841
INFO:root:At the start of the epoch: mem (CPU python)=10054.38671875MB; mem (CPU total)=14335.0MB
INFO:root:[  113] Training loss: 0.19862375, Validation loss: 0.20082669, Gradient norm: 8.27937266
INFO:root:At the start of the epoch: mem (CPU python)=10075.5546875MB; mem (CPU total)=14354.890625MB
INFO:root:[  114] Training loss: 0.19828929, Validation loss: 0.20162749, Gradient norm: 8.50066854
INFO:root:At the start of the epoch: mem (CPU python)=10096.71875MB; mem (CPU total)=14389.4921875MB
INFO:root:[  115] Training loss: 0.19828503, Validation loss: 0.20122693, Gradient norm: 8.84347759
INFO:root:At the start of the epoch: mem (CPU python)=10117.8828125MB; mem (CPU total)=14397.60546875MB
INFO:root:[  116] Training loss: 0.19877947, Validation loss: 0.20125460, Gradient norm: 9.98417986
INFO:root:At the start of the epoch: mem (CPU python)=10139.046875MB; mem (CPU total)=13631.09765625MB
INFO:root:Learning rate reduced to: 0.00015625
INFO:root:[  117] Training loss: 0.19929626, Validation loss: 0.20016887, Gradient norm: 11.08165087
INFO:root:At the start of the epoch: mem (CPU python)=10160.2109375MB; mem (CPU total)=14440.33203125MB
INFO:root:Learning rate reduced to: 7.8125e-05
INFO:root:[  118] Training loss: 0.19674289, Validation loss: 0.19837353, Gradient norm: 7.37412534
INFO:root:At the start of the epoch: mem (CPU python)=10181.375MB; mem (CPU total)=14475.75MB
INFO:root:[  119] Training loss: 0.19599626, Validation loss: 0.19747208, Gradient norm: 6.03094755
INFO:root:At the start of the epoch: mem (CPU python)=10202.5390625MB; mem (CPU total)=14497.2890625MB
INFO:root:[  120] Training loss: 0.19605063, Validation loss: 0.19658780, Gradient norm: 6.26136911
INFO:root:At the start of the epoch: mem (CPU python)=10223.703125MB; mem (CPU total)=14518.19140625MB
INFO:root:[  121] Training loss: 0.19585290, Validation loss: 0.19662284, Gradient norm: 6.44271703
INFO:root:At the start of the epoch: mem (CPU python)=10244.8671875MB; mem (CPU total)=14524.65625MB
INFO:root:[  122] Training loss: 0.19601959, Validation loss: 0.19757257, Gradient norm: 7.13229802
INFO:root:At the start of the epoch: mem (CPU python)=10266.02734375MB; mem (CPU total)=14547.98828125MB
INFO:root:[  123] Training loss: 0.19601894, Validation loss: 0.19791720, Gradient norm: 7.01550525
INFO:root:At the start of the epoch: mem (CPU python)=10287.19140625MB; mem (CPU total)=14569.46875MB
INFO:root:[  124] Training loss: 0.19607066, Validation loss: 0.19657335, Gradient norm: 7.19029448
INFO:root:At the start of the epoch: mem (CPU python)=10308.35546875MB; mem (CPU total)=14591.390625MB
INFO:root:[  125] Training loss: 0.19622781, Validation loss: 0.19718647, Gradient norm: 7.55545727
INFO:root:At the start of the epoch: mem (CPU python)=10329.5234375MB; mem (CPU total)=13853.2890625MB
INFO:root:[  126] Training loss: 0.19576214, Validation loss: 0.19639290, Gradient norm: 7.51676548
INFO:root:At the start of the epoch: mem (CPU python)=10350.6875MB; mem (CPU total)=13875.3671875MB
INFO:root:[  127] Training loss: 0.19601787, Validation loss: 0.19830267, Gradient norm: 7.83322483
INFO:root:At the start of the epoch: mem (CPU python)=10371.84765625MB; mem (CPU total)=13870.73046875MB
INFO:root:[  128] Training loss: 0.19610947, Validation loss: 0.19737923, Gradient norm: 8.05425867
INFO:root:At the start of the epoch: mem (CPU python)=10393.01171875MB; mem (CPU total)=13880.78515625MB
INFO:root:[  129] Training loss: 0.19611616, Validation loss: 0.19692909, Gradient norm: 8.29710189
INFO:root:At the start of the epoch: mem (CPU python)=10414.17578125MB; mem (CPU total)=13914.05078125MB
INFO:root:[  130] Training loss: 0.19607838, Validation loss: 0.19732601, Gradient norm: 7.77721576
INFO:root:At the start of the epoch: mem (CPU python)=10435.33984375MB; mem (CPU total)=13946.7265625MB
INFO:root:[  131] Training loss: 0.19601153, Validation loss: 0.19702072, Gradient norm: 7.93257799
INFO:root:At the start of the epoch: mem (CPU python)=10456.5078125MB; mem (CPU total)=13949.95703125MB
INFO:root:[  132] Training loss: 0.19600084, Validation loss: 0.19678758, Gradient norm: 8.91573239
INFO:root:At the start of the epoch: mem (CPU python)=10477.671875MB; mem (CPU total)=13980.57421875MB
INFO:root:[  133] Training loss: 0.19612315, Validation loss: 0.19683296, Gradient norm: 8.38781243
INFO:root:At the start of the epoch: mem (CPU python)=10498.8359375MB; mem (CPU total)=14010.15625MB
INFO:root:[  134] Training loss: 0.19590176, Validation loss: 0.19766243, Gradient norm: 8.82015345
INFO:root:At the start of the epoch: mem (CPU python)=10520.0MB; mem (CPU total)=14035.6328125MB
INFO:root:[  135] Training loss: 0.19605806, Validation loss: 0.19699285, Gradient norm: 8.70931116
INFO:root:At the start of the epoch: mem (CPU python)=10541.1640625MB; mem (CPU total)=14034.6484375MB
INFO:root:EP 135: Early stopping
INFO:root:Training for autoregressive step 2 starts now.
INFO:root:Learning rate reduced to: [3.90625e-05]
INFO:root:At the start of the epoch: mem (CPU python)=10562.32421875MB; mem (CPU total)=14071.15625MB
INFO:root:[  137] Training loss: 0.24844185, Validation loss: 0.24758610, Gradient norm: 10.42061448
INFO:root:At the start of the epoch: mem (CPU python)=10583.4921875MB; mem (CPU total)=14075.22265625MB
INFO:root:[  138] Training loss: 0.24627756, Validation loss: 0.24682975, Gradient norm: 10.39463973
INFO:root:At the start of the epoch: mem (CPU python)=10604.65625MB; mem (CPU total)=14130.578125MB
INFO:root:[  139] Training loss: 0.24552432, Validation loss: 0.24573283, Gradient norm: 10.29135828
INFO:root:At the start of the epoch: mem (CPU python)=10625.8203125MB; mem (CPU total)=14129.125MB
INFO:root:[  140] Training loss: 0.24520436, Validation loss: 0.24515911, Gradient norm: 10.31906897
INFO:root:At the start of the epoch: mem (CPU python)=10646.98046875MB; mem (CPU total)=14168.3984375MB
INFO:root:[  141] Training loss: 0.24470208, Validation loss: 0.24585470, Gradient norm: 10.75725784
INFO:root:At the start of the epoch: mem (CPU python)=10668.14453125MB; mem (CPU total)=14176.80859375MB
INFO:root:[  142] Training loss: 0.24430450, Validation loss: 0.24607069, Gradient norm: 10.69611631
INFO:root:At the start of the epoch: mem (CPU python)=10689.3125MB; mem (CPU total)=14184.59765625MB
INFO:root:[  143] Training loss: 0.24403500, Validation loss: 0.24531175, Gradient norm: 11.12047361
INFO:root:At the start of the epoch: mem (CPU python)=10710.4765625MB; mem (CPU total)=14214.57421875MB
INFO:root:[  144] Training loss: 0.24386295, Validation loss: 0.24578778, Gradient norm: 10.86014923
INFO:root:At the start of the epoch: mem (CPU python)=10731.640625MB; mem (CPU total)=14236.18359375MB
INFO:root:[  145] Training loss: 0.24424612, Validation loss: 0.24553477, Gradient norm: 11.02077091
INFO:root:At the start of the epoch: mem (CPU python)=10752.8046875MB; mem (CPU total)=14264.0MB
INFO:root:[  146] Training loss: 0.24356853, Validation loss: 0.24471598, Gradient norm: 11.01984374
INFO:root:At the start of the epoch: mem (CPU python)=10773.96484375MB; mem (CPU total)=14286.9140625MB
INFO:root:[  147] Training loss: 0.24380178, Validation loss: 0.24448789, Gradient norm: 11.37383472
INFO:root:At the start of the epoch: mem (CPU python)=10795.1328125MB; mem (CPU total)=14305.640625MB
INFO:root:[  148] Training loss: 0.24346654, Validation loss: 0.24397336, Gradient norm: 11.43825143
INFO:root:At the start of the epoch: mem (CPU python)=10816.29296875MB; mem (CPU total)=14303.25MB
INFO:root:[  149] Training loss: 0.24357297, Validation loss: 0.24425100, Gradient norm: 11.39597741
INFO:root:At the start of the epoch: mem (CPU python)=10837.4609375MB; mem (CPU total)=14337.15234375MB
INFO:root:[  150] Training loss: 0.24305254, Validation loss: 0.24374982, Gradient norm: 11.27950923
INFO:root:At the start of the epoch: mem (CPU python)=10858.62890625MB; mem (CPU total)=14358.59765625MB
INFO:root:[  151] Training loss: 0.24328063, Validation loss: 0.24529459, Gradient norm: 11.86016509
INFO:root:At the start of the epoch: mem (CPU python)=10879.79296875MB; mem (CPU total)=14392.03125MB
INFO:root:[  152] Training loss: 0.24298945, Validation loss: 0.24341406, Gradient norm: 11.78956835
INFO:root:At the start of the epoch: mem (CPU python)=10900.95703125MB; mem (CPU total)=14409.5234375MB
INFO:root:[  153] Training loss: 0.24340271, Validation loss: 0.24350782, Gradient norm: 11.65921151
INFO:root:At the start of the epoch: mem (CPU python)=10922.12109375MB; mem (CPU total)=14470.98828125MB
INFO:root:[  154] Training loss: 0.24308195, Validation loss: 0.24397234, Gradient norm: 11.87711313
INFO:root:At the start of the epoch: mem (CPU python)=10943.2890625MB; mem (CPU total)=14506.62109375MB
INFO:root:[  155] Training loss: 0.24244220, Validation loss: 0.24384622, Gradient norm: 12.26170120
INFO:root:At the start of the epoch: mem (CPU python)=10964.44921875MB; mem (CPU total)=14477.4609375MB
INFO:root:[  156] Training loss: 0.24301337, Validation loss: 0.24351298, Gradient norm: 11.91153096
INFO:root:At the start of the epoch: mem (CPU python)=10985.609375MB; mem (CPU total)=14490.87109375MB
INFO:root:[  157] Training loss: 0.24252929, Validation loss: 0.24440078, Gradient norm: 11.94428294
INFO:root:At the start of the epoch: mem (CPU python)=11006.7734375MB; mem (CPU total)=14512.04296875MB
INFO:root:[  158] Training loss: 0.24310846, Validation loss: 0.24359820, Gradient norm: 12.15071379
INFO:root:At the start of the epoch: mem (CPU python)=11027.9375MB; mem (CPU total)=14533.5MB
INFO:root:[  159] Training loss: 0.24267244, Validation loss: 0.24403097, Gradient norm: 12.42465717
INFO:root:At the start of the epoch: mem (CPU python)=11049.10546875MB; mem (CPU total)=14548.7421875MB
INFO:root:[  160] Training loss: 0.24255190, Validation loss: 0.24273592, Gradient norm: 12.63657054
INFO:root:At the start of the epoch: mem (CPU python)=11070.26953125MB; mem (CPU total)=14557.953125MB
INFO:root:[  161] Training loss: 0.24272387, Validation loss: 0.24379395, Gradient norm: 12.70134852
INFO:root:At the start of the epoch: mem (CPU python)=11091.43359375MB; mem (CPU total)=14578.85546875MB
INFO:root:[  162] Training loss: 0.24242334, Validation loss: 0.24308325, Gradient norm: 12.78820702
INFO:root:At the start of the epoch: mem (CPU python)=11112.59765625MB; mem (CPU total)=14605.9921875MB
INFO:root:[  163] Training loss: 0.24260769, Validation loss: 0.24381168, Gradient norm: 12.78347184
INFO:root:At the start of the epoch: mem (CPU python)=11133.76171875MB; mem (CPU total)=14618.78125MB
INFO:root:[  164] Training loss: 0.24257135, Validation loss: 0.24318988, Gradient norm: 12.78638717
INFO:root:At the start of the epoch: mem (CPU python)=11154.9296875MB; mem (CPU total)=14649.4296875MB
INFO:root:[  165] Training loss: 0.24224844, Validation loss: 0.24376381, Gradient norm: 13.06594592
INFO:root:At the start of the epoch: mem (CPU python)=11176.08984375MB; mem (CPU total)=14671.78515625MB
INFO:root:[  166] Training loss: 0.24262329, Validation loss: 0.24299677, Gradient norm: 13.30957335
INFO:root:At the start of the epoch: mem (CPU python)=11197.25390625MB; mem (CPU total)=14690.48828125MB
INFO:root:[  167] Training loss: 0.24238147, Validation loss: 0.24330359, Gradient norm: 13.17935228
INFO:root:At the start of the epoch: mem (CPU python)=11218.421875MB; mem (CPU total)=14716.234375MB
INFO:root:[  168] Training loss: 0.24230373, Validation loss: 0.24333862, Gradient norm: 13.08434243
INFO:root:At the start of the epoch: mem (CPU python)=11239.5859375MB; mem (CPU total)=14776.9375MB
INFO:root:[  169] Training loss: 0.24263855, Validation loss: 0.24311679, Gradient norm: 13.65368000
INFO:root:At the start of the epoch: mem (CPU python)=11260.75MB; mem (CPU total)=14797.76171875MB
INFO:root:EP 169: Early stopping
INFO:root:After finishing all epochs: mem (CPU python)=11281.9140625MB; mem (CPU total)=14784.55078125MB
INFO:root:Training the model took 12077.288s.
INFO:root:Emptying the cuda cache took 0.102s.
INFO:root:Starting evaluation: model SFNO & uncertainty quantification scoring-rule-dropout
INFO:root:Evaluating the model on Validation data.
INFO:root:MSEValidation: 0.38679
INFO:root:EnergyScoreValidation: 0.28664
INFO:root:CRPSValidation: 0.11941
INFO:root:Gaussian NLLValidation: -0.11787
INFO:root:CoverageValidation: 0.9873
INFO:root:IntervalWidthValidation: 1.23649
INFO:root:Evaluating the model on Test data.
INFO:root:MSETest: 0.29777
INFO:root:EnergyScoreTest: 0.21832
INFO:root:CRPSTest: 0.09057
INFO:root:Gaussian NLLTest: -0.4336
INFO:root:CoverageTest: 0.97027
INFO:root:IntervalWidthTest: 0.8473
INFO:root:After validation: mem (CPU python)=11288.59375MB; mem (CPU total)=14779.25MB
INFO:root:###3 out of 3 training parameter combinations ###
INFO:root:Training parameters: {'seed': 123, 'model': 'SFNO', 'uncertainty_quantification': 'scoring-rule-dropout', 'batch_size': 8, 'n_epochs': 1000, 'early_stopping': 10, 'init': 'default', 'learning_rate': 0.005, 'lr_schedule': 'step', 'optimizer': 'adam', 'gradient_clipping': 1, 'layer_normalization': True, 'data_loader_pin_memory': False, 'data_loader_num_workers': 0, 'distributed_training': False, 'alpha': 0.05, 'n_samples_uq': 100, 'weight_decay': 0, 'dropout': 0.01, 'fourier_dropout': None, 'hidden_channels': 32, 'projection_channels': 256, 'lifting_channels': 256, 'n_modes': (32, 32), 'n_samples': 3}
INFO:root:After creating the dataloaders: mem (CPU python)=11288.59375MB; mem (CPU total)=14780.14453125MB
INFO:root:NumberParameters: 284835
INFO:root:GPU memory allocated: 58720256
INFO:root:After setting up the model: mem (CPU python)=11289.2265625MB; mem (CPU total)=14780.14453125MB
INFO:root:Training starts now.
INFO:root:At the start of the epoch: mem (CPU python)=11289.23046875MB; mem (CPU total)=14779.4375MB
INFO:root:[    1] Training loss: 0.63486335, Validation loss: 0.54607502, Gradient norm: 2.19388508
INFO:root:At the start of the epoch: mem (CPU python)=11310.69140625MB; mem (CPU total)=14801.640625MB
INFO:root:[    2] Training loss: 0.54009591, Validation loss: 0.52546190, Gradient norm: 1.16920204
INFO:root:At the start of the epoch: mem (CPU python)=11331.8671875MB; mem (CPU total)=14820.44921875MB
INFO:root:[    3] Training loss: 0.52090631, Validation loss: 0.51039982, Gradient norm: 1.26684033
INFO:root:At the start of the epoch: mem (CPU python)=11353.03125MB; mem (CPU total)=14846.75390625MB
INFO:root:[    4] Training loss: 0.51417041, Validation loss: 0.50722720, Gradient norm: 1.54144434
INFO:root:At the start of the epoch: mem (CPU python)=11374.19921875MB; mem (CPU total)=14866.40234375MB
INFO:root:[    5] Training loss: 0.47324156, Validation loss: 0.44087767, Gradient norm: 1.85955544
INFO:root:At the start of the epoch: mem (CPU python)=11395.36328125MB; mem (CPU total)=14900.1171875MB
INFO:root:[    6] Training loss: 0.43092078, Validation loss: 0.41931034, Gradient norm: 2.13205128
INFO:root:At the start of the epoch: mem (CPU python)=11416.53125MB; mem (CPU total)=14922.5MB
INFO:root:[    7] Training loss: 0.41425444, Validation loss: 0.41443391, Gradient norm: 2.14209070
INFO:root:At the start of the epoch: mem (CPU python)=11437.69140625MB; mem (CPU total)=14925.1953125MB
INFO:root:[    8] Training loss: 0.39558550, Validation loss: 0.38353374, Gradient norm: 2.22247183
INFO:root:At the start of the epoch: mem (CPU python)=11458.85546875MB; mem (CPU total)=14946.6875MB
INFO:root:[    9] Training loss: 0.36631939, Validation loss: 0.35146063, Gradient norm: 2.37089575
INFO:root:At the start of the epoch: mem (CPU python)=11480.0234375MB; mem (CPU total)=14970.27734375MB
INFO:root:[   10] Training loss: 0.34353634, Validation loss: 0.33576303, Gradient norm: 2.37802753
INFO:root:At the start of the epoch: mem (CPU python)=11501.18359375MB; mem (CPU total)=14991.50390625MB
INFO:root:[   11] Training loss: 0.33354834, Validation loss: 0.32619904, Gradient norm: 2.53276724
INFO:root:At the start of the epoch: mem (CPU python)=11522.34765625MB; mem (CPU total)=15011.2109375MB
INFO:root:[   12] Training loss: 0.32406898, Validation loss: 0.31719048, Gradient norm: 2.46650454
INFO:root:At the start of the epoch: mem (CPU python)=11543.51171875MB; mem (CPU total)=15051.80078125MB
INFO:root:[   13] Training loss: 0.31785600, Validation loss: 0.32007176, Gradient norm: 2.46960645
INFO:root:At the start of the epoch: mem (CPU python)=11564.67578125MB; mem (CPU total)=15075.046875MB
INFO:root:[   14] Training loss: 0.31550442, Validation loss: 0.31009392, Gradient norm: 2.62990272
INFO:root:At the start of the epoch: mem (CPU python)=11585.83984375MB; mem (CPU total)=15095.421875MB
INFO:root:[   15] Training loss: 0.31296535, Validation loss: 0.31350116, Gradient norm: 2.55614054
INFO:root:At the start of the epoch: mem (CPU python)=11607.01953125MB; mem (CPU total)=15096.81640625MB
INFO:root:[   16] Training loss: 0.30970654, Validation loss: 0.30676785, Gradient norm: 2.72068994
INFO:root:At the start of the epoch: mem (CPU python)=11628.18359375MB; mem (CPU total)=15120.53515625MB
INFO:root:[   17] Training loss: 0.30421112, Validation loss: 0.30096435, Gradient norm: 2.70625229
INFO:root:At the start of the epoch: mem (CPU python)=11649.34765625MB; mem (CPU total)=15140.86328125MB
INFO:root:[   18] Training loss: 0.30334570, Validation loss: 0.30153622, Gradient norm: 2.69048595
INFO:root:At the start of the epoch: mem (CPU python)=11670.5078125MB; mem (CPU total)=15161.65234375MB
INFO:root:[   19] Training loss: 0.29920371, Validation loss: 0.30522374, Gradient norm: 2.85642440
INFO:root:At the start of the epoch: mem (CPU python)=11691.671875MB; mem (CPU total)=15185.59375MB
INFO:root:[   20] Training loss: 0.29647559, Validation loss: 0.29332093, Gradient norm: 2.79158291
INFO:root:At the start of the epoch: mem (CPU python)=11712.8359375MB; mem (CPU total)=15206.12890625MB
INFO:root:[   21] Training loss: 0.29171814, Validation loss: 0.28556962, Gradient norm: 2.81337610
INFO:root:At the start of the epoch: mem (CPU python)=11734.00390625MB; mem (CPU total)=15227.55859375MB
INFO:root:[   22] Training loss: 0.28561718, Validation loss: 0.28488225, Gradient norm: 3.00327295
INFO:root:At the start of the epoch: mem (CPU python)=11755.16796875MB; mem (CPU total)=15244.86328125MB
INFO:root:[   23] Training loss: 0.28055675, Validation loss: 0.27694579, Gradient norm: 3.01108105
INFO:root:At the start of the epoch: mem (CPU python)=11776.33203125MB; mem (CPU total)=15261.4765625MB
INFO:root:[   24] Training loss: 0.27498319, Validation loss: 0.26723268, Gradient norm: 3.22110813
INFO:root:At the start of the epoch: mem (CPU python)=11797.49609375MB; mem (CPU total)=15285.359375MB
INFO:root:[   25] Training loss: 0.26974171, Validation loss: 0.26721655, Gradient norm: 3.15478046
INFO:root:At the start of the epoch: mem (CPU python)=11818.6640625MB; mem (CPU total)=15311.16796875MB
INFO:root:[   26] Training loss: 0.26553890, Validation loss: 0.26290549, Gradient norm: 3.18725601
INFO:root:At the start of the epoch: mem (CPU python)=11839.828125MB; mem (CPU total)=15332.46875MB
INFO:root:[   27] Training loss: 0.26149887, Validation loss: 0.25669607, Gradient norm: 3.30417888
INFO:root:At the start of the epoch: mem (CPU python)=11860.98828125MB; mem (CPU total)=15353.3046875MB
INFO:root:[   28] Training loss: 0.26150262, Validation loss: 0.27172337, Gradient norm: 3.31827113
INFO:root:At the start of the epoch: mem (CPU python)=11882.1484375MB; mem (CPU total)=15376.015625MB
INFO:root:[   29] Training loss: 0.25667213, Validation loss: 0.25148748, Gradient norm: 3.20353202
INFO:root:At the start of the epoch: mem (CPU python)=11903.3125MB; mem (CPU total)=15397.72265625MB
INFO:root:[   30] Training loss: 0.25411406, Validation loss: 0.25394992, Gradient norm: 3.27694343
INFO:root:At the start of the epoch: mem (CPU python)=11924.4765625MB; mem (CPU total)=15413.73828125MB
INFO:root:[   31] Training loss: 0.25313094, Validation loss: 0.25016754, Gradient norm: 3.33661314
INFO:root:At the start of the epoch: mem (CPU python)=11945.64453125MB; mem (CPU total)=15437.1875MB
INFO:root:[   32] Training loss: 0.25143433, Validation loss: 0.25166338, Gradient norm: 3.20832698
INFO:root:At the start of the epoch: mem (CPU python)=11966.80859375MB; mem (CPU total)=15465.3828125MB
INFO:root:[   33] Training loss: 0.25133803, Validation loss: 0.24591189, Gradient norm: 3.31733829
INFO:root:At the start of the epoch: mem (CPU python)=11987.97265625MB; mem (CPU total)=15484.61328125MB
INFO:root:[   34] Training loss: 0.25070616, Validation loss: 0.24731576, Gradient norm: 3.25930340
INFO:root:At the start of the epoch: mem (CPU python)=12009.13671875MB; mem (CPU total)=15275.875MB
INFO:root:[   35] Training loss: 0.24732283, Validation loss: 0.24693624, Gradient norm: 3.20251418
INFO:root:At the start of the epoch: mem (CPU python)=12030.30078125MB; mem (CPU total)=15533.58984375MB
INFO:root:[   36] Training loss: 0.24692955, Validation loss: 0.24352556, Gradient norm: 3.20751757
INFO:root:At the start of the epoch: mem (CPU python)=12051.4609375MB; mem (CPU total)=15556.51171875MB
INFO:root:[   37] Training loss: 0.24577632, Validation loss: 0.24834921, Gradient norm: 3.11111792
INFO:root:At the start of the epoch: mem (CPU python)=12072.62890625MB; mem (CPU total)=15584.31640625MB
INFO:root:[   38] Training loss: 0.24526830, Validation loss: 0.24715032, Gradient norm: 3.08366773
INFO:root:At the start of the epoch: mem (CPU python)=12093.79296875MB; mem (CPU total)=15606.046875MB
INFO:root:[   39] Training loss: 0.24229321, Validation loss: 0.23855329, Gradient norm: 3.06535780
INFO:root:At the start of the epoch: mem (CPU python)=12114.95703125MB; mem (CPU total)=15629.796875MB
INFO:root:[   40] Training loss: 0.24169998, Validation loss: 0.26822328, Gradient norm: 3.02211596
INFO:root:At the start of the epoch: mem (CPU python)=12136.12109375MB; mem (CPU total)=15636.765625MB
INFO:root:[   41] Training loss: 0.24248729, Validation loss: 0.24311801, Gradient norm: 3.06458885
INFO:root:At the start of the epoch: mem (CPU python)=12157.2890625MB; mem (CPU total)=15657.5078125MB
INFO:root:[   42] Training loss: 0.24090407, Validation loss: 0.23908458, Gradient norm: 3.08072488
INFO:root:At the start of the epoch: mem (CPU python)=12178.44921875MB; mem (CPU total)=15677.953125MB
INFO:root:[   43] Training loss: 0.23897206, Validation loss: 0.24691454, Gradient norm: 3.09295541
INFO:root:At the start of the epoch: mem (CPU python)=12199.6171875MB; mem (CPU total)=15700.60546875MB
INFO:root:[   44] Training loss: 0.23855894, Validation loss: 0.23359513, Gradient norm: 3.13728152
INFO:root:At the start of the epoch: mem (CPU python)=12220.78125MB; mem (CPU total)=15722.82421875MB
INFO:root:[   45] Training loss: 0.23680640, Validation loss: 0.23047149, Gradient norm: 3.05753826
INFO:root:At the start of the epoch: mem (CPU python)=12241.9453125MB; mem (CPU total)=15750.36328125MB
INFO:root:[   46] Training loss: 0.23561184, Validation loss: 0.23251873, Gradient norm: 3.02672769
INFO:root:At the start of the epoch: mem (CPU python)=12263.10546875MB; mem (CPU total)=15770.35546875MB
INFO:root:[   47] Training loss: 0.23561402, Validation loss: 0.23789444, Gradient norm: 3.15047977
INFO:root:At the start of the epoch: mem (CPU python)=12284.26953125MB; mem (CPU total)=15782.55078125MB
INFO:root:[   48] Training loss: 0.23563354, Validation loss: 0.24391067, Gradient norm: 3.21231535
INFO:root:At the start of the epoch: mem (CPU python)=12305.4375MB; mem (CPU total)=15804.96875MB
INFO:root:[   49] Training loss: 0.23421038, Validation loss: 0.24399546, Gradient norm: 3.07098947
INFO:root:At the start of the epoch: mem (CPU python)=12326.6015625MB; mem (CPU total)=15827.8671875MB
INFO:root:[   50] Training loss: 0.23350457, Validation loss: 0.24444283, Gradient norm: 3.05593871
INFO:root:At the start of the epoch: mem (CPU python)=12347.765625MB; mem (CPU total)=15848.74609375MB
INFO:root:[   51] Training loss: 0.23252400, Validation loss: 0.23894687, Gradient norm: 3.06805061
INFO:root:At the start of the epoch: mem (CPU python)=12368.9296875MB; mem (CPU total)=15867.98046875MB
INFO:root:[   52] Training loss: 0.23189046, Validation loss: 0.23383723, Gradient norm: 3.03230372
INFO:root:At the start of the epoch: mem (CPU python)=12390.09765625MB; mem (CPU total)=15889.671875MB
INFO:root:[   53] Training loss: 0.23225284, Validation loss: 0.23836257, Gradient norm: 3.08840742
INFO:root:At the start of the epoch: mem (CPU python)=12411.26171875MB; mem (CPU total)=15911.9765625MB
INFO:root:[   54] Training loss: 0.22938246, Validation loss: 0.22503216, Gradient norm: 3.09460250
INFO:root:At the start of the epoch: mem (CPU python)=12432.42578125MB; mem (CPU total)=15932.21875MB
INFO:root:[   55] Training loss: 0.22886381, Validation loss: 0.22693373, Gradient norm: 3.06798777
INFO:root:At the start of the epoch: mem (CPU python)=12453.5859375MB; mem (CPU total)=15951.4453125MB
INFO:root:[   56] Training loss: 0.22772164, Validation loss: 0.23292620, Gradient norm: 3.13341421
INFO:root:At the start of the epoch: mem (CPU python)=12474.75MB; mem (CPU total)=15973.46875MB
INFO:root:[   57] Training loss: 0.22887497, Validation loss: 0.22454195, Gradient norm: 3.13346634
INFO:root:At the start of the epoch: mem (CPU python)=12495.9140625MB; mem (CPU total)=15999.75390625MB
INFO:root:[   58] Training loss: 0.22832734, Validation loss: 0.22361088, Gradient norm: 3.12901756
INFO:root:At the start of the epoch: mem (CPU python)=12517.078125MB; mem (CPU total)=16020.08203125MB
INFO:root:[   59] Training loss: 0.22573206, Validation loss: 0.22254901, Gradient norm: 3.12185611
INFO:root:At the start of the epoch: mem (CPU python)=12538.2421875MB; mem (CPU total)=16039.234375MB
INFO:root:[   60] Training loss: 0.22552903, Validation loss: 0.22773412, Gradient norm: 3.20104804
INFO:root:At the start of the epoch: mem (CPU python)=12559.40625MB; mem (CPU total)=16059.34765625MB
INFO:root:[   61] Training loss: 0.22518528, Validation loss: 0.22233356, Gradient norm: 3.12164797
INFO:root:At the start of the epoch: mem (CPU python)=12580.5703125MB; mem (CPU total)=16080.453125MB
INFO:root:[   62] Training loss: 0.22399167, Validation loss: 0.21909693, Gradient norm: 3.20772664
INFO:root:At the start of the epoch: mem (CPU python)=12601.734375MB; mem (CPU total)=16119.15625MB
INFO:root:[   63] Training loss: 0.22350909, Validation loss: 0.22312963, Gradient norm: 3.18278083
INFO:root:At the start of the epoch: mem (CPU python)=12622.8984375MB; mem (CPU total)=16140.515625MB
INFO:root:[   64] Training loss: 0.22285100, Validation loss: 0.21823786, Gradient norm: 3.15580576
INFO:root:At the start of the epoch: mem (CPU python)=12644.0625MB; mem (CPU total)=16146.26171875MB
INFO:root:[   65] Training loss: 0.22270747, Validation loss: 0.22479214, Gradient norm: 3.22789029
INFO:root:At the start of the epoch: mem (CPU python)=12665.22265625MB; mem (CPU total)=16168.625MB
INFO:root:[   66] Training loss: 0.22137090, Validation loss: 0.22098550, Gradient norm: 3.25496412
INFO:root:At the start of the epoch: mem (CPU python)=12686.38671875MB; mem (CPU total)=16190.6171875MB
INFO:root:[   67] Training loss: 0.22384056, Validation loss: 0.22436286, Gradient norm: 3.33046810
INFO:root:At the start of the epoch: mem (CPU python)=12707.5546875MB; mem (CPU total)=16212.15234375MB
INFO:root:[   68] Training loss: 0.22166833, Validation loss: 0.21807095, Gradient norm: 3.31084284
INFO:root:At the start of the epoch: mem (CPU python)=12728.71875MB; mem (CPU total)=16235.58984375MB
INFO:root:[   69] Training loss: 0.22189695, Validation loss: 0.21975798, Gradient norm: 3.32536375
INFO:root:At the start of the epoch: mem (CPU python)=12749.8828125MB; mem (CPU total)=16254.515625MB
INFO:root:[   70] Training loss: 0.22211148, Validation loss: 0.22370069, Gradient norm: 3.35485768
INFO:root:At the start of the epoch: mem (CPU python)=12771.05078125MB; mem (CPU total)=16276.71875MB
INFO:root:[   71] Training loss: 0.22054111, Validation loss: 0.22474477, Gradient norm: 3.36683431
INFO:root:At the start of the epoch: mem (CPU python)=12792.21484375MB; mem (CPU total)=16300.64453125MB
INFO:root:[   72] Training loss: 0.21944774, Validation loss: 0.21966880, Gradient norm: 3.33801013
INFO:root:At the start of the epoch: mem (CPU python)=12813.37890625MB; mem (CPU total)=16327.2890625MB
INFO:root:[   73] Training loss: 0.21993689, Validation loss: 0.22083545, Gradient norm: 3.37840403
INFO:root:At the start of the epoch: mem (CPU python)=12834.54296875MB; mem (CPU total)=16348.80859375MB
INFO:root:[   74] Training loss: 0.21934460, Validation loss: 0.21626755, Gradient norm: 3.35444653
INFO:root:At the start of the epoch: mem (CPU python)=12855.703125MB; mem (CPU total)=16361.8515625MB
INFO:root:[   75] Training loss: 0.22048118, Validation loss: 0.22479429, Gradient norm: 3.43916105
INFO:root:At the start of the epoch: mem (CPU python)=12876.8671875MB; mem (CPU total)=16384.33203125MB
INFO:root:[   76] Training loss: 0.21938812, Validation loss: 0.22197508, Gradient norm: 3.47082871
INFO:root:At the start of the epoch: mem (CPU python)=12898.03125MB; mem (CPU total)=16400.13671875MB
INFO:root:[   77] Training loss: 0.21833467, Validation loss: 0.21950706, Gradient norm: 3.43224094
INFO:root:At the start of the epoch: mem (CPU python)=12919.1953125MB; mem (CPU total)=16421.73046875MB
INFO:root:[   78] Training loss: 0.21783212, Validation loss: 0.21575725, Gradient norm: 3.41904443
INFO:root:At the start of the epoch: mem (CPU python)=12940.359375MB; mem (CPU total)=16444.140625MB
INFO:root:[   79] Training loss: 0.21945526, Validation loss: 0.21352399, Gradient norm: 3.35154300
INFO:root:At the start of the epoch: mem (CPU python)=12961.5234375MB; mem (CPU total)=16458.14453125MB
INFO:root:[   80] Training loss: 0.21764203, Validation loss: 0.21644094, Gradient norm: 3.50913421
INFO:root:At the start of the epoch: mem (CPU python)=12982.6875MB; mem (CPU total)=16476.39453125MB
INFO:root:[   81] Training loss: 0.21692357, Validation loss: 0.21144807, Gradient norm: 3.39125283
INFO:root:At the start of the epoch: mem (CPU python)=13003.8515625MB; mem (CPU total)=16501.66015625MB
INFO:root:[   82] Training loss: 0.21763682, Validation loss: 0.21762670, Gradient norm: 3.50911915
INFO:root:At the start of the epoch: mem (CPU python)=13025.01953125MB; mem (CPU total)=16524.40234375MB
INFO:root:[   83] Training loss: 0.21742493, Validation loss: 0.22017282, Gradient norm: 3.53323134
INFO:root:At the start of the epoch: mem (CPU python)=13046.1796875MB; mem (CPU total)=16546.48046875MB
INFO:root:[   84] Training loss: 0.21767054, Validation loss: 0.21827432, Gradient norm: 3.54538904
INFO:root:At the start of the epoch: mem (CPU python)=13067.34375MB; mem (CPU total)=16566.3203125MB
INFO:root:[   85] Training loss: 0.21748729, Validation loss: 0.21670195, Gradient norm: 3.39297100
INFO:root:At the start of the epoch: mem (CPU python)=13088.5078125MB; mem (CPU total)=16588.83984375MB
INFO:root:[   86] Training loss: 0.21539495, Validation loss: 0.22628147, Gradient norm: 3.51066276
INFO:root:At the start of the epoch: mem (CPU python)=13109.67578125MB; mem (CPU total)=16636.46484375MB
INFO:root:[   87] Training loss: 0.21667950, Validation loss: 0.23256160, Gradient norm: 3.45122840
INFO:root:At the start of the epoch: mem (CPU python)=13130.83984375MB; mem (CPU total)=16656.43359375MB
INFO:root:Learning rate reduced to: 0.0025
INFO:root:[   88] Training loss: 0.21571139, Validation loss: 0.21257699, Gradient norm: 3.61179858
INFO:root:At the start of the epoch: mem (CPU python)=13152.00390625MB; mem (CPU total)=16678.9375MB
INFO:root:Learning rate reduced to: 0.00125
INFO:root:[   89] Training loss: 0.20503712, Validation loss: 0.20188659, Gradient norm: 2.85582273
INFO:root:At the start of the epoch: mem (CPU python)=13173.171875MB; mem (CPU total)=16681.84375MB
INFO:root:[   90] Training loss: 0.19915441, Validation loss: 0.20008536, Gradient norm: 2.49462887
INFO:root:At the start of the epoch: mem (CPU python)=13194.3359375MB; mem (CPU total)=16704.7578125MB
INFO:root:[   91] Training loss: 0.19908333, Validation loss: 0.19879978, Gradient norm: 3.10367578
INFO:root:At the start of the epoch: mem (CPU python)=13215.5MB; mem (CPU total)=16721.85546875MB
INFO:root:[   92] Training loss: 0.19778483, Validation loss: 0.19920802, Gradient norm: 3.27171470
INFO:root:At the start of the epoch: mem (CPU python)=13236.66796875MB; mem (CPU total)=16739.515625MB
INFO:root:[   93] Training loss: 0.19859162, Validation loss: 0.20070572, Gradient norm: 3.84061154
INFO:root:At the start of the epoch: mem (CPU python)=13257.82421875MB; mem (CPU total)=16761.17578125MB
INFO:root:[   94] Training loss: 0.19849401, Validation loss: 0.19728631, Gradient norm: 4.20017450
INFO:root:At the start of the epoch: mem (CPU python)=13278.9921875MB; mem (CPU total)=16796.64453125MB
INFO:root:[   95] Training loss: 0.19888650, Validation loss: 0.19826063, Gradient norm: 4.98815756
INFO:root:At the start of the epoch: mem (CPU python)=13300.15234375MB; mem (CPU total)=16818.30078125MB
INFO:root:[   96] Training loss: 0.19935248, Validation loss: 0.19838410, Gradient norm: 5.39346190
INFO:root:At the start of the epoch: mem (CPU python)=13321.31640625MB; mem (CPU total)=16816.73046875MB
INFO:root:[   97] Training loss: 0.19883359, Validation loss: 0.20032383, Gradient norm: 5.10842982
INFO:root:At the start of the epoch: mem (CPU python)=13342.48046875MB; mem (CPU total)=16837.71875MB
INFO:root:[   98] Training loss: 0.19982679, Validation loss: 0.19961251, Gradient norm: 6.04784508
INFO:root:At the start of the epoch: mem (CPU python)=13363.64453125MB; mem (CPU total)=16861.640625MB
INFO:root:[   99] Training loss: 0.19940373, Validation loss: 0.20798563, Gradient norm: 6.01916192
INFO:root:At the start of the epoch: mem (CPU python)=13384.8125MB; mem (CPU total)=16884.515625MB
INFO:root:[  100] Training loss: 0.20040070, Validation loss: 0.19827667, Gradient norm: 6.55976639
INFO:root:At the start of the epoch: mem (CPU python)=13405.9765625MB; mem (CPU total)=16906.06640625MB
INFO:root:Learning rate reduced to: 0.000625
INFO:root:[  101] Training loss: 0.20004684, Validation loss: 0.20030209, Gradient norm: 6.59753941
INFO:root:At the start of the epoch: mem (CPU python)=13427.14453125MB; mem (CPU total)=16921.1328125MB
INFO:root:Learning rate reduced to: 0.0003125
INFO:root:[  102] Training loss: 0.19621187, Validation loss: 0.19549183, Gradient norm: 4.69793019
INFO:root:At the start of the epoch: mem (CPU python)=13448.3046875MB; mem (CPU total)=16943.30078125MB
INFO:root:[  103] Training loss: 0.19426198, Validation loss: 0.19426234, Gradient norm: 3.66025673
INFO:root:At the start of the epoch: mem (CPU python)=13469.46484375MB; mem (CPU total)=16970.50390625MB
INFO:root:[  104] Training loss: 0.19412386, Validation loss: 0.19441905, Gradient norm: 4.30221239
INFO:root:At the start of the epoch: mem (CPU python)=13490.62890625MB; mem (CPU total)=17004.94140625MB
INFO:root:[  105] Training loss: 0.19395315, Validation loss: 0.19857245, Gradient norm: 4.69248981
INFO:root:At the start of the epoch: mem (CPU python)=13511.796875MB; mem (CPU total)=17026.43359375MB
INFO:root:[  106] Training loss: 0.19392019, Validation loss: 0.19472533, Gradient norm: 5.07777317
INFO:root:At the start of the epoch: mem (CPU python)=13532.9609375MB; mem (CPU total)=17030.64453125MB
INFO:root:[  107] Training loss: 0.19413483, Validation loss: 0.19502520, Gradient norm: 4.75203193
INFO:root:At the start of the epoch: mem (CPU python)=13554.125MB; mem (CPU total)=17056.5703125MB
INFO:root:[  108] Training loss: 0.19410214, Validation loss: 0.19413288, Gradient norm: 5.47993763
INFO:root:At the start of the epoch: mem (CPU python)=13575.2890625MB; mem (CPU total)=17071.23828125MB
INFO:root:[  109] Training loss: 0.19430445, Validation loss: 0.19605819, Gradient norm: 5.89855280
INFO:root:At the start of the epoch: mem (CPU python)=13596.45703125MB; mem (CPU total)=17091.74609375MB
INFO:root:[  110] Training loss: 0.19424713, Validation loss: 0.19491390, Gradient norm: 5.84954634
INFO:root:At the start of the epoch: mem (CPU python)=13617.6171875MB; mem (CPU total)=17098.9140625MB
INFO:root:[  111] Training loss: 0.19390843, Validation loss: 0.19471453, Gradient norm: 6.35538902
INFO:root:At the start of the epoch: mem (CPU python)=13638.78125MB; mem (CPU total)=17161.8359375MB
INFO:root:[  112] Training loss: 0.19470322, Validation loss: 0.19382764, Gradient norm: 6.85366837
INFO:root:At the start of the epoch: mem (CPU python)=13659.94140625MB; mem (CPU total)=17182.4296875MB
INFO:root:[  113] Training loss: 0.19516658, Validation loss: 0.19465823, Gradient norm: 8.19864799
INFO:root:At the start of the epoch: mem (CPU python)=13681.10546875MB; mem (CPU total)=17178.015625MB
INFO:root:[  114] Training loss: 0.19407315, Validation loss: 0.19728927, Gradient norm: 7.49731050
INFO:root:At the start of the epoch: mem (CPU python)=13702.26953125MB; mem (CPU total)=17200.97265625MB
INFO:root:[  115] Training loss: 0.19437543, Validation loss: 0.19418538, Gradient norm: 7.22270694
INFO:root:At the start of the epoch: mem (CPU python)=13723.4375MB; mem (CPU total)=17209.5390625MB
INFO:root:[  116] Training loss: 0.19445991, Validation loss: 0.19713569, Gradient norm: 7.60437757
INFO:root:At the start of the epoch: mem (CPU python)=13744.6015625MB; mem (CPU total)=17230.75MB
INFO:root:[  117] Training loss: 0.19476636, Validation loss: 0.19596350, Gradient norm: 8.95412412
INFO:root:At the start of the epoch: mem (CPU python)=13765.765625MB; mem (CPU total)=17250.9765625MB
INFO:root:[  118] Training loss: 0.19463116, Validation loss: 0.19881351, Gradient norm: 8.50613187
INFO:root:At the start of the epoch: mem (CPU python)=13786.9296875MB; mem (CPU total)=17283.5234375MB
INFO:root:Learning rate reduced to: 0.00015625
INFO:root:[  119] Training loss: 0.19492579, Validation loss: 0.19413505, Gradient norm: 10.01216898
INFO:root:At the start of the epoch: mem (CPU python)=13808.09375MB; mem (CPU total)=17307.484375MB
INFO:root:Learning rate reduced to: 7.8125e-05
INFO:root:[  120] Training loss: 0.19359014, Validation loss: 0.19466382, Gradient norm: 6.21111476
INFO:root:At the start of the epoch: mem (CPU python)=13829.26171875MB; mem (CPU total)=17341.94140625MB
INFO:root:[  121] Training loss: 0.19264017, Validation loss: 0.19315424, Gradient norm: 4.71058426
INFO:root:At the start of the epoch: mem (CPU python)=13850.421875MB; mem (CPU total)=17362.5MB
INFO:root:[  122] Training loss: 0.19287998, Validation loss: 0.19315807, Gradient norm: 4.81676147
INFO:root:At the start of the epoch: mem (CPU python)=13871.5859375MB; mem (CPU total)=17383.3515625MB
INFO:root:[  123] Training loss: 0.19256380, Validation loss: 0.19352921, Gradient norm: 5.36101069
INFO:root:At the start of the epoch: mem (CPU python)=13892.75MB; mem (CPU total)=17388.54296875MB
INFO:root:[  124] Training loss: 0.19260641, Validation loss: 0.19468272, Gradient norm: 5.42665406
INFO:root:At the start of the epoch: mem (CPU python)=13913.9140625MB; mem (CPU total)=17411.51171875MB
INFO:root:[  125] Training loss: 0.19277751, Validation loss: 0.19342010, Gradient norm: 5.62270890
INFO:root:At the start of the epoch: mem (CPU python)=13935.0859375MB; mem (CPU total)=17430.30859375MB
INFO:root:[  126] Training loss: 0.19249912, Validation loss: 0.19401266, Gradient norm: 5.50023378
INFO:root:At the start of the epoch: mem (CPU python)=13956.25MB; mem (CPU total)=17451.1953125MB
INFO:root:[  127] Training loss: 0.19249316, Validation loss: 0.19343798, Gradient norm: 6.08430967
INFO:root:At the start of the epoch: mem (CPU python)=13977.41015625MB; mem (CPU total)=17478.40625MB
INFO:root:[  128] Training loss: 0.19260423, Validation loss: 0.19364946, Gradient norm: 6.04326604
INFO:root:At the start of the epoch: mem (CPU python)=13998.57421875MB; mem (CPU total)=17500.8046875MB
INFO:root:[  129] Training loss: 0.19226402, Validation loss: 0.19342619, Gradient norm: 5.63792301
INFO:root:At the start of the epoch: mem (CPU python)=14019.73828125MB; mem (CPU total)=17521.0390625MB
INFO:root:[  130] Training loss: 0.19237403, Validation loss: 0.19398706, Gradient norm: 5.78870991
INFO:root:At the start of the epoch: mem (CPU python)=14040.90234375MB; mem (CPU total)=17534.81640625MB
INFO:root:[  131] Training loss: 0.19254803, Validation loss: 0.19272061, Gradient norm: 6.06230919
INFO:root:At the start of the epoch: mem (CPU python)=14062.0625MB; mem (CPU total)=17557.2421875MB
INFO:root:[  132] Training loss: 0.19254744, Validation loss: 0.19351923, Gradient norm: 6.58763199
INFO:root:At the start of the epoch: mem (CPU python)=14083.2265625MB; mem (CPU total)=17577.2265625MB
INFO:root:[  133] Training loss: 0.19232132, Validation loss: 0.19320096, Gradient norm: 5.89172498
INFO:root:At the start of the epoch: mem (CPU python)=14104.390625MB; mem (CPU total)=17600.46484375MB
INFO:root:[  134] Training loss: 0.19252390, Validation loss: 0.19324366, Gradient norm: 6.78932128
INFO:root:At the start of the epoch: mem (CPU python)=14125.5546875MB; mem (CPU total)=17623.12890625MB
INFO:root:[  135] Training loss: 0.19263366, Validation loss: 0.19326350, Gradient norm: 6.86657760
INFO:root:At the start of the epoch: mem (CPU python)=14146.71875MB; mem (CPU total)=17665.5703125MB
INFO:root:[  136] Training loss: 0.19269598, Validation loss: 0.19279151, Gradient norm: 6.64434313
INFO:root:At the start of the epoch: mem (CPU python)=14167.88671875MB; mem (CPU total)=17684.3359375MB
INFO:root:[  137] Training loss: 0.19247460, Validation loss: 0.19344078, Gradient norm: 6.72588035
INFO:root:At the start of the epoch: mem (CPU python)=14189.05078125MB; mem (CPU total)=17695.41796875MB
INFO:root:[  138] Training loss: 0.19267470, Validation loss: 0.19341287, Gradient norm: 7.16216037
INFO:root:At the start of the epoch: mem (CPU python)=14210.21875MB; mem (CPU total)=17714.484375MB
INFO:root:[  139] Training loss: 0.19288347, Validation loss: 0.19370911, Gradient norm: 7.38711269
INFO:root:At the start of the epoch: mem (CPU python)=14231.3828125MB; mem (CPU total)=17736.83984375MB
INFO:root:[  140] Training loss: 0.19281061, Validation loss: 0.19306178, Gradient norm: 7.37177131
INFO:root:At the start of the epoch: mem (CPU python)=14252.54296875MB; mem (CPU total)=17756.53125MB
INFO:root:EP 140: Early stopping
INFO:root:Training for autoregressive step 2 starts now.
INFO:root:Learning rate reduced to: [3.90625e-05]
INFO:root:At the start of the epoch: mem (CPU python)=14273.70703125MB; mem (CPU total)=17775.7890625MB
INFO:root:[  142] Training loss: 0.24030304, Validation loss: 0.24056514, Gradient norm: 9.72299223
INFO:root:At the start of the epoch: mem (CPU python)=14294.87109375MB; mem (CPU total)=17802.33984375MB
INFO:root:[  143] Training loss: 0.23950856, Validation loss: 0.24032574, Gradient norm: 9.70678809
INFO:root:At the start of the epoch: mem (CPU python)=14316.03515625MB; mem (CPU total)=17818.73046875MB
INFO:root:[  144] Training loss: 0.23931378, Validation loss: 0.23961967, Gradient norm: 9.89696236
INFO:root:At the start of the epoch: mem (CPU python)=14337.19921875MB; mem (CPU total)=17849.16015625MB
INFO:root:[  145] Training loss: 0.23886253, Validation loss: 0.23902220, Gradient norm: 10.03265129
INFO:root:At the start of the epoch: mem (CPU python)=14358.3671875MB; mem (CPU total)=17870.7265625MB
INFO:root:[  146] Training loss: 0.23886270, Validation loss: 0.23980137, Gradient norm: 10.15185896
INFO:root:At the start of the epoch: mem (CPU python)=14379.52734375MB; mem (CPU total)=17883.5390625MB
INFO:root:[  147] Training loss: 0.23862529, Validation loss: 0.23976044, Gradient norm: 10.25633632
INFO:root:At the start of the epoch: mem (CPU python)=14400.69140625MB; mem (CPU total)=17905.0703125MB
INFO:root:[  148] Training loss: 0.23848324, Validation loss: 0.23950078, Gradient norm: 10.24395938
INFO:root:At the start of the epoch: mem (CPU python)=14421.85546875MB; mem (CPU total)=17935.58984375MB
INFO:root:[  149] Training loss: 0.23843425, Validation loss: 0.23937783, Gradient norm: 10.12557767
INFO:root:At the start of the epoch: mem (CPU python)=14443.015625MB; mem (CPU total)=17957.37890625MB
INFO:root:[  150] Training loss: 0.23852243, Validation loss: 0.23869498, Gradient norm: 10.08384375
INFO:root:At the start of the epoch: mem (CPU python)=14464.18359375MB; mem (CPU total)=17983.7890625MB
INFO:root:[  151] Training loss: 0.23850170, Validation loss: 0.23889925, Gradient norm: 10.08031213
INFO:root:At the start of the epoch: mem (CPU python)=14485.34765625MB; mem (CPU total)=18019.61328125MB
INFO:root:[  152] Training loss: 0.23810057, Validation loss: 0.23865866, Gradient norm: 10.12700085
INFO:root:At the start of the epoch: mem (CPU python)=14506.51171875MB; mem (CPU total)=18043.015625MB
INFO:root:[  153] Training loss: 0.23814368, Validation loss: 0.23869168, Gradient norm: 10.15602524
INFO:root:At the start of the epoch: mem (CPU python)=14527.67578125MB; mem (CPU total)=18038.15625MB
INFO:root:[  154] Training loss: 0.23819754, Validation loss: 0.23912752, Gradient norm: 9.91662302
INFO:root:At the start of the epoch: mem (CPU python)=14548.83984375MB; mem (CPU total)=18054.5859375MB
INFO:root:[  155] Training loss: 0.23825314, Validation loss: 0.23903995, Gradient norm: 10.54196041
INFO:root:At the start of the epoch: mem (CPU python)=14570.0078125MB; mem (CPU total)=18077.34765625MB
INFO:root:[  156] Training loss: 0.23797972, Validation loss: 0.23881411, Gradient norm: 10.64070318
INFO:root:At the start of the epoch: mem (CPU python)=14591.171875MB; mem (CPU total)=18096.16015625MB
INFO:root:[  157] Training loss: 0.23827687, Validation loss: 0.23874427, Gradient norm: 10.63391403
INFO:root:At the start of the epoch: mem (CPU python)=14612.3359375MB; mem (CPU total)=18122.76171875MB
INFO:root:[  158] Training loss: 0.23785030, Validation loss: 0.23881074, Gradient norm: 10.50058979
INFO:root:At the start of the epoch: mem (CPU python)=14633.5MB; mem (CPU total)=18144.1953125MB
INFO:root:[  159] Training loss: 0.23781283, Validation loss: 0.23901585, Gradient norm: 10.62250373
INFO:root:At the start of the epoch: mem (CPU python)=14654.66015625MB; mem (CPU total)=18167.65625MB
INFO:root:[  160] Training loss: 0.23780168, Validation loss: 0.23950987, Gradient norm: 10.64708518
INFO:root:At the start of the epoch: mem (CPU python)=14675.828125MB; mem (CPU total)=18190.140625MB
INFO:root:[  161] Training loss: 0.23774953, Validation loss: 0.23818731, Gradient norm: 11.14857497
INFO:root:At the start of the epoch: mem (CPU python)=14696.9921875MB; mem (CPU total)=18197.6328125MB
INFO:root:[  162] Training loss: 0.23768795, Validation loss: 0.23811744, Gradient norm: 11.15421476
INFO:root:At the start of the epoch: mem (CPU python)=14718.15625MB; mem (CPU total)=18213.8828125MB
INFO:root:[  163] Training loss: 0.23795718, Validation loss: 0.23825404, Gradient norm: 11.14015056
INFO:root:At the start of the epoch: mem (CPU python)=14739.31640625MB; mem (CPU total)=18234.5078125MB
INFO:root:[  164] Training loss: 0.23770954, Validation loss: 0.23853142, Gradient norm: 11.20491511
INFO:root:At the start of the epoch: mem (CPU python)=14760.48046875MB; mem (CPU total)=18256.4609375MB
INFO:root:[  165] Training loss: 0.23776586, Validation loss: 0.23853326, Gradient norm: 11.22244041
INFO:root:At the start of the epoch: mem (CPU python)=14781.64453125MB; mem (CPU total)=18299.1015625MB
INFO:root:[  166] Training loss: 0.23808822, Validation loss: 0.23875632, Gradient norm: 11.22365661
INFO:root:At the start of the epoch: mem (CPU python)=14802.8125MB; mem (CPU total)=18308.8828125MB
INFO:root:[  167] Training loss: 0.23762708, Validation loss: 0.23882426, Gradient norm: 11.14445316
INFO:root:At the start of the epoch: mem (CPU python)=14823.9765625MB; mem (CPU total)=18317.3671875MB
INFO:root:[  168] Training loss: 0.23755098, Validation loss: 0.23848183, Gradient norm: 11.42547625
INFO:root:At the start of the epoch: mem (CPU python)=14845.140625MB; mem (CPU total)=18341.375MB
INFO:root:[  169] Training loss: 0.23762019, Validation loss: 0.23774612, Gradient norm: 11.47897076
INFO:root:At the start of the epoch: mem (CPU python)=14866.3046875MB; mem (CPU total)=18371.2109375MB
INFO:root:[  170] Training loss: 0.23746531, Validation loss: 0.23826236, Gradient norm: 11.36179231
INFO:root:At the start of the epoch: mem (CPU python)=14887.47265625MB; mem (CPU total)=18380.8125MB
INFO:root:[  171] Training loss: 0.23765709, Validation loss: 0.23826197, Gradient norm: 11.83821367
INFO:root:At the start of the epoch: mem (CPU python)=14908.63671875MB; mem (CPU total)=18402.5234375MB
INFO:root:[  172] Training loss: 0.23802520, Validation loss: 0.23857083, Gradient norm: 11.96238657
INFO:root:At the start of the epoch: mem (CPU python)=14929.80078125MB; mem (CPU total)=18425.8046875MB
INFO:root:[  173] Training loss: 0.23755393, Validation loss: 0.23808762, Gradient norm: 11.99279083
INFO:root:At the start of the epoch: mem (CPU python)=14950.96484375MB; mem (CPU total)=18445.03515625MB
INFO:root:[  174] Training loss: 0.23783561, Validation loss: 0.23843462, Gradient norm: 11.66179397
INFO:root:At the start of the epoch: mem (CPU python)=14972.12890625MB; mem (CPU total)=18460.83984375MB
INFO:root:[  175] Training loss: 0.23748043, Validation loss: 0.23798301, Gradient norm: 11.85020892
INFO:root:At the start of the epoch: mem (CPU python)=14993.29296875MB; mem (CPU total)=18494.1953125MB
INFO:root:[  176] Training loss: 0.23773218, Validation loss: 0.23890447, Gradient norm: 11.96479830
INFO:root:At the start of the epoch: mem (CPU python)=15014.45703125MB; mem (CPU total)=18517.72265625MB
INFO:root:[  177] Training loss: 0.23757645, Validation loss: 0.23832795, Gradient norm: 12.12463736
INFO:root:At the start of the epoch: mem (CPU python)=15035.62109375MB; mem (CPU total)=18531.08984375MB
INFO:root:[  178] Training loss: 0.23738392, Validation loss: 0.23802281, Gradient norm: 12.14428433
INFO:root:At the start of the epoch: mem (CPU python)=15056.78125MB; mem (CPU total)=18596.2109375MB
INFO:root:EP 178: Early stopping
INFO:root:After finishing all epochs: mem (CPU python)=15077.9453125MB; mem (CPU total)=18576.71484375MB
INFO:root:Training the model took 13299.849s.
INFO:root:Emptying the cuda cache took 0.105s.
INFO:root:Starting evaluation: model SFNO & uncertainty quantification scoring-rule-dropout
INFO:root:Evaluating the model on Validation data.
INFO:root:MSEValidation: 0.3595
INFO:root:EnergyScoreValidation: 0.28083
INFO:root:CRPSValidation: 0.11697
INFO:root:Gaussian NLLValidation: -0.1273
INFO:root:CoverageValidation: 0.98495
INFO:root:IntervalWidthValidation: 1.27237
INFO:root:Evaluating the model on Test data.
INFO:root:MSETest: 0.26447
INFO:root:EnergyScoreTest: 0.2072
INFO:root:CRPSTest: 0.08441
INFO:root:Gaussian NLLTest: -0.46792
INFO:root:CoverageTest: 0.97951
INFO:root:IntervalWidthTest: 0.90754
INFO:root:After validation: mem (CPU python)=15084.578125MB; mem (CPU total)=18579.80078125MB
