INFO:root:Starting the logger.
INFO:root:Using cuda.
INFO:root:: mem (CPU python)=579.66015625MB; mem (CPU total)=27427.60546875MB
INFO:root:############### Starting experiment with config file sswe/sfno_dropout_2_2.ini ###############
INFO:root:###1 out of 1 data set parameter combinations ###
INFO:root:Data parameters: {'dataset_name': 'SSWE', 'max_training_set_size': 5000, 'pred_horizon': 1, 'train_horizon': 2, 'stepwise_evaluation': False}
INFO:root:After loading the datasets: mem (CPU python)=590.8828125MB; mem (CPU total)=27432.65234375MB
INFO:root:###1 out of 3 training parameter combinations ###
INFO:root:Training parameters: {'seed': 1234, 'model': 'SFNO', 'uncertainty_quantification': 'dropout', 'batch_size': 32, 'n_epochs': 1000, 'early_stopping': 10, 'init': 'default', 'learning_rate': 0.005, 'lr_schedule': 'step', 'optimizer': 'adam', 'gradient_clipping': 1, 'layer_normalization': True, 'data_loader_pin_memory': False, 'data_loader_num_workers': 0, 'distributed_training': False, 'alpha': 0.05, 'n_samples_uq': 100, 'weight_decay': 0, 'dropout': 0.01, 'fourier_dropout': None, 'hidden_channels': 32, 'projection_channels': 256, 'lifting_channels': 256, 'n_modes': (32, 32), 'n_samples': 3}
INFO:root:After creating the dataloaders: mem (CPU python)=592.125MB; mem (CPU total)=27432.65234375MB
INFO:root:NumberParameters: 284835
INFO:root:GPU memory allocated: 2097152
INFO:root:After setting up the model: mem (CPU python)=2108.55078125MB; mem (CPU total)=28712.91015625MB
INFO:root:Training starts now.
INFO:root:At the start of the epoch: mem (CPU python)=2118.09765625MB; mem (CPU total)=28722.8359375MB
INFO:root:[    1] Training loss: 0.83149700, Validation loss: 0.74367982, Gradient norm: 0.44418131
INFO:root:At the start of the epoch: mem (CPU python)=3087.15234375MB; mem (CPU total)=29452.55078125MB
INFO:root:[    2] Training loss: 0.73632682, Validation loss: 0.73391084, Gradient norm: 0.28117812
INFO:root:At the start of the epoch: mem (CPU python)=3109.81640625MB; mem (CPU total)=29495.7421875MB
INFO:root:[    3] Training loss: 0.73095884, Validation loss: 0.72659463, Gradient norm: 0.22908744
INFO:root:At the start of the epoch: mem (CPU python)=3130.84765625MB; mem (CPU total)=29535.86328125MB
INFO:root:[    4] Training loss: 0.70237561, Validation loss: 0.66858115, Gradient norm: 0.29268440
INFO:root:At the start of the epoch: mem (CPU python)=3151.3203125MB; mem (CPU total)=29574.10546875MB
INFO:root:[    5] Training loss: 0.64124609, Validation loss: 0.60442983, Gradient norm: 0.34054425
INFO:root:At the start of the epoch: mem (CPU python)=3171.1015625MB; mem (CPU total)=29611.796875MB
INFO:root:[    6] Training loss: 0.58269941, Validation loss: 0.57035613, Gradient norm: 0.34851773
INFO:root:At the start of the epoch: mem (CPU python)=3194.92578125MB; mem (CPU total)=29654.33203125MB
INFO:root:[    7] Training loss: 0.55651169, Validation loss: 0.54562420, Gradient norm: 0.33620941
INFO:root:At the start of the epoch: mem (CPU python)=3218.8046875MB; mem (CPU total)=29697.30859375MB
INFO:root:[    8] Training loss: 0.53574364, Validation loss: 0.52642278, Gradient norm: 0.32951960
INFO:root:At the start of the epoch: mem (CPU python)=3240.21484375MB; mem (CPU total)=29737.015625MB
INFO:root:[    9] Training loss: 0.52212990, Validation loss: 0.51951591, Gradient norm: 0.32040356
INFO:root:At the start of the epoch: mem (CPU python)=3261.9296875MB; mem (CPU total)=29762.16796875MB
INFO:root:[   10] Training loss: 0.51330001, Validation loss: 0.50933349, Gradient norm: 0.34811055
INFO:root:At the start of the epoch: mem (CPU python)=3283.08984375MB; mem (CPU total)=29807.03125MB
INFO:root:[   11] Training loss: 0.50423460, Validation loss: 0.50111921, Gradient norm: 0.29450927
INFO:root:At the start of the epoch: mem (CPU python)=3304.25390625MB; mem (CPU total)=29761.5859375MB
INFO:root:[   12] Training loss: 0.49729463, Validation loss: 0.49334403, Gradient norm: 0.32666420
INFO:root:At the start of the epoch: mem (CPU python)=3325.421875MB; mem (CPU total)=29799.54296875MB
INFO:root:[   13] Training loss: 0.48882908, Validation loss: 0.48495027, Gradient norm: 0.31967389
INFO:root:At the start of the epoch: mem (CPU python)=3346.58984375MB; mem (CPU total)=14124.58203125MB
INFO:root:[   14] Training loss: 0.48094714, Validation loss: 0.47906928, Gradient norm: 0.32197830
INFO:root:At the start of the epoch: mem (CPU python)=3367.75390625MB; mem (CPU total)=14171.25390625MB
INFO:root:[   15] Training loss: 0.47343953, Validation loss: 0.47167576, Gradient norm: 0.33393962
INFO:root:At the start of the epoch: mem (CPU python)=3388.91796875MB; mem (CPU total)=14227.6015625MB
INFO:root:[   16] Training loss: 0.46478053, Validation loss: 0.46013883, Gradient norm: 0.32084043
INFO:root:At the start of the epoch: mem (CPU python)=3410.08203125MB; mem (CPU total)=14279.6484375MB
INFO:root:[   17] Training loss: 0.45542807, Validation loss: 0.45541937, Gradient norm: 0.39415972
INFO:root:At the start of the epoch: mem (CPU python)=3431.2421875MB; mem (CPU total)=14344.734375MB
INFO:root:[   18] Training loss: 0.44623770, Validation loss: 0.44526617, Gradient norm: 0.34742555
INFO:root:At the start of the epoch: mem (CPU python)=3452.41015625MB; mem (CPU total)=14396.37890625MB
INFO:root:[   19] Training loss: 0.44023008, Validation loss: 0.44163245, Gradient norm: 0.35518997
INFO:root:At the start of the epoch: mem (CPU python)=3473.56640625MB; mem (CPU total)=14456.875MB
INFO:root:[   20] Training loss: 0.43495719, Validation loss: 0.43657147, Gradient norm: 0.34605131
INFO:root:At the start of the epoch: mem (CPU python)=3494.73046875MB; mem (CPU total)=14514.05859375MB
INFO:root:[   21] Training loss: 0.43167707, Validation loss: 0.43140839, Gradient norm: 0.37298868
INFO:root:At the start of the epoch: mem (CPU python)=3515.8984375MB; mem (CPU total)=14570.30078125MB
INFO:root:[   22] Training loss: 0.42827000, Validation loss: 0.43081255, Gradient norm: 0.34123188
INFO:root:At the start of the epoch: mem (CPU python)=3537.2109375MB; mem (CPU total)=14588.93359375MB
INFO:root:[   23] Training loss: 0.42643802, Validation loss: 0.42844877, Gradient norm: 0.36247212
INFO:root:At the start of the epoch: mem (CPU python)=3558.375MB; mem (CPU total)=14689.3046875MB
INFO:root:[   24] Training loss: 0.42465314, Validation loss: 0.42540844, Gradient norm: 0.38174372
INFO:root:At the start of the epoch: mem (CPU python)=3579.765625MB; mem (CPU total)=14751.56640625MB
INFO:root:[   25] Training loss: 0.42154652, Validation loss: 0.42262670, Gradient norm: 0.33975681
INFO:root:At the start of the epoch: mem (CPU python)=3601.3046875MB; mem (CPU total)=14804.69140625MB
INFO:root:[   26] Training loss: 0.41968323, Validation loss: 0.42080891, Gradient norm: 0.34410664
INFO:root:At the start of the epoch: mem (CPU python)=3622.78125MB; mem (CPU total)=14869.65625MB
INFO:root:[   27] Training loss: 0.41848852, Validation loss: 0.41800836, Gradient norm: 0.34917450
INFO:root:At the start of the epoch: mem (CPU python)=3644.390625MB; mem (CPU total)=14927.63671875MB
INFO:root:[   28] Training loss: 0.41661570, Validation loss: 0.42339290, Gradient norm: 0.34299630
INFO:root:At the start of the epoch: mem (CPU python)=3665.80859375MB; mem (CPU total)=14987.671875MB
INFO:root:[   29] Training loss: 0.41526478, Validation loss: 0.41617727, Gradient norm: 0.34334291
INFO:root:At the start of the epoch: mem (CPU python)=3687.46875MB; mem (CPU total)=15044.68359375MB
INFO:root:[   30] Training loss: 0.41334156, Validation loss: 0.41367964, Gradient norm: 0.34904064
INFO:root:At the start of the epoch: mem (CPU python)=3708.6328125MB; mem (CPU total)=15105.29296875MB
INFO:root:[   31] Training loss: 0.41129369, Validation loss: 0.41230092, Gradient norm: 0.33694313
INFO:root:At the start of the epoch: mem (CPU python)=3729.796875MB; mem (CPU total)=15167.625MB
INFO:root:[   32] Training loss: 0.40939155, Validation loss: 0.40940345, Gradient norm: 0.34140352
INFO:root:At the start of the epoch: mem (CPU python)=3750.96484375MB; mem (CPU total)=15222.94140625MB
INFO:root:[   33] Training loss: 0.40778899, Validation loss: 0.40779666, Gradient norm: 0.34170169
INFO:root:At the start of the epoch: mem (CPU python)=3772.42578125MB; mem (CPU total)=15282.71484375MB
INFO:root:[   34] Training loss: 0.40572005, Validation loss: 0.40732438, Gradient norm: 0.35941822
INFO:root:At the start of the epoch: mem (CPU python)=3793.92578125MB; mem (CPU total)=15341.48046875MB
INFO:root:[   35] Training loss: 0.40361929, Validation loss: 0.40390057, Gradient norm: 0.35260007
INFO:root:At the start of the epoch: mem (CPU python)=3815.09375MB; mem (CPU total)=15402.859375MB
INFO:root:[   36] Training loss: 0.40213765, Validation loss: 0.40257731, Gradient norm: 0.35690447
INFO:root:At the start of the epoch: mem (CPU python)=3836.26953125MB; mem (CPU total)=15456.71484375MB
INFO:root:[   37] Training loss: 0.39957866, Validation loss: 0.40327933, Gradient norm: 0.33251896
INFO:root:At the start of the epoch: mem (CPU python)=3857.44140625MB; mem (CPU total)=15523.1875MB
INFO:root:[   38] Training loss: 0.39834052, Validation loss: 0.40020178, Gradient norm: 0.36311017
INFO:root:At the start of the epoch: mem (CPU python)=3878.71875MB; mem (CPU total)=15579.80078125MB
INFO:root:[   39] Training loss: 0.39736180, Validation loss: 0.39758059, Gradient norm: 0.37752831
INFO:root:At the start of the epoch: mem (CPU python)=3900.15625MB; mem (CPU total)=15639.29296875MB
INFO:root:[   40] Training loss: 0.39513687, Validation loss: 0.40019236, Gradient norm: 0.33337987
INFO:root:At the start of the epoch: mem (CPU python)=3921.6953125MB; mem (CPU total)=15697.390625MB
INFO:root:[   41] Training loss: 0.39468077, Validation loss: 0.39518541, Gradient norm: 0.35678527
INFO:root:At the start of the epoch: mem (CPU python)=3943.25MB; mem (CPU total)=15758.43359375MB
INFO:root:[   42] Training loss: 0.39327229, Validation loss: 0.39420644, Gradient norm: 0.35756202
INFO:root:At the start of the epoch: mem (CPU python)=3964.42578125MB; mem (CPU total)=15817.75390625MB
INFO:root:[   43] Training loss: 0.39230738, Validation loss: 0.39781621, Gradient norm: 0.35469906
INFO:root:At the start of the epoch: mem (CPU python)=3985.7265625MB; mem (CPU total)=15877.3671875MB
INFO:root:[   44] Training loss: 0.39118436, Validation loss: 0.39272094, Gradient norm: 0.36104795
INFO:root:At the start of the epoch: mem (CPU python)=4007.37890625MB; mem (CPU total)=15937.13671875MB
INFO:root:[   45] Training loss: 0.39037987, Validation loss: 0.39158861, Gradient norm: 0.35848260
INFO:root:At the start of the epoch: mem (CPU python)=4029.07421875MB; mem (CPU total)=15995.67578125MB
INFO:root:[   46] Training loss: 0.38926057, Validation loss: 0.38953284, Gradient norm: 0.36371880
INFO:root:At the start of the epoch: mem (CPU python)=4050.546875MB; mem (CPU total)=16057.42578125MB
INFO:root:[   47] Training loss: 0.38788893, Validation loss: 0.39028655, Gradient norm: 0.33546455
INFO:root:At the start of the epoch: mem (CPU python)=4071.375MB; mem (CPU total)=16116.7421875MB
INFO:root:[   48] Training loss: 0.38728961, Validation loss: 0.38805646, Gradient norm: 0.36734674
INFO:root:At the start of the epoch: mem (CPU python)=4091.00390625MB; mem (CPU total)=16174.30859375MB
INFO:root:[   49] Training loss: 0.38617224, Validation loss: 0.38817410, Gradient norm: 0.36388912
INFO:root:At the start of the epoch: mem (CPU python)=4112.64453125MB; mem (CPU total)=16231.92578125MB
INFO:root:[   50] Training loss: 0.38519049, Validation loss: 0.38836257, Gradient norm: 0.35484733
INFO:root:At the start of the epoch: mem (CPU python)=4134.55078125MB; mem (CPU total)=16291.23828125MB
INFO:root:[   51] Training loss: 0.38444166, Validation loss: 0.38673907, Gradient norm: 0.35760626
INFO:root:At the start of the epoch: mem (CPU python)=4155.59375MB; mem (CPU total)=16354.0MB
INFO:root:[   52] Training loss: 0.38395812, Validation loss: 0.38557850, Gradient norm: 0.37153065
INFO:root:At the start of the epoch: mem (CPU python)=4177.01171875MB; mem (CPU total)=16413.2890625MB
INFO:root:[   53] Training loss: 0.38300637, Validation loss: 0.38471019, Gradient norm: 0.36211852
INFO:root:At the start of the epoch: mem (CPU python)=4197.63671875MB; mem (CPU total)=16472.25390625MB
INFO:root:[   54] Training loss: 0.38197867, Validation loss: 0.38556600, Gradient norm: 0.34281082
INFO:root:At the start of the epoch: mem (CPU python)=4219.8046875MB; mem (CPU total)=16534.55859375MB
INFO:root:[   55] Training loss: 0.38130671, Validation loss: 0.38505853, Gradient norm: 0.36686914
INFO:root:At the start of the epoch: mem (CPU python)=4240.890625MB; mem (CPU total)=16593.453125MB
INFO:root:[   56] Training loss: 0.38031819, Validation loss: 0.38287859, Gradient norm: 0.34716662
INFO:root:At the start of the epoch: mem (CPU python)=4262.88671875MB; mem (CPU total)=16650.7421875MB
INFO:root:[   57] Training loss: 0.37995314, Validation loss: 0.38257546, Gradient norm: 0.36672243
INFO:root:At the start of the epoch: mem (CPU python)=4284.37890625MB; mem (CPU total)=16715.23046875MB
INFO:root:[   58] Training loss: 0.37932506, Validation loss: 0.38104536, Gradient norm: 0.36132605
INFO:root:At the start of the epoch: mem (CPU python)=4304.6953125MB; mem (CPU total)=16775.2890625MB
INFO:root:[   59] Training loss: 0.37848753, Validation loss: 0.37944068, Gradient norm: 0.36226805
INFO:root:At the start of the epoch: mem (CPU python)=4326.69140625MB; mem (CPU total)=16833.46875MB
INFO:root:[   60] Training loss: 0.37817549, Validation loss: 0.37929998, Gradient norm: 0.36711638
INFO:root:At the start of the epoch: mem (CPU python)=4348.0078125MB; mem (CPU total)=16890.96875MB
INFO:root:[   61] Training loss: 0.37674481, Validation loss: 0.38167351, Gradient norm: 0.33853979
INFO:root:At the start of the epoch: mem (CPU python)=4369.51171875MB; mem (CPU total)=16903.14453125MB
INFO:root:[   62] Training loss: 0.37660604, Validation loss: 0.37915374, Gradient norm: 0.34535019
INFO:root:At the start of the epoch: mem (CPU python)=4392.2734375MB; mem (CPU total)=17008.05859375MB
INFO:root:[   63] Training loss: 0.37640729, Validation loss: 0.37829130, Gradient norm: 0.40185814
INFO:root:At the start of the epoch: mem (CPU python)=4414.6171875MB; mem (CPU total)=17069.390625MB
INFO:root:[   64] Training loss: 0.37440811, Validation loss: 0.37784777, Gradient norm: 0.31864493
INFO:root:At the start of the epoch: mem (CPU python)=4436.09375MB; mem (CPU total)=17131.3828125MB
INFO:root:[   65] Training loss: 0.37409564, Validation loss: 0.37760320, Gradient norm: 0.36940236
INFO:root:At the start of the epoch: mem (CPU python)=4457.7265625MB; mem (CPU total)=17194.8515625MB
INFO:root:[   66] Training loss: 0.37291683, Validation loss: 0.37565439, Gradient norm: 0.34717092
INFO:root:At the start of the epoch: mem (CPU python)=4479.40234375MB; mem (CPU total)=17252.69140625MB
INFO:root:[   67] Training loss: 0.37189475, Validation loss: 0.37481279, Gradient norm: 0.36304578
INFO:root:At the start of the epoch: mem (CPU python)=4500.58203125MB; mem (CPU total)=17311.9140625MB
INFO:root:[   68] Training loss: 0.37072859, Validation loss: 0.37540165, Gradient norm: 0.37188293
INFO:root:At the start of the epoch: mem (CPU python)=4521.7421875MB; mem (CPU total)=17369.27734375MB
INFO:root:[   69] Training loss: 0.36949907, Validation loss: 0.37186198, Gradient norm: 0.37859058
INFO:root:At the start of the epoch: mem (CPU python)=4542.91796875MB; mem (CPU total)=17431.05078125MB
INFO:root:[   70] Training loss: 0.36833540, Validation loss: 0.37031890, Gradient norm: 0.38204490
INFO:root:At the start of the epoch: mem (CPU python)=4557.8203125MB; mem (CPU total)=17481.37109375MB
INFO:root:[   71] Training loss: 0.36618340, Validation loss: 0.37066740, Gradient norm: 0.37100062
INFO:root:At the start of the epoch: mem (CPU python)=4577.2734375MB; mem (CPU total)=17542.1328125MB
INFO:root:[   72] Training loss: 0.36488368, Validation loss: 0.36854976, Gradient norm: 0.38206321
INFO:root:At the start of the epoch: mem (CPU python)=4598.44921875MB; mem (CPU total)=17603.203125MB
INFO:root:[   73] Training loss: 0.36387805, Validation loss: 0.36667721, Gradient norm: 0.40045721
INFO:root:At the start of the epoch: mem (CPU python)=4619.81640625MB; mem (CPU total)=17662.70703125MB
INFO:root:[   74] Training loss: 0.36122540, Validation loss: 0.36628210, Gradient norm: 0.38077664
INFO:root:At the start of the epoch: mem (CPU python)=4641.5234375MB; mem (CPU total)=17719.16015625MB
INFO:root:[   75] Training loss: 0.35987431, Validation loss: 0.36254182, Gradient norm: 0.39918451
INFO:root:At the start of the epoch: mem (CPU python)=4662.6953125MB; mem (CPU total)=17780.41796875MB
INFO:root:[   76] Training loss: 0.35812768, Validation loss: 0.36410022, Gradient norm: 0.40996873
INFO:root:At the start of the epoch: mem (CPU python)=4683.859375MB; mem (CPU total)=17840.93359375MB
INFO:root:[   77] Training loss: 0.35634769, Validation loss: 0.36120374, Gradient norm: 0.39819478
INFO:root:At the start of the epoch: mem (CPU python)=4705.03125MB; mem (CPU total)=17900.1875MB
INFO:root:[   78] Training loss: 0.35452506, Validation loss: 0.35867357, Gradient norm: 0.40305415
INFO:root:At the start of the epoch: mem (CPU python)=4726.19921875MB; mem (CPU total)=17862.06640625MB
INFO:root:[   79] Training loss: 0.35326045, Validation loss: 0.35740368, Gradient norm: 0.40873149
INFO:root:At the start of the epoch: mem (CPU python)=4747.3671875MB; mem (CPU total)=18020.8203125MB
INFO:root:[   80] Training loss: 0.35227653, Validation loss: 0.35436843, Gradient norm: 0.44723142
INFO:root:At the start of the epoch: mem (CPU python)=4768.53515625MB; mem (CPU total)=18084.80859375MB
INFO:root:[   81] Training loss: 0.35081980, Validation loss: 0.35653032, Gradient norm: 0.43392536
INFO:root:At the start of the epoch: mem (CPU python)=4789.69921875MB; mem (CPU total)=18139.15625MB
INFO:root:[   82] Training loss: 0.34791962, Validation loss: 0.35440234, Gradient norm: 0.41240579
INFO:root:At the start of the epoch: mem (CPU python)=4810.8671875MB; mem (CPU total)=18194.10546875MB
INFO:root:[   83] Training loss: 0.34617194, Validation loss: 0.35121522, Gradient norm: 0.41731220
INFO:root:At the start of the epoch: mem (CPU python)=4832.03515625MB; mem (CPU total)=18255.03515625MB
INFO:root:[   84] Training loss: 0.34570700, Validation loss: 0.35342061, Gradient norm: 0.46425888
INFO:root:At the start of the epoch: mem (CPU python)=4853.203125MB; mem (CPU total)=18317.4296875MB
INFO:root:[   85] Training loss: 0.34410826, Validation loss: 0.34675753, Gradient norm: 0.45001187
INFO:root:At the start of the epoch: mem (CPU python)=4874.37109375MB; mem (CPU total)=18379.9765625MB
INFO:root:[   86] Training loss: 0.34222719, Validation loss: 0.34907185, Gradient norm: 0.44277951
INFO:root:At the start of the epoch: mem (CPU python)=4896.109375MB; mem (CPU total)=18441.078125MB
INFO:root:[   87] Training loss: 0.34153865, Validation loss: 0.34735019, Gradient norm: 0.45442295
INFO:root:At the start of the epoch: mem (CPU python)=4917.28125MB; mem (CPU total)=18502.49609375MB
INFO:root:[   88] Training loss: 0.34035733, Validation loss: 0.34844106, Gradient norm: 0.44689434
INFO:root:At the start of the epoch: mem (CPU python)=4939.015625MB; mem (CPU total)=18561.9375MB
INFO:root:[   89] Training loss: 0.33889197, Validation loss: 0.34382563, Gradient norm: 0.46316734
INFO:root:At the start of the epoch: mem (CPU python)=4960.203125MB; mem (CPU total)=18620.234375MB
INFO:root:[   90] Training loss: 0.33790123, Validation loss: 0.34412198, Gradient norm: 0.45002244
INFO:root:At the start of the epoch: mem (CPU python)=4981.37109375MB; mem (CPU total)=18681.109375MB
INFO:root:[   91] Training loss: 0.33675056, Validation loss: 0.34344545, Gradient norm: 0.44616483
INFO:root:At the start of the epoch: mem (CPU python)=5002.5546875MB; mem (CPU total)=18737.55859375MB
INFO:root:[   92] Training loss: 0.33675305, Validation loss: 0.34163356, Gradient norm: 0.51230436
INFO:root:At the start of the epoch: mem (CPU python)=5023.71875MB; mem (CPU total)=18748.03125MB
INFO:root:[   93] Training loss: 0.33416945, Validation loss: 0.34071257, Gradient norm: 0.44139940
INFO:root:At the start of the epoch: mem (CPU python)=5044.8984375MB; mem (CPU total)=18857.3203125MB
INFO:root:[   94] Training loss: 0.33480524, Validation loss: 0.34110410, Gradient norm: 0.50737469
INFO:root:At the start of the epoch: mem (CPU python)=5066.04296875MB; mem (CPU total)=18922.296875MB
INFO:root:[   95] Training loss: 0.33311822, Validation loss: 0.34080315, Gradient norm: 0.48841401
INFO:root:At the start of the epoch: mem (CPU python)=5087.20703125MB; mem (CPU total)=18981.89453125MB
INFO:root:[   96] Training loss: 0.33264943, Validation loss: 0.33889032, Gradient norm: 0.48619204
INFO:root:At the start of the epoch: mem (CPU python)=5108.37109375MB; mem (CPU total)=19040.72265625MB
INFO:root:[   97] Training loss: 0.33202598, Validation loss: 0.33825579, Gradient norm: 0.52029475
INFO:root:At the start of the epoch: mem (CPU python)=5129.5390625MB; mem (CPU total)=19099.0625MB
INFO:root:[   98] Training loss: 0.33073244, Validation loss: 0.33869491, Gradient norm: 0.47791737
INFO:root:At the start of the epoch: mem (CPU python)=5150.69921875MB; mem (CPU total)=19158.13671875MB
INFO:root:[   99] Training loss: 0.33020631, Validation loss: 0.33854126, Gradient norm: 0.48216296
INFO:root:At the start of the epoch: mem (CPU python)=5171.8671875MB; mem (CPU total)=19217.48828125MB
INFO:root:[  100] Training loss: 0.32925202, Validation loss: 0.33807182, Gradient norm: 0.49215104
INFO:root:At the start of the epoch: mem (CPU python)=5193.03125MB; mem (CPU total)=19239.2109375MB
INFO:root:[  101] Training loss: 0.32957539, Validation loss: 0.33801123, Gradient norm: 0.53300608
INFO:root:At the start of the epoch: mem (CPU python)=5214.1953125MB; mem (CPU total)=19339.8828125MB
INFO:root:[  102] Training loss: 0.32775300, Validation loss: 0.34007591, Gradient norm: 0.49895209
INFO:root:At the start of the epoch: mem (CPU python)=5235.3515625MB; mem (CPU total)=19402.15625MB
INFO:root:[  103] Training loss: 0.32796952, Validation loss: 0.33752865, Gradient norm: 0.52848630
INFO:root:At the start of the epoch: mem (CPU python)=5256.51953125MB; mem (CPU total)=19461.984375MB
INFO:root:[  104] Training loss: 0.32722234, Validation loss: 0.33589960, Gradient norm: 0.52465030
INFO:root:At the start of the epoch: mem (CPU python)=5277.6796875MB; mem (CPU total)=19520.46875MB
INFO:root:[  105] Training loss: 0.32581744, Validation loss: 0.33968150, Gradient norm: 0.48198896
INFO:root:At the start of the epoch: mem (CPU python)=5298.84375MB; mem (CPU total)=19578.84375MB
INFO:root:[  106] Training loss: 0.32539199, Validation loss: 0.33342893, Gradient norm: 0.52379054
INFO:root:At the start of the epoch: mem (CPU python)=5320.01171875MB; mem (CPU total)=19638.3984375MB
INFO:root:[  107] Training loss: 0.32569169, Validation loss: 0.33444755, Gradient norm: 0.53126614
INFO:root:At the start of the epoch: mem (CPU python)=5341.171875MB; mem (CPU total)=19698.9453125MB
INFO:root:[  108] Training loss: 0.32439254, Validation loss: 0.33375592, Gradient norm: 0.53134317
INFO:root:At the start of the epoch: mem (CPU python)=5362.33984375MB; mem (CPU total)=19761.46484375MB
INFO:root:[  109] Training loss: 0.32342490, Validation loss: 0.33423073, Gradient norm: 0.53249898
INFO:root:At the start of the epoch: mem (CPU python)=5383.5078125MB; mem (CPU total)=19821.5234375MB
INFO:root:[  110] Training loss: 0.32390790, Validation loss: 0.33563667, Gradient norm: 0.54611638
INFO:root:At the start of the epoch: mem (CPU python)=5404.66796875MB; mem (CPU total)=19883.99609375MB
INFO:root:[  111] Training loss: 0.32339891, Validation loss: 0.33424239, Gradient norm: 0.54802991
INFO:root:At the start of the epoch: mem (CPU python)=5425.8359375MB; mem (CPU total)=19942.30078125MB
INFO:root:[  112] Training loss: 0.32228852, Validation loss: 0.33191651, Gradient norm: 0.52397788
INFO:root:At the start of the epoch: mem (CPU python)=5447.0MB; mem (CPU total)=20004.19921875MB
INFO:root:[  113] Training loss: 0.32146918, Validation loss: 0.33575704, Gradient norm: 0.53093627
INFO:root:At the start of the epoch: mem (CPU python)=5468.16015625MB; mem (CPU total)=20065.48828125MB
INFO:root:[  114] Training loss: 0.32173004, Validation loss: 0.33435090, Gradient norm: 0.54788937
INFO:root:At the start of the epoch: mem (CPU python)=5489.328125MB; mem (CPU total)=20123.57421875MB
INFO:root:[  115] Training loss: 0.32047431, Validation loss: 0.33241724, Gradient norm: 0.52321398
INFO:root:At the start of the epoch: mem (CPU python)=5510.4921875MB; mem (CPU total)=20183.3828125MB
INFO:root:[  116] Training loss: 0.32102007, Validation loss: 0.33431901, Gradient norm: 0.56691222
INFO:root:At the start of the epoch: mem (CPU python)=5531.65234375MB; mem (CPU total)=20241.71875MB
INFO:root:[  117] Training loss: 0.31968984, Validation loss: 0.33170926, Gradient norm: 0.51148557
INFO:root:At the start of the epoch: mem (CPU python)=5552.8203125MB; mem (CPU total)=20303.75MB
INFO:root:[  118] Training loss: 0.31998075, Validation loss: 0.33367727, Gradient norm: 0.57283330
INFO:root:At the start of the epoch: mem (CPU python)=5573.98046875MB; mem (CPU total)=20364.484375MB
INFO:root:[  119] Training loss: 0.31869760, Validation loss: 0.33308579, Gradient norm: 0.51821508
INFO:root:At the start of the epoch: mem (CPU python)=5595.140625MB; mem (CPU total)=20423.14453125MB
INFO:root:[  120] Training loss: 0.31943251, Validation loss: 0.33034558, Gradient norm: 0.55711943
INFO:root:At the start of the epoch: mem (CPU python)=5616.30859375MB; mem (CPU total)=20484.43359375MB
INFO:root:[  121] Training loss: 0.31811897, Validation loss: 0.33125211, Gradient norm: 0.53549635
INFO:root:At the start of the epoch: mem (CPU python)=5637.47265625MB; mem (CPU total)=20540.5546875MB
INFO:root:[  122] Training loss: 0.31770503, Validation loss: 0.32951398, Gradient norm: 0.53241450
INFO:root:At the start of the epoch: mem (CPU python)=5658.640625MB; mem (CPU total)=20604.51953125MB
INFO:root:[  123] Training loss: 0.31711975, Validation loss: 0.32964343, Gradient norm: 0.53371591
INFO:root:At the start of the epoch: mem (CPU python)=5679.796875MB; mem (CPU total)=20663.31640625MB
INFO:root:[  124] Training loss: 0.31706911, Validation loss: 0.33642753, Gradient norm: 0.56594533
INFO:root:At the start of the epoch: mem (CPU python)=5700.9609375MB; mem (CPU total)=20720.8203125MB
INFO:root:[  125] Training loss: 0.31662264, Validation loss: 0.33287266, Gradient norm: 0.57130929
INFO:root:At the start of the epoch: mem (CPU python)=5722.12890625MB; mem (CPU total)=20783.8203125MB
INFO:root:[  126] Training loss: 0.31575419, Validation loss: 0.33173666, Gradient norm: 0.54213855
INFO:root:At the start of the epoch: mem (CPU python)=5743.296875MB; mem (CPU total)=20846.5859375MB
INFO:root:[  127] Training loss: 0.31537473, Validation loss: 0.33010062, Gradient norm: 0.54828380
INFO:root:At the start of the epoch: mem (CPU python)=5764.4609375MB; mem (CPU total)=20902.9453125MB
INFO:root:[  128] Training loss: 0.31551495, Validation loss: 0.32887293, Gradient norm: 0.56187946
INFO:root:At the start of the epoch: mem (CPU python)=5785.625MB; mem (CPU total)=20960.30859375MB
INFO:root:[  129] Training loss: 0.31559422, Validation loss: 0.32873469, Gradient norm: 0.59913066
INFO:root:At the start of the epoch: mem (CPU python)=5806.859375MB; mem (CPU total)=21018.58984375MB
INFO:root:[  130] Training loss: 0.31443193, Validation loss: 0.33046349, Gradient norm: 0.55415021
INFO:root:At the start of the epoch: mem (CPU python)=5828.25MB; mem (CPU total)=21077.28515625MB
INFO:root:[  131] Training loss: 0.31437890, Validation loss: 0.33068074, Gradient norm: 0.58076548
INFO:root:At the start of the epoch: mem (CPU python)=5850.109375MB; mem (CPU total)=21136.19921875MB
INFO:root:[  132] Training loss: 0.31405802, Validation loss: 0.33282112, Gradient norm: 0.57230600
INFO:root:At the start of the epoch: mem (CPU python)=5871.26953125MB; mem (CPU total)=21193.05859375MB
INFO:root:[  133] Training loss: 0.31339480, Validation loss: 0.32769107, Gradient norm: 0.56825286
INFO:root:At the start of the epoch: mem (CPU python)=5893.1484375MB; mem (CPU total)=21255.38671875MB
INFO:root:[  134] Training loss: 0.31437163, Validation loss: 0.32804287, Gradient norm: 0.62709408
INFO:root:At the start of the epoch: mem (CPU python)=5914.5MB; mem (CPU total)=21316.1953125MB
INFO:root:[  135] Training loss: 0.31350066, Validation loss: 0.32757921, Gradient norm: 0.56062011
INFO:root:At the start of the epoch: mem (CPU python)=5935.69140625MB; mem (CPU total)=21374.875MB
INFO:root:[  136] Training loss: 0.31220333, Validation loss: 0.32681507, Gradient norm: 0.54576923
INFO:root:At the start of the epoch: mem (CPU python)=5957.7265625MB; mem (CPU total)=21434.40234375MB
INFO:root:[  137] Training loss: 0.31237203, Validation loss: 0.32569631, Gradient norm: 0.57718526
INFO:root:At the start of the epoch: mem (CPU python)=5978.89453125MB; mem (CPU total)=21472.49609375MB
INFO:root:[  138] Training loss: 0.31223688, Validation loss: 0.32611286, Gradient norm: 0.56330813
INFO:root:At the start of the epoch: mem (CPU python)=6000.90234375MB; mem (CPU total)=21522.16796875MB
INFO:root:[  139] Training loss: 0.31136820, Validation loss: 0.32692992, Gradient norm: 0.53375412
INFO:root:At the start of the epoch: mem (CPU python)=6022.23046875MB; mem (CPU total)=21574.9609375MB
INFO:root:[  140] Training loss: 0.31175486, Validation loss: 0.32720732, Gradient norm: 0.61792201
INFO:root:At the start of the epoch: mem (CPU python)=6043.984375MB; mem (CPU total)=21627.14453125MB
INFO:root:[  141] Training loss: 0.31172974, Validation loss: 0.32885221, Gradient norm: 0.59582564
INFO:root:At the start of the epoch: mem (CPU python)=6065.44921875MB; mem (CPU total)=21682.03515625MB
INFO:root:[  142] Training loss: 0.31000655, Validation loss: 0.32381001, Gradient norm: 0.52742727
INFO:root:At the start of the epoch: mem (CPU python)=6086.61328125MB; mem (CPU total)=21733.7578125MB
INFO:root:[  143] Training loss: 0.31055146, Validation loss: 0.32814541, Gradient norm: 0.60553475
INFO:root:At the start of the epoch: mem (CPU python)=6108.2265625MB; mem (CPU total)=21782.9765625MB
INFO:root:[  144] Training loss: 0.30950965, Validation loss: 0.32639961, Gradient norm: 0.55410083
INFO:root:At the start of the epoch: mem (CPU python)=6129.38671875MB; mem (CPU total)=21835.16015625MB
INFO:root:[  145] Training loss: 0.31020038, Validation loss: 0.32740075, Gradient norm: 0.59628332
INFO:root:At the start of the epoch: mem (CPU python)=6151.20703125MB; mem (CPU total)=21886.97265625MB
INFO:root:[  146] Training loss: 0.31006831, Validation loss: 0.33016847, Gradient norm: 0.60105975
INFO:root:At the start of the epoch: mem (CPU python)=6172.84375MB; mem (CPU total)=21938.71875MB
INFO:root:[  147] Training loss: 0.30954764, Validation loss: 0.32729159, Gradient norm: 0.59116561
INFO:root:At the start of the epoch: mem (CPU python)=6194.0078125MB; mem (CPU total)=21991.11328125MB
INFO:root:[  148] Training loss: 0.30877878, Validation loss: 0.32590227, Gradient norm: 0.55763673
INFO:root:At the start of the epoch: mem (CPU python)=6215.17578125MB; mem (CPU total)=21996.8046875MB
INFO:root:Learning rate reduced to: 0.0025
INFO:root:[  149] Training loss: 0.30937832, Validation loss: 0.32489918, Gradient norm: 0.61909700
INFO:root:At the start of the epoch: mem (CPU python)=6236.33984375MB; mem (CPU total)=22096.66015625MB
INFO:root:Learning rate reduced to: 0.00125
INFO:root:[  150] Training loss: 0.30116973, Validation loss: 0.31934651, Gradient norm: 0.27486434
INFO:root:At the start of the epoch: mem (CPU python)=6257.50390625MB; mem (CPU total)=22146.99609375MB
INFO:root:[  151] Training loss: 0.29732131, Validation loss: 0.31781701, Gradient norm: 0.22427412
INFO:root:At the start of the epoch: mem (CPU python)=6278.6640625MB; mem (CPU total)=22198.7421875MB
INFO:root:[  152] Training loss: 0.29655694, Validation loss: 0.31921748, Gradient norm: 0.21561861
INFO:root:At the start of the epoch: mem (CPU python)=6299.82421875MB; mem (CPU total)=22249.5703125MB
INFO:root:[  153] Training loss: 0.29641823, Validation loss: 0.31698338, Gradient norm: 0.22013106
INFO:root:At the start of the epoch: mem (CPU python)=6320.98828125MB; mem (CPU total)=22301.953125MB
INFO:root:[  154] Training loss: 0.29588143, Validation loss: 0.31917671, Gradient norm: 0.26087711
INFO:root:At the start of the epoch: mem (CPU python)=6342.15234375MB; mem (CPU total)=22352.26953125MB
INFO:root:[  155] Training loss: 0.29643598, Validation loss: 0.31887782, Gradient norm: 0.24962977
INFO:root:At the start of the epoch: mem (CPU python)=6363.3203125MB; mem (CPU total)=22404.4140625MB
INFO:root:[  156] Training loss: 0.29589979, Validation loss: 0.31707884, Gradient norm: 0.26634179
INFO:root:At the start of the epoch: mem (CPU python)=6384.484375MB; mem (CPU total)=22458.74609375MB
INFO:root:[  157] Training loss: 0.29604590, Validation loss: 0.31773168, Gradient norm: 0.27539457
INFO:root:At the start of the epoch: mem (CPU python)=6405.6484375MB; mem (CPU total)=22509.7265625MB
INFO:root:[  158] Training loss: 0.29549348, Validation loss: 0.31823257, Gradient norm: 0.28819213
INFO:root:At the start of the epoch: mem (CPU python)=6427.19140625MB; mem (CPU total)=22561.72265625MB
INFO:root:[  159] Training loss: 0.29548349, Validation loss: 0.31739500, Gradient norm: 0.30320077
INFO:root:At the start of the epoch: mem (CPU python)=6448.35546875MB; mem (CPU total)=22612.0546875MB
INFO:root:Learning rate reduced to: 0.000625
INFO:root:[  160] Training loss: 0.29557043, Validation loss: 0.31754836, Gradient norm: 0.29854750
INFO:root:At the start of the epoch: mem (CPU python)=6468.7734375MB; mem (CPU total)=22664.203125MB
INFO:root:Learning rate reduced to: 0.0003125
INFO:root:[  161] Training loss: 0.29421954, Validation loss: 0.31695580, Gradient norm: 0.19856233
INFO:root:At the start of the epoch: mem (CPU python)=6490.77734375MB; mem (CPU total)=22716.3359375MB
INFO:root:[  162] Training loss: 0.29282160, Validation loss: 0.31665021, Gradient norm: 0.18092804
INFO:root:At the start of the epoch: mem (CPU python)=6512.58984375MB; mem (CPU total)=22766.49609375MB
INFO:root:[  163] Training loss: 0.29251430, Validation loss: 0.31624906, Gradient norm: 0.16272217
INFO:root:At the start of the epoch: mem (CPU python)=6533.7578125MB; mem (CPU total)=22823.62109375MB
INFO:root:[  164] Training loss: 0.29283095, Validation loss: 0.31614548, Gradient norm: 0.17886051
INFO:root:At the start of the epoch: mem (CPU python)=6554.92578125MB; mem (CPU total)=22876.95703125MB
INFO:root:[  165] Training loss: 0.29265689, Validation loss: 0.31663389, Gradient norm: 0.16863635
INFO:root:At the start of the epoch: mem (CPU python)=6576.14453125MB; mem (CPU total)=22928.0625MB
INFO:root:[  166] Training loss: 0.29240795, Validation loss: 0.31677986, Gradient norm: 0.16433512
INFO:root:At the start of the epoch: mem (CPU python)=6597.43359375MB; mem (CPU total)=22976.29296875MB
INFO:root:[  167] Training loss: 0.29249154, Validation loss: 0.31664125, Gradient norm: 0.18155359
INFO:root:At the start of the epoch: mem (CPU python)=6618.85546875MB; mem (CPU total)=23028.81640625MB
INFO:root:[  168] Training loss: 0.29219762, Validation loss: 0.31772409, Gradient norm: 0.17576422
INFO:root:At the start of the epoch: mem (CPU python)=6640.26953125MB; mem (CPU total)=23082.68359375MB
INFO:root:[  169] Training loss: 0.29244507, Validation loss: 0.31713447, Gradient norm: 0.17078218
INFO:root:At the start of the epoch: mem (CPU python)=6661.515625MB; mem (CPU total)=23132.3125MB
INFO:root:[  170] Training loss: 0.29212603, Validation loss: 0.31661216, Gradient norm: 0.19673772
INFO:root:At the start of the epoch: mem (CPU python)=6682.69140625MB; mem (CPU total)=23184.80078125MB
INFO:root:Learning rate reduced to: 0.00015625
INFO:root:[  171] Training loss: 0.29218972, Validation loss: 0.31726386, Gradient norm: 0.19118614
INFO:root:At the start of the epoch: mem (CPU python)=6704.2421875MB; mem (CPU total)=23238.83984375MB
INFO:root:Learning rate reduced to: 7.8125e-05
INFO:root:[  172] Training loss: 0.29185385, Validation loss: 0.31544180, Gradient norm: 0.15555855
INFO:root:At the start of the epoch: mem (CPU python)=6725.7734375MB; mem (CPU total)=23293.5703125MB
INFO:root:[  173] Training loss: 0.29156877, Validation loss: 0.31572574, Gradient norm: 0.13914476
INFO:root:At the start of the epoch: mem (CPU python)=6746.95703125MB; mem (CPU total)=23343.3046875MB
INFO:root:[  174] Training loss: 0.29137165, Validation loss: 0.31595550, Gradient norm: 0.13259135
INFO:root:At the start of the epoch: mem (CPU python)=6768.12109375MB; mem (CPU total)=23393.69140625MB
INFO:root:[  175] Training loss: 0.29138676, Validation loss: 0.31625532, Gradient norm: 0.13771917
INFO:root:At the start of the epoch: mem (CPU python)=6789.33203125MB; mem (CPU total)=23448.84765625MB
INFO:root:[  176] Training loss: 0.29128651, Validation loss: 0.31578967, Gradient norm: 0.13631758
INFO:root:At the start of the epoch: mem (CPU python)=6810.83984375MB; mem (CPU total)=23499.3046875MB
INFO:root:[  177] Training loss: 0.29155820, Validation loss: 0.31517825, Gradient norm: 0.14049361
INFO:root:At the start of the epoch: mem (CPU python)=6832.0234375MB; mem (CPU total)=23549.50390625MB
INFO:root:[  178] Training loss: 0.29133027, Validation loss: 0.31692386, Gradient norm: 0.13929634
INFO:root:At the start of the epoch: mem (CPU python)=6853.19140625MB; mem (CPU total)=23601.390625MB
INFO:root:[  179] Training loss: 0.29143650, Validation loss: 0.31643704, Gradient norm: 0.14231619
INFO:root:At the start of the epoch: mem (CPU python)=6874.734375MB; mem (CPU total)=23657.2890625MB
INFO:root:[  180] Training loss: 0.29127839, Validation loss: 0.31611686, Gradient norm: 0.14217685
INFO:root:At the start of the epoch: mem (CPU python)=6895.8984375MB; mem (CPU total)=23713.32421875MB
INFO:root:[  181] Training loss: 0.29099451, Validation loss: 0.31585141, Gradient norm: 0.13852326
INFO:root:At the start of the epoch: mem (CPU python)=6917.08203125MB; mem (CPU total)=23763.28515625MB
INFO:root:[  182] Training loss: 0.29083050, Validation loss: 0.31522236, Gradient norm: 0.13741530
INFO:root:At the start of the epoch: mem (CPU python)=6938.2578125MB; mem (CPU total)=23815.9609375MB
INFO:root:[  183] Training loss: 0.29108622, Validation loss: 0.31670430, Gradient norm: 0.14412787
INFO:root:At the start of the epoch: mem (CPU python)=6960.05078125MB; mem (CPU total)=23866.41796875MB
INFO:root:[  184] Training loss: 0.29120745, Validation loss: 0.31658199, Gradient norm: 0.14462588
INFO:root:At the start of the epoch: mem (CPU python)=6981.43359375MB; mem (CPU total)=23917.81640625MB
INFO:root:[  185] Training loss: 0.29095651, Validation loss: 0.31660364, Gradient norm: 0.15142572
INFO:root:At the start of the epoch: mem (CPU python)=7002.7265625MB; mem (CPU total)=23969.1640625MB
INFO:root:[  186] Training loss: 0.29119232, Validation loss: 0.31667480, Gradient norm: 0.14673687
INFO:root:At the start of the epoch: mem (CPU python)=7024.06640625MB; mem (CPU total)=24021.203125MB
INFO:root:EP 186: Early stopping
INFO:root:Training for autoregressive step 2 starts now.
INFO:root:Learning rate reduced to: [3.90625e-05]
INFO:root:At the start of the epoch: mem (CPU python)=7045.23046875MB; mem (CPU total)=24077.32421875MB
INFO:root:[  188] Training loss: 0.37003559, Validation loss: 0.38810811, Gradient norm: 0.30923583
INFO:root:At the start of the epoch: mem (CPU python)=7066.41015625MB; mem (CPU total)=24143.69921875MB
INFO:root:[  189] Training loss: 0.36783155, Validation loss: 0.38613425, Gradient norm: 0.26049192
INFO:root:At the start of the epoch: mem (CPU python)=7087.5703125MB; mem (CPU total)=24218.92578125MB
INFO:root:[  190] Training loss: 0.36726458, Validation loss: 0.38551378, Gradient norm: 0.28317153
INFO:root:At the start of the epoch: mem (CPU python)=7108.73046875MB; mem (CPU total)=24286.2578125MB
INFO:root:[  191] Training loss: 0.36686214, Validation loss: 0.38543364, Gradient norm: 0.26239135
INFO:root:At the start of the epoch: mem (CPU python)=7129.8984375MB; mem (CPU total)=24360.08203125MB
INFO:root:[  192] Training loss: 0.36634642, Validation loss: 0.38561300, Gradient norm: 0.26227165
INFO:root:At the start of the epoch: mem (CPU python)=7151.05859375MB; mem (CPU total)=24429.7265625MB
INFO:root:[  193] Training loss: 0.36545054, Validation loss: 0.38446021, Gradient norm: 0.25196808
INFO:root:At the start of the epoch: mem (CPU python)=7172.23046875MB; mem (CPU total)=24502.86328125MB
INFO:root:[  194] Training loss: 0.36605278, Validation loss: 0.38535101, Gradient norm: 0.23697793
INFO:root:At the start of the epoch: mem (CPU python)=7193.390625MB; mem (CPU total)=24577.421875MB
INFO:root:[  195] Training loss: 0.36525693, Validation loss: 0.38362234, Gradient norm: 0.25356387
INFO:root:At the start of the epoch: mem (CPU python)=7214.5546875MB; mem (CPU total)=24645.34375MB
INFO:root:[  196] Training loss: 0.36555278, Validation loss: 0.38516336, Gradient norm: 0.24767165
INFO:root:At the start of the epoch: mem (CPU python)=7235.71875MB; mem (CPU total)=24716.92578125MB
INFO:root:[  197] Training loss: 0.36487965, Validation loss: 0.38509061, Gradient norm: 0.27343782
INFO:root:At the start of the epoch: mem (CPU python)=7256.88671875MB; mem (CPU total)=24786.05859375MB
INFO:root:[  198] Training loss: 0.36513916, Validation loss: 0.38472090, Gradient norm: 0.25248290
INFO:root:At the start of the epoch: mem (CPU python)=7278.05078125MB; mem (CPU total)=24859.88671875MB
INFO:root:[  199] Training loss: 0.36479889, Validation loss: 0.38398481, Gradient norm: 0.25438548
INFO:root:At the start of the epoch: mem (CPU python)=7299.2109375MB; mem (CPU total)=24930.6015625MB
INFO:root:[  200] Training loss: 0.36455836, Validation loss: 0.38341135, Gradient norm: 0.25043496
INFO:root:At the start of the epoch: mem (CPU python)=7320.375MB; mem (CPU total)=25001.24609375MB
INFO:root:[  201] Training loss: 0.36515806, Validation loss: 0.38463546, Gradient norm: 0.26230587
INFO:root:At the start of the epoch: mem (CPU python)=7341.5390625MB; mem (CPU total)=25077.1015625MB
INFO:root:[  202] Training loss: 0.36461467, Validation loss: 0.38320362, Gradient norm: 0.24054782
INFO:root:At the start of the epoch: mem (CPU python)=7362.703125MB; mem (CPU total)=25143.7890625MB
INFO:root:[  203] Training loss: 0.36388460, Validation loss: 0.38337729, Gradient norm: 0.24235940
INFO:root:At the start of the epoch: mem (CPU python)=7383.86328125MB; mem (CPU total)=25221.5546875MB
INFO:root:[  204] Training loss: 0.36467933, Validation loss: 0.38350861, Gradient norm: 0.24544218
INFO:root:At the start of the epoch: mem (CPU python)=7405.03125MB; mem (CPU total)=25288.76171875MB
INFO:root:[  205] Training loss: 0.36403651, Validation loss: 0.38314443, Gradient norm: 0.25917820
INFO:root:At the start of the epoch: mem (CPU python)=7426.1953125MB; mem (CPU total)=25356.28515625MB
INFO:root:[  206] Training loss: 0.36397372, Validation loss: 0.38250286, Gradient norm: 0.24815512
INFO:root:At the start of the epoch: mem (CPU python)=7447.359375MB; mem (CPU total)=25416.82421875MB
INFO:root:[  207] Training loss: 0.36363541, Validation loss: 0.38299246, Gradient norm: 0.25416340
INFO:root:At the start of the epoch: mem (CPU python)=7468.5234375MB; mem (CPU total)=25477.1015625MB
INFO:root:[  208] Training loss: 0.36317852, Validation loss: 0.38376150, Gradient norm: 0.24830541
INFO:root:At the start of the epoch: mem (CPU python)=7489.6875MB; mem (CPU total)=25538.31640625MB
INFO:root:[  209] Training loss: 0.36353855, Validation loss: 0.38361091, Gradient norm: 0.24925582
INFO:root:At the start of the epoch: mem (CPU python)=7510.85546875MB; mem (CPU total)=25600.90234375MB
INFO:root:[  210] Training loss: 0.36350902, Validation loss: 0.38189163, Gradient norm: 0.24557501
INFO:root:At the start of the epoch: mem (CPU python)=7532.01953125MB; mem (CPU total)=25662.64453125MB
INFO:root:[  211] Training loss: 0.36372947, Validation loss: 0.38178044, Gradient norm: 0.23549403
INFO:root:At the start of the epoch: mem (CPU python)=7553.1796875MB; mem (CPU total)=25723.7890625MB
INFO:root:[  212] Training loss: 0.36352181, Validation loss: 0.38239655, Gradient norm: 0.24693856
INFO:root:At the start of the epoch: mem (CPU python)=7574.34375MB; mem (CPU total)=25782.09765625MB
INFO:root:[  213] Training loss: 0.36326720, Validation loss: 0.38289277, Gradient norm: 0.24054864
INFO:root:At the start of the epoch: mem (CPU python)=7595.5078125MB; mem (CPU total)=25843.71484375MB
INFO:root:[  214] Training loss: 0.36308230, Validation loss: 0.38231197, Gradient norm: 0.25094193
INFO:root:At the start of the epoch: mem (CPU python)=7616.68359375MB; mem (CPU total)=25903.83984375MB
INFO:root:[  215] Training loss: 0.36313150, Validation loss: 0.38214756, Gradient norm: 0.24114863
INFO:root:At the start of the epoch: mem (CPU python)=7637.84765625MB; mem (CPU total)=25964.89453125MB
INFO:root:[  216] Training loss: 0.36274490, Validation loss: 0.38172162, Gradient norm: 0.25728327
INFO:root:At the start of the epoch: mem (CPU python)=7659.01171875MB; mem (CPU total)=26025.92578125MB
INFO:root:[  217] Training loss: 0.36327926, Validation loss: 0.38299270, Gradient norm: 0.24239447
INFO:root:At the start of the epoch: mem (CPU python)=7680.16796875MB; mem (CPU total)=26086.234375MB
INFO:root:[  218] Training loss: 0.36314207, Validation loss: 0.38285181, Gradient norm: 0.23396962
INFO:root:At the start of the epoch: mem (CPU python)=7701.33203125MB; mem (CPU total)=26146.5078125MB
INFO:root:[  219] Training loss: 0.36321862, Validation loss: 0.38277837, Gradient norm: 0.23099610
INFO:root:At the start of the epoch: mem (CPU python)=7722.5MB; mem (CPU total)=26208.03125MB
INFO:root:[  220] Training loss: 0.36263519, Validation loss: 0.38223350, Gradient norm: 0.22697862
INFO:root:At the start of the epoch: mem (CPU python)=7743.66015625MB; mem (CPU total)=26266.76953125MB
INFO:root:[  221] Training loss: 0.36294475, Validation loss: 0.38135387, Gradient norm: 0.22880447
INFO:root:At the start of the epoch: mem (CPU python)=7764.82421875MB; mem (CPU total)=26328.81640625MB
INFO:root:[  222] Training loss: 0.36336266, Validation loss: 0.38143777, Gradient norm: 0.23740562
INFO:root:At the start of the epoch: mem (CPU python)=7785.98828125MB; mem (CPU total)=26394.015625MB
INFO:root:[  223] Training loss: 0.36245331, Validation loss: 0.38211647, Gradient norm: 0.24214001
INFO:root:At the start of the epoch: mem (CPU python)=7807.15234375MB; mem (CPU total)=26456.58203125MB
INFO:root:[  224] Training loss: 0.36231773, Validation loss: 0.38192172, Gradient norm: 0.24844122
INFO:root:At the start of the epoch: mem (CPU python)=7828.3203125MB; mem (CPU total)=26514.13671875MB
INFO:root:[  225] Training loss: 0.36259344, Validation loss: 0.38183585, Gradient norm: 0.24482920
INFO:root:At the start of the epoch: mem (CPU python)=7849.48828125MB; mem (CPU total)=26573.171875MB
INFO:root:[  226] Training loss: 0.36229524, Validation loss: 0.38091772, Gradient norm: 0.23970527
INFO:root:At the start of the epoch: mem (CPU python)=7870.6484375MB; mem (CPU total)=26634.234375MB
INFO:root:[  227] Training loss: 0.36228288, Validation loss: 0.38161795, Gradient norm: 0.24806020
INFO:root:At the start of the epoch: mem (CPU python)=7891.80859375MB; mem (CPU total)=26696.26953125MB
INFO:root:[  228] Training loss: 0.36264095, Validation loss: 0.38226196, Gradient norm: 0.23697724
INFO:root:At the start of the epoch: mem (CPU python)=7912.97265625MB; mem (CPU total)=26756.515625MB
INFO:root:[  229] Training loss: 0.36160415, Validation loss: 0.38138808, Gradient norm: 0.22868403
INFO:root:At the start of the epoch: mem (CPU python)=7934.13671875MB; mem (CPU total)=26817.60546875MB
INFO:root:[  230] Training loss: 0.36260269, Validation loss: 0.38215462, Gradient norm: 0.24736958
INFO:root:At the start of the epoch: mem (CPU python)=7955.3046875MB; mem (CPU total)=26877.1796875MB
INFO:root:[  231] Training loss: 0.36219241, Validation loss: 0.38171765, Gradient norm: 0.25724278
INFO:root:At the start of the epoch: mem (CPU python)=7976.47265625MB; mem (CPU total)=26939.7265625MB
INFO:root:[  232] Training loss: 0.36210950, Validation loss: 0.38186043, Gradient norm: 0.22831804
INFO:root:At the start of the epoch: mem (CPU python)=7997.63671875MB; mem (CPU total)=27003.81640625MB
INFO:root:[  233] Training loss: 0.36203710, Validation loss: 0.38154840, Gradient norm: 0.23668316
INFO:root:At the start of the epoch: mem (CPU python)=8018.80078125MB; mem (CPU total)=27064.37109375MB
INFO:root:[  234] Training loss: 0.36210577, Validation loss: 0.38129317, Gradient norm: 0.23570242
INFO:root:At the start of the epoch: mem (CPU python)=8039.96484375MB; mem (CPU total)=27126.4296875MB
INFO:root:[  235] Training loss: 0.36211960, Validation loss: 0.38130713, Gradient norm: 0.23381956
INFO:root:At the start of the epoch: mem (CPU python)=8061.12890625MB; mem (CPU total)=27190.34765625MB
INFO:root:EP 235: Early stopping
INFO:root:After finishing all epochs: mem (CPU python)=8082.29296875MB; mem (CPU total)=27245.25390625MB
INFO:root:Training the model took 8802.665s.
INFO:root:Emptying the cuda cache took 0.015s.
INFO:root:Starting evaluation: model SFNO & uncertainty quantification dropout
INFO:root:Evaluating the model on Validation data.
INFO:root:MSEValidation: 0.4013
INFO:root:EnergyScoreValidation: 0.30828
INFO:root:CRPSValidation: 0.12563
INFO:root:Gaussian NLLValidation: 0.81675
INFO:root:CoverageValidation: 0.64418
INFO:root:IntervalWidthValidation: 0.38458
INFO:root:Evaluating the model on Test data.
INFO:root:MSETest: 0.31268
INFO:root:EnergyScoreTest: 0.24413
INFO:root:CRPSTest: 0.09709
INFO:root:Gaussian NLLTest: 0.74277
INFO:root:CoverageTest: 0.61013
INFO:root:IntervalWidthTest: 0.26691
INFO:root:After validation: mem (CPU python)=8097.13671875MB; mem (CPU total)=27609.703125MB
INFO:root:###2 out of 3 training parameter combinations ###
INFO:root:Training parameters: {'seed': 12345, 'model': 'SFNO', 'uncertainty_quantification': 'dropout', 'batch_size': 32, 'n_epochs': 1000, 'early_stopping': 10, 'init': 'default', 'learning_rate': 0.005, 'lr_schedule': 'step', 'optimizer': 'adam', 'gradient_clipping': 1, 'layer_normalization': True, 'data_loader_pin_memory': False, 'data_loader_num_workers': 0, 'distributed_training': False, 'alpha': 0.05, 'n_samples_uq': 100, 'weight_decay': 0, 'dropout': 0.01, 'fourier_dropout': None, 'hidden_channels': 32, 'projection_channels': 256, 'lifting_channels': 256, 'n_modes': (32, 32), 'n_samples': 3}
INFO:root:After creating the dataloaders: mem (CPU python)=8097.13671875MB; mem (CPU total)=27613.875MB
INFO:root:NumberParameters: 284835
INFO:root:GPU memory allocated: 176160768
INFO:root:After setting up the model: mem (CPU python)=8097.34375MB; mem (CPU total)=27613.875MB
INFO:root:Training starts now.
INFO:root:At the start of the epoch: mem (CPU python)=8097.34375MB; mem (CPU total)=27615.109375MB
INFO:root:[    1] Training loss: 0.82226426, Validation loss: 0.73808236, Gradient norm: 0.42585365
INFO:root:At the start of the epoch: mem (CPU python)=8121.40625MB; mem (CPU total)=27650.76953125MB
INFO:root:[    2] Training loss: 0.73554774, Validation loss: 0.73258904, Gradient norm: 0.26330115
INFO:root:At the start of the epoch: mem (CPU python)=8143.4609375MB; mem (CPU total)=27682.7734375MB
INFO:root:[    3] Training loss: 0.72936279, Validation loss: 0.73303483, Gradient norm: 0.18738928
INFO:root:At the start of the epoch: mem (CPU python)=8164.63671875MB; mem (CPU total)=27717.484375MB
INFO:root:[    4] Training loss: 0.70082538, Validation loss: 0.66408693, Gradient norm: 0.32228991
INFO:root:At the start of the epoch: mem (CPU python)=8185.80859375MB; mem (CPU total)=27750.2265625MB
INFO:root:[    5] Training loss: 0.63772876, Validation loss: 0.60873130, Gradient norm: 0.33273005
INFO:root:At the start of the epoch: mem (CPU python)=8206.97265625MB; mem (CPU total)=27785.43359375MB
INFO:root:[    6] Training loss: 0.59482296, Validation loss: 0.58261798, Gradient norm: 0.33265576
INFO:root:At the start of the epoch: mem (CPU python)=8228.140625MB; mem (CPU total)=27818.14453125MB
INFO:root:[    7] Training loss: 0.57434327, Validation loss: 0.57020688, Gradient norm: 0.28339246
INFO:root:At the start of the epoch: mem (CPU python)=8249.3046875MB; mem (CPU total)=27853.625MB
INFO:root:[    8] Training loss: 0.56163968, Validation loss: 0.55675359, Gradient norm: 0.28913528
INFO:root:At the start of the epoch: mem (CPU python)=8271.4453125MB; mem (CPU total)=27888.09375MB
INFO:root:[    9] Training loss: 0.55029879, Validation loss: 0.54550582, Gradient norm: 0.29394016
INFO:root:At the start of the epoch: mem (CPU python)=8293.12890625MB; mem (CPU total)=27920.8046875MB
INFO:root:[   10] Training loss: 0.53918571, Validation loss: 0.53167934, Gradient norm: 0.30863640
INFO:root:At the start of the epoch: mem (CPU python)=8314.29296875MB; mem (CPU total)=27955.76171875MB
INFO:root:[   11] Training loss: 0.51829396, Validation loss: 0.50130909, Gradient norm: 0.30958885
INFO:root:At the start of the epoch: mem (CPU python)=8335.45703125MB; mem (CPU total)=27988.9765625MB
INFO:root:[   12] Training loss: 0.49751521, Validation loss: 0.49304177, Gradient norm: 0.32099397
INFO:root:At the start of the epoch: mem (CPU python)=8356.625MB; mem (CPU total)=28024.42578125MB
INFO:root:[   13] Training loss: 0.48895235, Validation loss: 0.48708614, Gradient norm: 0.28931109
INFO:root:At the start of the epoch: mem (CPU python)=8378.51171875MB; mem (CPU total)=28058.15625MB
INFO:root:[   14] Training loss: 0.48178944, Validation loss: 0.47754580, Gradient norm: 0.30121889
INFO:root:At the start of the epoch: mem (CPU python)=8400.08203125MB; mem (CPU total)=28093.60546875MB
INFO:root:[   15] Training loss: 0.47407457, Validation loss: 0.47039357, Gradient norm: 0.31599903
INFO:root:At the start of the epoch: mem (CPU python)=8421.24609375MB; mem (CPU total)=28126.59765625MB
INFO:root:[   16] Training loss: 0.46734382, Validation loss: 0.46568857, Gradient norm: 0.30651750
INFO:root:At the start of the epoch: mem (CPU python)=8442.41015625MB; mem (CPU total)=28159.6015625MB
INFO:root:[   17] Training loss: 0.46188443, Validation loss: 0.46043413, Gradient norm: 0.29878978
INFO:root:At the start of the epoch: mem (CPU python)=8463.57421875MB; mem (CPU total)=28194.8515625MB
INFO:root:[   18] Training loss: 0.45808661, Validation loss: 0.45827307, Gradient norm: 0.32022734
INFO:root:At the start of the epoch: mem (CPU python)=8484.734375MB; mem (CPU total)=28227.3203125MB
INFO:root:[   19] Training loss: 0.45474837, Validation loss: 0.45508540, Gradient norm: 0.32659726
INFO:root:At the start of the epoch: mem (CPU python)=8505.90234375MB; mem (CPU total)=28263.74609375MB
INFO:root:[   20] Training loss: 0.45090070, Validation loss: 0.45326316, Gradient norm: 0.29283934
INFO:root:At the start of the epoch: mem (CPU python)=8527.06640625MB; mem (CPU total)=28295.4921875MB
INFO:root:[   21] Training loss: 0.44749969, Validation loss: 0.44777473, Gradient norm: 0.31049182
INFO:root:At the start of the epoch: mem (CPU python)=8548.2265625MB; mem (CPU total)=28330.44921875MB
INFO:root:[   22] Training loss: 0.44409552, Validation loss: 0.44355521, Gradient norm: 0.30378729
INFO:root:At the start of the epoch: mem (CPU python)=8569.390625MB; mem (CPU total)=28363.9296875MB
INFO:root:[   23] Training loss: 0.44145239, Validation loss: 0.43988846, Gradient norm: 0.30985164
INFO:root:At the start of the epoch: mem (CPU python)=8590.5546875MB; mem (CPU total)=28396.66015625MB
INFO:root:[   24] Training loss: 0.43788519, Validation loss: 0.43957582, Gradient norm: 0.30245091
INFO:root:At the start of the epoch: mem (CPU python)=8611.71875MB; mem (CPU total)=28432.078125MB
INFO:root:[   25] Training loss: 0.43530170, Validation loss: 0.43539824, Gradient norm: 0.30868228
INFO:root:At the start of the epoch: mem (CPU python)=8632.88671875MB; mem (CPU total)=28465.5625MB
INFO:root:[   26] Training loss: 0.43242407, Validation loss: 0.43207103, Gradient norm: 0.32188546
INFO:root:At the start of the epoch: mem (CPU python)=8654.05078125MB; mem (CPU total)=28503.42578125MB
INFO:root:[   27] Training loss: 0.42951108, Validation loss: 0.43001524, Gradient norm: 0.34041606
INFO:root:At the start of the epoch: mem (CPU python)=8675.2109375MB; mem (CPU total)=28534.28125MB
INFO:root:[   28] Training loss: 0.42499781, Validation loss: 0.42478022, Gradient norm: 0.29365262
INFO:root:At the start of the epoch: mem (CPU python)=8696.375MB; mem (CPU total)=28567.95703125MB
INFO:root:[   29] Training loss: 0.42181643, Validation loss: 0.42321883, Gradient norm: 0.34092151
INFO:root:At the start of the epoch: mem (CPU python)=8717.5390625MB; mem (CPU total)=28720.9921875MB
INFO:root:[   30] Training loss: 0.41805957, Validation loss: 0.42323534, Gradient norm: 0.32203678
INFO:root:At the start of the epoch: mem (CPU python)=8738.734375MB; mem (CPU total)=28753.98828125MB
INFO:root:[   31] Training loss: 0.41555870, Validation loss: 0.41594457, Gradient norm: 0.33892512
INFO:root:At the start of the epoch: mem (CPU python)=8760.0234375MB; mem (CPU total)=28791.6484375MB
INFO:root:[   32] Training loss: 0.41300473, Validation loss: 0.41384870, Gradient norm: 0.34228376
INFO:root:At the start of the epoch: mem (CPU python)=8781.41015625MB; mem (CPU total)=28824.8828125MB
INFO:root:[   33] Training loss: 0.41063690, Validation loss: 0.41254831, Gradient norm: 0.32977912
INFO:root:At the start of the epoch: mem (CPU python)=8802.57421875MB; mem (CPU total)=28860.82421875MB
INFO:root:[   34] Training loss: 0.40829272, Validation loss: 0.41042902, Gradient norm: 0.32078096
INFO:root:At the start of the epoch: mem (CPU python)=8823.73828125MB; mem (CPU total)=28892.34765625MB
INFO:root:[   35] Training loss: 0.40618685, Validation loss: 0.40821103, Gradient norm: 0.30748004
INFO:root:At the start of the epoch: mem (CPU python)=8846.734375MB; mem (CPU total)=28927.484375MB
INFO:root:[   36] Training loss: 0.40480433, Validation loss: 0.40791548, Gradient norm: 0.32874290
INFO:root:At the start of the epoch: mem (CPU python)=8867.90234375MB; mem (CPU total)=28962.43359375MB
INFO:root:[   37] Training loss: 0.40283614, Validation loss: 0.40493447, Gradient norm: 0.29864686
INFO:root:At the start of the epoch: mem (CPU python)=8889.48046875MB; mem (CPU total)=28995.41015625MB
INFO:root:[   38] Training loss: 0.40203703, Validation loss: 0.40504886, Gradient norm: 0.33008649
INFO:root:At the start of the epoch: mem (CPU python)=8910.640625MB; mem (CPU total)=29031.3203125MB
INFO:root:[   39] Training loss: 0.40059436, Validation loss: 0.40346395, Gradient norm: 0.32041286
INFO:root:At the start of the epoch: mem (CPU python)=8931.8046875MB; mem (CPU total)=29063.08203125MB
INFO:root:[   40] Training loss: 0.39961170, Validation loss: 0.40182692, Gradient norm: 0.31969282
INFO:root:At the start of the epoch: mem (CPU python)=8952.96875MB; mem (CPU total)=29098.28515625MB
INFO:root:[   41] Training loss: 0.39824133, Validation loss: 0.40317956, Gradient norm: 0.30140881
INFO:root:At the start of the epoch: mem (CPU python)=8974.1328125MB; mem (CPU total)=29132.75390625MB
INFO:root:[   42] Training loss: 0.39752797, Validation loss: 0.40228590, Gradient norm: 0.32288624
INFO:root:At the start of the epoch: mem (CPU python)=8995.296875MB; mem (CPU total)=29169.140625MB
INFO:root:[   43] Training loss: 0.39653524, Validation loss: 0.39795276, Gradient norm: 0.31372868
INFO:root:At the start of the epoch: mem (CPU python)=9016.46484375MB; mem (CPU total)=29204.984375MB
INFO:root:[   44] Training loss: 0.39578222, Validation loss: 0.40005962, Gradient norm: 0.33324737
INFO:root:At the start of the epoch: mem (CPU python)=9037.62890625MB; mem (CPU total)=29237.828125MB
INFO:root:[   45] Training loss: 0.39428316, Validation loss: 0.39803447, Gradient norm: 0.29501217
INFO:root:At the start of the epoch: mem (CPU python)=9058.79296875MB; mem (CPU total)=29304.9296875MB
INFO:root:[   46] Training loss: 0.39414535, Validation loss: 0.39667256, Gradient norm: 0.32866326
INFO:root:At the start of the epoch: mem (CPU python)=9079.95703125MB; mem (CPU total)=29363.02734375MB
INFO:root:[   47] Training loss: 0.39286354, Validation loss: 0.39643305, Gradient norm: 0.31414525
INFO:root:At the start of the epoch: mem (CPU python)=9101.12109375MB; mem (CPU total)=29415.9765625MB
INFO:root:[   48] Training loss: 0.39222487, Validation loss: 0.39615024, Gradient norm: 0.32778376
INFO:root:At the start of the epoch: mem (CPU python)=9122.28515625MB; mem (CPU total)=29471.62109375MB
INFO:root:[   49] Training loss: 0.39175529, Validation loss: 0.39628070, Gradient norm: 0.33429810
INFO:root:At the start of the epoch: mem (CPU python)=9143.44921875MB; mem (CPU total)=29526.546875MB
INFO:root:[   50] Training loss: 0.39045258, Validation loss: 0.39460468, Gradient norm: 0.31073199
INFO:root:At the start of the epoch: mem (CPU python)=9164.61328125MB; mem (CPU total)=29586.6015625MB
INFO:root:[   51] Training loss: 0.38976651, Validation loss: 0.39232784, Gradient norm: 0.30456671
INFO:root:At the start of the epoch: mem (CPU python)=9185.77734375MB; mem (CPU total)=29638.765625MB
INFO:root:[   52] Training loss: 0.38855013, Validation loss: 0.39235061, Gradient norm: 0.29775318
INFO:root:At the start of the epoch: mem (CPU python)=9206.9453125MB; mem (CPU total)=29693.52734375MB
INFO:root:[   53] Training loss: 0.38881067, Validation loss: 0.39339192, Gradient norm: 0.35693646
INFO:root:At the start of the epoch: mem (CPU python)=9228.1171875MB; mem (CPU total)=29750.14453125MB
INFO:root:[   54] Training loss: 0.38726174, Validation loss: 0.39459629, Gradient norm: 0.30844325
INFO:root:At the start of the epoch: mem (CPU python)=9249.28125MB; mem (CPU total)=29804.5703125MB
INFO:root:[   55] Training loss: 0.38674102, Validation loss: 0.39007324, Gradient norm: 0.31538748
INFO:root:At the start of the epoch: mem (CPU python)=9270.8203125MB; mem (CPU total)=29862.68359375MB
INFO:root:[   56] Training loss: 0.38517008, Validation loss: 0.39026140, Gradient norm: 0.30220340
INFO:root:At the start of the epoch: mem (CPU python)=9291.98046875MB; mem (CPU total)=29916.33203125MB
INFO:root:[   57] Training loss: 0.38501128, Validation loss: 0.38847701, Gradient norm: 0.32799802
INFO:root:At the start of the epoch: mem (CPU python)=9313.1484375MB; mem (CPU total)=29970.48828125MB
INFO:root:[   58] Training loss: 0.38434353, Validation loss: 0.38962288, Gradient norm: 0.34795160
INFO:root:At the start of the epoch: mem (CPU python)=9334.3125MB; mem (CPU total)=30026.83984375MB
INFO:root:[   59] Training loss: 0.38272410, Validation loss: 0.38907062, Gradient norm: 0.30828841
INFO:root:At the start of the epoch: mem (CPU python)=9355.4765625MB; mem (CPU total)=30080.96484375MB
INFO:root:[   60] Training loss: 0.38206752, Validation loss: 0.38635559, Gradient norm: 0.32565138
INFO:root:At the start of the epoch: mem (CPU python)=9376.640625MB; mem (CPU total)=30137.546875MB
INFO:root:[   61] Training loss: 0.38150479, Validation loss: 0.38632023, Gradient norm: 0.34770119
INFO:root:At the start of the epoch: mem (CPU python)=9397.875MB; mem (CPU total)=30190.93359375MB
INFO:root:[   62] Training loss: 0.38025433, Validation loss: 0.38534626, Gradient norm: 0.34246931
INFO:root:At the start of the epoch: mem (CPU python)=9419.9609375MB; mem (CPU total)=30247.55078125MB
INFO:root:[   63] Training loss: 0.37891575, Validation loss: 0.38459129, Gradient norm: 0.30587810
INFO:root:At the start of the epoch: mem (CPU python)=9441.73828125MB; mem (CPU total)=30302.90234375MB
INFO:root:[   64] Training loss: 0.37860634, Validation loss: 0.38223662, Gradient norm: 0.34680063
INFO:root:At the start of the epoch: mem (CPU python)=9463.37109375MB; mem (CPU total)=30358.04296875MB
INFO:root:[   65] Training loss: 0.37746211, Validation loss: 0.38312336, Gradient norm: 0.32525424
INFO:root:At the start of the epoch: mem (CPU python)=9484.53125MB; mem (CPU total)=30414.65625MB
INFO:root:[   66] Training loss: 0.37688425, Validation loss: 0.38073076, Gradient norm: 0.35269022
INFO:root:At the start of the epoch: mem (CPU python)=9506.19140625MB; mem (CPU total)=30410.3125MB
INFO:root:[   67] Training loss: 0.37586880, Validation loss: 0.37888583, Gradient norm: 0.35386488
INFO:root:At the start of the epoch: mem (CPU python)=9527.79296875MB; mem (CPU total)=30451.69921875MB
INFO:root:[   68] Training loss: 0.37488761, Validation loss: 0.37945235, Gradient norm: 0.33109052
INFO:root:At the start of the epoch: mem (CPU python)=9548.95703125MB; mem (CPU total)=30493.10546875MB
INFO:root:[   69] Training loss: 0.37394714, Validation loss: 0.37934739, Gradient norm: 0.32467771
INFO:root:At the start of the epoch: mem (CPU python)=9570.12109375MB; mem (CPU total)=30535.44140625MB
INFO:root:[   70] Training loss: 0.37324647, Validation loss: 0.37724307, Gradient norm: 0.33755452
INFO:root:At the start of the epoch: mem (CPU python)=9591.2890625MB; mem (CPU total)=30578.03125MB
INFO:root:[   71] Training loss: 0.37275293, Validation loss: 0.37775071, Gradient norm: 0.34474751
INFO:root:At the start of the epoch: mem (CPU python)=9612.44921875MB; mem (CPU total)=30621.10546875MB
INFO:root:[   72] Training loss: 0.37234702, Validation loss: 0.37823419, Gradient norm: 0.35759909
INFO:root:At the start of the epoch: mem (CPU python)=9633.61328125MB; mem (CPU total)=30663.91796875MB
INFO:root:[   73] Training loss: 0.37151034, Validation loss: 0.37563112, Gradient norm: 0.34811429
INFO:root:At the start of the epoch: mem (CPU python)=9654.78515625MB; mem (CPU total)=30707.24609375MB
INFO:root:[   74] Training loss: 0.37064473, Validation loss: 0.37537227, Gradient norm: 0.36028256
INFO:root:At the start of the epoch: mem (CPU python)=9676.3125MB; mem (CPU total)=30750.78515625MB
INFO:root:[   75] Training loss: 0.37008069, Validation loss: 0.37426883, Gradient norm: 0.35672264
INFO:root:At the start of the epoch: mem (CPU python)=9697.48046875MB; mem (CPU total)=30793.62109375MB
INFO:root:[   76] Training loss: 0.36914527, Validation loss: 0.37548024, Gradient norm: 0.33848746
INFO:root:At the start of the epoch: mem (CPU python)=9718.64453125MB; mem (CPU total)=30836.44921875MB
INFO:root:[   77] Training loss: 0.36851460, Validation loss: 0.37471649, Gradient norm: 0.33488322
INFO:root:At the start of the epoch: mem (CPU python)=9739.80859375MB; mem (CPU total)=30880.0078125MB
INFO:root:[   78] Training loss: 0.36819834, Validation loss: 0.37379072, Gradient norm: 0.35371530
INFO:root:At the start of the epoch: mem (CPU python)=9760.97265625MB; mem (CPU total)=30923.31640625MB
INFO:root:[   79] Training loss: 0.36783337, Validation loss: 0.37368106, Gradient norm: 0.35767303
INFO:root:At the start of the epoch: mem (CPU python)=9782.58203125MB; mem (CPU total)=31015.91015625MB
INFO:root:[   80] Training loss: 0.36726463, Validation loss: 0.37476514, Gradient norm: 0.35007367
INFO:root:At the start of the epoch: mem (CPU python)=9804.42578125MB; mem (CPU total)=31077.609375MB
INFO:root:[   81] Training loss: 0.36698672, Validation loss: 0.37179276, Gradient norm: 0.38829291
INFO:root:At the start of the epoch: mem (CPU python)=9826.08203125MB; mem (CPU total)=31139.61328125MB
INFO:root:[   82] Training loss: 0.36633118, Validation loss: 0.37132239, Gradient norm: 0.37378876
INFO:root:At the start of the epoch: mem (CPU python)=9847.5078125MB; mem (CPU total)=31202.1640625MB
INFO:root:[   83] Training loss: 0.36557065, Validation loss: 0.37101592, Gradient norm: 0.34761268
INFO:root:At the start of the epoch: mem (CPU python)=9868.671875MB; mem (CPU total)=31266.41015625MB
INFO:root:[   84] Training loss: 0.36486164, Validation loss: 0.36955761, Gradient norm: 0.34232841
INFO:root:At the start of the epoch: mem (CPU python)=9889.83203125MB; mem (CPU total)=31329.66796875MB
INFO:root:[   85] Training loss: 0.36496060, Validation loss: 0.37023291, Gradient norm: 0.37576157
INFO:root:At the start of the epoch: mem (CPU python)=9910.99609375MB; mem (CPU total)=31393.421875MB
INFO:root:[   86] Training loss: 0.36413229, Validation loss: 0.36895832, Gradient norm: 0.35720099
INFO:root:At the start of the epoch: mem (CPU python)=9932.16796875MB; mem (CPU total)=31457.421875MB
INFO:root:[   87] Training loss: 0.36353536, Validation loss: 0.36998627, Gradient norm: 0.34415020
INFO:root:At the start of the epoch: mem (CPU python)=9953.33203125MB; mem (CPU total)=31519.10546875MB
INFO:root:[   88] Training loss: 0.36305172, Validation loss: 0.36970298, Gradient norm: 0.34567413
INFO:root:At the start of the epoch: mem (CPU python)=9974.86328125MB; mem (CPU total)=31579.90625MB
INFO:root:[   89] Training loss: 0.36296987, Validation loss: 0.36961202, Gradient norm: 0.37639724
INFO:root:At the start of the epoch: mem (CPU python)=9984.04296875MB; mem (CPU total)=31631.03125MB
INFO:root:[   90] Training loss: 0.36249299, Validation loss: 0.37086981, Gradient norm: 0.35775846
INFO:root:At the start of the epoch: mem (CPU python)=10005.55859375MB; mem (CPU total)=31693.81640625MB
INFO:root:[   91] Training loss: 0.36216420, Validation loss: 0.36851385, Gradient norm: 0.38621424
INFO:root:At the start of the epoch: mem (CPU python)=10026.72265625MB; mem (CPU total)=31754.37890625MB
INFO:root:[   92] Training loss: 0.36127126, Validation loss: 0.36898386, Gradient norm: 0.33709168
INFO:root:At the start of the epoch: mem (CPU python)=10047.8828125MB; mem (CPU total)=31823.7734375MB
INFO:root:[   93] Training loss: 0.36124222, Validation loss: 0.36598385, Gradient norm: 0.37377228
INFO:root:At the start of the epoch: mem (CPU python)=10069.046875MB; mem (CPU total)=31885.30859375MB
INFO:root:[   94] Training loss: 0.35989090, Validation loss: 0.36691418, Gradient norm: 0.33977830
INFO:root:At the start of the epoch: mem (CPU python)=10090.8984375MB; mem (CPU total)=31949.02734375MB
INFO:root:[   95] Training loss: 0.36007222, Validation loss: 0.36775353, Gradient norm: 0.37792470
INFO:root:At the start of the epoch: mem (CPU python)=10112.66796875MB; mem (CPU total)=32009.2734375MB
INFO:root:[   96] Training loss: 0.35965143, Validation loss: 0.36586599, Gradient norm: 0.37117109
INFO:root:At the start of the epoch: mem (CPU python)=10134.04296875MB; mem (CPU total)=32071.9765625MB
INFO:root:[   97] Training loss: 0.35901693, Validation loss: 0.36607066, Gradient norm: 0.37818332
INFO:root:At the start of the epoch: mem (CPU python)=10155.20703125MB; mem (CPU total)=32136.2421875MB
INFO:root:[   98] Training loss: 0.35842752, Validation loss: 0.36499470, Gradient norm: 0.36397146
INFO:root:At the start of the epoch: mem (CPU python)=10176.375MB; mem (CPU total)=32198.2734375MB
INFO:root:[   99] Training loss: 0.35854389, Validation loss: 0.36516590, Gradient norm: 0.39645059
INFO:root:At the start of the epoch: mem (CPU python)=10197.5390625MB; mem (CPU total)=32262.51953125MB
INFO:root:[  100] Training loss: 0.35757541, Validation loss: 0.36526615, Gradient norm: 0.35121897
INFO:root:At the start of the epoch: mem (CPU python)=10218.703125MB; mem (CPU total)=32323.05078125MB
INFO:root:[  101] Training loss: 0.35740764, Validation loss: 0.36325519, Gradient norm: 0.36813324
INFO:root:At the start of the epoch: mem (CPU python)=10240.125MB; mem (CPU total)=32382.125MB
INFO:root:[  102] Training loss: 0.35692166, Validation loss: 0.36553615, Gradient norm: 0.37430086
INFO:root:At the start of the epoch: mem (CPU python)=10261.78125MB; mem (CPU total)=32447.78515625MB
INFO:root:[  103] Training loss: 0.35630546, Validation loss: 0.36356658, Gradient norm: 0.39037885
INFO:root:At the start of the epoch: mem (CPU python)=10282.9453125MB; mem (CPU total)=32508.734375MB
INFO:root:[  104] Training loss: 0.35641103, Validation loss: 0.36572730, Gradient norm: 0.42567316
INFO:root:At the start of the epoch: mem (CPU python)=10304.109375MB; mem (CPU total)=32524.5MB
INFO:root:[  105] Training loss: 0.35512521, Validation loss: 0.36154194, Gradient norm: 0.36871042
INFO:root:At the start of the epoch: mem (CPU python)=10325.2734375MB; mem (CPU total)=32628.0MB
INFO:root:[  106] Training loss: 0.35489594, Validation loss: 0.36238485, Gradient norm: 0.38822124
INFO:root:At the start of the epoch: mem (CPU python)=10346.43359375MB; mem (CPU total)=32689.28515625MB
INFO:root:[  107] Training loss: 0.35458123, Validation loss: 0.36311481, Gradient norm: 0.39265263
INFO:root:At the start of the epoch: mem (CPU python)=10367.59765625MB; mem (CPU total)=32752.0390625MB
INFO:root:[  108] Training loss: 0.35394991, Validation loss: 0.36189221, Gradient norm: 0.40700664
INFO:root:At the start of the epoch: mem (CPU python)=10388.78515625MB; mem (CPU total)=32814.34765625MB
INFO:root:[  109] Training loss: 0.35292067, Validation loss: 0.36041561, Gradient norm: 0.38851329
INFO:root:At the start of the epoch: mem (CPU python)=10410.1953125MB; mem (CPU total)=32875.84375MB
INFO:root:[  110] Training loss: 0.35255868, Validation loss: 0.36013708, Gradient norm: 0.41041844
INFO:root:At the start of the epoch: mem (CPU python)=10431.46875MB; mem (CPU total)=32938.3671875MB
INFO:root:[  111] Training loss: 0.35193532, Validation loss: 0.35940670, Gradient norm: 0.38859856
INFO:root:At the start of the epoch: mem (CPU python)=10453.0703125MB; mem (CPU total)=33003.34765625MB
INFO:root:[  112] Training loss: 0.35094507, Validation loss: 0.35986940, Gradient norm: 0.40303554
INFO:root:At the start of the epoch: mem (CPU python)=10474.23046875MB; mem (CPU total)=33067.34375MB
INFO:root:[  113] Training loss: 0.35017061, Validation loss: 0.35956871, Gradient norm: 0.38005652
INFO:root:At the start of the epoch: mem (CPU python)=10495.70703125MB; mem (CPU total)=33131.8671875MB
INFO:root:[  114] Training loss: 0.34990944, Validation loss: 0.35606096, Gradient norm: 0.40320536
INFO:root:At the start of the epoch: mem (CPU python)=10516.875MB; mem (CPU total)=33196.390625MB
INFO:root:[  115] Training loss: 0.34902940, Validation loss: 0.35669721, Gradient norm: 0.38955564
INFO:root:At the start of the epoch: mem (CPU python)=10538.0390625MB; mem (CPU total)=33257.43359375MB
INFO:root:[  116] Training loss: 0.34886310, Validation loss: 0.35612815, Gradient norm: 0.41904791
INFO:root:At the start of the epoch: mem (CPU python)=10559.203125MB; mem (CPU total)=33318.75MB
INFO:root:[  117] Training loss: 0.34835660, Validation loss: 0.35754436, Gradient norm: 0.40713731
INFO:root:At the start of the epoch: mem (CPU python)=10580.3671875MB; mem (CPU total)=33381.66015625MB
INFO:root:[  118] Training loss: 0.34779964, Validation loss: 0.35467002, Gradient norm: 0.39904412
INFO:root:At the start of the epoch: mem (CPU python)=10601.53125MB; mem (CPU total)=33443.296875MB
INFO:root:[  119] Training loss: 0.34693821, Validation loss: 0.35587214, Gradient norm: 0.40029105
INFO:root:At the start of the epoch: mem (CPU python)=10622.6953125MB; mem (CPU total)=33506.28125MB
INFO:root:[  120] Training loss: 0.34719950, Validation loss: 0.35537016, Gradient norm: 0.45378837
INFO:root:At the start of the epoch: mem (CPU python)=10643.86328125MB; mem (CPU total)=33567.93359375MB
INFO:root:[  121] Training loss: 0.34575195, Validation loss: 0.35403261, Gradient norm: 0.38145123
INFO:root:At the start of the epoch: mem (CPU python)=10665.02734375MB; mem (CPU total)=33630.6328125MB
INFO:root:[  122] Training loss: 0.34569701, Validation loss: 0.35356781, Gradient norm: 0.44125593
INFO:root:At the start of the epoch: mem (CPU python)=10686.1875MB; mem (CPU total)=33692.7109375MB
INFO:root:[  123] Training loss: 0.34462525, Validation loss: 0.35465014, Gradient norm: 0.38750859
INFO:root:At the start of the epoch: mem (CPU python)=10707.34765625MB; mem (CPU total)=33754.1796875MB
INFO:root:[  124] Training loss: 0.34487057, Validation loss: 0.35267114, Gradient norm: 0.43921017
INFO:root:At the start of the epoch: mem (CPU python)=10728.515625MB; mem (CPU total)=33817.390625MB
INFO:root:[  125] Training loss: 0.34367746, Validation loss: 0.35158765, Gradient norm: 0.40432968
INFO:root:At the start of the epoch: mem (CPU python)=10749.8046875MB; mem (CPU total)=33880.14453125MB
INFO:root:[  126] Training loss: 0.34331166, Validation loss: 0.35186098, Gradient norm: 0.42557482
INFO:root:At the start of the epoch: mem (CPU python)=10771.09375MB; mem (CPU total)=33944.01953125MB
INFO:root:[  127] Training loss: 0.34289175, Validation loss: 0.35156124, Gradient norm: 0.42521463
INFO:root:At the start of the epoch: mem (CPU python)=10793.14453125MB; mem (CPU total)=34008.00390625MB
INFO:root:[  128] Training loss: 0.34201719, Validation loss: 0.35103985, Gradient norm: 0.42155565
INFO:root:At the start of the epoch: mem (CPU python)=10815.046875MB; mem (CPU total)=34072.4296875MB
INFO:root:[  129] Training loss: 0.34150853, Validation loss: 0.35396454, Gradient norm: 0.43647913
INFO:root:At the start of the epoch: mem (CPU python)=10836.2109375MB; mem (CPU total)=34136.18359375MB
INFO:root:[  130] Training loss: 0.34037767, Validation loss: 0.34921843, Gradient norm: 0.38516958
INFO:root:At the start of the epoch: mem (CPU python)=10857.37890625MB; mem (CPU total)=34198.9375MB
INFO:root:[  131] Training loss: 0.33991088, Validation loss: 0.34872515, Gradient norm: 0.41362773
INFO:root:At the start of the epoch: mem (CPU python)=10878.5390625MB; mem (CPU total)=34260.2109375MB
INFO:root:[  132] Training loss: 0.33927490, Validation loss: 0.34938879, Gradient norm: 0.42555072
INFO:root:At the start of the epoch: mem (CPU python)=10899.703125MB; mem (CPU total)=34323.7734375MB
INFO:root:[  133] Training loss: 0.33849409, Validation loss: 0.34870819, Gradient norm: 0.42697020
INFO:root:At the start of the epoch: mem (CPU python)=10920.8671875MB; mem (CPU total)=34389.1953125MB
INFO:root:[  134] Training loss: 0.33730312, Validation loss: 0.34679876, Gradient norm: 0.41908394
INFO:root:At the start of the epoch: mem (CPU python)=10942.03515625MB; mem (CPU total)=34452.22265625MB
INFO:root:[  135] Training loss: 0.33710453, Validation loss: 0.34601041, Gradient norm: 0.47733437
INFO:root:At the start of the epoch: mem (CPU python)=10963.19921875MB; mem (CPU total)=34514.74609375MB
INFO:root:[  136] Training loss: 0.33569101, Validation loss: 0.34460236, Gradient norm: 0.41736251
INFO:root:At the start of the epoch: mem (CPU python)=10984.36328125MB; mem (CPU total)=34576.515625MB
INFO:root:[  137] Training loss: 0.33510758, Validation loss: 0.34719359, Gradient norm: 0.44390538
INFO:root:At the start of the epoch: mem (CPU python)=11005.52734375MB; mem (CPU total)=34638.6640625MB
INFO:root:[  138] Training loss: 0.33389182, Validation loss: 0.34442322, Gradient norm: 0.45142425
INFO:root:At the start of the epoch: mem (CPU python)=11027.25MB; mem (CPU total)=34701.41796875MB
INFO:root:[  139] Training loss: 0.33237386, Validation loss: 0.34344161, Gradient norm: 0.43275110
INFO:root:At the start of the epoch: mem (CPU python)=11048.60546875MB; mem (CPU total)=34763.92578125MB
INFO:root:[  140] Training loss: 0.33185415, Validation loss: 0.34070225, Gradient norm: 0.44062993
INFO:root:At the start of the epoch: mem (CPU python)=11069.76171875MB; mem (CPU total)=34826.1875MB
INFO:root:[  141] Training loss: 0.33102021, Validation loss: 0.34003855, Gradient norm: 0.43475444
INFO:root:At the start of the epoch: mem (CPU python)=11090.9296875MB; mem (CPU total)=34888.5703125MB
INFO:root:[  142] Training loss: 0.32999913, Validation loss: 0.34072331, Gradient norm: 0.44634250
INFO:root:At the start of the epoch: mem (CPU python)=11112.09375MB; mem (CPU total)=34953.0MB
INFO:root:[  143] Training loss: 0.32974659, Validation loss: 0.34093890, Gradient norm: 0.44207471
INFO:root:At the start of the epoch: mem (CPU python)=11133.2578125MB; mem (CPU total)=35016.98046875MB
INFO:root:[  144] Training loss: 0.32913371, Validation loss: 0.33949987, Gradient norm: 0.45830249
INFO:root:At the start of the epoch: mem (CPU python)=11154.421875MB; mem (CPU total)=35080.96484375MB
INFO:root:[  145] Training loss: 0.32890348, Validation loss: 0.33793023, Gradient norm: 0.47167859
INFO:root:At the start of the epoch: mem (CPU python)=11177.1328125MB; mem (CPU total)=35145.44140625MB
INFO:root:[  146] Training loss: 0.32780105, Validation loss: 0.33975268, Gradient norm: 0.47459006
INFO:root:At the start of the epoch: mem (CPU python)=11198.30078125MB; mem (CPU total)=35209.1796875MB
INFO:root:[  147] Training loss: 0.32759419, Validation loss: 0.33998152, Gradient norm: 0.50465797
INFO:root:At the start of the epoch: mem (CPU python)=11219.79296875MB; mem (CPU total)=35270.65625MB
INFO:root:[  148] Training loss: 0.32679954, Validation loss: 0.33720058, Gradient norm: 0.46365046
INFO:root:At the start of the epoch: mem (CPU python)=11240.9609375MB; mem (CPU total)=35331.2265625MB
INFO:root:[  149] Training loss: 0.32544373, Validation loss: 0.33705152, Gradient norm: 0.45951215
INFO:root:At the start of the epoch: mem (CPU python)=11262.125MB; mem (CPU total)=35393.75MB
INFO:root:[  150] Training loss: 0.32527873, Validation loss: 0.33729387, Gradient norm: 0.47650265
INFO:root:At the start of the epoch: mem (CPU python)=11283.28515625MB; mem (CPU total)=35455.25MB
INFO:root:[  151] Training loss: 0.32476583, Validation loss: 0.33618468, Gradient norm: 0.47575960
INFO:root:At the start of the epoch: mem (CPU python)=11304.44921875MB; mem (CPU total)=35517.02734375MB
INFO:root:[  152] Training loss: 0.32418190, Validation loss: 0.33806233, Gradient norm: 0.49942186
INFO:root:At the start of the epoch: mem (CPU python)=11325.61328125MB; mem (CPU total)=35578.71484375MB
INFO:root:[  153] Training loss: 0.32348311, Validation loss: 0.33493849, Gradient norm: 0.45502307
INFO:root:At the start of the epoch: mem (CPU python)=11346.828125MB; mem (CPU total)=35642.6328125MB
INFO:root:[  154] Training loss: 0.32347947, Validation loss: 0.33382746, Gradient norm: 0.50640695
INFO:root:At the start of the epoch: mem (CPU python)=11368.34375MB; mem (CPU total)=35705.37109375MB
INFO:root:[  155] Training loss: 0.32307238, Validation loss: 0.33252942, Gradient norm: 0.49413525
INFO:root:At the start of the epoch: mem (CPU python)=11389.5078125MB; mem (CPU total)=35768.77734375MB
INFO:root:[  156] Training loss: 0.32255268, Validation loss: 0.33593802, Gradient norm: 0.50866797
INFO:root:At the start of the epoch: mem (CPU python)=11410.66796875MB; mem (CPU total)=35830.16796875MB
INFO:root:[  157] Training loss: 0.32222971, Validation loss: 0.33363129, Gradient norm: 0.48835551
INFO:root:At the start of the epoch: mem (CPU python)=11431.83203125MB; mem (CPU total)=35892.19140625MB
INFO:root:[  158] Training loss: 0.32076727, Validation loss: 0.33566266, Gradient norm: 0.47432993
INFO:root:At the start of the epoch: mem (CPU python)=11453.02734375MB; mem (CPU total)=35954.9609375MB
INFO:root:[  159] Training loss: 0.32112062, Validation loss: 0.33297989, Gradient norm: 0.48375778
INFO:root:At the start of the epoch: mem (CPU python)=11474.53515625MB; mem (CPU total)=36017.13671875MB
INFO:root:[  160] Training loss: 0.32025850, Validation loss: 0.33438652, Gradient norm: 0.49811052
INFO:root:At the start of the epoch: mem (CPU python)=11495.69921875MB; mem (CPU total)=36080.39453125MB
INFO:root:[  161] Training loss: 0.31942897, Validation loss: 0.33252872, Gradient norm: 0.46880792
INFO:root:At the start of the epoch: mem (CPU python)=11516.86328125MB; mem (CPU total)=36145.1015625MB
INFO:root:[  162] Training loss: 0.32026805, Validation loss: 0.33300289, Gradient norm: 0.55390591
INFO:root:At the start of the epoch: mem (CPU python)=11538.68359375MB; mem (CPU total)=36210.1328125MB
INFO:root:[  163] Training loss: 0.31962340, Validation loss: 0.32983213, Gradient norm: 0.49570340
INFO:root:At the start of the epoch: mem (CPU python)=11560.390625MB; mem (CPU total)=36273.7734375MB
INFO:root:[  164] Training loss: 0.31833657, Validation loss: 0.33329893, Gradient norm: 0.45992358
INFO:root:At the start of the epoch: mem (CPU python)=11580.65625MB; mem (CPU total)=36336.29296875MB
INFO:root:[  165] Training loss: 0.31830427, Validation loss: 0.33037410, Gradient norm: 0.50002326
INFO:root:At the start of the epoch: mem (CPU python)=11600.8359375MB; mem (CPU total)=36395.82421875MB
INFO:root:[  166] Training loss: 0.31786250, Validation loss: 0.33240589, Gradient norm: 0.50709938
INFO:root:At the start of the epoch: mem (CPU python)=11622.0625MB; mem (CPU total)=36457.1171875MB
INFO:root:[  167] Training loss: 0.31748898, Validation loss: 0.33011208, Gradient norm: 0.50880056
INFO:root:At the start of the epoch: mem (CPU python)=11644.4375MB; mem (CPU total)=36518.65625MB
INFO:root:[  168] Training loss: 0.31740760, Validation loss: 0.32747434, Gradient norm: 0.50462589
INFO:root:At the start of the epoch: mem (CPU python)=11664.625MB; mem (CPU total)=36583.14453125MB
INFO:root:[  169] Training loss: 0.31729197, Validation loss: 0.32753882, Gradient norm: 0.54029542
INFO:root:At the start of the epoch: mem (CPU python)=11685.64453125MB; mem (CPU total)=36645.421875MB
INFO:root:[  170] Training loss: 0.31620865, Validation loss: 0.32777890, Gradient norm: 0.54832500
INFO:root:At the start of the epoch: mem (CPU python)=11708.78125MB; mem (CPU total)=36711.109375MB
INFO:root:[  171] Training loss: 0.31561214, Validation loss: 0.32829508, Gradient norm: 0.47845772
INFO:root:At the start of the epoch: mem (CPU python)=11729.69921875MB; mem (CPU total)=36772.890625MB
INFO:root:[  172] Training loss: 0.31537938, Validation loss: 0.32972286, Gradient norm: 0.53382488
INFO:root:At the start of the epoch: mem (CPU python)=11749.890625MB; mem (CPU total)=36833.5859375MB
INFO:root:[  173] Training loss: 0.31575127, Validation loss: 0.32821200, Gradient norm: 0.55089037
INFO:root:At the start of the epoch: mem (CPU python)=11771.890625MB; mem (CPU total)=36894.87890625MB
INFO:root:[  174] Training loss: 0.31500175, Validation loss: 0.32746321, Gradient norm: 0.49832855
INFO:root:At the start of the epoch: mem (CPU python)=11792.8203125MB; mem (CPU total)=36957.28125MB
INFO:root:[  175] Training loss: 0.31516501, Validation loss: 0.32904259, Gradient norm: 0.52533122
INFO:root:At the start of the epoch: mem (CPU python)=11814.56640625MB; mem (CPU total)=37020.1484375MB
INFO:root:[  176] Training loss: 0.31449814, Validation loss: 0.32895340, Gradient norm: 0.56173780
INFO:root:At the start of the epoch: mem (CPU python)=11836.03125MB; mem (CPU total)=37083.59375MB
INFO:root:[  177] Training loss: 0.31429219, Validation loss: 0.32771130, Gradient norm: 0.53865631
INFO:root:At the start of the epoch: mem (CPU python)=11856.25390625MB; mem (CPU total)=37148.08203125MB
INFO:root:[  178] Training loss: 0.31337106, Validation loss: 0.32693932, Gradient norm: 0.51647520
INFO:root:At the start of the epoch: mem (CPU python)=11880.02734375MB; mem (CPU total)=37213.8671875MB
INFO:root:[  179] Training loss: 0.31295176, Validation loss: 0.32687428, Gradient norm: 0.50958767
INFO:root:At the start of the epoch: mem (CPU python)=11899.14453125MB; mem (CPU total)=37276.79296875MB
INFO:root:[  180] Training loss: 0.31251230, Validation loss: 0.32640122, Gradient norm: 0.52059878
INFO:root:At the start of the epoch: mem (CPU python)=11920.6875MB; mem (CPU total)=37339.86328125MB
INFO:root:[  181] Training loss: 0.31261703, Validation loss: 0.32680954, Gradient norm: 0.51201319
INFO:root:At the start of the epoch: mem (CPU python)=11941.76953125MB; mem (CPU total)=37399.61328125MB
INFO:root:[  182] Training loss: 0.31219257, Validation loss: 0.32448239, Gradient norm: 0.54441294
INFO:root:At the start of the epoch: mem (CPU python)=11965.55859375MB; mem (CPU total)=37464.87109375MB
INFO:root:[  183] Training loss: 0.31210079, Validation loss: 0.32437168, Gradient norm: 0.53603654
INFO:root:At the start of the epoch: mem (CPU python)=11984.9140625MB; mem (CPU total)=37524.6875MB
INFO:root:[  184] Training loss: 0.31221696, Validation loss: 0.32680208, Gradient norm: 0.57965176
INFO:root:At the start of the epoch: mem (CPU python)=12008.80078125MB; mem (CPU total)=37589.96484375MB
INFO:root:[  185] Training loss: 0.31145396, Validation loss: 0.32628815, Gradient norm: 0.49495867
INFO:root:At the start of the epoch: mem (CPU python)=12028.10546875MB; mem (CPU total)=37650.02734375MB
INFO:root:[  186] Training loss: 0.31151961, Validation loss: 0.32521023, Gradient norm: 0.56608382
INFO:root:At the start of the epoch: mem (CPU python)=12050.12890625MB; mem (CPU total)=37711.73046875MB
INFO:root:[  187] Training loss: 0.31144885, Validation loss: 0.32371013, Gradient norm: 0.55901877
INFO:root:At the start of the epoch: mem (CPU python)=12071.41796875MB; mem (CPU total)=37774.25390625MB
INFO:root:[  188] Training loss: 0.31068372, Validation loss: 0.32669941, Gradient norm: 0.55999515
INFO:root:At the start of the epoch: mem (CPU python)=12092.83203125MB; mem (CPU total)=37836.28515625MB
INFO:root:[  189] Training loss: 0.31065472, Validation loss: 0.32509916, Gradient norm: 0.54246011
INFO:root:At the start of the epoch: mem (CPU python)=12114.015625MB; mem (CPU total)=37899.40234375MB
INFO:root:[  190] Training loss: 0.31050532, Validation loss: 0.32529978, Gradient norm: 0.54091175
INFO:root:At the start of the epoch: mem (CPU python)=12135.19140625MB; mem (CPU total)=37960.79296875MB
INFO:root:[  191] Training loss: 0.30943140, Validation loss: 0.32459625, Gradient norm: 0.54883841
INFO:root:At the start of the epoch: mem (CPU python)=12156.49609375MB; mem (CPU total)=38024.69140625MB
INFO:root:[  192] Training loss: 0.31010844, Validation loss: 0.32576448, Gradient norm: 0.55916397
INFO:root:At the start of the epoch: mem (CPU python)=12177.1875MB; mem (CPU total)=38088.75MB
INFO:root:[  193] Training loss: 0.30885764, Validation loss: 0.32433495, Gradient norm: 0.54548259
INFO:root:At the start of the epoch: mem (CPU python)=12198.59765625MB; mem (CPU total)=38152.2578125MB
INFO:root:Learning rate reduced to: 0.0025
INFO:root:[  194] Training loss: 0.30918971, Validation loss: 0.32218639, Gradient norm: 0.56374591
INFO:root:At the start of the epoch: mem (CPU python)=12220.24609375MB; mem (CPU total)=38216.00390625MB
INFO:root:[  195] Training loss: 0.30221567, Validation loss: 0.31854177, Gradient norm: 0.26659924
INFO:root:At the start of the epoch: mem (CPU python)=12241.4296875MB; mem (CPU total)=38277.53515625MB
INFO:root:[  196] Training loss: 0.30139137, Validation loss: 0.31817934, Gradient norm: 0.30464842
INFO:root:At the start of the epoch: mem (CPU python)=12263.9296875MB; mem (CPU total)=38340.3046875MB
INFO:root:[  197] Training loss: 0.30108037, Validation loss: 0.31820490, Gradient norm: 0.29667300
INFO:root:At the start of the epoch: mem (CPU python)=12285.64453125MB; mem (CPU total)=38403.31640625MB
INFO:root:[  198] Training loss: 0.30026965, Validation loss: 0.31727179, Gradient norm: 0.32610394
INFO:root:At the start of the epoch: mem (CPU python)=12306.80859375MB; mem (CPU total)=38465.58984375MB
INFO:root:[  199] Training loss: 0.30100355, Validation loss: 0.31889460, Gradient norm: 0.38045152
INFO:root:At the start of the epoch: mem (CPU python)=12327.9921875MB; mem (CPU total)=38526.63671875MB
INFO:root:[  200] Training loss: 0.30136853, Validation loss: 0.31702139, Gradient norm: 0.39114064
INFO:root:At the start of the epoch: mem (CPU python)=12349.15625MB; mem (CPU total)=38589.15625MB
INFO:root:[  201] Training loss: 0.30030851, Validation loss: 0.31905175, Gradient norm: 0.37836689
INFO:root:At the start of the epoch: mem (CPU python)=12370.33203125MB; mem (CPU total)=38650.203125MB
INFO:root:[  202] Training loss: 0.30089126, Validation loss: 0.31631052, Gradient norm: 0.45605795
INFO:root:At the start of the epoch: mem (CPU python)=12391.5078125MB; mem (CPU total)=38711.25MB
INFO:root:[  203] Training loss: 0.30103623, Validation loss: 0.31844495, Gradient norm: 0.40749059
INFO:root:At the start of the epoch: mem (CPU python)=12412.671875MB; mem (CPU total)=38772.79296875MB
INFO:root:[  204] Training loss: 0.30077943, Validation loss: 0.31636210, Gradient norm: 0.40038898
INFO:root:At the start of the epoch: mem (CPU python)=12433.8515625MB; mem (CPU total)=38835.515625MB
INFO:root:[  205] Training loss: 0.30039454, Validation loss: 0.31745945, Gradient norm: 0.44325209
INFO:root:At the start of the epoch: mem (CPU python)=12455.46484375MB; mem (CPU total)=38899.26953125MB
INFO:root:[  206] Training loss: 0.30035585, Validation loss: 0.31760933, Gradient norm: 0.42576677
INFO:root:At the start of the epoch: mem (CPU python)=12477.1484375MB; mem (CPU total)=38963.7734375MB
INFO:root:[  207] Training loss: 0.30050698, Validation loss: 0.31782930, Gradient norm: 0.45211703
INFO:root:At the start of the epoch: mem (CPU python)=12498.48046875MB; mem (CPU total)=39027.76953125MB
INFO:root:[  208] Training loss: 0.29948727, Validation loss: 0.31710994, Gradient norm: 0.44969232
INFO:root:At the start of the epoch: mem (CPU python)=12519.66015625MB; mem (CPU total)=39093.46875MB
INFO:root:Learning rate reduced to: 0.00125
INFO:root:[  209] Training loss: 0.29979761, Validation loss: 0.31624990, Gradient norm: 0.43660316
INFO:root:At the start of the epoch: mem (CPU python)=12541.4453125MB; mem (CPU total)=39159.96875MB
INFO:root:[  210] Training loss: 0.29623185, Validation loss: 0.31582884, Gradient norm: 0.26154353
INFO:root:At the start of the epoch: mem (CPU python)=12563.12109375MB; mem (CPU total)=39219.73046875MB
INFO:root:[  211] Training loss: 0.29640615, Validation loss: 0.31571737, Gradient norm: 0.26154200
INFO:root:At the start of the epoch: mem (CPU python)=12584.3046875MB; mem (CPU total)=39282.2109375MB
INFO:root:[  212] Training loss: 0.29575045, Validation loss: 0.31612331, Gradient norm: 0.28776374
INFO:root:At the start of the epoch: mem (CPU python)=12605.46875MB; mem (CPU total)=39342.859375MB
INFO:root:[  213] Training loss: 0.29587708, Validation loss: 0.31473102, Gradient norm: 0.27953507
INFO:root:At the start of the epoch: mem (CPU python)=12626.640625MB; mem (CPU total)=39404.890625MB
INFO:root:[  214] Training loss: 0.29555495, Validation loss: 0.31480347, Gradient norm: 0.28093328
INFO:root:At the start of the epoch: mem (CPU python)=12647.8046875MB; mem (CPU total)=39467.66015625MB
INFO:root:[  215] Training loss: 0.29608503, Validation loss: 0.31450741, Gradient norm: 0.32625575
INFO:root:At the start of the epoch: mem (CPU python)=12668.98828125MB; mem (CPU total)=39528.70703125MB
INFO:root:[  216] Training loss: 0.29524796, Validation loss: 0.31511359, Gradient norm: 0.30525228
INFO:root:At the start of the epoch: mem (CPU python)=12690.15625MB; mem (CPU total)=39590.5703125MB
INFO:root:[  217] Training loss: 0.29524891, Validation loss: 0.31459242, Gradient norm: 0.33182840
INFO:root:At the start of the epoch: mem (CPU python)=12711.3359375MB; mem (CPU total)=39652.6328125MB
INFO:root:[  218] Training loss: 0.29527746, Validation loss: 0.31510309, Gradient norm: 0.31380798
INFO:root:At the start of the epoch: mem (CPU python)=12732.5MB; mem (CPU total)=39714.69140625MB
INFO:root:[  219] Training loss: 0.29549612, Validation loss: 0.31478438, Gradient norm: 0.33934484
INFO:root:At the start of the epoch: mem (CPU python)=12753.671875MB; mem (CPU total)=39778.12890625MB
INFO:root:[  220] Training loss: 0.29576725, Validation loss: 0.31510433, Gradient norm: 0.34233203
INFO:root:At the start of the epoch: mem (CPU python)=12774.8359375MB; mem (CPU total)=39841.63671875MB
INFO:root:[  221] Training loss: 0.29530483, Validation loss: 0.31476055, Gradient norm: 0.35818608
INFO:root:At the start of the epoch: mem (CPU python)=12796.0234375MB; mem (CPU total)=39905.63671875MB
INFO:root:Learning rate reduced to: 0.000625
INFO:root:[  222] Training loss: 0.29544882, Validation loss: 0.31616905, Gradient norm: 0.30666588
INFO:root:At the start of the epoch: mem (CPU python)=12817.1875MB; mem (CPU total)=39969.63671875MB
INFO:root:Learning rate reduced to: 0.0003125
INFO:root:[  223] Training loss: 0.29372732, Validation loss: 0.31498997, Gradient norm: 0.20803347
INFO:root:At the start of the epoch: mem (CPU python)=12838.3671875MB; mem (CPU total)=40034.58984375MB
INFO:root:Learning rate reduced to: 0.00015625
INFO:root:[  224] Training loss: 0.29252371, Validation loss: 0.31474349, Gradient norm: 0.16910438
INFO:root:At the start of the epoch: mem (CPU python)=12860.5MB; mem (CPU total)=40096.02734375MB
INFO:root:Learning rate reduced to: 7.8125e-05
INFO:root:[  225] Training loss: 0.29182076, Validation loss: 0.31355727, Gradient norm: 0.14637675
INFO:root:At the start of the epoch: mem (CPU python)=12882.078125MB; mem (CPU total)=40157.40234375MB
INFO:root:[  226] Training loss: 0.29148130, Validation loss: 0.31194100, Gradient norm: 0.12661315
INFO:root:At the start of the epoch: mem (CPU python)=12903.23828125MB; mem (CPU total)=40220.62890625MB
INFO:root:[  227] Training loss: 0.29180507, Validation loss: 0.31282335, Gradient norm: 0.12733185
INFO:root:At the start of the epoch: mem (CPU python)=12924.40234375MB; mem (CPU total)=40282.19921875MB
INFO:root:[  228] Training loss: 0.29162317, Validation loss: 0.31260920, Gradient norm: 0.13050564
INFO:root:At the start of the epoch: mem (CPU python)=12945.58984375MB; mem (CPU total)=40343.03125MB
INFO:root:[  229] Training loss: 0.29196147, Validation loss: 0.31311136, Gradient norm: 0.12949141
INFO:root:At the start of the epoch: mem (CPU python)=12967.5234375MB; mem (CPU total)=40404.31640625MB
INFO:root:[  230] Training loss: 0.29140156, Validation loss: 0.31309325, Gradient norm: 0.13174186
INFO:root:At the start of the epoch: mem (CPU python)=12988.6875MB; mem (CPU total)=40464.70703125MB
INFO:root:[  231] Training loss: 0.29142347, Validation loss: 0.31370016, Gradient norm: 0.12821674
INFO:root:At the start of the epoch: mem (CPU python)=13009.8671875MB; mem (CPU total)=40526.47265625MB
INFO:root:[  232] Training loss: 0.29164048, Validation loss: 0.31282191, Gradient norm: 0.13134588
INFO:root:At the start of the epoch: mem (CPU python)=13031.04296875MB; mem (CPU total)=40587.56640625MB
INFO:root:[  233] Training loss: 0.29182480, Validation loss: 0.31323928, Gradient norm: 0.13226449
INFO:root:At the start of the epoch: mem (CPU python)=13052.20703125MB; mem (CPU total)=40649.3359375MB
INFO:root:[  234] Training loss: 0.29157136, Validation loss: 0.31211062, Gradient norm: 0.13452432
INFO:root:At the start of the epoch: mem (CPU python)=13073.37890625MB; mem (CPU total)=40710.890625MB
INFO:root:[  235] Training loss: 0.29120275, Validation loss: 0.31206566, Gradient norm: 0.14339905
INFO:root:At the start of the epoch: mem (CPU python)=13094.54296875MB; mem (CPU total)=40775.48828125MB
INFO:root:EP 235: Early stopping
INFO:root:Training for autoregressive step 2 starts now.
INFO:root:Learning rate reduced to: [3.90625e-05]
INFO:root:At the start of the epoch: mem (CPU python)=13115.9453125MB; mem (CPU total)=40840.59765625MB
INFO:root:[  237] Training loss: 0.36971621, Validation loss: 0.38517119, Gradient norm: 0.28701496
INFO:root:At the start of the epoch: mem (CPU python)=13124.42578125MB; mem (CPU total)=40906.921875MB
INFO:root:[  238] Training loss: 0.36798032, Validation loss: 0.38349318, Gradient norm: 0.25647689
INFO:root:At the start of the epoch: mem (CPU python)=13145.58984375MB; mem (CPU total)=40993.546875MB
INFO:root:[  239] Training loss: 0.36714992, Validation loss: 0.38550468, Gradient norm: 0.25460153
INFO:root:At the start of the epoch: mem (CPU python)=13166.75390625MB; mem (CPU total)=41073.00390625MB
INFO:root:[  240] Training loss: 0.36638039, Validation loss: 0.38391749, Gradient norm: 0.25644148
INFO:root:At the start of the epoch: mem (CPU python)=13187.91796875MB; mem (CPU total)=41158.890625MB
INFO:root:[  241] Training loss: 0.36596148, Validation loss: 0.38353133, Gradient norm: 0.24011279
INFO:root:At the start of the epoch: mem (CPU python)=13209.078125MB; mem (CPU total)=41237.046875MB
INFO:root:[  242] Training loss: 0.36630963, Validation loss: 0.38371378, Gradient norm: 0.23114019
INFO:root:At the start of the epoch: mem (CPU python)=13230.24609375MB; mem (CPU total)=41296.26171875MB
INFO:root:[  243] Training loss: 0.36558404, Validation loss: 0.38279705, Gradient norm: 0.22810918
INFO:root:At the start of the epoch: mem (CPU python)=13251.41015625MB; mem (CPU total)=41371.3828125MB
INFO:root:[  244] Training loss: 0.36560048, Validation loss: 0.38243098, Gradient norm: 0.23020502
INFO:root:At the start of the epoch: mem (CPU python)=13272.5703125MB; mem (CPU total)=41438.10546875MB
INFO:root:[  245] Training loss: 0.36492559, Validation loss: 0.38264370, Gradient norm: 0.22658237
INFO:root:At the start of the epoch: mem (CPU python)=13293.73046875MB; mem (CPU total)=41513.37890625MB
INFO:root:[  246] Training loss: 0.36466017, Validation loss: 0.38206955, Gradient norm: 0.23865746
INFO:root:At the start of the epoch: mem (CPU python)=13314.8984375MB; mem (CPU total)=41581.85546875MB
INFO:root:[  247] Training loss: 0.36486364, Validation loss: 0.38313119, Gradient norm: 0.23460811
INFO:root:At the start of the epoch: mem (CPU python)=13336.0625MB; mem (CPU total)=41657.0390625MB
INFO:root:[  248] Training loss: 0.36475904, Validation loss: 0.38264687, Gradient norm: 0.23825019
INFO:root:At the start of the epoch: mem (CPU python)=13357.2265625MB; mem (CPU total)=41730.30078125MB
INFO:root:[  249] Training loss: 0.36460277, Validation loss: 0.38139776, Gradient norm: 0.21619929
INFO:root:At the start of the epoch: mem (CPU python)=13378.390625MB; mem (CPU total)=41800.15625MB
INFO:root:[  250] Training loss: 0.36429728, Validation loss: 0.38244307, Gradient norm: 0.23005981
INFO:root:At the start of the epoch: mem (CPU python)=13399.5546875MB; mem (CPU total)=41877.3828125MB
INFO:root:[  251] Training loss: 0.36401492, Validation loss: 0.38145880, Gradient norm: 0.22106264
INFO:root:At the start of the epoch: mem (CPU python)=13420.72265625MB; mem (CPU total)=41943.875MB
INFO:root:[  252] Training loss: 0.36447021, Validation loss: 0.38242122, Gradient norm: 0.23770353
INFO:root:At the start of the epoch: mem (CPU python)=13441.88671875MB; mem (CPU total)=42017.05859375MB
INFO:root:[  253] Training loss: 0.36440541, Validation loss: 0.38206374, Gradient norm: 0.23498857
INFO:root:At the start of the epoch: mem (CPU python)=13463.046875MB; mem (CPU total)=42085.921875MB
INFO:root:[  254] Training loss: 0.36376731, Validation loss: 0.38267974, Gradient norm: 0.21738979
INFO:root:At the start of the epoch: mem (CPU python)=13484.21484375MB; mem (CPU total)=42157.296875MB
INFO:root:[  255] Training loss: 0.36380497, Validation loss: 0.38150349, Gradient norm: 0.22531293
INFO:root:At the start of the epoch: mem (CPU python)=13505.37890625MB; mem (CPU total)=42233.9140625MB
INFO:root:[  256] Training loss: 0.36418716, Validation loss: 0.38215303, Gradient norm: 0.22132182
INFO:root:At the start of the epoch: mem (CPU python)=13526.54296875MB; mem (CPU total)=42298.375MB
INFO:root:[  257] Training loss: 0.36328159, Validation loss: 0.38240960, Gradient norm: 0.22165832
INFO:root:At the start of the epoch: mem (CPU python)=13547.70703125MB; mem (CPU total)=42373.36328125MB
INFO:root:[  258] Training loss: 0.36378261, Validation loss: 0.38198939, Gradient norm: 0.23133501
INFO:root:At the start of the epoch: mem (CPU python)=13568.87109375MB; mem (CPU total)=42441.62109375MB
INFO:root:[  259] Training loss: 0.36372659, Validation loss: 0.38117231, Gradient norm: 0.22748184
INFO:root:At the start of the epoch: mem (CPU python)=13590.03515625MB; mem (CPU total)=42514.546875MB
INFO:root:[  260] Training loss: 0.36335422, Validation loss: 0.38145783, Gradient norm: 0.23758718
INFO:root:At the start of the epoch: mem (CPU python)=13611.1953125MB; mem (CPU total)=42591.34765625MB
INFO:root:[  261] Training loss: 0.36410188, Validation loss: 0.38138294, Gradient norm: 0.22999978
INFO:root:At the start of the epoch: mem (CPU python)=13632.359375MB; mem (CPU total)=42656.04296875MB
INFO:root:[  262] Training loss: 0.36365161, Validation loss: 0.38125253, Gradient norm: 0.22092082
INFO:root:At the start of the epoch: mem (CPU python)=13653.52734375MB; mem (CPU total)=42730.6484375MB
INFO:root:[  263] Training loss: 0.36340161, Validation loss: 0.38113183, Gradient norm: 0.22342380
INFO:root:At the start of the epoch: mem (CPU python)=13674.6875MB; mem (CPU total)=42802.1015625MB
INFO:root:[  264] Training loss: 0.36313336, Validation loss: 0.38074616, Gradient norm: 0.23061754
INFO:root:At the start of the epoch: mem (CPU python)=13695.8515625MB; mem (CPU total)=42871.19921875MB
INFO:root:[  265] Training loss: 0.36307662, Validation loss: 0.38076489, Gradient norm: 0.22322561
INFO:root:At the start of the epoch: mem (CPU python)=13717.015625MB; mem (CPU total)=42948.49609375MB
INFO:root:[  266] Training loss: 0.36320874, Validation loss: 0.38138765, Gradient norm: 0.22204368
INFO:root:At the start of the epoch: mem (CPU python)=13738.18359375MB; mem (CPU total)=43013.23828125MB
INFO:root:[  267] Training loss: 0.36295421, Validation loss: 0.38099594, Gradient norm: 0.22611579
INFO:root:At the start of the epoch: mem (CPU python)=13759.34765625MB; mem (CPU total)=43087.08984375MB
INFO:root:[  268] Training loss: 0.36337563, Validation loss: 0.38021791, Gradient norm: 0.21546856
INFO:root:At the start of the epoch: mem (CPU python)=13780.51171875MB; mem (CPU total)=43157.24609375MB
INFO:root:[  269] Training loss: 0.36304060, Validation loss: 0.38002491, Gradient norm: 0.22015610
INFO:root:At the start of the epoch: mem (CPU python)=13801.67578125MB; mem (CPU total)=43228.609375MB
INFO:root:[  270] Training loss: 0.36305588, Validation loss: 0.38161936, Gradient norm: 0.22553601
INFO:root:At the start of the epoch: mem (CPU python)=13822.83984375MB; mem (CPU total)=43294.6484375MB
INFO:root:[  271] Training loss: 0.36222476, Validation loss: 0.38072321, Gradient norm: 0.21026350
INFO:root:At the start of the epoch: mem (CPU python)=13844.03125MB; mem (CPU total)=43355.9921875MB
INFO:root:[  272] Training loss: 0.36252313, Validation loss: 0.37942296, Gradient norm: 0.22366710
INFO:root:At the start of the epoch: mem (CPU python)=13865.19140625MB; mem (CPU total)=43401.328125MB
INFO:root:[  273] Training loss: 0.36250325, Validation loss: 0.38020921, Gradient norm: 0.22668596
INFO:root:At the start of the epoch: mem (CPU python)=13886.3515625MB; mem (CPU total)=43464.09375MB
INFO:root:[  274] Training loss: 0.36259131, Validation loss: 0.37995170, Gradient norm: 0.22428757
INFO:root:At the start of the epoch: mem (CPU python)=13907.51953125MB; mem (CPU total)=43526.33984375MB
INFO:root:[  275] Training loss: 0.36287167, Validation loss: 0.38036544, Gradient norm: 0.22493822
INFO:root:At the start of the epoch: mem (CPU python)=13928.6796875MB; mem (CPU total)=43588.5703125MB
INFO:root:[  276] Training loss: 0.36219017, Validation loss: 0.38028391, Gradient norm: 0.21773013
INFO:root:At the start of the epoch: mem (CPU python)=13949.84375MB; mem (CPU total)=43646.15234375MB
INFO:root:[  277] Training loss: 0.36261521, Validation loss: 0.37907441, Gradient norm: 0.22112871
INFO:root:At the start of the epoch: mem (CPU python)=13971.0078125MB; mem (CPU total)=43707.16796875MB
INFO:root:[  278] Training loss: 0.36238485, Validation loss: 0.37974876, Gradient norm: 0.22400300
INFO:root:At the start of the epoch: mem (CPU python)=13992.17578125MB; mem (CPU total)=43767.66796875MB
INFO:root:[  279] Training loss: 0.36211260, Validation loss: 0.37999899, Gradient norm: 0.23449981
INFO:root:At the start of the epoch: mem (CPU python)=14013.33984375MB; mem (CPU total)=43827.96484375MB
INFO:root:[  280] Training loss: 0.36200508, Validation loss: 0.37844267, Gradient norm: 0.20821025
INFO:root:At the start of the epoch: mem (CPU python)=14034.50390625MB; mem (CPU total)=43889.6796875MB
INFO:root:[  281] Training loss: 0.36209831, Validation loss: 0.37943382, Gradient norm: 0.22976804
INFO:root:At the start of the epoch: mem (CPU python)=14055.66796875MB; mem (CPU total)=43951.234375MB
INFO:root:[  282] Training loss: 0.36225622, Validation loss: 0.38072379, Gradient norm: 0.21041098
INFO:root:At the start of the epoch: mem (CPU python)=14076.828125MB; mem (CPU total)=44012.7578125MB
INFO:root:[  283] Training loss: 0.36223030, Validation loss: 0.37924127, Gradient norm: 0.20686280
INFO:root:At the start of the epoch: mem (CPU python)=14097.99609375MB; mem (CPU total)=44073.7890625MB
INFO:root:[  284] Training loss: 0.36176241, Validation loss: 0.38062549, Gradient norm: 0.22333387
INFO:root:At the start of the epoch: mem (CPU python)=14119.16015625MB; mem (CPU total)=44132.5546875MB
INFO:root:[  285] Training loss: 0.36226932, Validation loss: 0.37917045, Gradient norm: 0.23353835
INFO:root:At the start of the epoch: mem (CPU python)=14140.32421875MB; mem (CPU total)=44193.30859375MB
INFO:root:[  286] Training loss: 0.36190906, Validation loss: 0.38055487, Gradient norm: 0.21261036
INFO:root:At the start of the epoch: mem (CPU python)=14161.48828125MB; mem (CPU total)=44256.0625MB
INFO:root:[  287] Training loss: 0.36215237, Validation loss: 0.38058789, Gradient norm: 0.20855143
INFO:root:At the start of the epoch: mem (CPU python)=14182.65234375MB; mem (CPU total)=44315.203125MB
INFO:root:[  288] Training loss: 0.36192467, Validation loss: 0.37948202, Gradient norm: 0.22100141
INFO:root:At the start of the epoch: mem (CPU python)=14203.8203125MB; mem (CPU total)=44374.3515625MB
INFO:root:[  289] Training loss: 0.36161521, Validation loss: 0.38021031, Gradient norm: 0.23007187
INFO:root:At the start of the epoch: mem (CPU python)=14224.984375MB; mem (CPU total)=44435.3828125MB
INFO:root:EP 289: Early stopping
INFO:root:After finishing all epochs: mem (CPU python)=14246.14453125MB; mem (CPU total)=44488.5234375MB
INFO:root:Training the model took 12149.817s.
INFO:root:Emptying the cuda cache took 0.016s.
INFO:root:Starting evaluation: model SFNO & uncertainty quantification dropout
INFO:root:Evaluating the model on Validation data.
INFO:root:MSEValidation: 0.4021
INFO:root:EnergyScoreValidation: 0.31089
INFO:root:CRPSValidation: 0.12598
INFO:root:Gaussian NLLValidation: 0.92428
INFO:root:CoverageValidation: 0.63378
INFO:root:IntervalWidthValidation: 0.37341
INFO:root:Evaluating the model on Test data.
INFO:root:MSETest: 0.31203
INFO:root:EnergyScoreTest: 0.24632
INFO:root:CRPSTest: 0.09764
INFO:root:Gaussian NLLTest: 1.0019
INFO:root:CoverageTest: 0.58707
INFO:root:IntervalWidthTest: 0.25022
INFO:root:After validation: mem (CPU python)=14252.90234375MB; mem (CPU total)=44869.703125MB
INFO:root:###3 out of 3 training parameter combinations ###
INFO:root:Training parameters: {'seed': 123456, 'model': 'SFNO', 'uncertainty_quantification': 'dropout', 'batch_size': 32, 'n_epochs': 1000, 'early_stopping': 10, 'init': 'default', 'learning_rate': 0.005, 'lr_schedule': 'step', 'optimizer': 'adam', 'gradient_clipping': 1, 'layer_normalization': True, 'data_loader_pin_memory': False, 'data_loader_num_workers': 0, 'distributed_training': False, 'alpha': 0.05, 'n_samples_uq': 100, 'weight_decay': 0, 'dropout': 0.01, 'fourier_dropout': None, 'hidden_channels': 32, 'projection_channels': 256, 'lifting_channels': 256, 'n_modes': (32, 32), 'n_samples': 3}
INFO:root:After creating the dataloaders: mem (CPU python)=14252.90234375MB; mem (CPU total)=44878.07421875MB
INFO:root:NumberParameters: 284835
INFO:root:GPU memory allocated: 176160768
INFO:root:After setting up the model: mem (CPU python)=14252.9453125MB; mem (CPU total)=44878.07421875MB
INFO:root:Training starts now.
INFO:root:At the start of the epoch: mem (CPU python)=14253.0546875MB; mem (CPU total)=44885.70703125MB
INFO:root:[    1] Training loss: 0.83332054, Validation loss: 0.73919547, Gradient norm: 0.45988596
INFO:root:At the start of the epoch: mem (CPU python)=14274.11328125MB; mem (CPU total)=44932.421875MB
INFO:root:[    2] Training loss: 0.73521084, Validation loss: 0.73270074, Gradient norm: 0.26145039
INFO:root:At the start of the epoch: mem (CPU python)=14295.29296875MB; mem (CPU total)=44984.640625MB
INFO:root:[    3] Training loss: 0.72716066, Validation loss: 0.71578958, Gradient norm: 0.21528579
INFO:root:At the start of the epoch: mem (CPU python)=14316.46484375MB; mem (CPU total)=45027.75390625MB
INFO:root:[    4] Training loss: 0.68407914, Validation loss: 0.65154568, Gradient norm: 0.29928175
INFO:root:At the start of the epoch: mem (CPU python)=14337.6328125MB; mem (CPU total)=45078.21875MB
INFO:root:[    5] Training loss: 0.62049671, Validation loss: 0.58918363, Gradient norm: 0.35640580
INFO:root:At the start of the epoch: mem (CPU python)=14358.796875MB; mem (CPU total)=45125.23828125MB
INFO:root:[    6] Training loss: 0.57704083, Validation loss: 0.56762630, Gradient norm: 0.30461363
INFO:root:At the start of the epoch: mem (CPU python)=14379.95703125MB; mem (CPU total)=45170.97265625MB
INFO:root:[    7] Training loss: 0.55829476, Validation loss: 0.54963642, Gradient norm: 0.32221600
INFO:root:At the start of the epoch: mem (CPU python)=14401.12109375MB; mem (CPU total)=45220.84375MB
INFO:root:[    8] Training loss: 0.54306840, Validation loss: 0.53761261, Gradient norm: 0.29191457
INFO:root:At the start of the epoch: mem (CPU python)=14422.2890625MB; mem (CPU total)=45268.2109375MB
INFO:root:[    9] Training loss: 0.53329003, Validation loss: 0.52725563, Gradient norm: 0.32170133
INFO:root:At the start of the epoch: mem (CPU python)=14443.453125MB; mem (CPU total)=45315.6875MB
INFO:root:[   10] Training loss: 0.52200938, Validation loss: 0.51582721, Gradient norm: 0.29065796
INFO:root:At the start of the epoch: mem (CPU python)=14464.6171875MB; mem (CPU total)=45365.16796875MB
INFO:root:[   11] Training loss: 0.50217479, Validation loss: 0.48300274, Gradient norm: 0.33686164
INFO:root:At the start of the epoch: mem (CPU python)=14485.77734375MB; mem (CPU total)=45410.71875MB
INFO:root:[   12] Training loss: 0.46888526, Validation loss: 0.45908944, Gradient norm: 0.38572876
INFO:root:At the start of the epoch: mem (CPU python)=14506.94140625MB; mem (CPU total)=45461.42578125MB
INFO:root:[   13] Training loss: 0.45324574, Validation loss: 0.44795723, Gradient norm: 0.33632043
INFO:root:At the start of the epoch: mem (CPU python)=14528.10546875MB; mem (CPU total)=45509.80859375MB
INFO:root:[   14] Training loss: 0.44599154, Validation loss: 0.44291778, Gradient norm: 0.33698252
INFO:root:At the start of the epoch: mem (CPU python)=14549.2734375MB; mem (CPU total)=45554.32421875MB
INFO:root:[   15] Training loss: 0.44036900, Validation loss: 0.43898090, Gradient norm: 0.32430596
INFO:root:At the start of the epoch: mem (CPU python)=14570.4375MB; mem (CPU total)=45603.58984375MB
INFO:root:[   16] Training loss: 0.43726226, Validation loss: 0.43644732, Gradient norm: 0.34660081
INFO:root:At the start of the epoch: mem (CPU python)=14591.6015625MB; mem (CPU total)=45651.05078125MB
INFO:root:[   17] Training loss: 0.43318179, Validation loss: 0.43468710, Gradient norm: 0.31782762
INFO:root:At the start of the epoch: mem (CPU python)=14612.765625MB; mem (CPU total)=45699.30078125MB
INFO:root:[   18] Training loss: 0.42949321, Validation loss: 0.43055610, Gradient norm: 0.31186873
INFO:root:At the start of the epoch: mem (CPU python)=14633.9296875MB; mem (CPU total)=45746.8125MB
INFO:root:[   19] Training loss: 0.42653584, Validation loss: 0.42507470, Gradient norm: 0.30734752
INFO:root:At the start of the epoch: mem (CPU python)=14655.09765625MB; mem (CPU total)=45794.08203125MB
INFO:root:[   20] Training loss: 0.42410392, Validation loss: 0.42565059, Gradient norm: 0.32515565
INFO:root:At the start of the epoch: mem (CPU python)=14676.2578125MB; mem (CPU total)=45845.28515625MB
INFO:root:[   21] Training loss: 0.42173715, Validation loss: 0.42209267, Gradient norm: 0.32439654
INFO:root:At the start of the epoch: mem (CPU python)=14697.421875MB; mem (CPU total)=45891.61328125MB
INFO:root:[   22] Training loss: 0.41909260, Validation loss: 0.42181168, Gradient norm: 0.31135502
INFO:root:At the start of the epoch: mem (CPU python)=14718.5859375MB; mem (CPU total)=45937.6015625MB
INFO:root:[   23] Training loss: 0.41718399, Validation loss: 0.41677935, Gradient norm: 0.33599669
INFO:root:At the start of the epoch: mem (CPU python)=14739.74609375MB; mem (CPU total)=45986.5078125MB
INFO:root:[   24] Training loss: 0.41415628, Validation loss: 0.41462371, Gradient norm: 0.32477849
INFO:root:At the start of the epoch: mem (CPU python)=14760.9140625MB; mem (CPU total)=46033.796875MB
INFO:root:[   25] Training loss: 0.41173957, Validation loss: 0.41087024, Gradient norm: 0.32104427
INFO:root:At the start of the epoch: mem (CPU python)=14782.078125MB; mem (CPU total)=46081.80078125MB
INFO:root:[   26] Training loss: 0.41022028, Validation loss: 0.40908945, Gradient norm: 0.34849134
INFO:root:At the start of the epoch: mem (CPU python)=14803.2421875MB; mem (CPU total)=46129.3125MB
INFO:root:[   27] Training loss: 0.40779194, Validation loss: 0.40751798, Gradient norm: 0.30587159
INFO:root:At the start of the epoch: mem (CPU python)=14824.40625MB; mem (CPU total)=46176.75390625MB
INFO:root:[   28] Training loss: 0.40601378, Validation loss: 0.41140851, Gradient norm: 0.31402771
INFO:root:At the start of the epoch: mem (CPU python)=14845.5703125MB; mem (CPU total)=46227.45703125MB
INFO:root:[   29] Training loss: 0.40541664, Validation loss: 0.40704530, Gradient norm: 0.32596501
INFO:root:At the start of the epoch: mem (CPU python)=14866.73046875MB; mem (CPU total)=46274.421875MB
INFO:root:[   30] Training loss: 0.40443732, Validation loss: 0.40313723, Gradient norm: 0.33489654
INFO:root:At the start of the epoch: mem (CPU python)=14887.8984375MB; mem (CPU total)=46318.23828125MB
INFO:root:[   31] Training loss: 0.40249445, Validation loss: 0.40545266, Gradient norm: 0.31637074
INFO:root:At the start of the epoch: mem (CPU python)=14909.0625MB; mem (CPU total)=46367.265625MB
INFO:root:[   32] Training loss: 0.40256112, Validation loss: 0.40356543, Gradient norm: 0.34036464
INFO:root:At the start of the epoch: mem (CPU python)=14930.2265625MB; mem (CPU total)=46412.9921875MB
INFO:root:[   33] Training loss: 0.40086202, Validation loss: 0.40209999, Gradient norm: 0.29728309
INFO:root:At the start of the epoch: mem (CPU python)=14951.39453125MB; mem (CPU total)=46461.484375MB
INFO:root:[   34] Training loss: 0.40003636, Validation loss: 0.40180130, Gradient norm: 0.30226071
INFO:root:At the start of the epoch: mem (CPU python)=14972.55859375MB; mem (CPU total)=46511.94921875MB
INFO:root:[   35] Training loss: 0.39905310, Validation loss: 0.40249042, Gradient norm: 0.31280696
INFO:root:At the start of the epoch: mem (CPU python)=14993.72265625MB; mem (CPU total)=46555.02734375MB
INFO:root:[   36] Training loss: 0.39835991, Validation loss: 0.39916033, Gradient norm: 0.30609968
INFO:root:At the start of the epoch: mem (CPU python)=15014.890625MB; mem (CPU total)=46605.21875MB
INFO:root:[   37] Training loss: 0.39860436, Validation loss: 0.39945325, Gradient norm: 0.34488065
INFO:root:At the start of the epoch: mem (CPU python)=15036.0546875MB; mem (CPU total)=46650.48828125MB
INFO:root:[   38] Training loss: 0.39708669, Validation loss: 0.39832908, Gradient norm: 0.28994002
INFO:root:At the start of the epoch: mem (CPU python)=15057.21875MB; mem (CPU total)=46696.046875MB
INFO:root:[   39] Training loss: 0.39635943, Validation loss: 0.39889029, Gradient norm: 0.30659207
INFO:root:At the start of the epoch: mem (CPU python)=15078.375MB; mem (CPU total)=46747.97265625MB
INFO:root:[   40] Training loss: 0.39609086, Validation loss: 0.39724191, Gradient norm: 0.33335030
INFO:root:At the start of the epoch: mem (CPU python)=15099.54296875MB; mem (CPU total)=46792.515625MB
INFO:root:[   41] Training loss: 0.39529703, Validation loss: 0.39773619, Gradient norm: 0.28755741
INFO:root:At the start of the epoch: mem (CPU python)=15120.703125MB; mem (CPU total)=46838.80859375MB
INFO:root:[   42] Training loss: 0.39459799, Validation loss: 0.39596285, Gradient norm: 0.30491466
INFO:root:At the start of the epoch: mem (CPU python)=15141.87109375MB; mem (CPU total)=46888.2421875MB
INFO:root:[   43] Training loss: 0.39433995, Validation loss: 0.39611166, Gradient norm: 0.32546593
INFO:root:At the start of the epoch: mem (CPU python)=15163.03515625MB; mem (CPU total)=46933.984375MB
INFO:root:[   44] Training loss: 0.39356227, Validation loss: 0.39836404, Gradient norm: 0.30827656
INFO:root:At the start of the epoch: mem (CPU python)=15184.19921875MB; mem (CPU total)=46984.91015625MB
INFO:root:[   45] Training loss: 0.39280995, Validation loss: 0.39455146, Gradient norm: 0.31129133
INFO:root:At the start of the epoch: mem (CPU python)=15205.36328125MB; mem (CPU total)=47031.43359375MB
INFO:root:[   46] Training loss: 0.39195354, Validation loss: 0.39566624, Gradient norm: 0.29243899
INFO:root:At the start of the epoch: mem (CPU python)=15226.52734375MB; mem (CPU total)=47078.23828125MB
INFO:root:[   47] Training loss: 0.39244263, Validation loss: 0.39419655, Gradient norm: 0.33274966
INFO:root:At the start of the epoch: mem (CPU python)=15247.6953125MB; mem (CPU total)=47130.91796875MB
INFO:root:[   48] Training loss: 0.39130218, Validation loss: 0.39299708, Gradient norm: 0.28973147
INFO:root:At the start of the epoch: mem (CPU python)=15268.85546875MB; mem (CPU total)=47177.23046875MB
INFO:root:[   49] Training loss: 0.39075151, Validation loss: 0.39270084, Gradient norm: 0.29667879
INFO:root:At the start of the epoch: mem (CPU python)=15290.0234375MB; mem (CPU total)=47227.6953125MB
INFO:root:[   50] Training loss: 0.39099468, Validation loss: 0.39395130, Gradient norm: 0.32063827
INFO:root:At the start of the epoch: mem (CPU python)=15311.27734375MB; mem (CPU total)=47279.8828125MB
INFO:root:[   51] Training loss: 0.39031428, Validation loss: 0.39159022, Gradient norm: 0.30926568
INFO:root:At the start of the epoch: mem (CPU python)=15332.44140625MB; mem (CPU total)=47325.58984375MB
INFO:root:[   52] Training loss: 0.38965905, Validation loss: 0.39137375, Gradient norm: 0.31433611
INFO:root:At the start of the epoch: mem (CPU python)=15353.9140625MB; mem (CPU total)=47374.39453125MB
INFO:root:[   53] Training loss: 0.38880249, Validation loss: 0.39155003, Gradient norm: 0.29625572
INFO:root:At the start of the epoch: mem (CPU python)=15375.5234375MB; mem (CPU total)=47424.88671875MB
INFO:root:[   54] Training loss: 0.38854921, Validation loss: 0.39088366, Gradient norm: 0.31780650
INFO:root:At the start of the epoch: mem (CPU python)=15396.6875MB; mem (CPU total)=47469.4453125MB
INFO:root:[   55] Training loss: 0.38762948, Validation loss: 0.39054466, Gradient norm: 0.29279266
INFO:root:At the start of the epoch: mem (CPU python)=15417.8515625MB; mem (CPU total)=47522.6015625MB
INFO:root:[   56] Training loss: 0.38785723, Validation loss: 0.38939894, Gradient norm: 0.31173085
INFO:root:At the start of the epoch: mem (CPU python)=15439.015625MB; mem (CPU total)=47566.66796875MB
INFO:root:[   57] Training loss: 0.38681485, Validation loss: 0.39169894, Gradient norm: 0.28158740
INFO:root:At the start of the epoch: mem (CPU python)=15460.17578125MB; mem (CPU total)=47612.703125MB
INFO:root:[   58] Training loss: 0.38744882, Validation loss: 0.39372280, Gradient norm: 0.32692273
INFO:root:At the start of the epoch: mem (CPU python)=15481.33984375MB; mem (CPU total)=47662.67578125MB
INFO:root:[   59] Training loss: 0.38656372, Validation loss: 0.38848510, Gradient norm: 0.29341476
INFO:root:At the start of the epoch: mem (CPU python)=15502.50390625MB; mem (CPU total)=47710.43359375MB
INFO:root:[   60] Training loss: 0.38614769, Validation loss: 0.38827658, Gradient norm: 0.31598339
INFO:root:At the start of the epoch: mem (CPU python)=15523.66796875MB; mem (CPU total)=47759.078125MB
INFO:root:[   61] Training loss: 0.38615731, Validation loss: 0.38856224, Gradient norm: 0.32058530
INFO:root:At the start of the epoch: mem (CPU python)=15544.83203125MB; mem (CPU total)=47807.6875MB
INFO:root:[   62] Training loss: 0.38511002, Validation loss: 0.38961737, Gradient norm: 0.29986703
INFO:root:At the start of the epoch: mem (CPU python)=15565.99609375MB; mem (CPU total)=47855.19921875MB
INFO:root:[   63] Training loss: 0.38460251, Validation loss: 0.38931219, Gradient norm: 0.30393295
INFO:root:At the start of the epoch: mem (CPU python)=15587.1640625MB; mem (CPU total)=47906.58984375MB
INFO:root:[   64] Training loss: 0.38446476, Validation loss: 0.38671581, Gradient norm: 0.30189808
INFO:root:At the start of the epoch: mem (CPU python)=15608.328125MB; mem (CPU total)=47953.85546875MB
INFO:root:[   65] Training loss: 0.38412876, Validation loss: 0.38746871, Gradient norm: 0.30097607
INFO:root:At the start of the epoch: mem (CPU python)=15629.4921875MB; mem (CPU total)=48000.58203125MB
INFO:root:[   66] Training loss: 0.38384147, Validation loss: 0.38696615, Gradient norm: 0.32269317
INFO:root:At the start of the epoch: mem (CPU python)=15650.65625MB; mem (CPU total)=48053.015625MB
INFO:root:[   67] Training loss: 0.38343888, Validation loss: 0.38529453, Gradient norm: 0.30114491
INFO:root:At the start of the epoch: mem (CPU python)=15671.81640625MB; mem (CPU total)=48099.328125MB
INFO:root:[   68] Training loss: 0.38314497, Validation loss: 0.38535718, Gradient norm: 0.32147360
INFO:root:At the start of the epoch: mem (CPU python)=15692.98046875MB; mem (CPU total)=48146.36328125MB
INFO:root:[   69] Training loss: 0.38251859, Validation loss: 0.38528849, Gradient norm: 0.30794595
INFO:root:At the start of the epoch: mem (CPU python)=15714.1484375MB; mem (CPU total)=48196.57421875MB
INFO:root:[   70] Training loss: 0.38212781, Validation loss: 0.38592612, Gradient norm: 0.31173341
INFO:root:At the start of the epoch: mem (CPU python)=15735.3125MB; mem (CPU total)=48244.74609375MB
INFO:root:[   71] Training loss: 0.38140428, Validation loss: 0.38492260, Gradient norm: 0.32444193
INFO:root:At the start of the epoch: mem (CPU python)=15756.4765625MB; mem (CPU total)=48292.890625MB
INFO:root:[   72] Training loss: 0.38087585, Validation loss: 0.38529389, Gradient norm: 0.30971923
INFO:root:At the start of the epoch: mem (CPU python)=15777.640625MB; mem (CPU total)=48340.87890625MB
INFO:root:[   73] Training loss: 0.38057874, Validation loss: 0.38392005, Gradient norm: 0.31056647
INFO:root:At the start of the epoch: mem (CPU python)=15798.80859375MB; mem (CPU total)=48391.078125MB
INFO:root:[   74] Training loss: 0.37992887, Validation loss: 0.38546479, Gradient norm: 0.31444101
INFO:root:At the start of the epoch: mem (CPU python)=15819.96484375MB; mem (CPU total)=48440.7109375MB
INFO:root:[   75] Training loss: 0.37988544, Validation loss: 0.38259966, Gradient norm: 0.32556814
INFO:root:At the start of the epoch: mem (CPU python)=15841.1328125MB; mem (CPU total)=48486.77734375MB
INFO:root:[   76] Training loss: 0.37888708, Validation loss: 0.38215593, Gradient norm: 0.30989315
INFO:root:At the start of the epoch: mem (CPU python)=15862.296875MB; mem (CPU total)=48535.6875MB
INFO:root:[   77] Training loss: 0.37876910, Validation loss: 0.38235390, Gradient norm: 0.31708655
INFO:root:At the start of the epoch: mem (CPU python)=15883.4609375MB; mem (CPU total)=48586.15234375MB
INFO:root:[   78] Training loss: 0.37758508, Validation loss: 0.38045406, Gradient norm: 0.30063037
INFO:root:At the start of the epoch: mem (CPU python)=15904.625MB; mem (CPU total)=48630.95703125MB
INFO:root:[   79] Training loss: 0.37726966, Validation loss: 0.38505939, Gradient norm: 0.31873967
INFO:root:At the start of the epoch: mem (CPU python)=15925.7890625MB; mem (CPU total)=48678.46875MB
INFO:root:[   80] Training loss: 0.37769121, Validation loss: 0.38081547, Gradient norm: 0.32488347
INFO:root:At the start of the epoch: mem (CPU python)=15946.95703125MB; mem (CPU total)=48728.3984375MB
INFO:root:[   81] Training loss: 0.37662830, Validation loss: 0.38070992, Gradient norm: 0.30026395
INFO:root:At the start of the epoch: mem (CPU python)=15968.12109375MB; mem (CPU total)=48774.625MB
INFO:root:[   82] Training loss: 0.37630547, Validation loss: 0.38127671, Gradient norm: 0.32918836
INFO:root:At the start of the epoch: mem (CPU python)=15989.28515625MB; mem (CPU total)=48824.828125MB
INFO:root:[   83] Training loss: 0.37585252, Validation loss: 0.37985154, Gradient norm: 0.32915691
INFO:root:At the start of the epoch: mem (CPU python)=16010.44921875MB; mem (CPU total)=48871.87109375MB
INFO:root:[   84] Training loss: 0.37549256, Validation loss: 0.37812876, Gradient norm: 0.32046791
INFO:root:At the start of the epoch: mem (CPU python)=16031.6171875MB; mem (CPU total)=48921.09375MB
INFO:root:[   85] Training loss: 0.37478677, Validation loss: 0.37830931, Gradient norm: 0.32579533
INFO:root:At the start of the epoch: mem (CPU python)=16052.78125MB; mem (CPU total)=48970.5703125MB
INFO:root:[   86] Training loss: 0.37468354, Validation loss: 0.37688571, Gradient norm: 0.31727298
INFO:root:At the start of the epoch: mem (CPU python)=16073.94140625MB; mem (CPU total)=49015.12109375MB
INFO:root:[   87] Training loss: 0.37409898, Validation loss: 0.37669165, Gradient norm: 0.33524113
INFO:root:At the start of the epoch: mem (CPU python)=16095.10546875MB; mem (CPU total)=49062.15234375MB
INFO:root:[   88] Training loss: 0.37360477, Validation loss: 0.37865470, Gradient norm: 0.33865945
INFO:root:At the start of the epoch: mem (CPU python)=16116.26953125MB; mem (CPU total)=49114.30859375MB
INFO:root:[   89] Training loss: 0.37252168, Validation loss: 0.37919341, Gradient norm: 0.31920567
INFO:root:At the start of the epoch: mem (CPU python)=16137.43359375MB; mem (CPU total)=49150.42578125MB
INFO:root:[   90] Training loss: 0.37312894, Validation loss: 0.37544239, Gradient norm: 0.36510533
INFO:root:At the start of the epoch: mem (CPU python)=16158.6015625MB; mem (CPU total)=49185.41796875MB
INFO:root:[   91] Training loss: 0.37194070, Validation loss: 0.37670767, Gradient norm: 0.33262153
INFO:root:At the start of the epoch: mem (CPU python)=16179.76171875MB; mem (CPU total)=49219.91796875MB
INFO:root:[   92] Training loss: 0.37168936, Validation loss: 0.37494309, Gradient norm: 0.33885732
INFO:root:At the start of the epoch: mem (CPU python)=16200.92578125MB; mem (CPU total)=49257.83203125MB
INFO:root:[   93] Training loss: 0.37031827, Validation loss: 0.37319292, Gradient norm: 0.31416293
INFO:root:At the start of the epoch: mem (CPU python)=16222.08984375MB; mem (CPU total)=49290.71875MB
INFO:root:[   94] Training loss: 0.36962712, Validation loss: 0.37287872, Gradient norm: 0.32291149
INFO:root:At the start of the epoch: mem (CPU python)=16243.25390625MB; mem (CPU total)=49324.55078125MB
INFO:root:[   95] Training loss: 0.36900954, Validation loss: 0.37332260, Gradient norm: 0.31516530
INFO:root:At the start of the epoch: mem (CPU python)=16264.4140625MB; mem (CPU total)=49360.49609375MB
INFO:root:[   96] Training loss: 0.36883290, Validation loss: 0.37334125, Gradient norm: 0.35013139
INFO:root:At the start of the epoch: mem (CPU python)=16285.578125MB; mem (CPU total)=49395.0859375MB
INFO:root:[   97] Training loss: 0.36788106, Validation loss: 0.37210905, Gradient norm: 0.32663895
INFO:root:At the start of the epoch: mem (CPU python)=16306.74609375MB; mem (CPU total)=49429.78515625MB
INFO:root:[   98] Training loss: 0.36756842, Validation loss: 0.37236168, Gradient norm: 0.35375567
INFO:root:At the start of the epoch: mem (CPU python)=16327.91015625MB; mem (CPU total)=49466.37109375MB
INFO:root:[   99] Training loss: 0.36646085, Validation loss: 0.37017835, Gradient norm: 0.32669467
INFO:root:At the start of the epoch: mem (CPU python)=16349.07421875MB; mem (CPU total)=49502.46484375MB
INFO:root:[  100] Training loss: 0.36595542, Validation loss: 0.37237656, Gradient norm: 0.34168615
INFO:root:At the start of the epoch: mem (CPU python)=16370.23828125MB; mem (CPU total)=49538.5390625MB
INFO:root:[  101] Training loss: 0.36558031, Validation loss: 0.36935157, Gradient norm: 0.36829247
INFO:root:At the start of the epoch: mem (CPU python)=16391.40625MB; mem (CPU total)=49572.76171875MB
INFO:root:[  102] Training loss: 0.36473042, Validation loss: 0.36899548, Gradient norm: 0.36001981
INFO:root:At the start of the epoch: mem (CPU python)=16412.5703125MB; mem (CPU total)=32256.87109375MB
INFO:root:[  103] Training loss: 0.36401477, Validation loss: 0.36815232, Gradient norm: 0.35921378
INFO:root:At the start of the epoch: mem (CPU python)=16433.734375MB; mem (CPU total)=32318.96484375MB
INFO:root:[  104] Training loss: 0.36357159, Validation loss: 0.36715502, Gradient norm: 0.35656732
INFO:root:At the start of the epoch: mem (CPU python)=16454.8984375MB; mem (CPU total)=32380.26953125MB
INFO:root:[  105] Training loss: 0.36227381, Validation loss: 0.36659373, Gradient norm: 0.35272460
INFO:root:At the start of the epoch: mem (CPU python)=16476.05859375MB; mem (CPU total)=32451.65234375MB
INFO:root:[  106] Training loss: 0.36127137, Validation loss: 0.36449202, Gradient norm: 0.34864057
INFO:root:At the start of the epoch: mem (CPU python)=16497.22265625MB; mem (CPU total)=32514.9375MB
INFO:root:[  107] Training loss: 0.36044041, Validation loss: 0.36525438, Gradient norm: 0.36341304
INFO:root:At the start of the epoch: mem (CPU python)=16518.3828125MB; mem (CPU total)=32585.5859375MB
INFO:root:[  108] Training loss: 0.36034744, Validation loss: 0.36520350, Gradient norm: 0.37918132
INFO:root:At the start of the epoch: mem (CPU python)=16539.55078125MB; mem (CPU total)=32646.62109375MB
INFO:root:[  109] Training loss: 0.35891037, Validation loss: 0.36279266, Gradient norm: 0.36255768
INFO:root:At the start of the epoch: mem (CPU python)=16560.71484375MB; mem (CPU total)=32712.8125MB
INFO:root:[  110] Training loss: 0.35850771, Validation loss: 0.36413781, Gradient norm: 0.37822402
INFO:root:At the start of the epoch: mem (CPU python)=16581.87890625MB; mem (CPU total)=32781.79296875MB
INFO:root:[  111] Training loss: 0.35736450, Validation loss: 0.36270174, Gradient norm: 0.37263607
INFO:root:At the start of the epoch: mem (CPU python)=16603.04296875MB; mem (CPU total)=32850.0546875MB
INFO:root:[  112] Training loss: 0.35669054, Validation loss: 0.36205002, Gradient norm: 0.34191005
INFO:root:At the start of the epoch: mem (CPU python)=16624.2109375MB; mem (CPU total)=32910.74609375MB
INFO:root:[  113] Training loss: 0.35559237, Validation loss: 0.36105294, Gradient norm: 0.35856730
INFO:root:At the start of the epoch: mem (CPU python)=16645.375MB; mem (CPU total)=32937.12890625MB
INFO:root:[  114] Training loss: 0.35474793, Validation loss: 0.35962477, Gradient norm: 0.38623675
INFO:root:At the start of the epoch: mem (CPU python)=16666.53515625MB; mem (CPU total)=33042.7578125MB
INFO:root:[  115] Training loss: 0.35391941, Validation loss: 0.35901388, Gradient norm: 0.38263546
INFO:root:At the start of the epoch: mem (CPU python)=16687.69921875MB; mem (CPU total)=33106.234375MB
INFO:root:[  116] Training loss: 0.35275446, Validation loss: 0.35747794, Gradient norm: 0.37968279
INFO:root:At the start of the epoch: mem (CPU python)=16708.86328125MB; mem (CPU total)=33135.0546875MB
INFO:root:[  117] Training loss: 0.35194067, Validation loss: 0.35619872, Gradient norm: 0.40445892
INFO:root:At the start of the epoch: mem (CPU python)=16730.03125MB; mem (CPU total)=33239.4921875MB
INFO:root:[  118] Training loss: 0.35061349, Validation loss: 0.35562172, Gradient norm: 0.37248953
INFO:root:At the start of the epoch: mem (CPU python)=16751.1953125MB; mem (CPU total)=33311.90625MB
INFO:root:[  119] Training loss: 0.34887938, Validation loss: 0.35572117, Gradient norm: 0.36814166
INFO:root:At the start of the epoch: mem (CPU python)=16772.359375MB; mem (CPU total)=33377.62890625MB
INFO:root:[  120] Training loss: 0.34827997, Validation loss: 0.35443496, Gradient norm: 0.41381725
INFO:root:At the start of the epoch: mem (CPU python)=16793.5234375MB; mem (CPU total)=33447.6484375MB
INFO:root:[  121] Training loss: 0.34738922, Validation loss: 0.35289968, Gradient norm: 0.43164250
INFO:root:At the start of the epoch: mem (CPU python)=16814.6875MB; mem (CPU total)=33512.37109375MB
INFO:root:[  122] Training loss: 0.34638138, Validation loss: 0.35144318, Gradient norm: 0.42460160
INFO:root:At the start of the epoch: mem (CPU python)=16835.8515625MB; mem (CPU total)=33579.53515625MB
INFO:root:[  123] Training loss: 0.34509193, Validation loss: 0.35147316, Gradient norm: 0.42602303
INFO:root:At the start of the epoch: mem (CPU python)=16857.015625MB; mem (CPU total)=33646.2421875MB
INFO:root:[  124] Training loss: 0.34372681, Validation loss: 0.35158704, Gradient norm: 0.41325240
INFO:root:At the start of the epoch: mem (CPU python)=16878.1796875MB; mem (CPU total)=33712.01953125MB
INFO:root:[  125] Training loss: 0.34245394, Validation loss: 0.35073557, Gradient norm: 0.40195536
INFO:root:At the start of the epoch: mem (CPU python)=16899.34375MB; mem (CPU total)=33778.765625MB
INFO:root:[  126] Training loss: 0.34216021, Validation loss: 0.34956068, Gradient norm: 0.44320670
INFO:root:At the start of the epoch: mem (CPU python)=16920.5078125MB; mem (CPU total)=33844.234375MB
INFO:root:[  127] Training loss: 0.34071848, Validation loss: 0.34716173, Gradient norm: 0.42854570
INFO:root:At the start of the epoch: mem (CPU python)=16941.671875MB; mem (CPU total)=33962.1875MB
INFO:root:[  128] Training loss: 0.33898579, Validation loss: 0.34551874, Gradient norm: 0.41258361
INFO:root:At the start of the epoch: mem (CPU python)=16963.7734375MB; mem (CPU total)=34016.4921875MB
INFO:root:[  129] Training loss: 0.33918655, Validation loss: 0.34726644, Gradient norm: 0.46195268
INFO:root:At the start of the epoch: mem (CPU python)=16985.5MB; mem (CPU total)=34070.40234375MB
INFO:root:[  130] Training loss: 0.33720103, Validation loss: 0.34622758, Gradient norm: 0.41274265
INFO:root:At the start of the epoch: mem (CPU python)=17006.6640625MB; mem (CPU total)=34123.08203125MB
INFO:root:[  131] Training loss: 0.33681781, Validation loss: 0.34524544, Gradient norm: 0.45168415
INFO:root:At the start of the epoch: mem (CPU python)=17027.828125MB; mem (CPU total)=34177.34375MB
INFO:root:[  132] Training loss: 0.33584883, Validation loss: 0.34485922, Gradient norm: 0.44307228
INFO:root:At the start of the epoch: mem (CPU python)=17048.9921875MB; mem (CPU total)=34230.03515625MB
INFO:root:[  133] Training loss: 0.33417535, Validation loss: 0.34541420, Gradient norm: 0.43381570
INFO:root:At the start of the epoch: mem (CPU python)=17070.15234375MB; mem (CPU total)=34284.1640625MB
INFO:root:[  134] Training loss: 0.33366407, Validation loss: 0.34293409, Gradient norm: 0.46429241
INFO:root:At the start of the epoch: mem (CPU python)=17092.1015625MB; mem (CPU total)=34337.0859375MB
INFO:root:[  135] Training loss: 0.33278634, Validation loss: 0.34263192, Gradient norm: 0.46580230
INFO:root:At the start of the epoch: mem (CPU python)=17113.609375MB; mem (CPU total)=34388.52734375MB
INFO:root:[  136] Training loss: 0.33162073, Validation loss: 0.34281353, Gradient norm: 0.45829038
INFO:root:At the start of the epoch: mem (CPU python)=17134.7734375MB; mem (CPU total)=34442.68359375MB
INFO:root:[  137] Training loss: 0.33139380, Validation loss: 0.34255077, Gradient norm: 0.50769162
INFO:root:At the start of the epoch: mem (CPU python)=17155.9375MB; mem (CPU total)=34495.16015625MB
INFO:root:[  138] Training loss: 0.32951694, Validation loss: 0.34056226, Gradient norm: 0.45151740
INFO:root:At the start of the epoch: mem (CPU python)=17177.70703125MB; mem (CPU total)=34548.54296875MB
INFO:root:[  139] Training loss: 0.32829388, Validation loss: 0.34159467, Gradient norm: 0.45851969
INFO:root:At the start of the epoch: mem (CPU python)=17198.87109375MB; mem (CPU total)=34599.96875MB
INFO:root:[  140] Training loss: 0.32798139, Validation loss: 0.33907921, Gradient norm: 0.48922427
INFO:root:At the start of the epoch: mem (CPU python)=17220.55859375MB; mem (CPU total)=34653.87890625MB
INFO:root:[  141] Training loss: 0.32743013, Validation loss: 0.33907743, Gradient norm: 0.47903323
INFO:root:At the start of the epoch: mem (CPU python)=17241.72265625MB; mem (CPU total)=34706.83203125MB
INFO:root:[  142] Training loss: 0.32601109, Validation loss: 0.33668838, Gradient norm: 0.47333848
INFO:root:At the start of the epoch: mem (CPU python)=17262.87890625MB; mem (CPU total)=34758.24609375MB
INFO:root:[  143] Training loss: 0.32546242, Validation loss: 0.33586826, Gradient norm: 0.49801967
INFO:root:At the start of the epoch: mem (CPU python)=17284.04296875MB; mem (CPU total)=34811.41796875MB
INFO:root:[  144] Training loss: 0.32412754, Validation loss: 0.33809383, Gradient norm: 0.47987016
INFO:root:At the start of the epoch: mem (CPU python)=17305.20703125MB; mem (CPU total)=34863.28515625MB
INFO:root:[  145] Training loss: 0.32366306, Validation loss: 0.33454715, Gradient norm: 0.47005191
INFO:root:At the start of the epoch: mem (CPU python)=17326.375MB; mem (CPU total)=34915.40625MB
INFO:root:[  146] Training loss: 0.32340223, Validation loss: 0.33602808, Gradient norm: 0.51026459
INFO:root:At the start of the epoch: mem (CPU python)=17347.5390625MB; mem (CPU total)=34969.3984375MB
INFO:root:[  147] Training loss: 0.32181153, Validation loss: 0.33802232, Gradient norm: 0.44368165
INFO:root:At the start of the epoch: mem (CPU python)=17368.77734375MB; mem (CPU total)=35023.01953125MB
INFO:root:[  148] Training loss: 0.32255302, Validation loss: 0.33596136, Gradient norm: 0.50774099
INFO:root:At the start of the epoch: mem (CPU python)=17390.2421875MB; mem (CPU total)=35073.19921875MB
INFO:root:[  149] Training loss: 0.32080217, Validation loss: 0.33551483, Gradient norm: 0.48709480
INFO:root:At the start of the epoch: mem (CPU python)=17411.40625MB; mem (CPU total)=35125.92578125MB
INFO:root:[  150] Training loss: 0.32022196, Validation loss: 0.33455539, Gradient norm: 0.48062998
INFO:root:At the start of the epoch: mem (CPU python)=17432.57421875MB; mem (CPU total)=35180.2734375MB
INFO:root:[  151] Training loss: 0.31926209, Validation loss: 0.33605381, Gradient norm: 0.50631401
INFO:root:At the start of the epoch: mem (CPU python)=17453.73828125MB; mem (CPU total)=35231.90234375MB
INFO:root:Learning rate reduced to: 0.0025
INFO:root:[  152] Training loss: 0.31934668, Validation loss: 0.33681470, Gradient norm: 0.50376436
INFO:root:At the start of the epoch: mem (CPU python)=17474.8984375MB; mem (CPU total)=35285.99609375MB
INFO:root:Learning rate reduced to: 0.00125
INFO:root:[  153] Training loss: 0.31226197, Validation loss: 0.32807099, Gradient norm: 0.24654816
INFO:root:At the start of the epoch: mem (CPU python)=17496.11328125MB; mem (CPU total)=35339.48828125MB
INFO:root:[  154] Training loss: 0.30795203, Validation loss: 0.32626001, Gradient norm: 0.16862096
INFO:root:At the start of the epoch: mem (CPU python)=17517.6328125MB; mem (CPU total)=35392.6328125MB
INFO:root:[  155] Training loss: 0.30777723, Validation loss: 0.32671402, Gradient norm: 0.16983313
INFO:root:At the start of the epoch: mem (CPU python)=17539.140625MB; mem (CPU total)=35444.1328125MB
INFO:root:[  156] Training loss: 0.30742331, Validation loss: 0.32760226, Gradient norm: 0.17841991
INFO:root:At the start of the epoch: mem (CPU python)=17560.3046875MB; mem (CPU total)=35497.0859375MB
INFO:root:[  157] Training loss: 0.30733809, Validation loss: 0.32603363, Gradient norm: 0.19823497
INFO:root:At the start of the epoch: mem (CPU python)=17581.47265625MB; mem (CPU total)=35549.921875MB
INFO:root:[  158] Training loss: 0.30677955, Validation loss: 0.32602671, Gradient norm: 0.19901901
INFO:root:At the start of the epoch: mem (CPU python)=17602.63671875MB; mem (CPU total)=35601.5859375MB
INFO:root:[  159] Training loss: 0.30675461, Validation loss: 0.32579250, Gradient norm: 0.20244554
INFO:root:At the start of the epoch: mem (CPU python)=17623.796875MB; mem (CPU total)=35654.92578125MB
INFO:root:[  160] Training loss: 0.30626880, Validation loss: 0.32632885, Gradient norm: 0.20559005
INFO:root:At the start of the epoch: mem (CPU python)=17644.9609375MB; mem (CPU total)=35706.828125MB
INFO:root:[  161] Training loss: 0.30643376, Validation loss: 0.32610598, Gradient norm: 0.22407023
INFO:root:At the start of the epoch: mem (CPU python)=17666.125MB; mem (CPU total)=35761.5390625MB
INFO:root:[  162] Training loss: 0.30619253, Validation loss: 0.32577660, Gradient norm: 0.22342161
INFO:root:At the start of the epoch: mem (CPU python)=17687.4921875MB; mem (CPU total)=35811.96875MB
INFO:root:[  163] Training loss: 0.30593071, Validation loss: 0.32665180, Gradient norm: 0.24882974
INFO:root:At the start of the epoch: mem (CPU python)=17708.828125MB; mem (CPU total)=35863.71875MB
INFO:root:[  164] Training loss: 0.30571504, Validation loss: 0.32680190, Gradient norm: 0.25279646
INFO:root:At the start of the epoch: mem (CPU python)=17730.39453125MB; mem (CPU total)=35916.12109375MB
INFO:root:[  165] Training loss: 0.30554988, Validation loss: 0.32584244, Gradient norm: 0.26545289
INFO:root:At the start of the epoch: mem (CPU python)=17751.91015625MB; mem (CPU total)=35968.17578125MB
INFO:root:[  166] Training loss: 0.30541066, Validation loss: 0.32573754, Gradient norm: 0.27411019
INFO:root:At the start of the epoch: mem (CPU python)=17773.07421875MB; mem (CPU total)=36019.421875MB
INFO:root:[  167] Training loss: 0.30499051, Validation loss: 0.32551307, Gradient norm: 0.30659781
INFO:root:At the start of the epoch: mem (CPU python)=17794.23828125MB; mem (CPU total)=36071.234375MB
INFO:root:[  168] Training loss: 0.30493876, Validation loss: 0.32706591, Gradient norm: 0.28186366
INFO:root:At the start of the epoch: mem (CPU python)=17815.40234375MB; mem (CPU total)=36123.84375MB
INFO:root:[  169] Training loss: 0.30430958, Validation loss: 0.32453055, Gradient norm: 0.28571115
INFO:root:At the start of the epoch: mem (CPU python)=17836.5703125MB; mem (CPU total)=36175.60546875MB
INFO:root:[  170] Training loss: 0.30435594, Validation loss: 0.32513006, Gradient norm: 0.27503988
INFO:root:At the start of the epoch: mem (CPU python)=17857.734375MB; mem (CPU total)=36227.82421875MB
INFO:root:[  171] Training loss: 0.30423358, Validation loss: 0.32598637, Gradient norm: 0.29958221
INFO:root:At the start of the epoch: mem (CPU python)=17880.0234375MB; mem (CPU total)=36283.75MB
INFO:root:[  172] Training loss: 0.30420796, Validation loss: 0.32496472, Gradient norm: 0.28168548
INFO:root:At the start of the epoch: mem (CPU python)=17899.68359375MB; mem (CPU total)=36331.03515625MB
INFO:root:[  173] Training loss: 0.30441507, Validation loss: 0.32535481, Gradient norm: 0.27828370
INFO:root:At the start of the epoch: mem (CPU python)=17922.12109375MB; mem (CPU total)=36319.25MB
INFO:root:[  174] Training loss: 0.30354383, Validation loss: 0.32548015, Gradient norm: 0.26626496
INFO:root:At the start of the epoch: mem (CPU python)=17943.0859375MB; mem (CPU total)=36396.12109375MB
INFO:root:[  175] Training loss: 0.30429563, Validation loss: 0.32496370, Gradient norm: 0.31708882
INFO:root:At the start of the epoch: mem (CPU python)=17963.23828125MB; mem (CPU total)=36472.21484375MB
INFO:root:Learning rate reduced to: 0.000625
INFO:root:[  176] Training loss: 0.30289828, Validation loss: 0.32583880, Gradient norm: 0.28058136
INFO:root:At the start of the epoch: mem (CPU python)=17984.91796875MB; mem (CPU total)=36547.3515625MB
INFO:root:Learning rate reduced to: 0.0003125
INFO:root:[  177] Training loss: 0.30135840, Validation loss: 0.32233808, Gradient norm: 0.20384311
INFO:root:At the start of the epoch: mem (CPU python)=18006.796875MB; mem (CPU total)=36623.16796875MB
INFO:root:[  178] Training loss: 0.30012641, Validation loss: 0.32348346, Gradient norm: 0.14947224
INFO:root:At the start of the epoch: mem (CPU python)=18028.02734375MB; mem (CPU total)=36696.2421875MB
INFO:root:[  179] Training loss: 0.30007807, Validation loss: 0.32268537, Gradient norm: 0.14792038
INFO:root:At the start of the epoch: mem (CPU python)=18051.04296875MB; mem (CPU total)=36772.97265625MB
INFO:root:[  180] Training loss: 0.30078411, Validation loss: 0.32315387, Gradient norm: 0.17264124
INFO:root:At the start of the epoch: mem (CPU python)=18072.74609375MB; mem (CPU total)=36847.1015625MB
INFO:root:[  181] Training loss: 0.30001221, Validation loss: 0.32344355, Gradient norm: 0.15539426
INFO:root:At the start of the epoch: mem (CPU python)=18093.91015625MB; mem (CPU total)=36923.15234375MB
INFO:root:[  182] Training loss: 0.30012213, Validation loss: 0.32291779, Gradient norm: 0.15846585
INFO:root:At the start of the epoch: mem (CPU python)=18115.07421875MB; mem (CPU total)=36998.2265625MB
INFO:root:[  183] Training loss: 0.29979798, Validation loss: 0.32332076, Gradient norm: 0.16647895
INFO:root:At the start of the epoch: mem (CPU python)=18136.23828125MB; mem (CPU total)=37070.1015625MB
INFO:root:Learning rate reduced to: 0.00015625
INFO:root:[  184] Training loss: 0.29971473, Validation loss: 0.32342040, Gradient norm: 0.16342771
INFO:root:At the start of the epoch: mem (CPU python)=18157.40625MB; mem (CPU total)=37145.11328125MB
INFO:root:Learning rate reduced to: 7.8125e-05
INFO:root:[  185] Training loss: 0.29872080, Validation loss: 0.32281942, Gradient norm: 0.13210845
INFO:root:At the start of the epoch: mem (CPU python)=18178.5703125MB; mem (CPU total)=37220.1640625MB
INFO:root:[  186] Training loss: 0.29925626, Validation loss: 0.32227415, Gradient norm: 0.12122096
INFO:root:At the start of the epoch: mem (CPU python)=18199.734375MB; mem (CPU total)=37293.30859375MB
INFO:root:[  187] Training loss: 0.29851569, Validation loss: 0.32256175, Gradient norm: 0.12118177
INFO:root:At the start of the epoch: mem (CPU python)=18220.8984375MB; mem (CPU total)=37366.6015625MB
INFO:root:[  188] Training loss: 0.29843874, Validation loss: 0.32311044, Gradient norm: 0.12123458
INFO:root:At the start of the epoch: mem (CPU python)=18242.0625MB; mem (CPU total)=37440.19921875MB
INFO:root:[  189] Training loss: 0.29858209, Validation loss: 0.32289809, Gradient norm: 0.11990359
INFO:root:At the start of the epoch: mem (CPU python)=18263.2265625MB; mem (CPU total)=37517.23828125MB
INFO:root:[  190] Training loss: 0.29896325, Validation loss: 0.32281935, Gradient norm: 0.12462412
INFO:root:At the start of the epoch: mem (CPU python)=18284.390625MB; mem (CPU total)=37589.640625MB
INFO:root:[  191] Training loss: 0.29884581, Validation loss: 0.32236584, Gradient norm: 0.12489376
INFO:root:At the start of the epoch: mem (CPU python)=18305.55859375MB; mem (CPU total)=37664.68359375MB
INFO:root:[  192] Training loss: 0.29897062, Validation loss: 0.32331634, Gradient norm: 0.12519535
INFO:root:At the start of the epoch: mem (CPU python)=18326.71875MB; mem (CPU total)=37737.80078125MB
INFO:root:[  193] Training loss: 0.29886112, Validation loss: 0.32313693, Gradient norm: 0.12320871
INFO:root:At the start of the epoch: mem (CPU python)=18348.09765625MB; mem (CPU total)=37813.10546875MB
INFO:root:[  194] Training loss: 0.29908851, Validation loss: 0.32201687, Gradient norm: 0.12207847
INFO:root:At the start of the epoch: mem (CPU python)=18369.38671875MB; mem (CPU total)=37886.9375MB
INFO:root:[  195] Training loss: 0.29853096, Validation loss: 0.32296056, Gradient norm: 0.12629863
INFO:root:At the start of the epoch: mem (CPU python)=18391.046875MB; mem (CPU total)=37960.28515625MB
INFO:root:[  196] Training loss: 0.29910871, Validation loss: 0.32279087, Gradient norm: 0.12962868
INFO:root:At the start of the epoch: mem (CPU python)=18412.57421875MB; mem (CPU total)=38035.47265625MB
INFO:root:[  197] Training loss: 0.29904409, Validation loss: 0.32358792, Gradient norm: 0.12433290
INFO:root:At the start of the epoch: mem (CPU python)=18434.41796875MB; mem (CPU total)=38111.08203125MB
INFO:root:[  198] Training loss: 0.29896621, Validation loss: 0.32397342, Gradient norm: 0.12746987
INFO:root:At the start of the epoch: mem (CPU python)=18455.58203125MB; mem (CPU total)=38187.35546875MB
INFO:root:[  199] Training loss: 0.29900826, Validation loss: 0.32285236, Gradient norm: 0.12609180
INFO:root:At the start of the epoch: mem (CPU python)=18476.7421875MB; mem (CPU total)=38261.25MB
INFO:root:[  200] Training loss: 0.29916310, Validation loss: 0.32235851, Gradient norm: 0.12794688
INFO:root:At the start of the epoch: mem (CPU python)=18497.97265625MB; mem (CPU total)=38336.3203125MB
INFO:root:[  201] Training loss: 0.29873196, Validation loss: 0.32154069, Gradient norm: 0.12850679
INFO:root:At the start of the epoch: mem (CPU python)=18519.44140625MB; mem (CPU total)=38412.10546875MB
INFO:root:[  202] Training loss: 0.29853953, Validation loss: 0.32264410, Gradient norm: 0.13638805
INFO:root:At the start of the epoch: mem (CPU python)=18540.60546875MB; mem (CPU total)=38486.62890625MB
INFO:root:[  203] Training loss: 0.29872340, Validation loss: 0.32273596, Gradient norm: 0.12554353
INFO:root:At the start of the epoch: mem (CPU python)=18561.77734375MB; mem (CPU total)=38561.70703125MB
INFO:root:[  204] Training loss: 0.29864858, Validation loss: 0.32369118, Gradient norm: 0.12691052
INFO:root:At the start of the epoch: mem (CPU python)=18582.94140625MB; mem (CPU total)=38636.25390625MB
INFO:root:[  205] Training loss: 0.29857097, Validation loss: 0.32237273, Gradient norm: 0.13244548
INFO:root:At the start of the epoch: mem (CPU python)=18604.10546875MB; mem (CPU total)=38714.09765625MB
INFO:root:[  206] Training loss: 0.29891458, Validation loss: 0.32199369, Gradient norm: 0.13189824
INFO:root:At the start of the epoch: mem (CPU python)=18625.26953125MB; mem (CPU total)=38786.33203125MB
INFO:root:[  207] Training loss: 0.29887603, Validation loss: 0.32210630, Gradient norm: 0.13993148
INFO:root:At the start of the epoch: mem (CPU python)=18646.4609375MB; mem (CPU total)=38859.64453125MB
INFO:root:[  208] Training loss: 0.29884299, Validation loss: 0.32334251, Gradient norm: 0.12847886
INFO:root:At the start of the epoch: mem (CPU python)=18667.80859375MB; mem (CPU total)=38932.90234375MB
INFO:root:[  209] Training loss: 0.29871531, Validation loss: 0.32309149, Gradient norm: 0.13545050
INFO:root:At the start of the epoch: mem (CPU python)=18689.5390625MB; mem (CPU total)=39007.1640625MB
INFO:root:[  210] Training loss: 0.29845156, Validation loss: 0.32193511, Gradient norm: 0.13156621
INFO:root:At the start of the epoch: mem (CPU python)=18710.71484375MB; mem (CPU total)=39081.02734375MB
INFO:root:EP 210: Early stopping
INFO:root:Training for autoregressive step 2 starts now.
INFO:root:Learning rate reduced to: [3.90625e-05]
INFO:root:At the start of the epoch: mem (CPU python)=18733.65234375MB; mem (CPU total)=39159.9375MB
INFO:root:[  212] Training loss: 0.37973818, Validation loss: 0.39759672, Gradient norm: 0.28463922
INFO:root:At the start of the epoch: mem (CPU python)=18742.17578125MB; mem (CPU total)=39249.44921875MB
INFO:root:[  213] Training loss: 0.37715486, Validation loss: 0.39659450, Gradient norm: 0.24816542
INFO:root:At the start of the epoch: mem (CPU python)=18763.34375MB; mem (CPU total)=39345.9140625MB
INFO:root:[  214] Training loss: 0.37640657, Validation loss: 0.39531075, Gradient norm: 0.24458263
INFO:root:At the start of the epoch: mem (CPU python)=18784.5078125MB; mem (CPU total)=39446.5MB
INFO:root:[  215] Training loss: 0.37563497, Validation loss: 0.39536464, Gradient norm: 0.24179539
INFO:root:At the start of the epoch: mem (CPU python)=18805.671875MB; mem (CPU total)=39547.859375MB
INFO:root:[  216] Training loss: 0.37554231, Validation loss: 0.39559785, Gradient norm: 0.22694681
INFO:root:At the start of the epoch: mem (CPU python)=18826.8359375MB; mem (CPU total)=39644.546875MB
INFO:root:[  217] Training loss: 0.37517218, Validation loss: 0.39517015, Gradient norm: 0.23251681
INFO:root:At the start of the epoch: mem (CPU python)=18848.0MB; mem (CPU total)=39699.03515625MB
INFO:root:[  218] Training loss: 0.37476675, Validation loss: 0.39425640, Gradient norm: 0.21739957
INFO:root:At the start of the epoch: mem (CPU python)=18869.16015625MB; mem (CPU total)=39812.46875MB
INFO:root:[  219] Training loss: 0.37426073, Validation loss: 0.39436870, Gradient norm: 0.22421600
INFO:root:At the start of the epoch: mem (CPU python)=18890.32421875MB; mem (CPU total)=39897.15625MB
INFO:root:[  220] Training loss: 0.37411349, Validation loss: 0.39375574, Gradient norm: 0.22759579
INFO:root:At the start of the epoch: mem (CPU python)=18911.4921875MB; mem (CPU total)=39979.01953125MB
INFO:root:[  221] Training loss: 0.37388001, Validation loss: 0.39338175, Gradient norm: 0.22050641
INFO:root:At the start of the epoch: mem (CPU python)=18932.65625MB; mem (CPU total)=40059.23046875MB
INFO:root:[  222] Training loss: 0.37390087, Validation loss: 0.39413483, Gradient norm: 0.22457146
INFO:root:At the start of the epoch: mem (CPU python)=18953.8203125MB; mem (CPU total)=40143.93359375MB
INFO:root:[  223] Training loss: 0.37393749, Validation loss: 0.39340058, Gradient norm: 0.22158145
INFO:root:At the start of the epoch: mem (CPU python)=18974.984375MB; mem (CPU total)=40220.66015625MB
INFO:root:[  224] Training loss: 0.37332873, Validation loss: 0.39427399, Gradient norm: 0.23032627
INFO:root:At the start of the epoch: mem (CPU python)=18996.15234375MB; mem (CPU total)=40309.69921875MB
INFO:root:[  225] Training loss: 0.37392789, Validation loss: 0.39348324, Gradient norm: 0.22216455
INFO:root:At the start of the epoch: mem (CPU python)=19017.31640625MB; mem (CPU total)=40384.58203125MB
INFO:root:[  226] Training loss: 0.37352939, Validation loss: 0.39349227, Gradient norm: 0.22222940
INFO:root:At the start of the epoch: mem (CPU python)=19038.4765625MB; mem (CPU total)=40468.77734375MB
INFO:root:[  227] Training loss: 0.37336218, Validation loss: 0.39234887, Gradient norm: 0.22498031
INFO:root:At the start of the epoch: mem (CPU python)=19059.63671875MB; mem (CPU total)=40546.296875MB
INFO:root:[  228] Training loss: 0.37269558, Validation loss: 0.39407431, Gradient norm: 0.22673317
INFO:root:At the start of the epoch: mem (CPU python)=19080.80078125MB; mem (CPU total)=40629.4765625MB
INFO:root:[  229] Training loss: 0.37310985, Validation loss: 0.39253482, Gradient norm: 0.20666924
INFO:root:At the start of the epoch: mem (CPU python)=19101.96484375MB; mem (CPU total)=40707.91796875MB
INFO:root:[  230] Training loss: 0.37313850, Validation loss: 0.39326589, Gradient norm: 0.21129717
INFO:root:At the start of the epoch: mem (CPU python)=19123.1328125MB; mem (CPU total)=40789.8515625MB
INFO:root:[  231] Training loss: 0.37301513, Validation loss: 0.39232554, Gradient norm: 0.22539043
INFO:root:At the start of the epoch: mem (CPU python)=19144.296875MB; mem (CPU total)=40869.0546875MB
INFO:root:[  232] Training loss: 0.37249090, Validation loss: 0.39389635, Gradient norm: 0.23267851
INFO:root:At the start of the epoch: mem (CPU python)=19165.4609375MB; mem (CPU total)=40951.09375MB
INFO:root:[  233] Training loss: 0.37277835, Validation loss: 0.39210141, Gradient norm: 0.22785796
INFO:root:At the start of the epoch: mem (CPU python)=19186.625MB; mem (CPU total)=41031.32421875MB
INFO:root:[  234] Training loss: 0.37291138, Validation loss: 0.39281336, Gradient norm: 0.21793815
INFO:root:At the start of the epoch: mem (CPU python)=19207.7890625MB; mem (CPU total)=41112.05078125MB
INFO:root:[  235] Training loss: 0.37259453, Validation loss: 0.39309507, Gradient norm: 0.22160371
INFO:root:At the start of the epoch: mem (CPU python)=19228.953125MB; mem (CPU total)=41197.88671875MB
INFO:root:[  236] Training loss: 0.37300894, Validation loss: 0.39287071, Gradient norm: 0.22814296
INFO:root:At the start of the epoch: mem (CPU python)=19250.12109375MB; mem (CPU total)=41273.3046875MB
INFO:root:[  237] Training loss: 0.37196250, Validation loss: 0.39214561, Gradient norm: 0.22654764
INFO:root:At the start of the epoch: mem (CPU python)=19271.28125MB; mem (CPU total)=41357.00390625MB
INFO:root:[  238] Training loss: 0.37197732, Validation loss: 0.39195197, Gradient norm: 0.21700627
INFO:root:At the start of the epoch: mem (CPU python)=19292.4453125MB; mem (CPU total)=41434.68359375MB
INFO:root:[  239] Training loss: 0.37171332, Validation loss: 0.39172319, Gradient norm: 0.21617227
INFO:root:At the start of the epoch: mem (CPU python)=19313.609375MB; mem (CPU total)=41520.3515625MB
INFO:root:[  240] Training loss: 0.37217768, Validation loss: 0.39273002, Gradient norm: 0.22010074
INFO:root:At the start of the epoch: mem (CPU python)=19334.7734375MB; mem (CPU total)=41597.08984375MB
INFO:root:[  241] Training loss: 0.37223902, Validation loss: 0.39164149, Gradient norm: 0.22637827
INFO:root:At the start of the epoch: mem (CPU python)=19355.94140625MB; mem (CPU total)=41682.75390625MB
INFO:root:[  242] Training loss: 0.37184493, Validation loss: 0.39173112, Gradient norm: 0.21484153
INFO:root:At the start of the epoch: mem (CPU python)=19377.10546875MB; mem (CPU total)=41761.1171875MB
INFO:root:[  243] Training loss: 0.37196937, Validation loss: 0.39237608, Gradient norm: 0.22512381
INFO:root:At the start of the epoch: mem (CPU python)=19398.265625MB; mem (CPU total)=41844.83203125MB
INFO:root:[  244] Training loss: 0.37173978, Validation loss: 0.39176924, Gradient norm: 0.22099222
INFO:root:At the start of the epoch: mem (CPU python)=19419.4296875MB; mem (CPU total)=41925.26953125MB
INFO:root:[  245] Training loss: 0.37163994, Validation loss: 0.39153521, Gradient norm: 0.21306260
INFO:root:At the start of the epoch: mem (CPU python)=19440.59375MB; mem (CPU total)=42005.30859375MB
INFO:root:[  246] Training loss: 0.37168151, Validation loss: 0.39145956, Gradient norm: 0.20247092
INFO:root:At the start of the epoch: mem (CPU python)=19461.7578125MB; mem (CPU total)=42087.25MB
INFO:root:[  247] Training loss: 0.37155585, Validation loss: 0.39215607, Gradient norm: 0.21007079
INFO:root:At the start of the epoch: mem (CPU python)=19482.921875MB; mem (CPU total)=42166.390625MB
INFO:root:[  248] Training loss: 0.37161835, Validation loss: 0.39082260, Gradient norm: 0.21298330
INFO:root:At the start of the epoch: mem (CPU python)=19504.08984375MB; mem (CPU total)=42250.82421875MB
INFO:root:[  249] Training loss: 0.37174656, Validation loss: 0.39145776, Gradient norm: 0.21854247
INFO:root:At the start of the epoch: mem (CPU python)=19525.25390625MB; mem (CPU total)=42327.828125MB
INFO:root:[  250] Training loss: 0.37157131, Validation loss: 0.39134100, Gradient norm: 0.21265714
INFO:root:At the start of the epoch: mem (CPU python)=19546.41796875MB; mem (CPU total)=42398.12890625MB
INFO:root:[  251] Training loss: 0.37128142, Validation loss: 0.39222434, Gradient norm: 0.22286488
INFO:root:At the start of the epoch: mem (CPU python)=19567.58203125MB; mem (CPU total)=42447.5859375MB
INFO:root:[  252] Training loss: 0.37134084, Validation loss: 0.39126225, Gradient norm: 0.21979873
INFO:root:At the start of the epoch: mem (CPU python)=19588.74609375MB; mem (CPU total)=42507.19140625MB
INFO:root:[  253] Training loss: 0.37093195, Validation loss: 0.39129497, Gradient norm: 0.21518461
INFO:root:At the start of the epoch: mem (CPU python)=19609.9140625MB; mem (CPU total)=42559.87109375MB
INFO:root:[  254] Training loss: 0.37098498, Validation loss: 0.39022359, Gradient norm: 0.21054040
INFO:root:At the start of the epoch: mem (CPU python)=19631.078125MB; mem (CPU total)=42615.203125MB
INFO:root:[  255] Training loss: 0.37113141, Validation loss: 0.39146316, Gradient norm: 0.20688866
INFO:root:At the start of the epoch: mem (CPU python)=19652.23828125MB; mem (CPU total)=42670.1015625MB
INFO:root:[  256] Training loss: 0.37109422, Validation loss: 0.39146115, Gradient norm: 0.22516478
INFO:root:At the start of the epoch: mem (CPU python)=19673.40234375MB; mem (CPU total)=42723.4921875MB
INFO:root:[  257] Training loss: 0.37111616, Validation loss: 0.39111578, Gradient norm: 0.22152657
INFO:root:At the start of the epoch: mem (CPU python)=19694.56640625MB; mem (CPU total)=42808.0859375MB
INFO:root:[  258] Training loss: 0.37069329, Validation loss: 0.39071434, Gradient norm: 0.22713018
INFO:root:At the start of the epoch: mem (CPU python)=19715.734375MB; mem (CPU total)=42901.890625MB
INFO:root:[  259] Training loss: 0.37101728, Validation loss: 0.39171212, Gradient norm: 0.20657045
INFO:root:At the start of the epoch: mem (CPU python)=19736.8984375MB; mem (CPU total)=43003.09375MB
INFO:root:[  260] Training loss: 0.37015610, Validation loss: 0.39109293, Gradient norm: 0.21294404
INFO:root:At the start of the epoch: mem (CPU python)=19758.05859375MB; mem (CPU total)=43096.6796875MB
INFO:root:[  261] Training loss: 0.37017426, Validation loss: 0.39095470, Gradient norm: 0.20531013
INFO:root:At the start of the epoch: mem (CPU python)=19779.22265625MB; mem (CPU total)=43195.1484375MB
INFO:root:[  262] Training loss: 0.37032829, Validation loss: 0.39161357, Gradient norm: 0.21568020
INFO:root:At the start of the epoch: mem (CPU python)=19800.38671875MB; mem (CPU total)=43288.26953125MB
INFO:root:[  263] Training loss: 0.37102211, Validation loss: 0.39045058, Gradient norm: 0.22365997
INFO:root:At the start of the epoch: mem (CPU python)=19821.55078125MB; mem (CPU total)=43387.86328125MB
INFO:root:EP 263: Early stopping
INFO:root:After finishing all epochs: mem (CPU python)=19842.71484375MB; mem (CPU total)=43468.33203125MB
INFO:root:Training the model took 12695.938s.
INFO:root:Emptying the cuda cache took 0.015s.
INFO:root:Starting evaluation: model SFNO & uncertainty quantification dropout
INFO:root:Evaluating the model on Validation data.
INFO:root:MSEValidation: 0.41923
INFO:root:EnergyScoreValidation: 0.32818
INFO:root:CRPSValidation: 0.13173
INFO:root:Gaussian NLLValidation: 1.06561
INFO:root:CoverageValidation: 0.61513
INFO:root:IntervalWidthValidation: 0.3636
INFO:root:Evaluating the model on Test data.
INFO:root:MSETest: 0.3209
INFO:root:EnergyScoreTest: 0.25564
INFO:root:CRPSTest: 0.1008
INFO:root:Gaussian NLLTest: 1.10376
INFO:root:CoverageTest: 0.57765
INFO:root:IntervalWidthTest: 0.24566
INFO:root:After validation: mem (CPU python)=19849.39453125MB; mem (CPU total)=44109.37109375MB
