INFO:root:Starting the logger.
INFO:root:Using cuda.
INFO:root:: mem (CPU python)=577.34765625MB; mem (CPU total)=12113.8671875MB
INFO:root:############### Starting experiment with config file sswe/sfno_laplace_2_2.ini ###############
INFO:root:###1 out of 1 data set parameter combinations ###
INFO:root:Data parameters: {'dataset_name': 'SSWE', 'max_training_set_size': 5000, 'pred_horizon': 1, 'train_horizon': 2, 'stepwise_evaluation': False}
INFO:root:After loading the datasets: mem (CPU python)=588.52734375MB; mem (CPU total)=12122.0MB
INFO:root:###1 out of 3 training parameter combinations ###
INFO:root:Training parameters: {'seed': 1234, 'model': 'SFNO', 'uncertainty_quantification': 'laplace', 'batch_size': 32, 'n_epochs': 1000, 'early_stopping': 10, 'init': 'default', 'learning_rate': 0.005, 'lr_schedule': 'step', 'optimizer': 'adam', 'gradient_clipping': 1, 'layer_normalization': True, 'data_loader_pin_memory': False, 'data_loader_num_workers': 0, 'distributed_training': False, 'alpha': 0.05, 'n_samples_uq': 100, 'weight_decay': 0, 'dropout': 0.001, 'fourier_dropout': None, 'hidden_channels': 32, 'projection_channels': 256, 'lifting_channels': 256, 'n_modes': (32, 32), 'n_samples': 3}
INFO:root:After creating the dataloaders: mem (CPU python)=589.8046875MB; mem (CPU total)=12122.046875MB
INFO:root:NumberParameters: 284835
INFO:root:GPU memory allocated: 2097152
INFO:root:After setting up the model: mem (CPU python)=2114.77734375MB; mem (CPU total)=13413.0MB
INFO:root:Training starts now.
INFO:root:At the start of the epoch: mem (CPU python)=2124.31640625MB; mem (CPU total)=13422.10546875MB
INFO:root:[    1] Training loss: 0.82630319, Validation loss: 0.73343572, Gradient norm: 0.51912616
INFO:root:At the start of the epoch: mem (CPU python)=3080.96484375MB; mem (CPU total)=14160.71484375MB
INFO:root:[    2] Training loss: 0.73352776, Validation loss: 0.73387037, Gradient norm: 0.31228145
INFO:root:At the start of the epoch: mem (CPU python)=3104.38671875MB; mem (CPU total)=14220.99609375MB
INFO:root:[    3] Training loss: 0.73099117, Validation loss: 0.72951799, Gradient norm: 0.21823020
INFO:root:At the start of the epoch: mem (CPU python)=3123.86328125MB; mem (CPU total)=14282.35546875MB
INFO:root:[    4] Training loss: 0.71943840, Validation loss: 0.70625291, Gradient norm: 0.27647268
INFO:root:At the start of the epoch: mem (CPU python)=3146.90625MB; mem (CPU total)=14352.43359375MB
INFO:root:[    5] Training loss: 0.67700123, Validation loss: 0.64479114, Gradient norm: 0.38566572
INFO:root:At the start of the epoch: mem (CPU python)=3166.60546875MB; mem (CPU total)=14415.9296875MB
INFO:root:[    6] Training loss: 0.61107304, Validation loss: 0.58132365, Gradient norm: 0.45585683
INFO:root:At the start of the epoch: mem (CPU python)=3188.890625MB; mem (CPU total)=14483.85546875MB
INFO:root:[    7] Training loss: 0.57484642, Validation loss: 0.55897185, Gradient norm: 0.45075985
INFO:root:At the start of the epoch: mem (CPU python)=3209.578125MB; mem (CPU total)=14549.53125MB
INFO:root:[    8] Training loss: 0.54629367, Validation loss: 0.51975580, Gradient norm: 0.47519108
INFO:root:At the start of the epoch: mem (CPU python)=3230.421875MB; mem (CPU total)=14614.78125MB
INFO:root:[    9] Training loss: 0.50547838, Validation loss: 0.49249292, Gradient norm: 0.54152854
INFO:root:At the start of the epoch: mem (CPU python)=3251.859375MB; mem (CPU total)=14679.25MB
INFO:root:[   10] Training loss: 0.48266477, Validation loss: 0.46714619, Gradient norm: 0.60455754
INFO:root:At the start of the epoch: mem (CPU python)=3272.9609375MB; mem (CPU total)=14739.80859375MB
INFO:root:[   11] Training loss: 0.46483084, Validation loss: 0.45512671, Gradient norm: 0.60197441
INFO:root:At the start of the epoch: mem (CPU python)=3295.72265625MB; mem (CPU total)=14808.3828125MB
INFO:root:[   12] Training loss: 0.45155746, Validation loss: 0.44100961, Gradient norm: 0.59786481
INFO:root:At the start of the epoch: mem (CPU python)=3318.90625MB; mem (CPU total)=14874.82421875MB
INFO:root:[   13] Training loss: 0.44210186, Validation loss: 0.43132521, Gradient norm: 0.60605094
INFO:root:At the start of the epoch: mem (CPU python)=3340.99609375MB; mem (CPU total)=14942.09375MB
INFO:root:[   14] Training loss: 0.43468209, Validation loss: 0.42783079, Gradient norm: 0.58495946
INFO:root:At the start of the epoch: mem (CPU python)=3362.7578125MB; mem (CPU total)=15005.85546875MB
INFO:root:[   15] Training loss: 0.42880570, Validation loss: 0.41866558, Gradient norm: 0.61781346
INFO:root:At the start of the epoch: mem (CPU python)=3383.921875MB; mem (CPU total)=15072.6328125MB
INFO:root:[   16] Training loss: 0.42272592, Validation loss: 0.41723685, Gradient norm: 0.59017330
INFO:root:At the start of the epoch: mem (CPU python)=3405.0859375MB; mem (CPU total)=15135.921875MB
INFO:root:[   17] Training loss: 0.41978224, Validation loss: 0.41404504, Gradient norm: 0.64062577
INFO:root:At the start of the epoch: mem (CPU python)=3426.25390625MB; mem (CPU total)=15199.8515625MB
INFO:root:[   18] Training loss: 0.41469717, Validation loss: 0.41109880, Gradient norm: 0.58293884
INFO:root:At the start of the epoch: mem (CPU python)=3447.421875MB; mem (CPU total)=15262.59765625MB
INFO:root:[   19] Training loss: 0.41207005, Validation loss: 0.40531394, Gradient norm: 0.63205037
INFO:root:At the start of the epoch: mem (CPU python)=3468.5859375MB; mem (CPU total)=15323.296875MB
INFO:root:[   20] Training loss: 0.40762112, Validation loss: 0.40236658, Gradient norm: 0.61211528
INFO:root:At the start of the epoch: mem (CPU python)=3489.75MB; mem (CPU total)=15389.00390625MB
INFO:root:[   21] Training loss: 0.40444437, Validation loss: 0.39861343, Gradient norm: 0.61587428
INFO:root:At the start of the epoch: mem (CPU python)=3510.90625MB; mem (CPU total)=15454.7265625MB
INFO:root:[   22] Training loss: 0.40014066, Validation loss: 0.39581418, Gradient norm: 0.58450257
INFO:root:At the start of the epoch: mem (CPU python)=3532.07421875MB; mem (CPU total)=15522.37109375MB
INFO:root:[   23] Training loss: 0.39736499, Validation loss: 0.39207565, Gradient norm: 0.65072404
INFO:root:At the start of the epoch: mem (CPU python)=3553.2421875MB; mem (CPU total)=15583.73828125MB
INFO:root:[   24] Training loss: 0.39344049, Validation loss: 0.38752934, Gradient norm: 0.59781362
INFO:root:At the start of the epoch: mem (CPU python)=3575.90625MB; mem (CPU total)=15646.3828125MB
INFO:root:[   25] Training loss: 0.38991354, Validation loss: 0.38169693, Gradient norm: 0.62878099
INFO:root:At the start of the epoch: mem (CPU python)=3597.0703125MB; mem (CPU total)=15708.71484375MB
INFO:root:[   26] Training loss: 0.38794309, Validation loss: 0.38188880, Gradient norm: 0.67324905
INFO:root:At the start of the epoch: mem (CPU python)=3618.234375MB; mem (CPU total)=15769.51171875MB
INFO:root:[   27] Training loss: 0.38417780, Validation loss: 0.37761046, Gradient norm: 0.71237780
INFO:root:At the start of the epoch: mem (CPU python)=3640.1484375MB; mem (CPU total)=15831.78515625MB
INFO:root:[   28] Training loss: 0.37745694, Validation loss: 0.37216874, Gradient norm: 0.65400218
INFO:root:At the start of the epoch: mem (CPU python)=3661.31640625MB; mem (CPU total)=15893.05859375MB
INFO:root:[   29] Training loss: 0.37243901, Validation loss: 0.36529268, Gradient norm: 0.67006930
INFO:root:At the start of the epoch: mem (CPU python)=3682.48046875MB; mem (CPU total)=15956.26171875MB
INFO:root:[   30] Training loss: 0.36946771, Validation loss: 0.36770190, Gradient norm: 0.68629751
INFO:root:At the start of the epoch: mem (CPU python)=3703.64453125MB; mem (CPU total)=16019.05859375MB
INFO:root:[   31] Training loss: 0.36440984, Validation loss: 0.36187469, Gradient norm: 0.66469266
INFO:root:At the start of the epoch: mem (CPU python)=3724.8046875MB; mem (CPU total)=16081.05859375MB
INFO:root:[   32] Training loss: 0.36097564, Validation loss: 0.35950222, Gradient norm: 0.65578012
INFO:root:At the start of the epoch: mem (CPU python)=3745.96875MB; mem (CPU total)=16147.51171875MB
INFO:root:[   33] Training loss: 0.35752446, Validation loss: 0.35380134, Gradient norm: 0.68630809
INFO:root:At the start of the epoch: mem (CPU python)=3767.390625MB; mem (CPU total)=16208.1171875MB
INFO:root:[   34] Training loss: 0.35420955, Validation loss: 0.35281925, Gradient norm: 0.68016697
INFO:root:At the start of the epoch: mem (CPU python)=3788.5625MB; mem (CPU total)=16271.546875MB
INFO:root:[   35] Training loss: 0.35024605, Validation loss: 0.34579437, Gradient norm: 0.66366889
INFO:root:At the start of the epoch: mem (CPU python)=3809.73828125MB; mem (CPU total)=16333.5703125MB
INFO:root:[   36] Training loss: 0.34689657, Validation loss: 0.35288037, Gradient norm: 0.66469395
INFO:root:At the start of the epoch: mem (CPU python)=3830.91015625MB; mem (CPU total)=16394.5859375MB
INFO:root:[   37] Training loss: 0.34541906, Validation loss: 0.34691403, Gradient norm: 0.71406519
INFO:root:At the start of the epoch: mem (CPU python)=3852.0859375MB; mem (CPU total)=16457.5234375MB
INFO:root:[   38] Training loss: 0.34224290, Validation loss: 0.34182084, Gradient norm: 0.69052574
INFO:root:At the start of the epoch: mem (CPU python)=3873.625MB; mem (CPU total)=16476.7109375MB
INFO:root:[   39] Training loss: 0.33834002, Validation loss: 0.34023136, Gradient norm: 0.67944999
INFO:root:At the start of the epoch: mem (CPU python)=3894.796875MB; mem (CPU total)=16586.28125MB
INFO:root:[   40] Training loss: 0.33669851, Validation loss: 0.33685512, Gradient norm: 0.67323421
INFO:root:At the start of the epoch: mem (CPU python)=3915.96484375MB; mem (CPU total)=16645.5703125MB
INFO:root:[   41] Training loss: 0.33459014, Validation loss: 0.33077307, Gradient norm: 0.71754415
INFO:root:At the start of the epoch: mem (CPU python)=3937.34375MB; mem (CPU total)=16714.69140625MB
INFO:root:[   42] Training loss: 0.33133239, Validation loss: 0.33083187, Gradient norm: 0.68321067
INFO:root:At the start of the epoch: mem (CPU python)=3959.05859375MB; mem (CPU total)=16777.99609375MB
INFO:root:[   43] Training loss: 0.32918350, Validation loss: 0.33548622, Gradient norm: 0.71297692
INFO:root:At the start of the epoch: mem (CPU python)=3978.7421875MB; mem (CPU total)=16843.3125MB
INFO:root:[   44] Training loss: 0.32765446, Validation loss: 0.33312745, Gradient norm: 0.70847835
INFO:root:At the start of the epoch: mem (CPU python)=4001.19140625MB; mem (CPU total)=16903.765625MB
INFO:root:[   45] Training loss: 0.32418795, Validation loss: 0.33190130, Gradient norm: 0.71523106
INFO:root:At the start of the epoch: mem (CPU python)=4021.70703125MB; mem (CPU total)=16963.109375MB
INFO:root:[   46] Training loss: 0.32213107, Validation loss: 0.32695302, Gradient norm: 0.72696331
INFO:root:At the start of the epoch: mem (CPU python)=4042.9296875MB; mem (CPU total)=17029.1640625MB
INFO:root:[   47] Training loss: 0.32024836, Validation loss: 0.32308370, Gradient norm: 0.72011918
INFO:root:At the start of the epoch: mem (CPU python)=4064.16796875MB; mem (CPU total)=17091.94140625MB
INFO:root:[   48] Training loss: 0.31915039, Validation loss: 0.32122060, Gradient norm: 0.72302890
INFO:root:At the start of the epoch: mem (CPU python)=4085.6875MB; mem (CPU total)=17152.91796875MB
INFO:root:[   49] Training loss: 0.31675412, Validation loss: 0.32657352, Gradient norm: 0.70777137
INFO:root:At the start of the epoch: mem (CPU python)=4106.171875MB; mem (CPU total)=17217.09765625MB
INFO:root:[   50] Training loss: 0.31494713, Validation loss: 0.31872237, Gradient norm: 0.73262757
INFO:root:At the start of the epoch: mem (CPU python)=4127.67578125MB; mem (CPU total)=17231.04296875MB
INFO:root:[   51] Training loss: 0.31282214, Validation loss: 0.32187123, Gradient norm: 0.73190213
INFO:root:At the start of the epoch: mem (CPU python)=4149.1484375MB; mem (CPU total)=17340.58203125MB
INFO:root:[   52] Training loss: 0.31248763, Validation loss: 0.31791639, Gradient norm: 0.75284086
INFO:root:At the start of the epoch: mem (CPU python)=4170.54296875MB; mem (CPU total)=17404.2890625MB
INFO:root:[   53] Training loss: 0.31358288, Validation loss: 0.32037511, Gradient norm: 0.81351393
INFO:root:At the start of the epoch: mem (CPU python)=4191.26171875MB; mem (CPU total)=17471.203125MB
INFO:root:[   54] Training loss: 0.30822896, Validation loss: 0.31699026, Gradient norm: 0.72435262
INFO:root:At the start of the epoch: mem (CPU python)=4212.15234375MB; mem (CPU total)=17530.1484375MB
INFO:root:[   55] Training loss: 0.30614060, Validation loss: 0.32216723, Gradient norm: 0.69418468
INFO:root:At the start of the epoch: mem (CPU python)=4233.6484375MB; mem (CPU total)=17588.98828125MB
INFO:root:[   56] Training loss: 0.30618612, Validation loss: 0.31385892, Gradient norm: 0.77127442
INFO:root:At the start of the epoch: mem (CPU python)=4255.26171875MB; mem (CPU total)=17651.4140625MB
INFO:root:[   57] Training loss: 0.30477800, Validation loss: 0.31421792, Gradient norm: 0.77057467
INFO:root:At the start of the epoch: mem (CPU python)=4277.65625MB; mem (CPU total)=17716.9453125MB
INFO:root:[   58] Training loss: 0.30370701, Validation loss: 0.31169656, Gradient norm: 0.74429613
INFO:root:At the start of the epoch: mem (CPU python)=4297.97265625MB; mem (CPU total)=17778.86328125MB
INFO:root:[   59] Training loss: 0.30147948, Validation loss: 0.32131179, Gradient norm: 0.74620449
INFO:root:At the start of the epoch: mem (CPU python)=4319.04296875MB; mem (CPU total)=17843.1484375MB
INFO:root:[   60] Training loss: 0.30135103, Validation loss: 0.31414467, Gradient norm: 0.77656465
INFO:root:At the start of the epoch: mem (CPU python)=4341.75390625MB; mem (CPU total)=17904.125MB
INFO:root:[   61] Training loss: 0.29968034, Validation loss: 0.31548059, Gradient norm: 0.76356217
INFO:root:At the start of the epoch: mem (CPU python)=4363.05078125MB; mem (CPU total)=17966.48828125MB
INFO:root:[   62] Training loss: 0.29929463, Validation loss: 0.31807659, Gradient norm: 0.76371541
INFO:root:At the start of the epoch: mem (CPU python)=4382.42578125MB; mem (CPU total)=18027.5MB
INFO:root:[   63] Training loss: 0.29802330, Validation loss: 0.30913334, Gradient norm: 0.74227371
INFO:root:At the start of the epoch: mem (CPU python)=4407.2734375MB; mem (CPU total)=18099.63671875MB
INFO:root:[   64] Training loss: 0.29612264, Validation loss: 0.31260666, Gradient norm: 0.75171932
INFO:root:At the start of the epoch: mem (CPU python)=4426.0859375MB; mem (CPU total)=18157.859375MB
INFO:root:[   65] Training loss: 0.29620363, Validation loss: 0.31105506, Gradient norm: 0.78123362
INFO:root:At the start of the epoch: mem (CPU python)=4448.68359375MB; mem (CPU total)=18227.0546875MB
INFO:root:[   66] Training loss: 0.29623382, Validation loss: 0.30887025, Gradient norm: 0.82206057
INFO:root:At the start of the epoch: mem (CPU python)=4470.0234375MB; mem (CPU total)=18283.5546875MB
INFO:root:[   67] Training loss: 0.29400242, Validation loss: 0.30732754, Gradient norm: 0.78399674
INFO:root:At the start of the epoch: mem (CPU python)=4490.1171875MB; mem (CPU total)=18348.83984375MB
INFO:root:[   68] Training loss: 0.29439491, Validation loss: 0.30860805, Gradient norm: 0.79936392
INFO:root:At the start of the epoch: mem (CPU python)=4514.80859375MB; mem (CPU total)=18413.2265625MB
INFO:root:[   69] Training loss: 0.29263115, Validation loss: 0.31048149, Gradient norm: 0.84251218
INFO:root:At the start of the epoch: mem (CPU python)=4534.09765625MB; mem (CPU total)=18473.546875MB
INFO:root:[   70] Training loss: 0.29220998, Validation loss: 0.31930659, Gradient norm: 0.82314968
INFO:root:At the start of the epoch: mem (CPU python)=4554.8359375MB; mem (CPU total)=18538.578125MB
INFO:root:[   71] Training loss: 0.29059294, Validation loss: 0.31013226, Gradient norm: 0.77093398
INFO:root:At the start of the epoch: mem (CPU python)=4578.3671875MB; mem (CPU total)=18602.390625MB
INFO:root:[   72] Training loss: 0.28853493, Validation loss: 0.30941637, Gradient norm: 0.74636850
INFO:root:At the start of the epoch: mem (CPU python)=4599.66796875MB; mem (CPU total)=18662.92578125MB
INFO:root:[   73] Training loss: 0.28781444, Validation loss: 0.32121595, Gradient norm: 0.78052495
INFO:root:At the start of the epoch: mem (CPU python)=4620.71484375MB; mem (CPU total)=18725.98828125MB
INFO:root:Learning rate reduced to: 0.0025
INFO:root:[   74] Training loss: 0.28939068, Validation loss: 0.32166133, Gradient norm: 0.85268561
INFO:root:At the start of the epoch: mem (CPU python)=4641.76171875MB; mem (CPU total)=18789.48828125MB
INFO:root:Learning rate reduced to: 0.00125
INFO:root:[   75] Training loss: 0.27648925, Validation loss: 0.29789501, Gradient norm: 0.46128094
INFO:root:At the start of the epoch: mem (CPU python)=4662.6484375MB; mem (CPU total)=18854.859375MB
INFO:root:[   76] Training loss: 0.27099173, Validation loss: 0.29809227, Gradient norm: 0.31294479
INFO:root:At the start of the epoch: mem (CPU python)=4684.109375MB; mem (CPU total)=18923.03515625MB
INFO:root:[   77] Training loss: 0.26973090, Validation loss: 0.29631265, Gradient norm: 0.34309998
INFO:root:At the start of the epoch: mem (CPU python)=4705.5078125MB; mem (CPU total)=18982.140625MB
INFO:root:[   78] Training loss: 0.26874234, Validation loss: 0.29733582, Gradient norm: 0.34336915
INFO:root:At the start of the epoch: mem (CPU python)=4725.84375MB; mem (CPU total)=19040.1328125MB
INFO:root:[   79] Training loss: 0.26855621, Validation loss: 0.29722403, Gradient norm: 0.39472877
INFO:root:At the start of the epoch: mem (CPU python)=4748.9140625MB; mem (CPU total)=19106.26171875MB
INFO:root:[   80] Training loss: 0.26859226, Validation loss: 0.29744511, Gradient norm: 0.38990293
INFO:root:At the start of the epoch: mem (CPU python)=4769.3671875MB; mem (CPU total)=19170.93359375MB
INFO:root:[   81] Training loss: 0.26761145, Validation loss: 0.29931070, Gradient norm: 0.37543537
INFO:root:At the start of the epoch: mem (CPU python)=4792.0390625MB; mem (CPU total)=19237.83984375MB
INFO:root:[   82] Training loss: 0.26760407, Validation loss: 0.30009343, Gradient norm: 0.40390501
INFO:root:At the start of the epoch: mem (CPU python)=4812.34375MB; mem (CPU total)=19296.31640625MB
INFO:root:[   83] Training loss: 0.26674152, Validation loss: 0.29609978, Gradient norm: 0.44504944
INFO:root:At the start of the epoch: mem (CPU python)=4832.23828125MB; mem (CPU total)=19360.03515625MB
INFO:root:[   84] Training loss: 0.26706651, Validation loss: 0.29660424, Gradient norm: 0.45460321
INFO:root:At the start of the epoch: mem (CPU python)=4855.4140625MB; mem (CPU total)=19426.046875MB
INFO:root:[   85] Training loss: 0.26676879, Validation loss: 0.29801117, Gradient norm: 0.43359010
INFO:root:At the start of the epoch: mem (CPU python)=4878.20703125MB; mem (CPU total)=19490.5390625MB
INFO:root:[   86] Training loss: 0.26678171, Validation loss: 0.29889829, Gradient norm: 0.50599145
INFO:root:At the start of the epoch: mem (CPU python)=4897.671875MB; mem (CPU total)=19553.08984375MB
INFO:root:[   87] Training loss: 0.26638995, Validation loss: 0.29757636, Gradient norm: 0.45841772
INFO:root:At the start of the epoch: mem (CPU python)=4919.1875MB; mem (CPU total)=19619.58984375MB
INFO:root:[   88] Training loss: 0.26678447, Validation loss: 0.29818943, Gradient norm: 0.50917009
INFO:root:At the start of the epoch: mem (CPU python)=4939.66796875MB; mem (CPU total)=19683.4375MB
INFO:root:[   89] Training loss: 0.26606860, Validation loss: 0.29718911, Gradient norm: 0.50252173
INFO:root:At the start of the epoch: mem (CPU python)=4962.56640625MB; mem (CPU total)=19749.89453125MB
INFO:root:Learning rate reduced to: 0.000625
INFO:root:[   90] Training loss: 0.26526607, Validation loss: 0.29817744, Gradient norm: 0.52227222
INFO:root:At the start of the epoch: mem (CPU python)=4983.44140625MB; mem (CPU total)=19814.91015625MB
INFO:root:Learning rate reduced to: 0.0003125
INFO:root:[   91] Training loss: 0.26195828, Validation loss: 0.29458028, Gradient norm: 0.35133744
INFO:root:At the start of the epoch: mem (CPU python)=5005.8515625MB; mem (CPU total)=19878.62890625MB
INFO:root:[   92] Training loss: 0.26057617, Validation loss: 0.29400968, Gradient norm: 0.26018285
INFO:root:At the start of the epoch: mem (CPU python)=5026.70703125MB; mem (CPU total)=19942.05078125MB
INFO:root:[   93] Training loss: 0.26063396, Validation loss: 0.29560800, Gradient norm: 0.23563823
INFO:root:At the start of the epoch: mem (CPU python)=5046.1796875MB; mem (CPU total)=20001.984375MB
INFO:root:[   94] Training loss: 0.26059517, Validation loss: 0.29478203, Gradient norm: 0.27882262
INFO:root:At the start of the epoch: mem (CPU python)=5069.2265625MB; mem (CPU total)=20066.71875MB
INFO:root:[   95] Training loss: 0.26053470, Validation loss: 0.29628779, Gradient norm: 0.26037251
INFO:root:At the start of the epoch: mem (CPU python)=5088.80078125MB; mem (CPU total)=20128.4921875MB
INFO:root:[   96] Training loss: 0.26100176, Validation loss: 0.29557003, Gradient norm: 0.27351708
INFO:root:At the start of the epoch: mem (CPU python)=5111.47265625MB; mem (CPU total)=20193.96875MB
INFO:root:[   97] Training loss: 0.26050657, Validation loss: 0.29401777, Gradient norm: 0.27766582
INFO:root:At the start of the epoch: mem (CPU python)=5133.76171875MB; mem (CPU total)=20213.4765625MB
INFO:root:[   98] Training loss: 0.26002530, Validation loss: 0.29322504, Gradient norm: 0.28748721
INFO:root:At the start of the epoch: mem (CPU python)=5153.73046875MB; mem (CPU total)=20317.77734375MB
INFO:root:[   99] Training loss: 0.26029961, Validation loss: 0.29551282, Gradient norm: 0.27630445
INFO:root:At the start of the epoch: mem (CPU python)=5174.11328125MB; mem (CPU total)=20340.99609375MB
INFO:root:[  100] Training loss: 0.25964621, Validation loss: 0.29467064, Gradient norm: 0.29019859
INFO:root:At the start of the epoch: mem (CPU python)=5196.76171875MB; mem (CPU total)=20446.8359375MB
INFO:root:[  101] Training loss: 0.25994276, Validation loss: 0.29445769, Gradient norm: 0.27963588
INFO:root:At the start of the epoch: mem (CPU python)=5216.6171875MB; mem (CPU total)=20512.25MB
INFO:root:[  102] Training loss: 0.25997482, Validation loss: 0.29404369, Gradient norm: 0.30626196
INFO:root:At the start of the epoch: mem (CPU python)=5238.7890625MB; mem (CPU total)=20578.70703125MB
INFO:root:[  103] Training loss: 0.26035654, Validation loss: 0.29564473, Gradient norm: 0.29397556
INFO:root:At the start of the epoch: mem (CPU python)=5260.8125MB; mem (CPU total)=20645.7734375MB
INFO:root:[  104] Training loss: 0.25900733, Validation loss: 0.29497458, Gradient norm: 0.30921183
INFO:root:At the start of the epoch: mem (CPU python)=5282.11328125MB; mem (CPU total)=20711.796875MB
INFO:root:Learning rate reduced to: 0.00015625
INFO:root:[  105] Training loss: 0.26006015, Validation loss: 0.29320486, Gradient norm: 0.29824710
INFO:root:At the start of the epoch: mem (CPU python)=5303.53125MB; mem (CPU total)=20778.65234375MB
INFO:root:[  106] Training loss: 0.25907581, Validation loss: 0.29545784, Gradient norm: 0.26230902
INFO:root:At the start of the epoch: mem (CPU python)=5326.2421875MB; mem (CPU total)=20844.86328125MB
INFO:root:[  107] Training loss: 0.25904000, Validation loss: 0.29484249, Gradient norm: 0.23937655
INFO:root:At the start of the epoch: mem (CPU python)=5347.4140625MB; mem (CPU total)=20910.82421875MB
INFO:root:[  108] Training loss: 0.25918676, Validation loss: 0.29436105, Gradient norm: 0.24170623
INFO:root:At the start of the epoch: mem (CPU python)=5369.11328125MB; mem (CPU total)=20980.234375MB
INFO:root:[  109] Training loss: 0.25895347, Validation loss: 0.29495913, Gradient norm: 0.24403482
INFO:root:At the start of the epoch: mem (CPU python)=5391.2109375MB; mem (CPU total)=21047.29296875MB
INFO:root:[  110] Training loss: 0.25880530, Validation loss: 0.29558665, Gradient norm: 0.25690572
INFO:root:At the start of the epoch: mem (CPU python)=5412.38671875MB; mem (CPU total)=21117.0MB
INFO:root:[  111] Training loss: 0.25741229, Validation loss: 0.29348656, Gradient norm: 0.24544776
INFO:root:At the start of the epoch: mem (CPU python)=5433.5546875MB; mem (CPU total)=21184.4453125MB
INFO:root:Learning rate reduced to: 7.8125e-05
INFO:root:[  112] Training loss: 0.25773332, Validation loss: 0.29482996, Gradient norm: 0.24356435
INFO:root:At the start of the epoch: mem (CPU python)=5454.73046875MB; mem (CPU total)=21252.1328125MB
INFO:root:[  113] Training loss: 0.25818588, Validation loss: 0.29490007, Gradient norm: 0.21317207
INFO:root:At the start of the epoch: mem (CPU python)=5475.90234375MB; mem (CPU total)=21317.17578125MB
INFO:root:[  114] Training loss: 0.25781077, Validation loss: 0.29502064, Gradient norm: 0.21458937
INFO:root:At the start of the epoch: mem (CPU python)=5497.0703125MB; mem (CPU total)=21380.2890625MB
INFO:root:EP 114: Early stopping
INFO:root:Training for autoregressive step 2 starts now.
INFO:root:Learning rate reduced to: [3.90625e-05]
INFO:root:At the start of the epoch: mem (CPU python)=5518.4453125MB; mem (CPU total)=21443.9140625MB
INFO:root:[  116] Training loss: 0.33933733, Validation loss: 0.36313304, Gradient norm: 0.55114813
INFO:root:At the start of the epoch: mem (CPU python)=5526.43359375MB; mem (CPU total)=21521.67578125MB
INFO:root:[  117] Training loss: 0.33664496, Validation loss: 0.36174071, Gradient norm: 0.50014682
INFO:root:At the start of the epoch: mem (CPU python)=5547.453125MB; mem (CPU total)=21620.98828125MB
INFO:root:[  118] Training loss: 0.33732474, Validation loss: 0.36196308, Gradient norm: 0.54048803
INFO:root:At the start of the epoch: mem (CPU python)=5570.91015625MB; mem (CPU total)=21713.57421875MB
INFO:root:[  119] Training loss: 0.33612898, Validation loss: 0.36170880, Gradient norm: 0.51096970
INFO:root:At the start of the epoch: mem (CPU python)=5592.1484375MB; mem (CPU total)=21806.20703125MB
INFO:root:[  120] Training loss: 0.33536799, Validation loss: 0.35970992, Gradient norm: 0.48476946
INFO:root:At the start of the epoch: mem (CPU python)=5611.9765625MB; mem (CPU total)=21896.32421875MB
INFO:root:[  121] Training loss: 0.33504562, Validation loss: 0.36017070, Gradient norm: 0.45513256
INFO:root:At the start of the epoch: mem (CPU python)=5633.8125MB; mem (CPU total)=21988.65234375MB
INFO:root:[  122] Training loss: 0.33451882, Validation loss: 0.35967877, Gradient norm: 0.50308012
INFO:root:At the start of the epoch: mem (CPU python)=5654.6796875MB; mem (CPU total)=22079.70703125MB
INFO:root:[  123] Training loss: 0.33389088, Validation loss: 0.35973496, Gradient norm: 0.44990467
INFO:root:At the start of the epoch: mem (CPU python)=5675.58203125MB; mem (CPU total)=22168.9921875MB
INFO:root:[  124] Training loss: 0.33403603, Validation loss: 0.36025167, Gradient norm: 0.45838150
INFO:root:At the start of the epoch: mem (CPU python)=5697.3828125MB; mem (CPU total)=22261.4453125MB
INFO:root:[  125] Training loss: 0.33295365, Validation loss: 0.35820794, Gradient norm: 0.43527533
INFO:root:At the start of the epoch: mem (CPU python)=5718.12109375MB; mem (CPU total)=22351.28515625MB
INFO:root:[  126] Training loss: 0.33309901, Validation loss: 0.35820338, Gradient norm: 0.43192725
INFO:root:At the start of the epoch: mem (CPU python)=5738.57421875MB; mem (CPU total)=22443.30078125MB
INFO:root:[  127] Training loss: 0.33368631, Validation loss: 0.35797049, Gradient norm: 0.45665467
INFO:root:At the start of the epoch: mem (CPU python)=5760.375MB; mem (CPU total)=22533.97265625MB
INFO:root:[  128] Training loss: 0.33305297, Validation loss: 0.35964247, Gradient norm: 0.41486445
INFO:root:At the start of the epoch: mem (CPU python)=5781.1171875MB; mem (CPU total)=22626.69921875MB
INFO:root:[  129] Training loss: 0.33182130, Validation loss: 0.35818570, Gradient norm: 0.40902206
INFO:root:At the start of the epoch: mem (CPU python)=5803.48046875MB; mem (CPU total)=22718.3046875MB
INFO:root:[  130] Training loss: 0.33238744, Validation loss: 0.35696593, Gradient norm: 0.43427356
INFO:root:At the start of the epoch: mem (CPU python)=5823.46484375MB; mem (CPU total)=22812.73046875MB
INFO:root:[  131] Training loss: 0.33277879, Validation loss: 0.35725708, Gradient norm: 0.44783363
INFO:root:At the start of the epoch: mem (CPU python)=5844.94140625MB; mem (CPU total)=22900.98828125MB
INFO:root:[  132] Training loss: 0.33260265, Validation loss: 0.35789900, Gradient norm: 0.43131435
INFO:root:At the start of the epoch: mem (CPU python)=5866.0859375MB; mem (CPU total)=22996.13671875MB
INFO:root:[  133] Training loss: 0.33243731, Validation loss: 0.35673300, Gradient norm: 0.43495020
INFO:root:At the start of the epoch: mem (CPU python)=5886.7890625MB; mem (CPU total)=23083.9140625MB
INFO:root:[  134] Training loss: 0.33199941, Validation loss: 0.35713783, Gradient norm: 0.44787310
INFO:root:At the start of the epoch: mem (CPU python)=5909.9765625MB; mem (CPU total)=23179.171875MB
INFO:root:[  135] Training loss: 0.33283924, Validation loss: 0.35666734, Gradient norm: 0.43100636
INFO:root:At the start of the epoch: mem (CPU python)=5930.5625MB; mem (CPU total)=23268.48828125MB
INFO:root:[  136] Training loss: 0.33167622, Validation loss: 0.35678753, Gradient norm: 0.43507813
INFO:root:At the start of the epoch: mem (CPU python)=5951.5MB; mem (CPU total)=23360.0078125MB
INFO:root:[  137] Training loss: 0.33118033, Validation loss: 0.35636994, Gradient norm: 0.42863112
INFO:root:At the start of the epoch: mem (CPU python)=5971.46484375MB; mem (CPU total)=23451.0625MB
INFO:root:[  138] Training loss: 0.33196742, Validation loss: 0.35650479, Gradient norm: 0.43653630
INFO:root:At the start of the epoch: mem (CPU python)=5993.55078125MB; mem (CPU total)=23542.13671875MB
INFO:root:[  139] Training loss: 0.33174884, Validation loss: 0.35756550, Gradient norm: 0.43690393
INFO:root:At the start of the epoch: mem (CPU python)=6015.7734375MB; mem (CPU total)=23634.39453125MB
INFO:root:[  140] Training loss: 0.33198299, Validation loss: 0.35572457, Gradient norm: 0.41915483
INFO:root:At the start of the epoch: mem (CPU python)=6034.6484375MB; mem (CPU total)=23722.91796875MB
INFO:root:[  141] Training loss: 0.33166648, Validation loss: 0.35633853, Gradient norm: 0.45349277
INFO:root:At the start of the epoch: mem (CPU python)=6057.1015625MB; mem (CPU total)=23816.69921875MB
INFO:root:[  142] Training loss: 0.33139253, Validation loss: 0.35635097, Gradient norm: 0.40922511
INFO:root:At the start of the epoch: mem (CPU python)=6078.3046875MB; mem (CPU total)=23905.30859375MB
INFO:root:[  143] Training loss: 0.33106923, Validation loss: 0.35612732, Gradient norm: 0.42008401
INFO:root:At the start of the epoch: mem (CPU python)=6099.75390625MB; mem (CPU total)=23998.80078125MB
INFO:root:[  144] Training loss: 0.33177538, Validation loss: 0.35636359, Gradient norm: 0.43624672
INFO:root:At the start of the epoch: mem (CPU python)=6120.86328125MB; mem (CPU total)=24081.9453125MB
INFO:root:[  145] Training loss: 0.33071201, Validation loss: 0.35685498, Gradient norm: 0.41986541
INFO:root:At the start of the epoch: mem (CPU python)=6142.3671875MB; mem (CPU total)=24163.140625MB
INFO:root:[  146] Training loss: 0.33041013, Validation loss: 0.35772708, Gradient norm: 0.40601569
INFO:root:At the start of the epoch: mem (CPU python)=6162.1640625MB; mem (CPU total)=24232.4296875MB
INFO:root:[  147] Training loss: 0.32980885, Validation loss: 0.35740058, Gradient norm: 0.36975347
INFO:root:At the start of the epoch: mem (CPU python)=6183.21484375MB; mem (CPU total)=24311.6015625MB
INFO:root:[  148] Training loss: 0.33034998, Validation loss: 0.35648007, Gradient norm: 0.42943938
INFO:root:At the start of the epoch: mem (CPU python)=6205.58984375MB; mem (CPU total)=24381.73828125MB
INFO:root:[  149] Training loss: 0.33125989, Validation loss: 0.35550828, Gradient norm: 0.43375531
INFO:root:At the start of the epoch: mem (CPU python)=6226.05859375MB; mem (CPU total)=24463.46484375MB
INFO:root:[  150] Training loss: 0.33083154, Validation loss: 0.35597466, Gradient norm: 0.43321861
INFO:root:At the start of the epoch: mem (CPU python)=6246.8515625MB; mem (CPU total)=24537.3125MB
INFO:root:[  151] Training loss: 0.33057240, Validation loss: 0.35678420, Gradient norm: 0.42436739
INFO:root:At the start of the epoch: mem (CPU python)=6268.22265625MB; mem (CPU total)=24615.8125MB
INFO:root:[  152] Training loss: 0.33103520, Validation loss: 0.35619277, Gradient norm: 0.43931338
INFO:root:At the start of the epoch: mem (CPU python)=6290.03125MB; mem (CPU total)=24689.85546875MB
INFO:root:[  153] Training loss: 0.32989704, Validation loss: 0.35512699, Gradient norm: 0.40523000
INFO:root:At the start of the epoch: mem (CPU python)=6310.60546875MB; mem (CPU total)=24767.359375MB
INFO:root:[  154] Training loss: 0.33092263, Validation loss: 0.35604452, Gradient norm: 0.43103935
INFO:root:At the start of the epoch: mem (CPU python)=6332.23046875MB; mem (CPU total)=24840.19921875MB
INFO:root:[  155] Training loss: 0.33054661, Validation loss: 0.35545584, Gradient norm: 0.41723962
INFO:root:At the start of the epoch: mem (CPU python)=6354.5703125MB; mem (CPU total)=24917.8359375MB
INFO:root:[  156] Training loss: 0.32960737, Validation loss: 0.35468328, Gradient norm: 0.42507573
INFO:root:At the start of the epoch: mem (CPU python)=6373.59375MB; mem (CPU total)=24991.6484375MB
INFO:root:[  157] Training loss: 0.33011868, Validation loss: 0.35539908, Gradient norm: 0.42600606
INFO:root:At the start of the epoch: mem (CPU python)=6395.35546875MB; mem (CPU total)=25071.90234375MB
INFO:root:[  158] Training loss: 0.33062194, Validation loss: 0.35457706, Gradient norm: 0.46316833
INFO:root:At the start of the epoch: mem (CPU python)=6416.046875MB; mem (CPU total)=25143.296875MB
INFO:root:[  159] Training loss: 0.33003857, Validation loss: 0.35487200, Gradient norm: 0.42371272
INFO:root:At the start of the epoch: mem (CPU python)=6438.09375MB; mem (CPU total)=25223.5234375MB
INFO:root:[  160] Training loss: 0.32991005, Validation loss: 0.35586248, Gradient norm: 0.42022390
INFO:root:At the start of the epoch: mem (CPU python)=6458.671875MB; mem (CPU total)=25294.66796875MB
INFO:root:[  161] Training loss: 0.32996763, Validation loss: 0.35480753, Gradient norm: 0.41622825
INFO:root:At the start of the epoch: mem (CPU python)=6481.63671875MB; mem (CPU total)=25365.63671875MB
INFO:root:[  162] Training loss: 0.32972634, Validation loss: 0.35475236, Gradient norm: 0.40330673
INFO:root:At the start of the epoch: mem (CPU python)=6502.01953125MB; mem (CPU total)=25427.65234375MB
INFO:root:[  163] Training loss: 0.33000532, Validation loss: 0.35520087, Gradient norm: 0.42272352
INFO:root:At the start of the epoch: mem (CPU python)=6523.15625MB; mem (CPU total)=25492.8515625MB
INFO:root:[  164] Training loss: 0.32937572, Validation loss: 0.35392573, Gradient norm: 0.38637655
INFO:root:At the start of the epoch: mem (CPU python)=6543.30078125MB; mem (CPU total)=25558.7421875MB
INFO:root:[  165] Training loss: 0.32949861, Validation loss: 0.35463312, Gradient norm: 0.40404005
INFO:root:At the start of the epoch: mem (CPU python)=6565.34765625MB; mem (CPU total)=25623.29296875MB
INFO:root:[  166] Training loss: 0.32959471, Validation loss: 0.35466037, Gradient norm: 0.42932814
INFO:root:At the start of the epoch: mem (CPU python)=6585.74609375MB; mem (CPU total)=25685.28515625MB
INFO:root:[  167] Training loss: 0.33044224, Validation loss: 0.35468712, Gradient norm: 0.43114379
INFO:root:At the start of the epoch: mem (CPU python)=6607.9296875MB; mem (CPU total)=25710.52734375MB
INFO:root:[  168] Training loss: 0.32977781, Validation loss: 0.35398792, Gradient norm: 0.41013208
INFO:root:At the start of the epoch: mem (CPU python)=6627.86328125MB; mem (CPU total)=25815.90625MB
INFO:root:[  169] Training loss: 0.32842745, Validation loss: 0.35481552, Gradient norm: 0.37921026
INFO:root:At the start of the epoch: mem (CPU python)=6650.7578125MB; mem (CPU total)=25877.7890625MB
INFO:root:[  170] Training loss: 0.33005355, Validation loss: 0.35519989, Gradient norm: 0.42674863
INFO:root:At the start of the epoch: mem (CPU python)=6670.4921875MB; mem (CPU total)=25941.03125MB
INFO:root:[  171] Training loss: 0.32857609, Validation loss: 0.35606417, Gradient norm: 0.44216975
INFO:root:At the start of the epoch: mem (CPU python)=6692.18359375MB; mem (CPU total)=26007.9609375MB
INFO:root:[  172] Training loss: 0.32842629, Validation loss: 0.35418920, Gradient norm: 0.40926388
INFO:root:At the start of the epoch: mem (CPU python)=6712.54296875MB; mem (CPU total)=26071.46875MB
INFO:root:[  173] Training loss: 0.32884216, Validation loss: 0.35357744, Gradient norm: 0.41256272
INFO:root:At the start of the epoch: mem (CPU python)=6734.11328125MB; mem (CPU total)=26133.22265625MB
INFO:root:[  174] Training loss: 0.32893080, Validation loss: 0.35534438, Gradient norm: 0.42610741
INFO:root:At the start of the epoch: mem (CPU python)=6755.27734375MB; mem (CPU total)=26198.92578125MB
INFO:root:[  175] Training loss: 0.32926503, Validation loss: 0.35376014, Gradient norm: 0.40567728
INFO:root:At the start of the epoch: mem (CPU python)=6777.3671875MB; mem (CPU total)=26268.03125MB
INFO:root:[  176] Training loss: 0.32814590, Validation loss: 0.35450948, Gradient norm: 0.41242413
INFO:root:At the start of the epoch: mem (CPU python)=6798.87890625MB; mem (CPU total)=26330.5390625MB
INFO:root:[  177] Training loss: 0.32973119, Validation loss: 0.35479542, Gradient norm: 0.41756908
INFO:root:At the start of the epoch: mem (CPU python)=6818.171875MB; mem (CPU total)=26394.75390625MB
INFO:root:[  178] Training loss: 0.32977150, Validation loss: 0.35439715, Gradient norm: 0.42895936
INFO:root:At the start of the epoch: mem (CPU python)=6839.48046875MB; mem (CPU total)=26458.80078125MB
INFO:root:[  179] Training loss: 0.32942112, Validation loss: 0.35365028, Gradient norm: 0.41417632
INFO:root:At the start of the epoch: mem (CPU python)=6860.62890625MB; mem (CPU total)=26523.703125MB
INFO:root:[  180] Training loss: 0.32931216, Validation loss: 0.35436810, Gradient norm: 0.42300023
INFO:root:At the start of the epoch: mem (CPU python)=6882.99609375MB; mem (CPU total)=26588.46875MB
INFO:root:[  181] Training loss: 0.32905837, Validation loss: 0.35485383, Gradient norm: 0.39475469
INFO:root:At the start of the epoch: mem (CPU python)=6903.6640625MB; mem (CPU total)=26650.234375MB
INFO:root:[  182] Training loss: 0.32854743, Validation loss: 0.35332653, Gradient norm: 0.40230046
INFO:root:At the start of the epoch: mem (CPU python)=6923.5234375MB; mem (CPU total)=26713.2578125MB
INFO:root:[  183] Training loss: 0.32879266, Validation loss: 0.35330522, Gradient norm: 0.40684303
INFO:root:At the start of the epoch: mem (CPU python)=6945.48828125MB; mem (CPU total)=26777.4765625MB
INFO:root:[  184] Training loss: 0.32764991, Validation loss: 0.35216076, Gradient norm: 0.36968892
INFO:root:At the start of the epoch: mem (CPU python)=6968.29296875MB; mem (CPU total)=26842.71484375MB
INFO:root:[  185] Training loss: 0.32952231, Validation loss: 0.35433938, Gradient norm: 0.42937637
INFO:root:At the start of the epoch: mem (CPU python)=6988.296875MB; mem (CPU total)=26903.5234375MB
INFO:root:[  186] Training loss: 0.32890715, Validation loss: 0.35448992, Gradient norm: 0.39367275
INFO:root:At the start of the epoch: mem (CPU python)=7008.734375MB; mem (CPU total)=26967.54296875MB
INFO:root:[  187] Training loss: 0.32848698, Validation loss: 0.35297126, Gradient norm: 0.39223452
INFO:root:At the start of the epoch: mem (CPU python)=7030.91015625MB; mem (CPU total)=27036.3046875MB
INFO:root:[  188] Training loss: 0.32871127, Validation loss: 0.35333257, Gradient norm: 0.42004514
INFO:root:At the start of the epoch: mem (CPU python)=7051.25390625MB; mem (CPU total)=27098.86328125MB
INFO:root:[  189] Training loss: 0.32915282, Validation loss: 0.35339853, Gradient norm: 0.39965651
INFO:root:At the start of the epoch: mem (CPU python)=7073.34765625MB; mem (CPU total)=27165.01953125MB
INFO:root:[  190] Training loss: 0.32911350, Validation loss: 0.35464434, Gradient norm: 0.40780208
INFO:root:At the start of the epoch: mem (CPU python)=7094.0546875MB; mem (CPU total)=27227.2734375MB
INFO:root:[  191] Training loss: 0.32765508, Validation loss: 0.35332951, Gradient norm: 0.40935002
INFO:root:At the start of the epoch: mem (CPU python)=7116.328125MB; mem (CPU total)=27279.7578125MB
INFO:root:[  192] Training loss: 0.32869658, Validation loss: 0.35351710, Gradient norm: 0.42079610
INFO:root:At the start of the epoch: mem (CPU python)=7135.984375MB; mem (CPU total)=27321.37109375MB
INFO:root:[  193] Training loss: 0.32829058, Validation loss: 0.35308806, Gradient norm: 0.39359036
INFO:root:At the start of the epoch: mem (CPU python)=7158.875MB; mem (CPU total)=27363.93359375MB
INFO:root:EP 193: Early stopping
INFO:root:After finishing all epochs: mem (CPU python)=7178.98828125MB; mem (CPU total)=27402.83984375MB
INFO:root:Training the model took 8555.722s.
INFO:root:Emptying the cuda cache took 0.021s.
INFO:root:Starting evaluation: model SFNO & uncertainty quantification laplace
INFO:root:Evaluating the model on Validation data.
INFO:root:MSEValidation: 0.41436
INFO:root:EnergyScoreValidation: 0.33737
INFO:root:CRPSValidation: 0.15226
INFO:root:Gaussian NLLValidation: 0.27898
INFO:root:CoverageValidation: 0.98862
INFO:root:IntervalWidthValidation: 1.76257
INFO:root:Evaluating the model on Test data.
INFO:root:MSETest: 0.32754
INFO:root:EnergyScoreTest: 0.23855
INFO:root:CRPSTest: 0.10595
INFO:root:Gaussian NLLTest: -0.12811
INFO:root:CoverageTest: 0.94689
INFO:root:IntervalWidthTest: 0.91578
INFO:root:After validation: mem (CPU python)=7519.91015625MB; mem (CPU total)=29269.5859375MB
INFO:root:###2 out of 3 training parameter combinations ###
INFO:root:Training parameters: {'seed': 12345, 'model': 'SFNO', 'uncertainty_quantification': 'laplace', 'batch_size': 32, 'n_epochs': 1000, 'early_stopping': 10, 'init': 'default', 'learning_rate': 0.005, 'lr_schedule': 'step', 'optimizer': 'adam', 'gradient_clipping': 1, 'layer_normalization': True, 'data_loader_pin_memory': False, 'data_loader_num_workers': 0, 'distributed_training': False, 'alpha': 0.05, 'n_samples_uq': 100, 'weight_decay': 0, 'dropout': 0.001, 'fourier_dropout': None, 'hidden_channels': 32, 'projection_channels': 256, 'lifting_channels': 256, 'n_modes': (32, 32), 'n_samples': 3}
INFO:root:After creating the dataloaders: mem (CPU python)=7519.9140625MB; mem (CPU total)=29273.765625MB
INFO:root:NumberParameters: 284835
INFO:root:GPU memory allocated: 444596224
INFO:root:After setting up the model: mem (CPU python)=7549.6953125MB; mem (CPU total)=29303.703125MB
INFO:root:Training starts now.
INFO:root:At the start of the epoch: mem (CPU python)=7549.6953125MB; mem (CPU total)=29306.1640625MB
INFO:root:[    1] Training loss: 0.81804289, Validation loss: 0.73375132, Gradient norm: 0.46903036
INFO:root:At the start of the epoch: mem (CPU python)=7577.1875MB; mem (CPU total)=29363.765625MB
INFO:root:[    2] Training loss: 0.73324206, Validation loss: 0.73047464, Gradient norm: 0.29896835
INFO:root:At the start of the epoch: mem (CPU python)=7598.953125MB; mem (CPU total)=29415.234375MB
INFO:root:[    3] Training loss: 0.72870807, Validation loss: 0.72154613, Gradient norm: 0.23308831
INFO:root:At the start of the epoch: mem (CPU python)=7620.1328125MB; mem (CPU total)=29469.65234375MB
INFO:root:[    4] Training loss: 0.70212987, Validation loss: 0.66540718, Gradient norm: 0.35190858
INFO:root:At the start of the epoch: mem (CPU python)=7641.30859375MB; mem (CPU total)=29523.34375MB
INFO:root:[    5] Training loss: 0.63566590, Validation loss: 0.60338269, Gradient norm: 0.42773029
INFO:root:At the start of the epoch: mem (CPU python)=7662.58984375MB; mem (CPU total)=29579.7109375MB
INFO:root:[    6] Training loss: 0.59467775, Validation loss: 0.58410279, Gradient norm: 0.31699758
INFO:root:At the start of the epoch: mem (CPU python)=7683.75390625MB; mem (CPU total)=29633.1015625MB
INFO:root:[    7] Training loss: 0.57820470, Validation loss: 0.56542521, Gradient norm: 0.35187774
INFO:root:At the start of the epoch: mem (CPU python)=7705.1796875MB; mem (CPU total)=29689.34375MB
INFO:root:[    8] Training loss: 0.55402048, Validation loss: 0.53873883, Gradient norm: 0.41764718
INFO:root:At the start of the epoch: mem (CPU python)=7726.3359375MB; mem (CPU total)=29743.25MB
INFO:root:[    9] Training loss: 0.53042327, Validation loss: 0.51920257, Gradient norm: 0.40389788
INFO:root:At the start of the epoch: mem (CPU python)=7747.50390625MB; mem (CPU total)=29797.6796875MB
INFO:root:[   10] Training loss: 0.51896093, Validation loss: 0.51185044, Gradient norm: 0.38453578
INFO:root:At the start of the epoch: mem (CPU python)=7768.6640625MB; mem (CPU total)=29853.8203125MB
INFO:root:[   11] Training loss: 0.51141986, Validation loss: 0.50967686, Gradient norm: 0.34149544
INFO:root:At the start of the epoch: mem (CPU python)=7789.828125MB; mem (CPU total)=29907.62109375MB
INFO:root:[   12] Training loss: 0.49125040, Validation loss: 0.47715781, Gradient norm: 0.40937103
INFO:root:At the start of the epoch: mem (CPU python)=7810.9921875MB; mem (CPU total)=29964.82421875MB
INFO:root:[   13] Training loss: 0.47685077, Validation loss: 0.47128252, Gradient norm: 0.37032279
INFO:root:At the start of the epoch: mem (CPU python)=7832.16015625MB; mem (CPU total)=30016.75MB
INFO:root:[   14] Training loss: 0.47166587, Validation loss: 0.46306760, Gradient norm: 0.39749761
INFO:root:At the start of the epoch: mem (CPU python)=7853.32421875MB; mem (CPU total)=30071.1171875MB
INFO:root:[   15] Training loss: 0.46307204, Validation loss: 0.45587482, Gradient norm: 0.38203443
INFO:root:At the start of the epoch: mem (CPU python)=7874.48828125MB; mem (CPU total)=30127.94921875MB
INFO:root:[   16] Training loss: 0.45458075, Validation loss: 0.44494986, Gradient norm: 0.39896275
INFO:root:At the start of the epoch: mem (CPU python)=7895.65234375MB; mem (CPU total)=30182.80859375MB
INFO:root:[   17] Training loss: 0.44574765, Validation loss: 0.43765390, Gradient norm: 0.40723486
INFO:root:At the start of the epoch: mem (CPU python)=7916.8203125MB; mem (CPU total)=30242.87109375MB
INFO:root:[   18] Training loss: 0.43685162, Validation loss: 0.42844854, Gradient norm: 0.38704164
INFO:root:At the start of the epoch: mem (CPU python)=7937.98046875MB; mem (CPU total)=30296.74609375MB
INFO:root:[   19] Training loss: 0.42878280, Validation loss: 0.42130261, Gradient norm: 0.41392610
INFO:root:At the start of the epoch: mem (CPU python)=7959.14453125MB; mem (CPU total)=30351.1640625MB
INFO:root:[   20] Training loss: 0.42118877, Validation loss: 0.41483657, Gradient norm: 0.40860093
INFO:root:At the start of the epoch: mem (CPU python)=7980.30859375MB; mem (CPU total)=30408.01171875MB
INFO:root:[   21] Training loss: 0.41407990, Validation loss: 0.40854786, Gradient norm: 0.38537921
INFO:root:At the start of the epoch: mem (CPU python)=8001.9140625MB; mem (CPU total)=30407.6328125MB
INFO:root:[   22] Training loss: 0.40977207, Validation loss: 0.40263867, Gradient norm: 0.42658914
INFO:root:At the start of the epoch: mem (CPU python)=8023.765625MB; mem (CPU total)=30449.9765625MB
INFO:root:[   23] Training loss: 0.40491539, Validation loss: 0.39902917, Gradient norm: 0.39035364
INFO:root:At the start of the epoch: mem (CPU python)=8044.9296875MB; mem (CPU total)=30492.3671875MB
INFO:root:[   24] Training loss: 0.40144665, Validation loss: 0.39747087, Gradient norm: 0.40436750
INFO:root:At the start of the epoch: mem (CPU python)=8066.09375MB; mem (CPU total)=30534.94921875MB
INFO:root:[   25] Training loss: 0.39911107, Validation loss: 0.39517249, Gradient norm: 0.40349584
INFO:root:At the start of the epoch: mem (CPU python)=8087.25390625MB; mem (CPU total)=30579.2578125MB
INFO:root:[   26] Training loss: 0.39645137, Validation loss: 0.39207121, Gradient norm: 0.38834222
INFO:root:At the start of the epoch: mem (CPU python)=8108.53515625MB; mem (CPU total)=30622.33203125MB
INFO:root:[   27] Training loss: 0.39545192, Validation loss: 0.39649401, Gradient norm: 0.41951462
INFO:root:At the start of the epoch: mem (CPU python)=8129.95703125MB; mem (CPU total)=30664.90234375MB
INFO:root:[   28] Training loss: 0.39299331, Validation loss: 0.39138201, Gradient norm: 0.37152175
INFO:root:At the start of the epoch: mem (CPU python)=8151.125MB; mem (CPU total)=30709.70703125MB
INFO:root:[   29] Training loss: 0.39183769, Validation loss: 0.38761606, Gradient norm: 0.39159723
INFO:root:At the start of the epoch: mem (CPU python)=8172.65234375MB; mem (CPU total)=30752.01953125MB
INFO:root:[   30] Training loss: 0.38985454, Validation loss: 0.38476215, Gradient norm: 0.35665547
INFO:root:At the start of the epoch: mem (CPU python)=8194.19921875MB; mem (CPU total)=30794.60546875MB
INFO:root:[   31] Training loss: 0.38865360, Validation loss: 0.38681245, Gradient norm: 0.38051014
INFO:root:At the start of the epoch: mem (CPU python)=8215.36328125MB; mem (CPU total)=30836.94140625MB
INFO:root:[   32] Training loss: 0.38787656, Validation loss: 0.38622457, Gradient norm: 0.38167720
INFO:root:At the start of the epoch: mem (CPU python)=8236.52734375MB; mem (CPU total)=30880.5MB
INFO:root:[   33] Training loss: 0.38641091, Validation loss: 0.38219163, Gradient norm: 0.37570888
INFO:root:At the start of the epoch: mem (CPU python)=8257.6953125MB; mem (CPU total)=30923.31640625MB
INFO:root:[   34] Training loss: 0.38550446, Validation loss: 0.38538681, Gradient norm: 0.38039281
INFO:root:At the start of the epoch: mem (CPU python)=8278.85546875MB; mem (CPU total)=31014.6796875MB
INFO:root:[   35] Training loss: 0.38423368, Validation loss: 0.38121948, Gradient norm: 0.35731790
INFO:root:At the start of the epoch: mem (CPU python)=8300.02734375MB; mem (CPU total)=31076.37890625MB
INFO:root:[   36] Training loss: 0.38286729, Validation loss: 0.38191046, Gradient norm: 0.35727051
INFO:root:At the start of the epoch: mem (CPU python)=8321.5625MB; mem (CPU total)=31139.1171875MB
INFO:root:[   37] Training loss: 0.38210160, Validation loss: 0.38232699, Gradient norm: 0.35084262
INFO:root:At the start of the epoch: mem (CPU python)=8342.73046875MB; mem (CPU total)=31201.1796875MB
INFO:root:[   38] Training loss: 0.38103635, Validation loss: 0.37721620, Gradient norm: 0.35426800
INFO:root:At the start of the epoch: mem (CPU python)=8363.89453125MB; mem (CPU total)=31265.1796875MB
INFO:root:[   39] Training loss: 0.38033619, Validation loss: 0.37749448, Gradient norm: 0.37816225
INFO:root:At the start of the epoch: mem (CPU python)=8385.0546875MB; mem (CPU total)=31328.19140625MB
INFO:root:[   40] Training loss: 0.37859003, Validation loss: 0.37797292, Gradient norm: 0.34398395
INFO:root:At the start of the epoch: mem (CPU python)=8406.5MB; mem (CPU total)=31392.14453125MB
INFO:root:[   41] Training loss: 0.37826192, Validation loss: 0.37672007, Gradient norm: 0.37119778
INFO:root:At the start of the epoch: mem (CPU python)=8428.13671875MB; mem (CPU total)=31451.51171875MB
INFO:root:[   42] Training loss: 0.37764668, Validation loss: 0.37504884, Gradient norm: 0.38114319
INFO:root:At the start of the epoch: mem (CPU python)=8449.9765625MB; mem (CPU total)=31513.69140625MB
INFO:root:[   43] Training loss: 0.37626036, Validation loss: 0.37144679, Gradient norm: 0.37006614
INFO:root:At the start of the epoch: mem (CPU python)=8471.5859375MB; mem (CPU total)=31576.4609375MB
INFO:root:[   44] Training loss: 0.37491384, Validation loss: 0.37192820, Gradient norm: 0.34635290
INFO:root:At the start of the epoch: mem (CPU python)=8492.75MB; mem (CPU total)=31626.6015625MB
INFO:root:[   45] Training loss: 0.37456116, Validation loss: 0.37006987, Gradient norm: 0.35700312
INFO:root:At the start of the epoch: mem (CPU python)=8513.91796875MB; mem (CPU total)=31687.91015625MB
INFO:root:[   46] Training loss: 0.37322573, Validation loss: 0.36954604, Gradient norm: 0.35754255
INFO:root:At the start of the epoch: mem (CPU python)=8535.26953125MB; mem (CPU total)=31751.046875MB
INFO:root:[   47] Training loss: 0.37203974, Validation loss: 0.36950696, Gradient norm: 0.36089745
INFO:root:At the start of the epoch: mem (CPU python)=8555.765625MB; mem (CPU total)=31817.12890625MB
INFO:root:[   48] Training loss: 0.37159686, Validation loss: 0.36851967, Gradient norm: 0.36275212
INFO:root:At the start of the epoch: mem (CPU python)=8577.0546875MB; mem (CPU total)=31877.4296875MB
INFO:root:[   49] Training loss: 0.37000133, Validation loss: 0.37033014, Gradient norm: 0.36953175
INFO:root:At the start of the epoch: mem (CPU python)=8598.6953125MB; mem (CPU total)=31941.3984375MB
INFO:root:[   50] Training loss: 0.36909106, Validation loss: 0.36633945, Gradient norm: 0.34535421
INFO:root:At the start of the epoch: mem (CPU python)=8620.5390625MB; mem (CPU total)=32005.64453125MB
INFO:root:[   51] Training loss: 0.36879306, Validation loss: 0.36398753, Gradient norm: 0.38417933
INFO:root:At the start of the epoch: mem (CPU python)=8640.5078125MB; mem (CPU total)=32067.79296875MB
INFO:root:[   52] Training loss: 0.36683047, Validation loss: 0.36452551, Gradient norm: 0.36796059
INFO:root:At the start of the epoch: mem (CPU python)=8662.52734375MB; mem (CPU total)=32128.40625MB
INFO:root:[   53] Training loss: 0.36596620, Validation loss: 0.36176022, Gradient norm: 0.37108903
INFO:root:At the start of the epoch: mem (CPU python)=8682.84765625MB; mem (CPU total)=32186.703125MB
INFO:root:[   54] Training loss: 0.36507570, Validation loss: 0.36265195, Gradient norm: 0.35448427
INFO:root:At the start of the epoch: mem (CPU python)=8704.46484375MB; mem (CPU total)=32248.98046875MB
INFO:root:[   55] Training loss: 0.36403411, Validation loss: 0.36526151, Gradient norm: 0.38308565
INFO:root:At the start of the epoch: mem (CPU python)=8725.65625MB; mem (CPU total)=32310.1484375MB
INFO:root:[   56] Training loss: 0.36360011, Validation loss: 0.36076690, Gradient norm: 0.38673423
INFO:root:At the start of the epoch: mem (CPU python)=8746.5625MB; mem (CPU total)=32368.33984375MB
INFO:root:[   57] Training loss: 0.36219089, Validation loss: 0.35926791, Gradient norm: 0.36633778
INFO:root:At the start of the epoch: mem (CPU python)=8769.37109375MB; mem (CPU total)=32431.5703125MB
INFO:root:[   58] Training loss: 0.36074006, Validation loss: 0.35971535, Gradient norm: 0.36719483
INFO:root:At the start of the epoch: mem (CPU python)=8791.6640625MB; mem (CPU total)=32494.94921875MB
INFO:root:[   59] Training loss: 0.36076749, Validation loss: 0.35692331, Gradient norm: 0.38555584
INFO:root:At the start of the epoch: mem (CPU python)=8812.1953125MB; mem (CPU total)=32552.51953125MB
INFO:root:[   60] Training loss: 0.35943544, Validation loss: 0.35605920, Gradient norm: 0.37950280
INFO:root:At the start of the epoch: mem (CPU python)=8832.13671875MB; mem (CPU total)=32612.734375MB
INFO:root:[   61] Training loss: 0.35831818, Validation loss: 0.35592270, Gradient norm: 0.36151287
INFO:root:At the start of the epoch: mem (CPU python)=8847.29296875MB; mem (CPU total)=32668.609375MB
INFO:root:[   62] Training loss: 0.35791727, Validation loss: 0.35449175, Gradient norm: 0.38523501
INFO:root:At the start of the epoch: mem (CPU python)=8868.45703125MB; mem (CPU total)=32731.359375MB
INFO:root:[   63] Training loss: 0.35713968, Validation loss: 0.35305872, Gradient norm: 0.37344614
INFO:root:At the start of the epoch: mem (CPU python)=8889.62109375MB; mem (CPU total)=32794.40625MB
INFO:root:[   64] Training loss: 0.35637870, Validation loss: 0.35433839, Gradient norm: 0.37606224
INFO:root:At the start of the epoch: mem (CPU python)=8910.78515625MB; mem (CPU total)=32857.38671875MB
INFO:root:[   65] Training loss: 0.35601936, Validation loss: 0.35608963, Gradient norm: 0.40355869
INFO:root:At the start of the epoch: mem (CPU python)=8931.94921875MB; mem (CPU total)=32917.1953125MB
INFO:root:[   66] Training loss: 0.35484743, Validation loss: 0.35079161, Gradient norm: 0.36247125
INFO:root:At the start of the epoch: mem (CPU python)=8953.11328125MB; mem (CPU total)=32977.2578125MB
INFO:root:[   67] Training loss: 0.35393231, Validation loss: 0.35099959, Gradient norm: 0.34746298
INFO:root:At the start of the epoch: mem (CPU python)=8974.2734375MB; mem (CPU total)=33037.8046875MB
INFO:root:[   68] Training loss: 0.35338395, Validation loss: 0.35078162, Gradient norm: 0.36501334
INFO:root:At the start of the epoch: mem (CPU python)=8995.44140625MB; mem (CPU total)=33100.359375MB
INFO:root:[   69] Training loss: 0.35269180, Validation loss: 0.34976877, Gradient norm: 0.38285688
INFO:root:At the start of the epoch: mem (CPU python)=9016.640625MB; mem (CPU total)=33162.66796875MB
INFO:root:[   70] Training loss: 0.35159353, Validation loss: 0.35040051, Gradient norm: 0.36243379
INFO:root:At the start of the epoch: mem (CPU python)=9038.14453125MB; mem (CPU total)=33223.46484375MB
INFO:root:[   71] Training loss: 0.35112432, Validation loss: 0.34857142, Gradient norm: 0.40540192
INFO:root:At the start of the epoch: mem (CPU python)=9059.3125MB; mem (CPU total)=33284.01953125MB
INFO:root:[   72] Training loss: 0.34996793, Validation loss: 0.34772885, Gradient norm: 0.37374662
INFO:root:At the start of the epoch: mem (CPU python)=9080.74609375MB; mem (CPU total)=33344.34765625MB
INFO:root:[   73] Training loss: 0.34909581, Validation loss: 0.34672084, Gradient norm: 0.37460081
INFO:root:At the start of the epoch: mem (CPU python)=9102.390625MB; mem (CPU total)=33407.8515625MB
INFO:root:[   74] Training loss: 0.34848019, Validation loss: 0.34790873, Gradient norm: 0.39821718
INFO:root:At the start of the epoch: mem (CPU python)=9123.55078125MB; mem (CPU total)=33471.359375MB
INFO:root:[   75] Training loss: 0.34698111, Validation loss: 0.34383913, Gradient norm: 0.35853338
INFO:root:At the start of the epoch: mem (CPU python)=9144.71875MB; mem (CPU total)=33534.0625MB
INFO:root:[   76] Training loss: 0.34613939, Validation loss: 0.34340574, Gradient norm: 0.38557194
INFO:root:At the start of the epoch: mem (CPU python)=9165.87890625MB; mem (CPU total)=33596.421875MB
INFO:root:[   77] Training loss: 0.34512163, Validation loss: 0.34263315, Gradient norm: 0.37843436
INFO:root:At the start of the epoch: mem (CPU python)=9187.04296875MB; mem (CPU total)=33656.04296875MB
INFO:root:[   78] Training loss: 0.34454372, Validation loss: 0.34126368, Gradient norm: 0.39253711
INFO:root:At the start of the epoch: mem (CPU python)=9208.20703125MB; mem (CPU total)=33717.01953125MB
INFO:root:[   79] Training loss: 0.34388511, Validation loss: 0.33989964, Gradient norm: 0.41412775
INFO:root:At the start of the epoch: mem (CPU python)=9229.375MB; mem (CPU total)=33779.28125MB
INFO:root:[   80] Training loss: 0.34219529, Validation loss: 0.34171320, Gradient norm: 0.37336841
INFO:root:At the start of the epoch: mem (CPU python)=9250.9140625MB; mem (CPU total)=33841.5078125MB
INFO:root:[   81] Training loss: 0.34149748, Validation loss: 0.33743778, Gradient norm: 0.41331562
INFO:root:At the start of the epoch: mem (CPU python)=9272.078125MB; mem (CPU total)=33903.02734375MB
INFO:root:[   82] Training loss: 0.34030359, Validation loss: 0.33875413, Gradient norm: 0.40618019
INFO:root:At the start of the epoch: mem (CPU python)=9293.2421875MB; mem (CPU total)=33965.4296875MB
INFO:root:[   83] Training loss: 0.33862386, Validation loss: 0.33660327, Gradient norm: 0.38349407
INFO:root:At the start of the epoch: mem (CPU python)=9314.41015625MB; mem (CPU total)=34028.18359375MB
INFO:root:[   84] Training loss: 0.33731031, Validation loss: 0.33670067, Gradient norm: 0.38506630
INFO:root:At the start of the epoch: mem (CPU python)=9335.57421875MB; mem (CPU total)=34088.2109375MB
INFO:root:[   85] Training loss: 0.33670496, Validation loss: 0.33311468, Gradient norm: 0.42222117
INFO:root:At the start of the epoch: mem (CPU python)=9356.734375MB; mem (CPU total)=34149.96484375MB
INFO:root:[   86] Training loss: 0.33466653, Validation loss: 0.33432423, Gradient norm: 0.39879396
INFO:root:At the start of the epoch: mem (CPU python)=9377.8984375MB; mem (CPU total)=34212.47265625MB
INFO:root:[   87] Training loss: 0.33316618, Validation loss: 0.33016892, Gradient norm: 0.38696417
INFO:root:At the start of the epoch: mem (CPU python)=9399.11328125MB; mem (CPU total)=34275.26953125MB
INFO:root:[   88] Training loss: 0.33237297, Validation loss: 0.33017915, Gradient norm: 0.42219577
INFO:root:At the start of the epoch: mem (CPU python)=9421.73828125MB; mem (CPU total)=34340.015625MB
INFO:root:[   89] Training loss: 0.33253792, Validation loss: 0.32718091, Gradient norm: 0.45057128
INFO:root:At the start of the epoch: mem (CPU python)=9443.64453125MB; mem (CPU total)=34401.7421875MB
INFO:root:[   90] Training loss: 0.32867208, Validation loss: 0.32725864, Gradient norm: 0.39358880
INFO:root:At the start of the epoch: mem (CPU python)=9464.80859375MB; mem (CPU total)=34460.8359375MB
INFO:root:[   91] Training loss: 0.32801210, Validation loss: 0.32519108, Gradient norm: 0.42388009
INFO:root:At the start of the epoch: mem (CPU python)=9485.97265625MB; mem (CPU total)=34522.12890625MB
INFO:root:[   92] Training loss: 0.32614831, Validation loss: 0.32392436, Gradient norm: 0.43257286
INFO:root:At the start of the epoch: mem (CPU python)=9507.13671875MB; mem (CPU total)=34583.8984375MB
INFO:root:[   93] Training loss: 0.32457014, Validation loss: 0.32090918, Gradient norm: 0.43252557
INFO:root:At the start of the epoch: mem (CPU python)=9528.30078125MB; mem (CPU total)=34644.078125MB
INFO:root:[   94] Training loss: 0.32360048, Validation loss: 0.31997952, Gradient norm: 0.44946026
INFO:root:At the start of the epoch: mem (CPU python)=9549.4609375MB; mem (CPU total)=34704.6484375MB
INFO:root:[   95] Training loss: 0.32123312, Validation loss: 0.32146028, Gradient norm: 0.43713345
INFO:root:At the start of the epoch: mem (CPU python)=9570.625MB; mem (CPU total)=34764.91015625MB
INFO:root:[   96] Training loss: 0.31944491, Validation loss: 0.31936566, Gradient norm: 0.43882557
INFO:root:At the start of the epoch: mem (CPU python)=9591.7890625MB; mem (CPU total)=34825.44921875MB
INFO:root:[   97] Training loss: 0.31890813, Validation loss: 0.31685414, Gradient norm: 0.46290723
INFO:root:At the start of the epoch: mem (CPU python)=9613.0703125MB; mem (CPU total)=34887.09375MB
INFO:root:[   98] Training loss: 0.31759091, Validation loss: 0.31849673, Gradient norm: 0.47646831
INFO:root:At the start of the epoch: mem (CPU python)=9635.46875MB; mem (CPU total)=34952.015625MB
INFO:root:[   99] Training loss: 0.31560141, Validation loss: 0.31246342, Gradient norm: 0.43181277
INFO:root:At the start of the epoch: mem (CPU python)=9656.63671875MB; mem (CPU total)=35015.75MB
INFO:root:[  100] Training loss: 0.31453375, Validation loss: 0.31250079, Gradient norm: 0.46172288
INFO:root:At the start of the epoch: mem (CPU python)=9677.9453125MB; mem (CPU total)=35079.2421875MB
INFO:root:[  101] Training loss: 0.31405824, Validation loss: 0.31368837, Gradient norm: 0.46924143
INFO:root:At the start of the epoch: mem (CPU python)=9699.11328125MB; mem (CPU total)=35144.45703125MB
INFO:root:[  102] Training loss: 0.31237027, Validation loss: 0.31096812, Gradient norm: 0.44697518
INFO:root:At the start of the epoch: mem (CPU python)=9720.27734375MB; mem (CPU total)=35207.703125MB
INFO:root:[  103] Training loss: 0.31218619, Validation loss: 0.31078278, Gradient norm: 0.47928486
INFO:root:At the start of the epoch: mem (CPU python)=9741.44140625MB; mem (CPU total)=35268.93359375MB
INFO:root:[  104] Training loss: 0.31068711, Validation loss: 0.30952579, Gradient norm: 0.45452220
INFO:root:At the start of the epoch: mem (CPU python)=9762.60546875MB; mem (CPU total)=35328.8046875MB
INFO:root:[  105] Training loss: 0.31043794, Validation loss: 0.30979813, Gradient norm: 0.46672171
INFO:root:At the start of the epoch: mem (CPU python)=9783.97265625MB; mem (CPU total)=35391.2890625MB
INFO:root:[  106] Training loss: 0.30987442, Validation loss: 0.30783629, Gradient norm: 0.49961714
INFO:root:At the start of the epoch: mem (CPU python)=9805.30859375MB; mem (CPU total)=35454.01953125MB
INFO:root:[  107] Training loss: 0.30913300, Validation loss: 0.30979075, Gradient norm: 0.49502634
INFO:root:At the start of the epoch: mem (CPU python)=9826.47265625MB; mem (CPU total)=35516.53515625MB
INFO:root:[  108] Training loss: 0.30750345, Validation loss: 0.30697175, Gradient norm: 0.43801882
INFO:root:At the start of the epoch: mem (CPU python)=9848.01171875MB; mem (CPU total)=35578.9609375MB
INFO:root:[  109] Training loss: 0.30724542, Validation loss: 0.30615608, Gradient norm: 0.47546323
INFO:root:At the start of the epoch: mem (CPU python)=9869.17578125MB; mem (CPU total)=35642.6328125MB
INFO:root:[  110] Training loss: 0.30688419, Validation loss: 0.30373823, Gradient norm: 0.48346819
INFO:root:At the start of the epoch: mem (CPU python)=9890.640625MB; mem (CPU total)=35705.37109375MB
INFO:root:[  111] Training loss: 0.30623985, Validation loss: 0.30404237, Gradient norm: 0.46943887
INFO:root:At the start of the epoch: mem (CPU python)=9912.55078125MB; mem (CPU total)=35769.515625MB
INFO:root:[  112] Training loss: 0.30506872, Validation loss: 0.30529385, Gradient norm: 0.47571393
INFO:root:At the start of the epoch: mem (CPU python)=9933.71484375MB; mem (CPU total)=35830.90625MB
INFO:root:[  113] Training loss: 0.30535406, Validation loss: 0.30269014, Gradient norm: 0.49985872
INFO:root:At the start of the epoch: mem (CPU python)=9955.328125MB; mem (CPU total)=35894.40625MB
INFO:root:[  114] Training loss: 0.30375854, Validation loss: 0.30243893, Gradient norm: 0.48910074
INFO:root:At the start of the epoch: mem (CPU python)=9976.4921875MB; mem (CPU total)=35955.9453125MB
INFO:root:[  115] Training loss: 0.30346570, Validation loss: 0.30269559, Gradient norm: 0.50199300
INFO:root:At the start of the epoch: mem (CPU python)=9997.65625MB; mem (CPU total)=36018.859375MB
INFO:root:[  116] Training loss: 0.30187630, Validation loss: 0.30287563, Gradient norm: 0.50042187
INFO:root:At the start of the epoch: mem (CPU python)=10018.8203125MB; mem (CPU total)=36081.875MB
INFO:root:[  117] Training loss: 0.30211234, Validation loss: 0.30186154, Gradient norm: 0.53934470
INFO:root:At the start of the epoch: mem (CPU python)=10040.1484375MB; mem (CPU total)=36145.59375MB
INFO:root:[  118] Training loss: 0.30107445, Validation loss: 0.30070151, Gradient norm: 0.49183370
INFO:root:At the start of the epoch: mem (CPU python)=10061.3125MB; mem (CPU total)=36210.1328125MB
INFO:root:[  119] Training loss: 0.30007647, Validation loss: 0.30109976, Gradient norm: 0.47147074
INFO:root:At the start of the epoch: mem (CPU python)=10082.69140625MB; mem (CPU total)=36274.01953125MB
INFO:root:[  120] Training loss: 0.29931165, Validation loss: 0.29980075, Gradient norm: 0.48146317
INFO:root:At the start of the epoch: mem (CPU python)=10103.85546875MB; mem (CPU total)=36336.78125MB
INFO:root:[  121] Training loss: 0.29975355, Validation loss: 0.29929249, Gradient norm: 0.50906577
INFO:root:At the start of the epoch: mem (CPU python)=10125.234375MB; mem (CPU total)=36395.82421875MB
INFO:root:[  122] Training loss: 0.29860776, Validation loss: 0.30135828, Gradient norm: 0.52271090
INFO:root:At the start of the epoch: mem (CPU python)=10146.55859375MB; mem (CPU total)=36457.1171875MB
INFO:root:[  123] Training loss: 0.29761843, Validation loss: 0.29964615, Gradient norm: 0.49104430
INFO:root:At the start of the epoch: mem (CPU python)=10167.92578125MB; mem (CPU total)=36518.1640625MB
INFO:root:[  124] Training loss: 0.29709226, Validation loss: 0.29855541, Gradient norm: 0.48603655
INFO:root:At the start of the epoch: mem (CPU python)=10189.08984375MB; mem (CPU total)=36582.65234375MB
INFO:root:[  125] Training loss: 0.29642567, Validation loss: 0.29627020, Gradient norm: 0.52631388
INFO:root:At the start of the epoch: mem (CPU python)=10210.92578125MB; mem (CPU total)=36642.95703125MB
INFO:root:[  126] Training loss: 0.29539431, Validation loss: 0.29579897, Gradient norm: 0.52279888
INFO:root:At the start of the epoch: mem (CPU python)=10232.68359375MB; mem (CPU total)=36707.91015625MB
INFO:root:[  127] Training loss: 0.29582583, Validation loss: 0.29563189, Gradient norm: 0.52044894
INFO:root:At the start of the epoch: mem (CPU python)=10253.97265625MB; mem (CPU total)=36769.69140625MB
INFO:root:[  128] Training loss: 0.29481469, Validation loss: 0.29625543, Gradient norm: 0.51796880
INFO:root:At the start of the epoch: mem (CPU python)=10275.421875MB; mem (CPU total)=36829.40234375MB
INFO:root:[  129] Training loss: 0.29431998, Validation loss: 0.29813477, Gradient norm: 0.52742094
INFO:root:At the start of the epoch: mem (CPU python)=10296.58984375MB; mem (CPU total)=36890.9375MB
INFO:root:[  130] Training loss: 0.29385979, Validation loss: 0.29591525, Gradient norm: 0.54949314
INFO:root:At the start of the epoch: mem (CPU python)=10317.75390625MB; mem (CPU total)=36952.94921875MB
INFO:root:[  131] Training loss: 0.29233892, Validation loss: 0.29414546, Gradient norm: 0.49464415
INFO:root:At the start of the epoch: mem (CPU python)=10338.921875MB; mem (CPU total)=37017.6875MB
INFO:root:[  132] Training loss: 0.29200956, Validation loss: 0.29732335, Gradient norm: 0.51799398
INFO:root:At the start of the epoch: mem (CPU python)=10360.2890625MB; mem (CPU total)=37081.93359375MB
INFO:root:[  133] Training loss: 0.29182455, Validation loss: 0.29319119, Gradient norm: 0.53876919
INFO:root:At the start of the epoch: mem (CPU python)=10381.45703125MB; mem (CPU total)=37146.75MB
INFO:root:[  134] Training loss: 0.29099336, Validation loss: 0.29367305, Gradient norm: 0.52617498
INFO:root:At the start of the epoch: mem (CPU python)=10403.1640625MB; mem (CPU total)=37211.86328125MB
INFO:root:[  135] Training loss: 0.29070356, Validation loss: 0.29422419, Gradient norm: 0.56420003
INFO:root:At the start of the epoch: mem (CPU python)=10424.375MB; mem (CPU total)=37274.33203125MB
INFO:root:[  136] Training loss: 0.28982220, Validation loss: 0.29381999, Gradient norm: 0.52420032
INFO:root:At the start of the epoch: mem (CPU python)=10445.6640625MB; mem (CPU total)=37333.46484375MB
INFO:root:[  137] Training loss: 0.29055954, Validation loss: 0.29289531, Gradient norm: 0.55879794
INFO:root:At the start of the epoch: mem (CPU python)=10467.03125MB; mem (CPU total)=37395.921875MB
INFO:root:[  138] Training loss: 0.28908847, Validation loss: 0.29396524, Gradient norm: 0.52031243
INFO:root:At the start of the epoch: mem (CPU python)=10488.1953125MB; mem (CPU total)=37459.94921875MB
INFO:root:[  139] Training loss: 0.28874674, Validation loss: 0.29293023, Gradient norm: 0.54337301
INFO:root:At the start of the epoch: mem (CPU python)=10509.36328125MB; mem (CPU total)=37519.0234375MB
INFO:root:[  140] Training loss: 0.28763830, Validation loss: 0.29250758, Gradient norm: 0.53329259
INFO:root:At the start of the epoch: mem (CPU python)=10530.65234375MB; mem (CPU total)=37584.796875MB
INFO:root:[  141] Training loss: 0.28795613, Validation loss: 0.29012051, Gradient norm: 0.56001206
INFO:root:At the start of the epoch: mem (CPU python)=10552.44140625MB; mem (CPU total)=37644.3671875MB
INFO:root:[  142] Training loss: 0.28724449, Validation loss: 0.29271609, Gradient norm: 0.52640043
INFO:root:At the start of the epoch: mem (CPU python)=10573.59765625MB; mem (CPU total)=37705.82421875MB
INFO:root:[  143] Training loss: 0.28767614, Validation loss: 0.29015332, Gradient norm: 0.53724946
INFO:root:At the start of the epoch: mem (CPU python)=10594.76171875MB; mem (CPU total)=37768.73828125MB
INFO:root:[  144] Training loss: 0.28589152, Validation loss: 0.29164542, Gradient norm: 0.51625643
INFO:root:At the start of the epoch: mem (CPU python)=10615.9296875MB; mem (CPU total)=37830.375MB
INFO:root:[  145] Training loss: 0.28600357, Validation loss: 0.29286070, Gradient norm: 0.55469606
INFO:root:At the start of the epoch: mem (CPU python)=10637.66015625MB; mem (CPU total)=37894.0859375MB
INFO:root:[  146] Training loss: 0.28553611, Validation loss: 0.29155575, Gradient norm: 0.57341284
INFO:root:At the start of the epoch: mem (CPU python)=10659.3828125MB; mem (CPU total)=37958.0859375MB
INFO:root:[  147] Training loss: 0.28621463, Validation loss: 0.29194579, Gradient norm: 0.54666960
INFO:root:At the start of the epoch: mem (CPU python)=10680.546875MB; mem (CPU total)=38021.4921875MB
INFO:root:Learning rate reduced to: 0.0025
INFO:root:[  148] Training loss: 0.28567296, Validation loss: 0.28910958, Gradient norm: 0.50214442
INFO:root:At the start of the epoch: mem (CPU python)=10702.0859375MB; mem (CPU total)=38085.546875MB
INFO:root:[  149] Training loss: 0.27705729, Validation loss: 0.28313087, Gradient norm: 0.23126554
INFO:root:At the start of the epoch: mem (CPU python)=10723.25390625MB; mem (CPU total)=38149.79296875MB
INFO:root:[  150] Training loss: 0.27620185, Validation loss: 0.28338911, Gradient norm: 0.26721995
INFO:root:At the start of the epoch: mem (CPU python)=10744.4140625MB; mem (CPU total)=38209.84765625MB
INFO:root:[  151] Training loss: 0.27605454, Validation loss: 0.28326326, Gradient norm: 0.31885490
INFO:root:At the start of the epoch: mem (CPU python)=10765.578125MB; mem (CPU total)=38271.875MB
INFO:root:[  152] Training loss: 0.27568204, Validation loss: 0.28322104, Gradient norm: 0.33620465
INFO:root:At the start of the epoch: mem (CPU python)=10786.7421875MB; mem (CPU total)=38335.13671875MB
INFO:root:[  153] Training loss: 0.27552059, Validation loss: 0.28320429, Gradient norm: 0.33901205
INFO:root:At the start of the epoch: mem (CPU python)=10807.90625MB; mem (CPU total)=38397.40625MB
INFO:root:[  154] Training loss: 0.27530209, Validation loss: 0.28444645, Gradient norm: 0.39155833
INFO:root:At the start of the epoch: mem (CPU python)=10829.0703125MB; mem (CPU total)=38458.94140625MB
INFO:root:[  155] Training loss: 0.27556749, Validation loss: 0.28238824, Gradient norm: 0.38428480
INFO:root:At the start of the epoch: mem (CPU python)=10850.23828125MB; mem (CPU total)=38519.7421875MB
INFO:root:[  156] Training loss: 0.27501305, Validation loss: 0.28184829, Gradient norm: 0.40757044
INFO:root:At the start of the epoch: mem (CPU python)=10871.40234375MB; mem (CPU total)=38581.03515625MB
INFO:root:[  157] Training loss: 0.27415213, Validation loss: 0.28288102, Gradient norm: 0.35674632
INFO:root:At the start of the epoch: mem (CPU python)=10892.56640625MB; mem (CPU total)=38642.08203125MB
INFO:root:[  158] Training loss: 0.27473428, Validation loss: 0.28194398, Gradient norm: 0.40721086
INFO:root:At the start of the epoch: mem (CPU python)=10913.73046875MB; mem (CPU total)=38704.359375MB
INFO:root:[  159] Training loss: 0.27519142, Validation loss: 0.28293505, Gradient norm: 0.42305833
INFO:root:At the start of the epoch: mem (CPU python)=10934.90234375MB; mem (CPU total)=38766.63671875MB
INFO:root:[  160] Training loss: 0.27459537, Validation loss: 0.28282937, Gradient norm: 0.40806817
INFO:root:At the start of the epoch: mem (CPU python)=10956.5234375MB; mem (CPU total)=38831.328125MB
INFO:root:[  161] Training loss: 0.27429335, Validation loss: 0.28364405, Gradient norm: 0.45402510
INFO:root:At the start of the epoch: mem (CPU python)=10977.6875MB; mem (CPU total)=38895.8203125MB
INFO:root:[  162] Training loss: 0.27383892, Validation loss: 0.28229922, Gradient norm: 0.40415951
INFO:root:At the start of the epoch: mem (CPU python)=10999.13671875MB; mem (CPU total)=38960.06640625MB
INFO:root:Learning rate reduced to: 0.00125
INFO:root:[  163] Training loss: 0.27389972, Validation loss: 0.28221033, Gradient norm: 0.36975467
INFO:root:At the start of the epoch: mem (CPU python)=11020.30078125MB; mem (CPU total)=39023.34375MB
INFO:root:Learning rate reduced to: 0.000625
INFO:root:[  164] Training loss: 0.26945169, Validation loss: 0.27927546, Gradient norm: 0.24588656
INFO:root:At the start of the epoch: mem (CPU python)=11041.97265625MB; mem (CPU total)=39084.8515625MB
INFO:root:[  165] Training loss: 0.26743201, Validation loss: 0.27798015, Gradient norm: 0.17822687
INFO:root:At the start of the epoch: mem (CPU python)=11064.4375MB; mem (CPU total)=39149.34375MB
INFO:root:[  166] Training loss: 0.26682819, Validation loss: 0.27777744, Gradient norm: 0.17898110
INFO:root:At the start of the epoch: mem (CPU python)=11086.05078125MB; mem (CPU total)=39210.84765625MB
INFO:root:[  167] Training loss: 0.26738128, Validation loss: 0.27755390, Gradient norm: 0.18042038
INFO:root:At the start of the epoch: mem (CPU python)=11107.21484375MB; mem (CPU total)=39271.7265625MB
INFO:root:[  168] Training loss: 0.26687248, Validation loss: 0.27836639, Gradient norm: 0.19352787
INFO:root:At the start of the epoch: mem (CPU python)=11128.37890625MB; mem (CPU total)=39333.5078125MB
INFO:root:[  169] Training loss: 0.26718162, Validation loss: 0.27847498, Gradient norm: 0.19322491
INFO:root:At the start of the epoch: mem (CPU python)=11149.54296875MB; mem (CPU total)=39395.2890625MB
INFO:root:[  170] Training loss: 0.26677441, Validation loss: 0.27793558, Gradient norm: 0.20570769
INFO:root:At the start of the epoch: mem (CPU python)=11170.703125MB; mem (CPU total)=39456.828125MB
INFO:root:[  171] Training loss: 0.26659899, Validation loss: 0.27756196, Gradient norm: 0.21488772
INFO:root:At the start of the epoch: mem (CPU python)=11191.8671875MB; mem (CPU total)=39519.10546875MB
INFO:root:[  172] Training loss: 0.26708326, Validation loss: 0.27898175, Gradient norm: 0.21093459
INFO:root:At the start of the epoch: mem (CPU python)=11213.03125MB; mem (CPU total)=39580.48046875MB
INFO:root:[  173] Training loss: 0.26730428, Validation loss: 0.27748791, Gradient norm: 0.23815959
INFO:root:At the start of the epoch: mem (CPU python)=11234.19921875MB; mem (CPU total)=39644.015625MB
INFO:root:[  174] Training loss: 0.26723324, Validation loss: 0.27777980, Gradient norm: 0.21938235
INFO:root:At the start of the epoch: mem (CPU python)=11255.36328125MB; mem (CPU total)=39707.80078125MB
INFO:root:[  175] Training loss: 0.26717737, Validation loss: 0.27817032, Gradient norm: 0.22228070
INFO:root:At the start of the epoch: mem (CPU python)=11276.52734375MB; mem (CPU total)=39772.21875MB
INFO:root:[  176] Training loss: 0.26676031, Validation loss: 0.27788505, Gradient norm: 0.21396289
INFO:root:At the start of the epoch: mem (CPU python)=11297.6875MB; mem (CPU total)=39835.7265625MB
INFO:root:[  177] Training loss: 0.26632805, Validation loss: 0.27858744, Gradient norm: 0.22358680
INFO:root:At the start of the epoch: mem (CPU python)=11318.85546875MB; mem (CPU total)=39895.01953125MB
INFO:root:[  178] Training loss: 0.26631373, Validation loss: 0.27826908, Gradient norm: 0.22853614
INFO:root:At the start of the epoch: mem (CPU python)=11340.03125MB; mem (CPU total)=39956.34375MB
INFO:root:[  179] Training loss: 0.26650795, Validation loss: 0.27761666, Gradient norm: 0.23358268
INFO:root:At the start of the epoch: mem (CPU python)=11361.203125MB; mem (CPU total)=40016.8671875MB
INFO:root:Learning rate reduced to: 0.0003125
INFO:root:[  180] Training loss: 0.26640668, Validation loss: 0.27905420, Gradient norm: 0.25478843
INFO:root:At the start of the epoch: mem (CPU python)=11382.375MB; mem (CPU total)=40082.734375MB
INFO:root:Learning rate reduced to: 0.00015625
INFO:root:[  181] Training loss: 0.26528765, Validation loss: 0.27669702, Gradient norm: 0.18597877
INFO:root:At the start of the epoch: mem (CPU python)=11403.54296875MB; mem (CPU total)=40142.640625MB
INFO:root:[  182] Training loss: 0.26424529, Validation loss: 0.27721741, Gradient norm: 0.13921417
INFO:root:At the start of the epoch: mem (CPU python)=11425.68359375MB; mem (CPU total)=40205.6171875MB
INFO:root:[  183] Training loss: 0.26534388, Validation loss: 0.27716138, Gradient norm: 0.14962236
INFO:root:At the start of the epoch: mem (CPU python)=11447.390625MB; mem (CPU total)=40267.67578125MB
INFO:root:[  184] Training loss: 0.26486178, Validation loss: 0.27740827, Gradient norm: 0.14855380
INFO:root:At the start of the epoch: mem (CPU python)=11468.56640625MB; mem (CPU total)=40330.72265625MB
INFO:root:[  185] Training loss: 0.26472452, Validation loss: 0.27715684, Gradient norm: 0.13820597
INFO:root:At the start of the epoch: mem (CPU python)=11489.7421875MB; mem (CPU total)=40393.73046875MB
INFO:root:[  186] Training loss: 0.26443629, Validation loss: 0.27688287, Gradient norm: 0.15150056
INFO:root:At the start of the epoch: mem (CPU python)=11510.9140625MB; mem (CPU total)=40456.5859375MB
INFO:root:[  187] Training loss: 0.26497054, Validation loss: 0.27676151, Gradient norm: 0.16128452
INFO:root:At the start of the epoch: mem (CPU python)=11532.6875MB; mem (CPU total)=40521.05859375MB
INFO:root:Learning rate reduced to: 7.8125e-05
INFO:root:[  188] Training loss: 0.26430776, Validation loss: 0.27642277, Gradient norm: 0.15255282
INFO:root:At the start of the epoch: mem (CPU python)=11554.3828125MB; mem (CPU total)=40584.3359375MB
INFO:root:[  189] Training loss: 0.26368254, Validation loss: 0.27616898, Gradient norm: 0.13128411
INFO:root:At the start of the epoch: mem (CPU python)=11575.55078125MB; mem (CPU total)=40647.3671875MB
INFO:root:[  190] Training loss: 0.26376864, Validation loss: 0.27665951, Gradient norm: 0.13149041
INFO:root:At the start of the epoch: mem (CPU python)=11596.71875MB; mem (CPU total)=40710.890625MB
INFO:root:[  191] Training loss: 0.26350997, Validation loss: 0.27650905, Gradient norm: 0.13044487
INFO:root:At the start of the epoch: mem (CPU python)=11617.8984375MB; mem (CPU total)=40775.48828125MB
INFO:root:[  192] Training loss: 0.26391143, Validation loss: 0.27635665, Gradient norm: 0.13042898
INFO:root:At the start of the epoch: mem (CPU python)=11640.0234375MB; mem (CPU total)=40841.5234375MB
INFO:root:[  193] Training loss: 0.26410338, Validation loss: 0.27646388, Gradient norm: 0.13752373
INFO:root:At the start of the epoch: mem (CPU python)=11661.23828125MB; mem (CPU total)=40886.25MB
INFO:root:[  194] Training loss: 0.26426186, Validation loss: 0.27668359, Gradient norm: 0.13812312
INFO:root:At the start of the epoch: mem (CPU python)=11682.40234375MB; mem (CPU total)=40942.11328125MB
INFO:root:[  195] Training loss: 0.26424650, Validation loss: 0.27654437, Gradient norm: 0.13158754
INFO:root:At the start of the epoch: mem (CPU python)=11703.58203125MB; mem (CPU total)=40996.25390625MB
INFO:root:[  196] Training loss: 0.26425275, Validation loss: 0.27637191, Gradient norm: 0.13743187
INFO:root:At the start of the epoch: mem (CPU python)=11724.75390625MB; mem (CPU total)=41054.30859375MB
INFO:root:[  197] Training loss: 0.26427520, Validation loss: 0.27621776, Gradient norm: 0.13544954
INFO:root:At the start of the epoch: mem (CPU python)=11745.92578125MB; mem (CPU total)=41107.2109375MB
INFO:root:[  198] Training loss: 0.26414532, Validation loss: 0.27656890, Gradient norm: 0.13920703
INFO:root:At the start of the epoch: mem (CPU python)=11767.46875MB; mem (CPU total)=41161.10546875MB
INFO:root:EP 198: Early stopping
INFO:root:Training for autoregressive step 2 starts now.
INFO:root:Learning rate reduced to: [3.90625e-05]
INFO:root:At the start of the epoch: mem (CPU python)=11788.640625MB; mem (CPU total)=41218.21875MB
INFO:root:[  200] Training loss: 0.33644696, Validation loss: 0.34042744, Gradient norm: 0.30056969
INFO:root:At the start of the epoch: mem (CPU python)=11805.59375MB; mem (CPU total)=41280.265625MB
INFO:root:[  201] Training loss: 0.33373475, Validation loss: 0.33981566, Gradient norm: 0.26907722
INFO:root:At the start of the epoch: mem (CPU python)=11818.08203125MB; mem (CPU total)=41361.015625MB
INFO:root:[  202] Training loss: 0.33368518, Validation loss: 0.33909559, Gradient norm: 0.24688994
INFO:root:At the start of the epoch: mem (CPU python)=11839.24609375MB; mem (CPU total)=41432.19921875MB
INFO:root:[  203] Training loss: 0.33362461, Validation loss: 0.33890739, Gradient norm: 0.25502747
INFO:root:At the start of the epoch: mem (CPU python)=11860.41015625MB; mem (CPU total)=41510.671875MB
INFO:root:[  204] Training loss: 0.33311829, Validation loss: 0.33836823, Gradient norm: 0.26844160
INFO:root:At the start of the epoch: mem (CPU python)=11881.57421875MB; mem (CPU total)=41581.85546875MB
INFO:root:[  205] Training loss: 0.33300328, Validation loss: 0.33884557, Gradient norm: 0.24978278
INFO:root:At the start of the epoch: mem (CPU python)=11902.73828125MB; mem (CPU total)=41659.25390625MB
INFO:root:[  206] Training loss: 0.33225260, Validation loss: 0.33823263, Gradient norm: 0.24382058
INFO:root:At the start of the epoch: mem (CPU python)=11923.91015625MB; mem (CPU total)=41732.26953125MB
INFO:root:[  207] Training loss: 0.33265682, Validation loss: 0.33832730, Gradient norm: 0.24796856
INFO:root:At the start of the epoch: mem (CPU python)=11945.0703125MB; mem (CPU total)=41808.27734375MB
INFO:root:[  208] Training loss: 0.33186302, Validation loss: 0.33799184, Gradient norm: 0.24194322
INFO:root:At the start of the epoch: mem (CPU python)=11966.234375MB; mem (CPU total)=41882.55859375MB
INFO:root:[  209] Training loss: 0.33072468, Validation loss: 0.33839597, Gradient norm: 0.22338342
INFO:root:At the start of the epoch: mem (CPU python)=11987.3984375MB; mem (CPU total)=41956.6796875MB
INFO:root:[  210] Training loss: 0.33179618, Validation loss: 0.33782135, Gradient norm: 0.24099054
INFO:root:At the start of the epoch: mem (CPU python)=12008.5625MB; mem (CPU total)=42034.4765625MB
INFO:root:[  211] Training loss: 0.33082253, Validation loss: 0.33774190, Gradient norm: 0.23814977
INFO:root:At the start of the epoch: mem (CPU python)=12029.73046875MB; mem (CPU total)=42105.86328125MB
INFO:root:[  212] Training loss: 0.33101812, Validation loss: 0.33754523, Gradient norm: 0.22506884
INFO:root:At the start of the epoch: mem (CPU python)=12050.890625MB; mem (CPU total)=42183.140625MB
INFO:root:[  213] Training loss: 0.33070431, Validation loss: 0.33727686, Gradient norm: 0.23108608
INFO:root:At the start of the epoch: mem (CPU python)=12072.0546875MB; mem (CPU total)=42252.53125MB
INFO:root:[  214] Training loss: 0.33079631, Validation loss: 0.33734230, Gradient norm: 0.23003279
INFO:root:At the start of the epoch: mem (CPU python)=12093.21875MB; mem (CPU total)=42332.25390625MB
INFO:root:[  215] Training loss: 0.33087011, Validation loss: 0.33712537, Gradient norm: 0.23629208
INFO:root:At the start of the epoch: mem (CPU python)=12114.3828125MB; mem (CPU total)=42399.953125MB
INFO:root:[  216] Training loss: 0.33068737, Validation loss: 0.33703248, Gradient norm: 0.23254323
INFO:root:At the start of the epoch: mem (CPU python)=12135.546875MB; mem (CPU total)=42477.0703125MB
INFO:root:[  217] Training loss: 0.33047359, Validation loss: 0.33707203, Gradient norm: 0.23098817
INFO:root:At the start of the epoch: mem (CPU python)=12156.70703125MB; mem (CPU total)=42548.02734375MB
INFO:root:[  218] Training loss: 0.33058111, Validation loss: 0.33669132, Gradient norm: 0.23143630
INFO:root:At the start of the epoch: mem (CPU python)=12177.875MB; mem (CPU total)=42624.77734375MB
INFO:root:[  219] Training loss: 0.33003761, Validation loss: 0.33662659, Gradient norm: 0.22641363
INFO:root:At the start of the epoch: mem (CPU python)=12199.0390625MB; mem (CPU total)=42698.90234375MB
INFO:root:[  220] Training loss: 0.33105597, Validation loss: 0.33700290, Gradient norm: 0.23905991
INFO:root:At the start of the epoch: mem (CPU python)=12220.203125MB; mem (CPU total)=42772.53125MB
INFO:root:[  221] Training loss: 0.33033578, Validation loss: 0.33720385, Gradient norm: 0.24011982
INFO:root:At the start of the epoch: mem (CPU python)=12241.3671875MB; mem (CPU total)=42849.3359375MB
INFO:root:[  222] Training loss: 0.33016487, Validation loss: 0.33672127, Gradient norm: 0.23168017
INFO:root:At the start of the epoch: mem (CPU python)=12262.53125MB; mem (CPU total)=42922.40234375MB
INFO:root:[  223] Training loss: 0.32965620, Validation loss: 0.33676032, Gradient norm: 0.23115406
INFO:root:At the start of the epoch: mem (CPU python)=12283.69921875MB; mem (CPU total)=43001.91015625MB
INFO:root:[  224] Training loss: 0.32988487, Validation loss: 0.33660262, Gradient norm: 0.22534899
INFO:root:At the start of the epoch: mem (CPU python)=12304.86328125MB; mem (CPU total)=43074.2890625MB
INFO:root:[  225] Training loss: 0.33015917, Validation loss: 0.33644841, Gradient norm: 0.23065221
INFO:root:At the start of the epoch: mem (CPU python)=12326.02734375MB; mem (CPU total)=43154.3203125MB
INFO:root:[  226] Training loss: 0.32964122, Validation loss: 0.33651944, Gradient norm: 0.21711005
INFO:root:At the start of the epoch: mem (CPU python)=12347.1875MB; mem (CPU total)=43222.20703125MB
INFO:root:[  227] Training loss: 0.32948860, Validation loss: 0.33672091, Gradient norm: 0.22137043
INFO:root:At the start of the epoch: mem (CPU python)=12368.34765625MB; mem (CPU total)=43292.4296875MB
INFO:root:[  228] Training loss: 0.32958127, Validation loss: 0.33663252, Gradient norm: 0.23375814
INFO:root:At the start of the epoch: mem (CPU python)=12389.51171875MB; mem (CPU total)=43355.25390625MB
INFO:root:[  229] Training loss: 0.32975856, Validation loss: 0.33656983, Gradient norm: 0.23947011
INFO:root:At the start of the epoch: mem (CPU python)=12410.67578125MB; mem (CPU total)=43402.06640625MB
INFO:root:[  230] Training loss: 0.32970427, Validation loss: 0.33616718, Gradient norm: 0.21949208
INFO:root:At the start of the epoch: mem (CPU python)=12431.84375MB; mem (CPU total)=43466.0625MB
INFO:root:[  231] Training loss: 0.32923780, Validation loss: 0.33638870, Gradient norm: 0.21553732
INFO:root:At the start of the epoch: mem (CPU python)=12453.0078125MB; mem (CPU total)=43530.27734375MB
INFO:root:[  232] Training loss: 0.32999530, Validation loss: 0.33638870, Gradient norm: 0.23009167
INFO:root:At the start of the epoch: mem (CPU python)=12474.171875MB; mem (CPU total)=43596.44140625MB
INFO:root:[  233] Training loss: 0.32948866, Validation loss: 0.33644879, Gradient norm: 0.22312493
INFO:root:At the start of the epoch: mem (CPU python)=12495.3359375MB; mem (CPU total)=43663.625MB
INFO:root:[  234] Training loss: 0.32953726, Validation loss: 0.33639137, Gradient norm: 0.22750651
INFO:root:At the start of the epoch: mem (CPU python)=12516.5MB; mem (CPU total)=43729.31640625MB
INFO:root:[  235] Training loss: 0.32932674, Validation loss: 0.33618433, Gradient norm: 0.21072354
INFO:root:At the start of the epoch: mem (CPU python)=12537.66796875MB; mem (CPU total)=43794.984375MB
INFO:root:[  236] Training loss: 0.32948624, Validation loss: 0.33611258, Gradient norm: 0.23357171
INFO:root:At the start of the epoch: mem (CPU python)=12558.828125MB; mem (CPU total)=43862.6640625MB
INFO:root:[  237] Training loss: 0.32945193, Validation loss: 0.33623008, Gradient norm: 0.23263609
INFO:root:At the start of the epoch: mem (CPU python)=12579.9921875MB; mem (CPU total)=43929.0859375MB
INFO:root:[  238] Training loss: 0.32901646, Validation loss: 0.33682735, Gradient norm: 0.21721357
INFO:root:At the start of the epoch: mem (CPU python)=12601.15625MB; mem (CPU total)=43996.26953125MB
INFO:root:[  239] Training loss: 0.32921435, Validation loss: 0.33624285, Gradient norm: 0.24079404
INFO:root:At the start of the epoch: mem (CPU python)=12622.3203125MB; mem (CPU total)=44065.17578125MB
INFO:root:[  240] Training loss: 0.32888982, Validation loss: 0.33625554, Gradient norm: 0.21977993
INFO:root:At the start of the epoch: mem (CPU python)=12643.48828125MB; mem (CPU total)=44130.09375MB
INFO:root:[  241] Training loss: 0.32928739, Validation loss: 0.33620560, Gradient norm: 0.22461085
INFO:root:At the start of the epoch: mem (CPU python)=12664.65234375MB; mem (CPU total)=44198.19921875MB
INFO:root:[  242] Training loss: 0.32944054, Validation loss: 0.33556939, Gradient norm: 0.22570896
INFO:root:At the start of the epoch: mem (CPU python)=12685.81640625MB; mem (CPU total)=44266.4453125MB
INFO:root:[  243] Training loss: 0.32873830, Validation loss: 0.33615587, Gradient norm: 0.22338376
INFO:root:At the start of the epoch: mem (CPU python)=12706.98046875MB; mem (CPU total)=44330.7734375MB
INFO:root:[  244] Training loss: 0.32873345, Validation loss: 0.33605885, Gradient norm: 0.21780934
INFO:root:At the start of the epoch: mem (CPU python)=12728.140625MB; mem (CPU total)=44396.0078125MB
INFO:root:[  245] Training loss: 0.32935454, Validation loss: 0.33559612, Gradient norm: 0.23806574
INFO:root:At the start of the epoch: mem (CPU python)=12749.30078125MB; mem (CPU total)=44460.71484375MB
INFO:root:[  246] Training loss: 0.32878971, Validation loss: 0.33561821, Gradient norm: 0.22132346
INFO:root:At the start of the epoch: mem (CPU python)=12770.46875MB; mem (CPU total)=44517.37890625MB
INFO:root:[  247] Training loss: 0.32881025, Validation loss: 0.33603001, Gradient norm: 0.24056039
INFO:root:At the start of the epoch: mem (CPU python)=12791.6328125MB; mem (CPU total)=44560.4140625MB
INFO:root:[  248] Training loss: 0.32934150, Validation loss: 0.33590489, Gradient norm: 0.23894593
INFO:root:At the start of the epoch: mem (CPU python)=12812.796875MB; mem (CPU total)=44603.6640625MB
INFO:root:[  249] Training loss: 0.32936814, Validation loss: 0.33573062, Gradient norm: 0.23258285
INFO:root:At the start of the epoch: mem (CPU python)=12833.96484375MB; mem (CPU total)=44646.46484375MB
INFO:root:[  250] Training loss: 0.32876625, Validation loss: 0.33589989, Gradient norm: 0.22963961
INFO:root:At the start of the epoch: mem (CPU python)=12855.12890625MB; mem (CPU total)=44688.83984375MB
INFO:root:[  251] Training loss: 0.32878141, Validation loss: 0.33539612, Gradient norm: 0.22423358
INFO:root:At the start of the epoch: mem (CPU python)=12876.296875MB; mem (CPU total)=44731.90625MB
INFO:root:[  252] Training loss: 0.32843206, Validation loss: 0.33570493, Gradient norm: 0.22842717
INFO:root:At the start of the epoch: mem (CPU python)=12897.45703125MB; mem (CPU total)=44776.359375MB
INFO:root:[  253] Training loss: 0.32910678, Validation loss: 0.33602415, Gradient norm: 0.22805158
INFO:root:At the start of the epoch: mem (CPU python)=12918.625MB; mem (CPU total)=44819.76171875MB
INFO:root:[  254] Training loss: 0.32827070, Validation loss: 0.33552504, Gradient norm: 0.23030798
INFO:root:At the start of the epoch: mem (CPU python)=12939.7890625MB; mem (CPU total)=44863.79296875MB
INFO:root:[  255] Training loss: 0.32898347, Validation loss: 0.33568967, Gradient norm: 0.22863055
INFO:root:At the start of the epoch: mem (CPU python)=12960.94921875MB; mem (CPU total)=44925.96875MB
INFO:root:[  256] Training loss: 0.32892309, Validation loss: 0.33538183, Gradient norm: 0.22822978
INFO:root:At the start of the epoch: mem (CPU python)=12982.1171875MB; mem (CPU total)=44997.6875MB
INFO:root:[  257] Training loss: 0.32849807, Validation loss: 0.33578066, Gradient norm: 0.21951009
INFO:root:At the start of the epoch: mem (CPU python)=13003.27734375MB; mem (CPU total)=45074.03125MB
INFO:root:[  258] Training loss: 0.32822946, Validation loss: 0.33562979, Gradient norm: 0.21659723
INFO:root:At the start of the epoch: mem (CPU python)=13024.4453125MB; mem (CPU total)=45148.62109375MB
INFO:root:[  259] Training loss: 0.32841300, Validation loss: 0.33590170, Gradient norm: 0.21985170
INFO:root:At the start of the epoch: mem (CPU python)=13045.609375MB; mem (CPU total)=45220.84375MB
INFO:root:[  260] Training loss: 0.32924222, Validation loss: 0.33564303, Gradient norm: 0.23268467
INFO:root:At the start of the epoch: mem (CPU python)=13066.7734375MB; mem (CPU total)=45297.96484375MB
INFO:root:[  261] Training loss: 0.32803285, Validation loss: 0.33581641, Gradient norm: 0.21845211
INFO:root:At the start of the epoch: mem (CPU python)=13087.93359375MB; mem (CPU total)=45370.83203125MB
INFO:root:[  262] Training loss: 0.32859358, Validation loss: 0.33558467, Gradient norm: 0.23667529
INFO:root:At the start of the epoch: mem (CPU python)=13109.09765625MB; mem (CPU total)=45450.59765625MB
INFO:root:[  263] Training loss: 0.32812709, Validation loss: 0.33539658, Gradient norm: 0.21466661
INFO:root:At the start of the epoch: mem (CPU python)=13130.265625MB; mem (CPU total)=45522.57421875MB
INFO:root:[  264] Training loss: 0.32816921, Validation loss: 0.33566073, Gradient norm: 0.21625713
INFO:root:At the start of the epoch: mem (CPU python)=13151.42578125MB; mem (CPU total)=45599.40625MB
INFO:root:[  265] Training loss: 0.32785726, Validation loss: 0.33537838, Gradient norm: 0.22498063
INFO:root:At the start of the epoch: mem (CPU python)=13172.6171875MB; mem (CPU total)=45672.71484375MB
INFO:root:[  266] Training loss: 0.32806293, Validation loss: 0.33553991, Gradient norm: 0.21724926
INFO:root:At the start of the epoch: mem (CPU python)=13193.78125MB; mem (CPU total)=45746.8125MB
INFO:root:[  267] Training loss: 0.32815514, Validation loss: 0.33517275, Gradient norm: 0.22653552
INFO:root:At the start of the epoch: mem (CPU python)=13214.9453125MB; mem (CPU total)=45825.1015625MB
INFO:root:[  268] Training loss: 0.32811342, Validation loss: 0.33549703, Gradient norm: 0.22465628
INFO:root:At the start of the epoch: mem (CPU python)=13236.109375MB; mem (CPU total)=45899.73828125MB
INFO:root:[  269] Training loss: 0.32836252, Validation loss: 0.33552760, Gradient norm: 0.22550474
INFO:root:At the start of the epoch: mem (CPU python)=13257.27734375MB; mem (CPU total)=45980.9296875MB
INFO:root:[  270] Training loss: 0.32748856, Validation loss: 0.33539173, Gradient norm: 0.21143545
INFO:root:At the start of the epoch: mem (CPU python)=13278.44140625MB; mem (CPU total)=46054.96875MB
INFO:root:[  271] Training loss: 0.32765226, Validation loss: 0.33514365, Gradient norm: 0.22343771
INFO:root:At the start of the epoch: mem (CPU python)=13299.60546875MB; mem (CPU total)=46129.70703125MB
INFO:root:[  272] Training loss: 0.32789520, Validation loss: 0.33538380, Gradient norm: 0.22528259
INFO:root:At the start of the epoch: mem (CPU python)=13320.76953125MB; mem (CPU total)=46212.296875MB
INFO:root:[  273] Training loss: 0.32793317, Validation loss: 0.33533692, Gradient norm: 0.21937088
INFO:root:At the start of the epoch: mem (CPU python)=13341.9296875MB; mem (CPU total)=46287.8125MB
INFO:root:[  274] Training loss: 0.32858405, Validation loss: 0.33556776, Gradient norm: 0.23221817
INFO:root:At the start of the epoch: mem (CPU python)=13363.09765625MB; mem (CPU total)=46365.29296875MB
INFO:root:[  275] Training loss: 0.32762824, Validation loss: 0.33527933, Gradient norm: 0.22844216
INFO:root:At the start of the epoch: mem (CPU python)=13384.26171875MB; mem (CPU total)=46446.46484375MB
INFO:root:[  276] Training loss: 0.32840080, Validation loss: 0.33539665, Gradient norm: 0.22713361
INFO:root:At the start of the epoch: mem (CPU python)=13405.42578125MB; mem (CPU total)=46524.2578125MB
INFO:root:[  277] Training loss: 0.32841489, Validation loss: 0.33521320, Gradient norm: 0.22879373
INFO:root:At the start of the epoch: mem (CPU python)=13426.58984375MB; mem (CPU total)=46604.234375MB
INFO:root:[  278] Training loss: 0.32787432, Validation loss: 0.33510704, Gradient norm: 0.21670112
INFO:root:At the start of the epoch: mem (CPU python)=13447.7578125MB; mem (CPU total)=46682.51171875MB
INFO:root:[  279] Training loss: 0.32764820, Validation loss: 0.33500625, Gradient norm: 0.22037985
INFO:root:At the start of the epoch: mem (CPU python)=13468.921875MB; mem (CPU total)=46757.32421875MB
INFO:root:[  280] Training loss: 0.32749917, Validation loss: 0.33490297, Gradient norm: 0.20572626
INFO:root:At the start of the epoch: mem (CPU python)=13490.08203125MB; mem (CPU total)=46835.85546875MB
INFO:root:[  281] Training loss: 0.32741987, Validation loss: 0.33506407, Gradient norm: 0.22620484
INFO:root:At the start of the epoch: mem (CPU python)=13511.24609375MB; mem (CPU total)=46910.5703125MB
INFO:root:[  282] Training loss: 0.32791907, Validation loss: 0.33528768, Gradient norm: 0.22484300
INFO:root:At the start of the epoch: mem (CPU python)=13532.41015625MB; mem (CPU total)=46984.171875MB
INFO:root:[  283] Training loss: 0.32836333, Validation loss: 0.33569747, Gradient norm: 0.24345110
INFO:root:At the start of the epoch: mem (CPU python)=13553.5703125MB; mem (CPU total)=47061.95703125MB
INFO:root:[  284] Training loss: 0.32802224, Validation loss: 0.33571939, Gradient norm: 0.22813200
INFO:root:At the start of the epoch: mem (CPU python)=13574.734375MB; mem (CPU total)=47135.25MB
INFO:root:[  285] Training loss: 0.32730791, Validation loss: 0.33501872, Gradient norm: 0.20837627
INFO:root:At the start of the epoch: mem (CPU python)=13595.90234375MB; mem (CPU total)=47217.84765625MB
INFO:root:[  286] Training loss: 0.32744307, Validation loss: 0.33494951, Gradient norm: 0.21642868
INFO:root:At the start of the epoch: mem (CPU python)=13617.06640625MB; mem (CPU total)=47289.23828125MB
INFO:root:[  287] Training loss: 0.32776838, Validation loss: 0.33542704, Gradient norm: 0.21823900
INFO:root:At the start of the epoch: mem (CPU python)=13638.234375MB; mem (CPU total)=47369.47265625MB
INFO:root:[  288] Training loss: 0.32817444, Validation loss: 0.33487428, Gradient norm: 0.22615225
INFO:root:At the start of the epoch: mem (CPU python)=13659.3984375MB; mem (CPU total)=47439.1640625MB
INFO:root:[  289] Training loss: 0.32735457, Validation loss: 0.33517588, Gradient norm: 0.23899829
INFO:root:At the start of the epoch: mem (CPU python)=13680.5625MB; mem (CPU total)=47515.953125MB
INFO:root:[  290] Training loss: 0.32725674, Validation loss: 0.33477360, Gradient norm: 0.22321789
INFO:root:At the start of the epoch: mem (CPU python)=13701.73046875MB; mem (CPU total)=47587.58984375MB
INFO:root:[  291] Training loss: 0.32692502, Validation loss: 0.33537321, Gradient norm: 0.21162831
INFO:root:At the start of the epoch: mem (CPU python)=13722.89453125MB; mem (CPU total)=47661.19921875MB
INFO:root:[  292] Training loss: 0.32819958, Validation loss: 0.33541077, Gradient norm: 0.23181657
INFO:root:At the start of the epoch: mem (CPU python)=13744.0546875MB; mem (CPU total)=47736.48046875MB
INFO:root:[  293] Training loss: 0.32728257, Validation loss: 0.33502018, Gradient norm: 0.21297138
INFO:root:At the start of the epoch: mem (CPU python)=13765.21875MB; mem (CPU total)=47807.6875MB
INFO:root:[  294] Training loss: 0.32721424, Validation loss: 0.33472555, Gradient norm: 0.21065734
INFO:root:At the start of the epoch: mem (CPU python)=13786.3828125MB; mem (CPU total)=47885.41796875MB
INFO:root:[  295] Training loss: 0.32771756, Validation loss: 0.33517941, Gradient norm: 0.23319301
INFO:root:At the start of the epoch: mem (CPU python)=13807.54296875MB; mem (CPU total)=47956.53125MB
INFO:root:[  296] Training loss: 0.32762347, Validation loss: 0.33515388, Gradient norm: 0.21853568
INFO:root:At the start of the epoch: mem (CPU python)=13828.70703125MB; mem (CPU total)=48033.3203125MB
INFO:root:[  297] Training loss: 0.32701947, Validation loss: 0.33493979, Gradient norm: 0.21876122
INFO:root:At the start of the epoch: mem (CPU python)=13849.875MB; mem (CPU total)=48104.00390625MB
INFO:root:[  298] Training loss: 0.32850775, Validation loss: 0.33519949, Gradient norm: 0.23512180
INFO:root:At the start of the epoch: mem (CPU python)=13871.0390625MB; mem (CPU total)=48182.04296875MB
INFO:root:[  299] Training loss: 0.32712450, Validation loss: 0.33485461, Gradient norm: 0.22116483
INFO:root:At the start of the epoch: mem (CPU python)=13892.203125MB; mem (CPU total)=48251.63671875MB
INFO:root:[  300] Training loss: 0.32761235, Validation loss: 0.33477311, Gradient norm: 0.23582608
INFO:root:At the start of the epoch: mem (CPU python)=13913.3671875MB; mem (CPU total)=48329.55859375MB
INFO:root:[  301] Training loss: 0.32710079, Validation loss: 0.33465700, Gradient norm: 0.20771507
INFO:root:At the start of the epoch: mem (CPU python)=13934.53515625MB; mem (CPU total)=48399.91015625MB
INFO:root:[  302] Training loss: 0.32698922, Validation loss: 0.33495598, Gradient norm: 0.23768319
INFO:root:At the start of the epoch: mem (CPU python)=13955.69140625MB; mem (CPU total)=48478.65234375MB
INFO:root:[  303] Training loss: 0.32724082, Validation loss: 0.33497662, Gradient norm: 0.22120713
INFO:root:At the start of the epoch: mem (CPU python)=13976.859375MB; mem (CPU total)=48550.45703125MB
INFO:root:[  304] Training loss: 0.32723376, Validation loss: 0.33543566, Gradient norm: 0.20920299
INFO:root:At the start of the epoch: mem (CPU python)=13998.0234375MB; mem (CPU total)=48626.28125MB
INFO:root:[  305] Training loss: 0.32697034, Validation loss: 0.33509001, Gradient norm: 0.21151834
INFO:root:At the start of the epoch: mem (CPU python)=14019.1875MB; mem (CPU total)=48702.08984375MB
INFO:root:[  306] Training loss: 0.32751485, Validation loss: 0.33500675, Gradient norm: 0.22377565
INFO:root:At the start of the epoch: mem (CPU python)=14040.3515625MB; mem (CPU total)=48775.1171875MB
INFO:root:[  307] Training loss: 0.32715470, Validation loss: 0.33477291, Gradient norm: 0.22424037
INFO:root:At the start of the epoch: mem (CPU python)=14061.515625MB; mem (CPU total)=48856.828125MB
INFO:root:[  308] Training loss: 0.32753709, Validation loss: 0.33487885, Gradient norm: 0.22426981
INFO:root:At the start of the epoch: mem (CPU python)=14082.68359375MB; mem (CPU total)=48929.95703125MB
INFO:root:[  309] Training loss: 0.32797574, Validation loss: 0.33496664, Gradient norm: 0.22862603
INFO:root:At the start of the epoch: mem (CPU python)=14103.84765625MB; mem (CPU total)=49009.4609375MB
INFO:root:[  310] Training loss: 0.32736918, Validation loss: 0.33472746, Gradient norm: 0.23198272
INFO:root:At the start of the epoch: mem (CPU python)=14125.01171875MB; mem (CPU total)=49085.78125MB
INFO:root:[  311] Training loss: 0.32680780, Validation loss: 0.33448058, Gradient norm: 0.21660804
INFO:root:At the start of the epoch: mem (CPU python)=14146.171875MB; mem (CPU total)=49151.93359375MB
INFO:root:[  312] Training loss: 0.32761935, Validation loss: 0.33481148, Gradient norm: 0.23486249
INFO:root:At the start of the epoch: mem (CPU python)=14167.328125MB; mem (CPU total)=49214.74609375MB
INFO:root:[  313] Training loss: 0.32708080, Validation loss: 0.33467535, Gradient norm: 0.23463969
INFO:root:At the start of the epoch: mem (CPU python)=14188.49609375MB; mem (CPU total)=49266.6953125MB
INFO:root:[  314] Training loss: 0.32725303, Validation loss: 0.33478094, Gradient norm: 0.20960350
INFO:root:At the start of the epoch: mem (CPU python)=14209.6640625MB; mem (CPU total)=49322.82421875MB
INFO:root:[  315] Training loss: 0.32702502, Validation loss: 0.33490419, Gradient norm: 0.21067485
INFO:root:At the start of the epoch: mem (CPU python)=14230.83203125MB; mem (CPU total)=49379.11328125MB
INFO:root:[  316] Training loss: 0.32648272, Validation loss: 0.33447965, Gradient norm: 0.21369704
INFO:root:At the start of the epoch: mem (CPU python)=14251.99609375MB; mem (CPU total)=49430.2734375MB
INFO:root:[  317] Training loss: 0.32649163, Validation loss: 0.33448388, Gradient norm: 0.22400734
INFO:root:At the start of the epoch: mem (CPU python)=14273.16015625MB; mem (CPU total)=49490.5MB
INFO:root:[  318] Training loss: 0.32724329, Validation loss: 0.33452191, Gradient norm: 0.22013418
INFO:root:At the start of the epoch: mem (CPU python)=14294.32421875MB; mem (CPU total)=49541.24609375MB
INFO:root:[  319] Training loss: 0.32712158, Validation loss: 0.33481262, Gradient norm: 0.22635220
INFO:root:At the start of the epoch: mem (CPU python)=14315.4921875MB; mem (CPU total)=31604.3359375MB
INFO:root:[  320] Training loss: 0.32700166, Validation loss: 0.33498310, Gradient norm: 0.21866245
INFO:root:At the start of the epoch: mem (CPU python)=14336.65234375MB; mem (CPU total)=32297.5546875MB
INFO:root:[  321] Training loss: 0.32660286, Validation loss: 0.33471677, Gradient norm: 0.21510429
INFO:root:At the start of the epoch: mem (CPU python)=14357.81640625MB; mem (CPU total)=32393.0234375MB
INFO:root:[  322] Training loss: 0.32664738, Validation loss: 0.33481498, Gradient norm: 0.21036113
INFO:root:At the start of the epoch: mem (CPU python)=14378.98046875MB; mem (CPU total)=32489.90625MB
INFO:root:[  323] Training loss: 0.32716525, Validation loss: 0.33505688, Gradient norm: 0.21388169
INFO:root:At the start of the epoch: mem (CPU python)=14400.14453125MB; mem (CPU total)=32592.23046875MB
INFO:root:[  324] Training loss: 0.32640136, Validation loss: 0.33515149, Gradient norm: 0.21724881
INFO:root:At the start of the epoch: mem (CPU python)=14421.3125MB; mem (CPU total)=32691.11328125MB
INFO:root:[  325] Training loss: 0.32738005, Validation loss: 0.33495515, Gradient norm: 0.22435883
INFO:root:At the start of the epoch: mem (CPU python)=14442.4765625MB; mem (CPU total)=32786.95703125MB
INFO:root:[  326] Training loss: 0.32669465, Validation loss: 0.33436614, Gradient norm: 0.21916052
INFO:root:At the start of the epoch: mem (CPU python)=14463.640625MB; mem (CPU total)=32885.9375MB
INFO:root:[  327] Training loss: 0.32697213, Validation loss: 0.33490201, Gradient norm: 0.22504370
INFO:root:At the start of the epoch: mem (CPU python)=14484.8046875MB; mem (CPU total)=32983.6484375MB
INFO:root:[  328] Training loss: 0.32755891, Validation loss: 0.33507747, Gradient norm: 0.22570115
INFO:root:At the start of the epoch: mem (CPU python)=14505.96875MB; mem (CPU total)=33038.546875MB
INFO:root:[  329] Training loss: 0.32679716, Validation loss: 0.33441116, Gradient norm: 0.22880379
INFO:root:At the start of the epoch: mem (CPU python)=14527.12890625MB; mem (CPU total)=33178.12890625MB
INFO:root:[  330] Training loss: 0.32693388, Validation loss: 0.33500519, Gradient norm: 0.21923245
INFO:root:At the start of the epoch: mem (CPU python)=14548.32421875MB; mem (CPU total)=33279.3671875MB
INFO:root:[  331] Training loss: 0.32621976, Validation loss: 0.33492948, Gradient norm: 0.22228133
INFO:root:At the start of the epoch: mem (CPU python)=14569.49609375MB; mem (CPU total)=33378.6171875MB
INFO:root:[  332] Training loss: 0.32679960, Validation loss: 0.33447567, Gradient norm: 0.23413918
INFO:root:At the start of the epoch: mem (CPU python)=14590.66015625MB; mem (CPU total)=33483.87890625MB
INFO:root:[  333] Training loss: 0.32718889, Validation loss: 0.33468968, Gradient norm: 0.22712325
INFO:root:At the start of the epoch: mem (CPU python)=14611.82421875MB; mem (CPU total)=33580.51953125MB
INFO:root:[  334] Training loss: 0.32662405, Validation loss: 0.33453276, Gradient norm: 0.21189636
INFO:root:At the start of the epoch: mem (CPU python)=14632.98828125MB; mem (CPU total)=33685.8984375MB
INFO:root:[  335] Training loss: 0.32692145, Validation loss: 0.33484517, Gradient norm: 0.22013324
INFO:root:At the start of the epoch: mem (CPU python)=14654.15234375MB; mem (CPU total)=33782.2109375MB
INFO:root:EP 335: Early stopping
INFO:root:After finishing all epochs: mem (CPU python)=14675.3203125MB; mem (CPU total)=33872.7890625MB
INFO:root:Training the model took 16531.602s.
INFO:root:Emptying the cuda cache took 0.015s.
INFO:root:Starting evaluation: model SFNO & uncertainty quantification laplace
INFO:root:Evaluating the model on Validation data.
INFO:root:MSEValidation: 0.40782
INFO:root:EnergyScoreValidation: 0.31992
INFO:root:CRPSValidation: 0.14427
INFO:root:Gaussian NLLValidation: 0.21694
INFO:root:CoverageValidation: 0.98044
INFO:root:IntervalWidthValidation: 1.61647
INFO:root:Evaluating the model on Test data.
INFO:root:MSETest: 0.31009
INFO:root:EnergyScoreTest: 0.22223
INFO:root:CRPSTest: 0.09869
INFO:root:Gaussian NLLTest: -0.2114
INFO:root:CoverageTest: 0.93493
INFO:root:IntervalWidthTest: 0.80221
INFO:root:After validation: mem (CPU python)=14768.09765625MB; mem (CPU total)=36371.8984375MB
INFO:root:###3 out of 3 training parameter combinations ###
INFO:root:Training parameters: {'seed': 123456, 'model': 'SFNO', 'uncertainty_quantification': 'laplace', 'batch_size': 32, 'n_epochs': 1000, 'early_stopping': 10, 'init': 'default', 'learning_rate': 0.005, 'lr_schedule': 'step', 'optimizer': 'adam', 'gradient_clipping': 1, 'layer_normalization': True, 'data_loader_pin_memory': False, 'data_loader_num_workers': 0, 'distributed_training': False, 'alpha': 0.05, 'n_samples_uq': 100, 'weight_decay': 0, 'dropout': 0.001, 'fourier_dropout': None, 'hidden_channels': 32, 'projection_channels': 256, 'lifting_channels': 256, 'n_modes': (32, 32), 'n_samples': 3}
INFO:root:After creating the dataloaders: mem (CPU python)=14768.09765625MB; mem (CPU total)=36286.35546875MB
INFO:root:NumberParameters: 284835
INFO:root:GPU memory allocated: 444596224
INFO:root:After setting up the model: mem (CPU python)=14768.09765625MB; mem (CPU total)=36316.296875MB
INFO:root:Training starts now.
INFO:root:At the start of the epoch: mem (CPU python)=14768.09765625MB; mem (CPU total)=36328.57421875MB
INFO:root:[    1] Training loss: 0.82384948, Validation loss: 0.73337856, Gradient norm: 0.52981081
INFO:root:At the start of the epoch: mem (CPU python)=14768.09765625MB; mem (CPU total)=36399.07421875MB
INFO:root:[    2] Training loss: 0.73376750, Validation loss: 0.73194480, Gradient norm: 0.32785281
INFO:root:At the start of the epoch: mem (CPU python)=14768.09765625MB; mem (CPU total)=36471.72265625MB
INFO:root:[    3] Training loss: 0.73021012, Validation loss: 0.72930646, Gradient norm: 0.22910463
INFO:root:At the start of the epoch: mem (CPU python)=14771.0625MB; mem (CPU total)=36543.4140625MB
INFO:root:[    4] Training loss: 0.70975403, Validation loss: 0.66367120, Gradient norm: 0.35182721
INFO:root:At the start of the epoch: mem (CPU python)=14792.34765625MB; mem (CPU total)=36616.2734375MB
INFO:root:[    5] Training loss: 0.63952178, Validation loss: 0.60409794, Gradient norm: 0.45425247
INFO:root:At the start of the epoch: mem (CPU python)=14813.5703125MB; mem (CPU total)=36688.36328125MB
INFO:root:[    6] Training loss: 0.57425373, Validation loss: 0.54983699, Gradient norm: 0.51789209
INFO:root:At the start of the epoch: mem (CPU python)=14834.73046875MB; mem (CPU total)=36759.92578125MB
INFO:root:[    7] Training loss: 0.54146548, Validation loss: 0.52914175, Gradient norm: 0.46088585
INFO:root:At the start of the epoch: mem (CPU python)=14856.14453125MB; mem (CPU total)=36831.83984375MB
INFO:root:[    8] Training loss: 0.52664077, Validation loss: 0.51740919, Gradient norm: 0.50396730
INFO:root:At the start of the epoch: mem (CPU python)=14877.77734375MB; mem (CPU total)=36904.6953125MB
INFO:root:[    9] Training loss: 0.51293076, Validation loss: 0.50488493, Gradient norm: 0.43409584
INFO:root:At the start of the epoch: mem (CPU python)=14899.1328125MB; mem (CPU total)=36974.10546875MB
INFO:root:[   10] Training loss: 0.50403208, Validation loss: 0.49643362, Gradient norm: 0.46578605
INFO:root:At the start of the epoch: mem (CPU python)=14920.515625MB; mem (CPU total)=37044.0078125MB
INFO:root:[   11] Training loss: 0.49660921, Validation loss: 0.49229284, Gradient norm: 0.45227402
INFO:root:At the start of the epoch: mem (CPU python)=14941.6796875MB; mem (CPU total)=37113.9140625MB
INFO:root:[   12] Training loss: 0.47879080, Validation loss: 0.46317385, Gradient norm: 0.48956883
INFO:root:At the start of the epoch: mem (CPU python)=14962.84375MB; mem (CPU total)=37184.2265625MB
INFO:root:[   13] Training loss: 0.46082220, Validation loss: 0.45909854, Gradient norm: 0.49458244
INFO:root:At the start of the epoch: mem (CPU python)=14984.0078125MB; mem (CPU total)=37254.6484375MB
INFO:root:[   14] Training loss: 0.45505383, Validation loss: 0.44711136, Gradient norm: 0.53025640
INFO:root:At the start of the epoch: mem (CPU python)=15005.17578125MB; mem (CPU total)=37325.80078125MB
INFO:root:[   15] Training loss: 0.44868925, Validation loss: 0.44247101, Gradient norm: 0.51370384
INFO:root:At the start of the epoch: mem (CPU python)=15026.34375MB; mem (CPU total)=37397.3671875MB
INFO:root:[   16] Training loss: 0.44294952, Validation loss: 0.43749543, Gradient norm: 0.49288584
INFO:root:At the start of the epoch: mem (CPU python)=15047.50390625MB; mem (CPU total)=37469.0MB
INFO:root:[   17] Training loss: 0.43665219, Validation loss: 0.43084134, Gradient norm: 0.49704156
INFO:root:At the start of the epoch: mem (CPU python)=15068.6640625MB; mem (CPU total)=37538.90234375MB
INFO:root:[   18] Training loss: 0.43034937, Validation loss: 0.42542427, Gradient norm: 0.50534545
INFO:root:At the start of the epoch: mem (CPU python)=15089.828125MB; mem (CPU total)=37610.80859375MB
INFO:root:[   19] Training loss: 0.42320757, Validation loss: 0.41524764, Gradient norm: 0.51769315
INFO:root:At the start of the epoch: mem (CPU python)=15110.9921875MB; mem (CPU total)=37680.68359375MB
INFO:root:[   20] Training loss: 0.41640498, Validation loss: 0.40916516, Gradient norm: 0.53019749
INFO:root:At the start of the epoch: mem (CPU python)=15132.15625MB; mem (CPU total)=37751.12109375MB
INFO:root:[   21] Training loss: 0.41141252, Validation loss: 0.40567363, Gradient norm: 0.50528344
INFO:root:At the start of the epoch: mem (CPU python)=15154.23828125MB; mem (CPU total)=37824.4296875MB
INFO:root:[   22] Training loss: 0.40824911, Validation loss: 0.40280344, Gradient norm: 0.50994723
INFO:root:At the start of the epoch: mem (CPU python)=15175.98828125MB; mem (CPU total)=37892.10546875MB
INFO:root:[   23] Training loss: 0.40463193, Validation loss: 0.39981889, Gradient norm: 0.49154741
INFO:root:At the start of the epoch: mem (CPU python)=15197.15234375MB; mem (CPU total)=37961.515625MB
INFO:root:[   24] Training loss: 0.40193248, Validation loss: 0.39918549, Gradient norm: 0.47612636
INFO:root:At the start of the epoch: mem (CPU python)=15218.31640625MB; mem (CPU total)=38034.33984375MB
INFO:root:[   25] Training loss: 0.40046958, Validation loss: 0.39444869, Gradient norm: 0.47662244
INFO:root:At the start of the epoch: mem (CPU python)=15239.4765625MB; mem (CPU total)=38104.6875MB
INFO:root:[   26] Training loss: 0.39886396, Validation loss: 0.39388877, Gradient norm: 0.47978239
INFO:root:At the start of the epoch: mem (CPU python)=15260.64453125MB; mem (CPU total)=38175.7890625MB
INFO:root:[   27] Training loss: 0.39685823, Validation loss: 0.39192947, Gradient norm: 0.48577952
INFO:root:At the start of the epoch: mem (CPU python)=15281.80859375MB; mem (CPU total)=38247.7109375MB
INFO:root:[   28] Training loss: 0.39487196, Validation loss: 0.38895054, Gradient norm: 0.42522222
INFO:root:At the start of the epoch: mem (CPU python)=15302.97265625MB; mem (CPU total)=38317.6171875MB
INFO:root:[   29] Training loss: 0.39389055, Validation loss: 0.38745604, Gradient norm: 0.46551283
INFO:root:At the start of the epoch: mem (CPU python)=15324.13671875MB; mem (CPU total)=38387.734375MB
INFO:root:[   30] Training loss: 0.39252795, Validation loss: 0.38741774, Gradient norm: 0.46993675
INFO:root:At the start of the epoch: mem (CPU python)=15345.3046875MB; mem (CPU total)=38456.640625MB
INFO:root:[   31] Training loss: 0.39054370, Validation loss: 0.38560076, Gradient norm: 0.43220978
INFO:root:At the start of the epoch: mem (CPU python)=15366.46875MB; mem (CPU total)=38524.53515625MB
INFO:root:[   32] Training loss: 0.38987252, Validation loss: 0.38520879, Gradient norm: 0.49355711
INFO:root:At the start of the epoch: mem (CPU python)=15387.6328125MB; mem (CPU total)=38593.671875MB
INFO:root:[   33] Training loss: 0.38786008, Validation loss: 0.38952495, Gradient norm: 0.44944181
INFO:root:At the start of the epoch: mem (CPU python)=15408.79296875MB; mem (CPU total)=38664.1015625MB
INFO:root:[   34] Training loss: 0.38637529, Validation loss: 0.38118297, Gradient norm: 0.45760787
INFO:root:At the start of the epoch: mem (CPU python)=15429.953125MB; mem (CPU total)=38730.19921875MB
INFO:root:[   35] Training loss: 0.38471638, Validation loss: 0.38080551, Gradient norm: 0.45928192
INFO:root:At the start of the epoch: mem (CPU python)=15451.1171875MB; mem (CPU total)=38799.8671875MB
INFO:root:[   36] Training loss: 0.38406674, Validation loss: 0.38134405, Gradient norm: 0.45030818
INFO:root:At the start of the epoch: mem (CPU python)=15472.28125MB; mem (CPU total)=38868.75390625MB
INFO:root:[   37] Training loss: 0.38206140, Validation loss: 0.37704288, Gradient norm: 0.43618824
INFO:root:At the start of the epoch: mem (CPU python)=15493.4453125MB; mem (CPU total)=38935.85546875MB
INFO:root:[   38] Training loss: 0.38143140, Validation loss: 0.37907522, Gradient norm: 0.48285021
INFO:root:At the start of the epoch: mem (CPU python)=15514.61328125MB; mem (CPU total)=39005.1953125MB
INFO:root:[   39] Training loss: 0.37981559, Validation loss: 0.37760184, Gradient norm: 0.44905177
INFO:root:At the start of the epoch: mem (CPU python)=15535.77734375MB; mem (CPU total)=39078.07421875MB
INFO:root:[   40] Training loss: 0.37864126, Validation loss: 0.37530622, Gradient norm: 0.45603553
INFO:root:At the start of the epoch: mem (CPU python)=15556.94140625MB; mem (CPU total)=39150.09375MB
INFO:root:[   41] Training loss: 0.37798376, Validation loss: 0.37510350, Gradient norm: 0.46843701
INFO:root:At the start of the epoch: mem (CPU python)=15578.10546875MB; mem (CPU total)=39199.06640625MB
INFO:root:[   42] Training loss: 0.37604058, Validation loss: 0.37367623, Gradient norm: 0.45950031
INFO:root:At the start of the epoch: mem (CPU python)=15599.2734375MB; mem (CPU total)=39261.99609375MB
INFO:root:[   43] Training loss: 0.37468314, Validation loss: 0.37145365, Gradient norm: 0.45922210
INFO:root:At the start of the epoch: mem (CPU python)=15620.4375MB; mem (CPU total)=39327.45703125MB
INFO:root:[   44] Training loss: 0.37437662, Validation loss: 0.36924219, Gradient norm: 0.48292915
INFO:root:At the start of the epoch: mem (CPU python)=15642.20703125MB; mem (CPU total)=39388.68359375MB
INFO:root:[   45] Training loss: 0.37222450, Validation loss: 0.37170417, Gradient norm: 0.45347734
INFO:root:At the start of the epoch: mem (CPU python)=15663.37109375MB; mem (CPU total)=39451.9140625MB
INFO:root:[   46] Training loss: 0.37101787, Validation loss: 0.36820775, Gradient norm: 0.45328930
INFO:root:At the start of the epoch: mem (CPU python)=15685.05078125MB; mem (CPU total)=39516.11328125MB
INFO:root:[   47] Training loss: 0.37047588, Validation loss: 0.36820872, Gradient norm: 0.46715305
INFO:root:At the start of the epoch: mem (CPU python)=15706.21484375MB; mem (CPU total)=39576.12890625MB
INFO:root:[   48] Training loss: 0.36940425, Validation loss: 0.36634635, Gradient norm: 0.48395354
INFO:root:At the start of the epoch: mem (CPU python)=15727.609375MB; mem (CPU total)=39640.859375MB
INFO:root:[   49] Training loss: 0.36775659, Validation loss: 0.36714901, Gradient norm: 0.45259200
INFO:root:At the start of the epoch: mem (CPU python)=15749.29296875MB; mem (CPU total)=39702.83203125MB
INFO:root:[   50] Training loss: 0.36752689, Validation loss: 0.36232967, Gradient norm: 0.49378170
INFO:root:At the start of the epoch: mem (CPU python)=15771.34765625MB; mem (CPU total)=39747.5MB
INFO:root:[   51] Training loss: 0.36608802, Validation loss: 0.36145807, Gradient norm: 0.47230269
INFO:root:At the start of the epoch: mem (CPU python)=15792.74609375MB; mem (CPU total)=39802.1328125MB
INFO:root:[   52] Training loss: 0.36521189, Validation loss: 0.36305948, Gradient norm: 0.47981396
INFO:root:At the start of the epoch: mem (CPU python)=15813.91015625MB; mem (CPU total)=39853.07421875MB
INFO:root:[   53] Training loss: 0.36354856, Validation loss: 0.35988438, Gradient norm: 0.45895165
INFO:root:At the start of the epoch: mem (CPU python)=15835.07421875MB; mem (CPU total)=39902.32421875MB
INFO:root:[   54] Training loss: 0.36358004, Validation loss: 0.35904915, Gradient norm: 0.50060626
INFO:root:At the start of the epoch: mem (CPU python)=15856.98828125MB; mem (CPU total)=39959.0859375MB
INFO:root:[   55] Training loss: 0.36050502, Validation loss: 0.35765528, Gradient norm: 0.45520279
INFO:root:At the start of the epoch: mem (CPU python)=15878.15234375MB; mem (CPU total)=40008.08984375MB
INFO:root:[   56] Training loss: 0.36004557, Validation loss: 0.35754360, Gradient norm: 0.47488172
INFO:root:At the start of the epoch: mem (CPU python)=15899.4375MB; mem (CPU total)=40058.4921875MB
INFO:root:[   57] Training loss: 0.35950193, Validation loss: 0.35715426, Gradient norm: 0.50242934
INFO:root:At the start of the epoch: mem (CPU python)=15920.859375MB; mem (CPU total)=40113.41796875MB
INFO:root:[   58] Training loss: 0.35818111, Validation loss: 0.35460954, Gradient norm: 0.46976520
INFO:root:At the start of the epoch: mem (CPU python)=15942.02734375MB; mem (CPU total)=40161.41796875MB
INFO:root:[   59] Training loss: 0.35733124, Validation loss: 0.35393312, Gradient norm: 0.47983968
INFO:root:At the start of the epoch: mem (CPU python)=15963.19140625MB; mem (CPU total)=40215.24609375MB
INFO:root:[   60] Training loss: 0.35596477, Validation loss: 0.35228542, Gradient norm: 0.48529446
INFO:root:At the start of the epoch: mem (CPU python)=15984.98828125MB; mem (CPU total)=40269.6328125MB
INFO:root:[   61] Training loss: 0.35556719, Validation loss: 0.35225500, Gradient norm: 0.47566761
INFO:root:At the start of the epoch: mem (CPU python)=16006.64453125MB; mem (CPU total)=40319.62109375MB
INFO:root:[   62] Training loss: 0.35546791, Validation loss: 0.35216066, Gradient norm: 0.50849259
INFO:root:At the start of the epoch: mem (CPU python)=16027.80859375MB; mem (CPU total)=40375.23046875MB
INFO:root:[   63] Training loss: 0.35408586, Validation loss: 0.35176706, Gradient norm: 0.48285926
INFO:root:At the start of the epoch: mem (CPU python)=16048.97265625MB; mem (CPU total)=40426.41796875MB
INFO:root:[   64] Training loss: 0.35324989, Validation loss: 0.34887606, Gradient norm: 0.48871134
INFO:root:At the start of the epoch: mem (CPU python)=16070.13671875MB; mem (CPU total)=40476.40625MB
INFO:root:[   65] Training loss: 0.35177935, Validation loss: 0.34897427, Gradient norm: 0.46697614
INFO:root:At the start of the epoch: mem (CPU python)=16091.30078125MB; mem (CPU total)=40533.25390625MB
INFO:root:[   66] Training loss: 0.35158554, Validation loss: 0.34722465, Gradient norm: 0.48095841
INFO:root:At the start of the epoch: mem (CPU python)=16112.46484375MB; mem (CPU total)=40583.94921875MB
INFO:root:[   67] Training loss: 0.35049194, Validation loss: 0.34864395, Gradient norm: 0.47331730
INFO:root:At the start of the epoch: mem (CPU python)=16133.625MB; mem (CPU total)=40634.890625MB
INFO:root:[   68] Training loss: 0.34978776, Validation loss: 0.34738497, Gradient norm: 0.48380512
INFO:root:At the start of the epoch: mem (CPU python)=16154.7890625MB; mem (CPU total)=40692.66015625MB
INFO:root:[   69] Training loss: 0.34904907, Validation loss: 0.34988678, Gradient norm: 0.49648952
INFO:root:At the start of the epoch: mem (CPU python)=16175.94921875MB; mem (CPU total)=40742.12109375MB
INFO:root:[   70] Training loss: 0.34792517, Validation loss: 0.34608627, Gradient norm: 0.49737562
INFO:root:At the start of the epoch: mem (CPU python)=16197.19921875MB; mem (CPU total)=40794.52734375MB
INFO:root:[   71] Training loss: 0.34683903, Validation loss: 0.34258585, Gradient norm: 0.51552689
INFO:root:At the start of the epoch: mem (CPU python)=16217.05078125MB; mem (CPU total)=40854.0390625MB
INFO:root:[   72] Training loss: 0.34568995, Validation loss: 0.34432384, Gradient norm: 0.50158844
INFO:root:At the start of the epoch: mem (CPU python)=16237.94921875MB; mem (CPU total)=40903.08984375MB
INFO:root:[   73] Training loss: 0.34429999, Validation loss: 0.34350128, Gradient norm: 0.52304036
INFO:root:At the start of the epoch: mem (CPU python)=16260.53515625MB; mem (CPU total)=40955.2734375MB
INFO:root:[   74] Training loss: 0.34291605, Validation loss: 0.34198184, Gradient norm: 0.51201560
INFO:root:At the start of the epoch: mem (CPU python)=16282.2109375MB; mem (CPU total)=41013.86328125MB
INFO:root:[   75] Training loss: 0.34178919, Validation loss: 0.33867497, Gradient norm: 0.50237318
INFO:root:At the start of the epoch: mem (CPU python)=16304.125MB; mem (CPU total)=41064.55859375MB
INFO:root:[   76] Training loss: 0.34144115, Validation loss: 0.33695353, Gradient norm: 0.53687818
INFO:root:At the start of the epoch: mem (CPU python)=16325.66015625MB; mem (CPU total)=41113.52734375MB
INFO:root:[   77] Training loss: 0.33961200, Validation loss: 0.33796816, Gradient norm: 0.53672004
INFO:root:At the start of the epoch: mem (CPU python)=16347.1484375MB; mem (CPU total)=41169.65234375MB
INFO:root:[   78] Training loss: 0.34015218, Validation loss: 0.33665686, Gradient norm: 0.55739556
INFO:root:At the start of the epoch: mem (CPU python)=16368.3125MB; mem (CPU total)=41220.63671875MB
INFO:root:[   79] Training loss: 0.33760610, Validation loss: 0.33281415, Gradient norm: 0.54191021
INFO:root:At the start of the epoch: mem (CPU python)=16389.4765625MB; mem (CPU total)=41271.8359375MB
INFO:root:[   80] Training loss: 0.33667798, Validation loss: 0.33565514, Gradient norm: 0.53596894
INFO:root:At the start of the epoch: mem (CPU python)=16410.640625MB; mem (CPU total)=41326.72265625MB
INFO:root:[   81] Training loss: 0.33668258, Validation loss: 0.33543200, Gradient norm: 0.58436149
INFO:root:At the start of the epoch: mem (CPU python)=16431.92578125MB; mem (CPU total)=41378.421875MB
INFO:root:[   82] Training loss: 0.33443731, Validation loss: 0.33329214, Gradient norm: 0.57457551
INFO:root:At the start of the epoch: mem (CPU python)=16453.34375MB; mem (CPU total)=41430.77734375MB
INFO:root:[   83] Training loss: 0.33411024, Validation loss: 0.33136433, Gradient norm: 0.58797642
INFO:root:At the start of the epoch: mem (CPU python)=16474.64453125MB; mem (CPU total)=41484.65625MB
INFO:root:[   84] Training loss: 0.33252739, Validation loss: 0.33013762, Gradient norm: 0.54869819
INFO:root:At the start of the epoch: mem (CPU python)=16496.0546875MB; mem (CPU total)=41535.15234375MB
INFO:root:[   85] Training loss: 0.33140548, Validation loss: 0.32755343, Gradient norm: 0.57008221
INFO:root:At the start of the epoch: mem (CPU python)=16517.21875MB; mem (CPU total)=41589.8046875MB
INFO:root:[   86] Training loss: 0.33072836, Validation loss: 0.32661378, Gradient norm: 0.58300223
INFO:root:At the start of the epoch: mem (CPU python)=16538.3828125MB; mem (CPU total)=41643.421875MB
INFO:root:[   87] Training loss: 0.32915056, Validation loss: 0.32364328, Gradient norm: 0.57630376
INFO:root:At the start of the epoch: mem (CPU python)=16559.546875MB; mem (CPU total)=41692.40234375MB
INFO:root:[   88] Training loss: 0.32856655, Validation loss: 0.32748217, Gradient norm: 0.60773920
INFO:root:At the start of the epoch: mem (CPU python)=16581.4609375MB; mem (CPU total)=41749.0546875MB
INFO:root:[   89] Training loss: 0.32807197, Validation loss: 0.32855526, Gradient norm: 0.58535334
INFO:root:At the start of the epoch: mem (CPU python)=16603.0MB; mem (CPU total)=41800.77734375MB
INFO:root:[   90] Training loss: 0.32685281, Validation loss: 0.32419182, Gradient norm: 0.60504218
INFO:root:At the start of the epoch: mem (CPU python)=16624.26171875MB; mem (CPU total)=41850.49609375MB
INFO:root:[   91] Training loss: 0.32580777, Validation loss: 0.32694536, Gradient norm: 0.61210068
INFO:root:At the start of the epoch: mem (CPU python)=16645.421875MB; mem (CPU total)=41908.7734375MB
INFO:root:[   92] Training loss: 0.32477759, Validation loss: 0.32419948, Gradient norm: 0.58351773
INFO:root:At the start of the epoch: mem (CPU python)=16666.8671875MB; mem (CPU total)=41956.2890625MB
INFO:root:[   93] Training loss: 0.32373432, Validation loss: 0.32065729, Gradient norm: 0.57795731
INFO:root:At the start of the epoch: mem (CPU python)=16688.03125MB; mem (CPU total)=42006.78515625MB
INFO:root:[   94] Training loss: 0.32299326, Validation loss: 0.32219925, Gradient norm: 0.58501619
INFO:root:At the start of the epoch: mem (CPU python)=16709.1953125MB; mem (CPU total)=42063.125MB
INFO:root:[   95] Training loss: 0.32251228, Validation loss: 0.31843941, Gradient norm: 0.57441196
INFO:root:At the start of the epoch: mem (CPU python)=16730.84375MB; mem (CPU total)=42114.17578125MB
INFO:root:[   96] Training loss: 0.32206775, Validation loss: 0.31893068, Gradient norm: 0.62060547
INFO:root:At the start of the epoch: mem (CPU python)=16752.6484375MB; mem (CPU total)=42165.40625MB
INFO:root:[   97] Training loss: 0.32067822, Validation loss: 0.31754584, Gradient norm: 0.57297497
INFO:root:At the start of the epoch: mem (CPU python)=16773.81640625MB; mem (CPU total)=42220.79296875MB
INFO:root:[   98] Training loss: 0.31987108, Validation loss: 0.31895665, Gradient norm: 0.60673614
INFO:root:At the start of the epoch: mem (CPU python)=16794.9765625MB; mem (CPU total)=42270.0078125MB
INFO:root:[   99] Training loss: 0.31911723, Validation loss: 0.31808378, Gradient norm: 0.59709127
INFO:root:At the start of the epoch: mem (CPU python)=16816.14453125MB; mem (CPU total)=42322.8046875MB
INFO:root:[  100] Training loss: 0.31879921, Validation loss: 0.32082298, Gradient norm: 0.62567124
INFO:root:At the start of the epoch: mem (CPU python)=16837.30078125MB; mem (CPU total)=42370.55859375MB
INFO:root:[  101] Training loss: 0.31720596, Validation loss: 0.31728838, Gradient norm: 0.55485192
INFO:root:At the start of the epoch: mem (CPU python)=16858.46875MB; mem (CPU total)=42404.53125MB
INFO:root:[  102] Training loss: 0.31838552, Validation loss: 0.31723850, Gradient norm: 0.63226250
INFO:root:At the start of the epoch: mem (CPU python)=16879.62890625MB; mem (CPU total)=42442.16796875MB
INFO:root:[  103] Training loss: 0.31619481, Validation loss: 0.31371985, Gradient norm: 0.61155941
INFO:root:At the start of the epoch: mem (CPU python)=16900.796875MB; mem (CPU total)=42477.37109375MB
INFO:root:[  104] Training loss: 0.31569135, Validation loss: 0.31322668, Gradient norm: 0.60999173
INFO:root:At the start of the epoch: mem (CPU python)=16921.9921875MB; mem (CPU total)=42511.375MB
INFO:root:[  105] Training loss: 0.31503963, Validation loss: 0.31581972, Gradient norm: 0.59177172
INFO:root:At the start of the epoch: mem (CPU python)=16943.65234375MB; mem (CPU total)=42551.2578125MB
INFO:root:[  106] Training loss: 0.31494758, Validation loss: 0.31461132, Gradient norm: 0.58688858
INFO:root:At the start of the epoch: mem (CPU python)=16964.81640625MB; mem (CPU total)=42584.03125MB
INFO:root:[  107] Training loss: 0.31449945, Validation loss: 0.31670306, Gradient norm: 0.61728094
INFO:root:At the start of the epoch: mem (CPU python)=16986.20703125MB; mem (CPU total)=42617.17578125MB
INFO:root:[  108] Training loss: 0.31339152, Validation loss: 0.31232997, Gradient norm: 0.60172155
INFO:root:At the start of the epoch: mem (CPU python)=17007.375MB; mem (CPU total)=42657.54296875MB
INFO:root:[  109] Training loss: 0.31328097, Validation loss: 0.31038291, Gradient norm: 0.62904339
INFO:root:At the start of the epoch: mem (CPU python)=17028.5390625MB; mem (CPU total)=42690.28515625MB
INFO:root:[  110] Training loss: 0.31270301, Validation loss: 0.31193347, Gradient norm: 0.62159687
INFO:root:At the start of the epoch: mem (CPU python)=17049.69921875MB; mem (CPU total)=42724.87109375MB
INFO:root:[  111] Training loss: 0.31173567, Validation loss: 0.31093485, Gradient norm: 0.59043427
INFO:root:At the start of the epoch: mem (CPU python)=17070.9296875MB; mem (CPU total)=42779.3984375MB
INFO:root:[  112] Training loss: 0.31178450, Validation loss: 0.31193670, Gradient norm: 0.61590839
INFO:root:At the start of the epoch: mem (CPU python)=17092.5859375MB; mem (CPU total)=42841.53515625MB
INFO:root:[  113] Training loss: 0.31055178, Validation loss: 0.31149346, Gradient norm: 0.58316937
INFO:root:At the start of the epoch: mem (CPU python)=17113.94140625MB; mem (CPU total)=42901.3984375MB
INFO:root:[  114] Training loss: 0.31059359, Validation loss: 0.31061783, Gradient norm: 0.64492805
INFO:root:At the start of the epoch: mem (CPU python)=17135.49609375MB; mem (CPU total)=42971.30859375MB
INFO:root:[  115] Training loss: 0.31042109, Validation loss: 0.30829355, Gradient norm: 0.60244719
INFO:root:At the start of the epoch: mem (CPU python)=17157.25MB; mem (CPU total)=43036.5703125MB
INFO:root:[  116] Training loss: 0.30901357, Validation loss: 0.30989844, Gradient norm: 0.61854061
INFO:root:At the start of the epoch: mem (CPU python)=17178.5625MB; mem (CPU total)=43096.1875MB
INFO:root:[  117] Training loss: 0.31049926, Validation loss: 0.30941190, Gradient norm: 0.66947244
INFO:root:At the start of the epoch: mem (CPU python)=17199.72265625MB; mem (CPU total)=43162.1953125MB
INFO:root:[  118] Training loss: 0.30826702, Validation loss: 0.31042948, Gradient norm: 0.61686295
INFO:root:At the start of the epoch: mem (CPU python)=17220.88671875MB; mem (CPU total)=43226.61328125MB
INFO:root:[  119] Training loss: 0.30844597, Validation loss: 0.30943532, Gradient norm: 0.60913496
INFO:root:At the start of the epoch: mem (CPU python)=17242.046875MB; mem (CPU total)=43287.0390625MB
INFO:root:[  120] Training loss: 0.30786158, Validation loss: 0.30996779, Gradient norm: 0.64379959
INFO:root:At the start of the epoch: mem (CPU python)=17263.21484375MB; mem (CPU total)=43355.9453125MB
INFO:root:[  121] Training loss: 0.30773366, Validation loss: 0.30854129, Gradient norm: 0.63041896
INFO:root:At the start of the epoch: mem (CPU python)=17284.37890625MB; mem (CPU total)=43417.88671875MB
INFO:root:Learning rate reduced to: 0.0025
INFO:root:[  122] Training loss: 0.30736212, Validation loss: 0.31025409, Gradient norm: 0.64247671
INFO:root:At the start of the epoch: mem (CPU python)=17305.54296875MB; mem (CPU total)=43480.31640625MB
INFO:root:Learning rate reduced to: 0.00125
INFO:root:[  123] Training loss: 0.29988113, Validation loss: 0.29973649, Gradient norm: 0.33726371
INFO:root:At the start of the epoch: mem (CPU python)=17326.70703125MB; mem (CPU total)=43530.79296875MB
INFO:root:[  124] Training loss: 0.29550218, Validation loss: 0.29748907, Gradient norm: 0.20725603
INFO:root:At the start of the epoch: mem (CPU python)=17347.87109375MB; mem (CPU total)=43579.765625MB
INFO:root:[  125] Training loss: 0.29449223, Validation loss: 0.29700085, Gradient norm: 0.22575189
INFO:root:At the start of the epoch: mem (CPU python)=17369.0390625MB; mem (CPU total)=43629.72265625MB
INFO:root:[  126] Training loss: 0.29405046, Validation loss: 0.29697305, Gradient norm: 0.22338351
INFO:root:At the start of the epoch: mem (CPU python)=17390.203125MB; mem (CPU total)=43680.328125MB
INFO:root:[  127] Training loss: 0.29459780, Validation loss: 0.29719970, Gradient norm: 0.24441121
INFO:root:At the start of the epoch: mem (CPU python)=17411.3671875MB; mem (CPU total)=43729.53125MB
INFO:root:[  128] Training loss: 0.29401934, Validation loss: 0.29696313, Gradient norm: 0.25477413
INFO:root:At the start of the epoch: mem (CPU python)=17432.53125MB; mem (CPU total)=43779.734375MB
INFO:root:[  129] Training loss: 0.29420345, Validation loss: 0.29628123, Gradient norm: 0.27710322
INFO:root:At the start of the epoch: mem (CPU python)=17453.69140625MB; mem (CPU total)=43831.1171875MB
INFO:root:[  130] Training loss: 0.29382952, Validation loss: 0.29665082, Gradient norm: 0.27554089
INFO:root:At the start of the epoch: mem (CPU python)=17474.85546875MB; mem (CPU total)=43880.57421875MB
INFO:root:[  131] Training loss: 0.29351538, Validation loss: 0.29646877, Gradient norm: 0.28415661
INFO:root:At the start of the epoch: mem (CPU python)=17496.4921875MB; mem (CPU total)=43933.8671875MB
INFO:root:[  132] Training loss: 0.29342552, Validation loss: 0.29530660, Gradient norm: 0.33022506
INFO:root:At the start of the epoch: mem (CPU python)=17518.3125MB; mem (CPU total)=43984.0859375MB
INFO:root:[  133] Training loss: 0.29310085, Validation loss: 0.29608799, Gradient norm: 0.29797763
INFO:root:At the start of the epoch: mem (CPU python)=17539.4765625MB; mem (CPU total)=44033.51171875MB
INFO:root:[  134] Training loss: 0.29374373, Validation loss: 0.29622350, Gradient norm: 0.34181724
INFO:root:At the start of the epoch: mem (CPU python)=17560.7265625MB; mem (CPU total)=44083.5234375MB
INFO:root:[  135] Training loss: 0.29310069, Validation loss: 0.29674663, Gradient norm: 0.32184127
INFO:root:At the start of the epoch: mem (CPU python)=17582.015625MB; mem (CPU total)=44133.73828125MB
INFO:root:[  136] Training loss: 0.29287792, Validation loss: 0.29688280, Gradient norm: 0.36894310
INFO:root:At the start of the epoch: mem (CPU python)=17603.33984375MB; mem (CPU total)=44182.546875MB
INFO:root:[  137] Training loss: 0.29284684, Validation loss: 0.29507308, Gradient norm: 0.31908603
INFO:root:At the start of the epoch: mem (CPU python)=17624.5078125MB; mem (CPU total)=27448.37890625MB
INFO:root:[  138] Training loss: 0.29247322, Validation loss: 0.29528171, Gradient norm: 0.35077358
INFO:root:At the start of the epoch: mem (CPU python)=17633.59375MB; mem (CPU total)=27517.32421875MB
INFO:root:[  139] Training loss: 0.29196534, Validation loss: 0.29524294, Gradient norm: 0.33540461
INFO:root:At the start of the epoch: mem (CPU python)=17655.21875MB; mem (CPU total)=27598.04296875MB
INFO:root:[  140] Training loss: 0.29243748, Validation loss: 0.29605826, Gradient norm: 0.41526316
INFO:root:At the start of the epoch: mem (CPU python)=17676.3828125MB; mem (CPU total)=27675.0703125MB
INFO:root:[  141] Training loss: 0.29202188, Validation loss: 0.29620795, Gradient norm: 0.37301898
INFO:root:At the start of the epoch: mem (CPU python)=17697.55078125MB; mem (CPU total)=27759.85546875MB
INFO:root:[  142] Training loss: 0.29168537, Validation loss: 0.29608368, Gradient norm: 0.36483264
INFO:root:At the start of the epoch: mem (CPU python)=17718.71875MB; mem (CPU total)=27845.48046875MB
INFO:root:[  143] Training loss: 0.29190821, Validation loss: 0.29519832, Gradient norm: 0.37889100
INFO:root:At the start of the epoch: mem (CPU python)=17739.8828125MB; mem (CPU total)=27922.4453125MB
INFO:root:Learning rate reduced to: 0.000625
INFO:root:[  144] Training loss: 0.29114857, Validation loss: 0.29428121, Gradient norm: 0.36195162
INFO:root:At the start of the epoch: mem (CPU python)=17761.046875MB; mem (CPU total)=28004.22265625MB
INFO:root:[  145] Training loss: 0.28878316, Validation loss: 0.29293977, Gradient norm: 0.22122070
INFO:root:At the start of the epoch: mem (CPU python)=17782.2109375MB; mem (CPU total)=28083.8515625MB
INFO:root:[  146] Training loss: 0.28885501, Validation loss: 0.29326558, Gradient norm: 0.27996555
INFO:root:At the start of the epoch: mem (CPU python)=17803.375MB; mem (CPU total)=28164.51171875MB
INFO:root:[  147] Training loss: 0.28854710, Validation loss: 0.29233697, Gradient norm: 0.25321372
INFO:root:At the start of the epoch: mem (CPU python)=17824.5390625MB; mem (CPU total)=28244.1875MB
INFO:root:[  148] Training loss: 0.28852441, Validation loss: 0.29280299, Gradient norm: 0.25025305
INFO:root:At the start of the epoch: mem (CPU python)=17845.69921875MB; mem (CPU total)=28326.62890625MB
INFO:root:[  149] Training loss: 0.28838979, Validation loss: 0.29296431, Gradient norm: 0.25439541
INFO:root:At the start of the epoch: mem (CPU python)=17866.8671875MB; mem (CPU total)=28405.40625MB
INFO:root:[  150] Training loss: 0.28820538, Validation loss: 0.29308248, Gradient norm: 0.28221331
INFO:root:At the start of the epoch: mem (CPU python)=17888.03125MB; mem (CPU total)=28488.52734375MB
INFO:root:[  151] Training loss: 0.28731672, Validation loss: 0.29264427, Gradient norm: 0.25743766
INFO:root:At the start of the epoch: mem (CPU python)=17909.19140625MB; mem (CPU total)=28566.421875MB
INFO:root:[  152] Training loss: 0.28823923, Validation loss: 0.29282639, Gradient norm: 0.29373306
INFO:root:At the start of the epoch: mem (CPU python)=17930.35546875MB; mem (CPU total)=28648.07421875MB
INFO:root:[  153] Training loss: 0.28798822, Validation loss: 0.29217415, Gradient norm: 0.28723134
INFO:root:At the start of the epoch: mem (CPU python)=17951.5234375MB; mem (CPU total)=28731.48046875MB
INFO:root:[  154] Training loss: 0.28761691, Validation loss: 0.29318736, Gradient norm: 0.30496319
INFO:root:At the start of the epoch: mem (CPU python)=17972.6875MB; mem (CPU total)=28811.921875MB
INFO:root:[  155] Training loss: 0.28754156, Validation loss: 0.29240765, Gradient norm: 0.26231620
INFO:root:At the start of the epoch: mem (CPU python)=17993.8515625MB; mem (CPU total)=28891.88671875MB
INFO:root:[  156] Training loss: 0.28776279, Validation loss: 0.29222694, Gradient norm: 0.30561865
INFO:root:At the start of the epoch: mem (CPU python)=18015.015625MB; mem (CPU total)=28969.91015625MB
INFO:root:[  157] Training loss: 0.28813913, Validation loss: 0.29386863, Gradient norm: 0.27812858
INFO:root:At the start of the epoch: mem (CPU python)=18036.17578125MB; mem (CPU total)=29052.59765625MB
INFO:root:[  158] Training loss: 0.28736458, Validation loss: 0.29269479, Gradient norm: 0.29488395
INFO:root:At the start of the epoch: mem (CPU python)=18057.4375MB; mem (CPU total)=29135.3125MB
INFO:root:[  159] Training loss: 0.28719961, Validation loss: 0.29155329, Gradient norm: 0.32456207
INFO:root:At the start of the epoch: mem (CPU python)=18078.60546875MB; mem (CPU total)=29214.3203125MB
INFO:root:[  160] Training loss: 0.28730929, Validation loss: 0.29183424, Gradient norm: 0.29867354
INFO:root:At the start of the epoch: mem (CPU python)=18099.9609375MB; mem (CPU total)=29294.23046875MB
INFO:root:[  161] Training loss: 0.28786645, Validation loss: 0.29173388, Gradient norm: 0.28730622
INFO:root:At the start of the epoch: mem (CPU python)=18121.12890625MB; mem (CPU total)=29378.734375MB
INFO:root:[  162] Training loss: 0.28649653, Validation loss: 0.29241667, Gradient norm: 0.31005786
INFO:root:At the start of the epoch: mem (CPU python)=18142.66796875MB; mem (CPU total)=29456.46875MB
INFO:root:[  163] Training loss: 0.28734197, Validation loss: 0.29205539, Gradient norm: 0.33441221
INFO:root:At the start of the epoch: mem (CPU python)=18164.31640625MB; mem (CPU total)=29540.4140625MB
INFO:root:[  164] Training loss: 0.28742285, Validation loss: 0.29272535, Gradient norm: 0.28964215
INFO:root:At the start of the epoch: mem (CPU python)=18186.015625MB; mem (CPU total)=29623.30078125MB
INFO:root:[  165] Training loss: 0.28724629, Validation loss: 0.29188509, Gradient norm: 0.31658454
INFO:root:At the start of the epoch: mem (CPU python)=18207.76171875MB; mem (CPU total)=29703.55859375MB
INFO:root:Learning rate reduced to: 0.0003125
INFO:root:[  166] Training loss: 0.28622215, Validation loss: 0.29245761, Gradient norm: 0.30097904
INFO:root:At the start of the epoch: mem (CPU python)=18229.484375MB; mem (CPU total)=29786.0078125MB
INFO:root:Learning rate reduced to: 0.00015625
INFO:root:[  167] Training loss: 0.28551293, Validation loss: 0.29037220, Gradient norm: 0.23427560
INFO:root:At the start of the epoch: mem (CPU python)=18250.6484375MB; mem (CPU total)=29866.7265625MB
INFO:root:[  168] Training loss: 0.28440645, Validation loss: 0.29049872, Gradient norm: 0.16258209
INFO:root:At the start of the epoch: mem (CPU python)=18272.2734375MB; mem (CPU total)=29946.41015625MB
INFO:root:[  169] Training loss: 0.28434409, Validation loss: 0.29024173, Gradient norm: 0.16532028
INFO:root:At the start of the epoch: mem (CPU python)=18292.5MB; mem (CPU total)=30024.19140625MB
INFO:root:[  170] Training loss: 0.28445237, Validation loss: 0.29008037, Gradient norm: 0.18195845
INFO:root:At the start of the epoch: mem (CPU python)=18313.5390625MB; mem (CPU total)=30105.53125MB
INFO:root:[  171] Training loss: 0.28471137, Validation loss: 0.28995289, Gradient norm: 0.18573592
INFO:root:At the start of the epoch: mem (CPU python)=18335.01953125MB; mem (CPU total)=30185.7578125MB
INFO:root:[  172] Training loss: 0.28494965, Validation loss: 0.29004668, Gradient norm: 0.17888820
INFO:root:At the start of the epoch: mem (CPU python)=18356.1796875MB; mem (CPU total)=30266.19921875MB
INFO:root:[  173] Training loss: 0.28431056, Validation loss: 0.29022840, Gradient norm: 0.17339823
INFO:root:At the start of the epoch: mem (CPU python)=18377.34765625MB; mem (CPU total)=30348.390625MB
INFO:root:[  174] Training loss: 0.28399698, Validation loss: 0.28992080, Gradient norm: 0.19732475
INFO:root:At the start of the epoch: mem (CPU python)=18398.51171875MB; mem (CPU total)=30429.34765625MB
INFO:root:[  175] Training loss: 0.28426388, Validation loss: 0.29024567, Gradient norm: 0.18966703
INFO:root:At the start of the epoch: mem (CPU python)=18419.67578125MB; mem (CPU total)=30507.8359375MB
INFO:root:[  176] Training loss: 0.28444709, Validation loss: 0.29048576, Gradient norm: 0.19006915
INFO:root:At the start of the epoch: mem (CPU python)=18440.94140625MB; mem (CPU total)=30588.703125MB
INFO:root:[  177] Training loss: 0.28421369, Validation loss: 0.28999084, Gradient norm: 0.19371353
INFO:root:At the start of the epoch: mem (CPU python)=18462.375MB; mem (CPU total)=30671.38671875MB
INFO:root:[  178] Training loss: 0.28389383, Validation loss: 0.29044027, Gradient norm: 0.18860123
INFO:root:At the start of the epoch: mem (CPU python)=18483.54296875MB; mem (CPU total)=30748.890625MB
INFO:root:[  179] Training loss: 0.28429008, Validation loss: 0.28949893, Gradient norm: 0.19189286
INFO:root:At the start of the epoch: mem (CPU python)=18503.83203125MB; mem (CPU total)=30830.7890625MB
INFO:root:[  180] Training loss: 0.28449632, Validation loss: 0.29012785, Gradient norm: 0.21012792
INFO:root:At the start of the epoch: mem (CPU python)=18525.87109375MB; mem (CPU total)=30910.80078125MB
INFO:root:[  181] Training loss: 0.28415785, Validation loss: 0.28994647, Gradient norm: 0.20316843
INFO:root:At the start of the epoch: mem (CPU python)=18547.1640625MB; mem (CPU total)=30991.046875MB
INFO:root:[  182] Training loss: 0.28445670, Validation loss: 0.29011440, Gradient norm: 0.19952192
INFO:root:At the start of the epoch: mem (CPU python)=18568.57421875MB; mem (CPU total)=31074.01953125MB
INFO:root:[  183] Training loss: 0.28411129, Validation loss: 0.29036808, Gradient norm: 0.17832201
INFO:root:At the start of the epoch: mem (CPU python)=18589.7421875MB; mem (CPU total)=31154.953125MB
INFO:root:[  184] Training loss: 0.28469695, Validation loss: 0.28971372, Gradient norm: 0.20737057
INFO:root:At the start of the epoch: mem (CPU python)=18612.22265625MB; mem (CPU total)=31237.72265625MB
INFO:root:[  185] Training loss: 0.28364411, Validation loss: 0.29012753, Gradient norm: 0.20059117
INFO:root:At the start of the epoch: mem (CPU python)=18631.60546875MB; mem (CPU total)=31314.2109375MB
INFO:root:Learning rate reduced to: 7.8125e-05
INFO:root:[  186] Training loss: 0.28434469, Validation loss: 0.28995217, Gradient norm: 0.20442895
INFO:root:At the start of the epoch: mem (CPU python)=18652.15234375MB; mem (CPU total)=31394.93359375MB
INFO:root:[  187] Training loss: 0.28348595, Validation loss: 0.29041959, Gradient norm: 0.16361634
INFO:root:At the start of the epoch: mem (CPU python)=18675.79296875MB; mem (CPU total)=31479.81640625MB
INFO:root:[  188] Training loss: 0.28361572, Validation loss: 0.28995060, Gradient norm: 0.15772816
INFO:root:At the start of the epoch: mem (CPU python)=18695.453125MB; mem (CPU total)=31554.671875MB
INFO:root:EP 188: Early stopping
INFO:root:Training for autoregressive step 2 starts now.
INFO:root:Learning rate reduced to: [3.90625e-05]
INFO:root:At the start of the epoch: mem (CPU python)=18719.1484375MB; mem (CPU total)=31637.0625MB
INFO:root:[  190] Training loss: 0.35681495, Validation loss: 0.35687396, Gradient norm: 0.32556899
INFO:root:At the start of the epoch: mem (CPU python)=18736.390625MB; mem (CPU total)=31738.8515625MB
INFO:root:[  191] Training loss: 0.35522023, Validation loss: 0.35635901, Gradient norm: 0.32307054
INFO:root:At the start of the epoch: mem (CPU python)=18757.5546875MB; mem (CPU total)=31849.3359375MB
INFO:root:[  192] Training loss: 0.35441544, Validation loss: 0.35596310, Gradient norm: 0.32730176
INFO:root:At the start of the epoch: mem (CPU python)=18778.72265625MB; mem (CPU total)=31958.00390625MB
INFO:root:[  193] Training loss: 0.35439481, Validation loss: 0.35598754, Gradient norm: 0.29335381
INFO:root:At the start of the epoch: mem (CPU python)=18799.8828125MB; mem (CPU total)=32071.34375MB
INFO:root:[  194] Training loss: 0.35430391, Validation loss: 0.35552347, Gradient norm: 0.32905516
INFO:root:At the start of the epoch: mem (CPU python)=18821.05078125MB; mem (CPU total)=32175.90625MB
INFO:root:[  195] Training loss: 0.35383542, Validation loss: 0.35544989, Gradient norm: 0.27043677
INFO:root:At the start of the epoch: mem (CPU python)=18842.2109375MB; mem (CPU total)=32288.31640625MB
INFO:root:[  196] Training loss: 0.35286573, Validation loss: 0.35485095, Gradient norm: 0.27764103
INFO:root:At the start of the epoch: mem (CPU python)=18863.375MB; mem (CPU total)=32395.62890625MB
INFO:root:[  197] Training loss: 0.35286139, Validation loss: 0.35469699, Gradient norm: 0.27432362
INFO:root:At the start of the epoch: mem (CPU python)=18884.5390625MB; mem (CPU total)=32507.1328125MB
INFO:root:[  198] Training loss: 0.35290656, Validation loss: 0.35479071, Gradient norm: 0.30269780
INFO:root:At the start of the epoch: mem (CPU python)=18905.703125MB; mem (CPU total)=32620.125MB
INFO:root:[  199] Training loss: 0.35268507, Validation loss: 0.35454064, Gradient norm: 0.27834276
INFO:root:At the start of the epoch: mem (CPU python)=18926.87109375MB; mem (CPU total)=32730.09765625MB
INFO:root:[  200] Training loss: 0.35286865, Validation loss: 0.35500646, Gradient norm: 0.28644259
INFO:root:At the start of the epoch: mem (CPU python)=18948.03125MB; mem (CPU total)=32839.58984375MB
INFO:root:[  201] Training loss: 0.35257867, Validation loss: 0.35407710, Gradient norm: 0.27606123
INFO:root:At the start of the epoch: mem (CPU python)=18969.19921875MB; mem (CPU total)=32948.375MB
INFO:root:[  202] Training loss: 0.35268829, Validation loss: 0.35410186, Gradient norm: 0.30844341
INFO:root:At the start of the epoch: mem (CPU python)=18990.359375MB; mem (CPU total)=33058.91796875MB
INFO:root:[  203] Training loss: 0.35247327, Validation loss: 0.35390147, Gradient norm: 0.26835959
INFO:root:At the start of the epoch: mem (CPU python)=19011.52734375MB; mem (CPU total)=33168.0546875MB
INFO:root:[  204] Training loss: 0.35223117, Validation loss: 0.35360264, Gradient norm: 0.25584935
INFO:root:At the start of the epoch: mem (CPU python)=19032.68359375MB; mem (CPU total)=33274.96875MB
INFO:root:[  205] Training loss: 0.35174342, Validation loss: 0.35338263, Gradient norm: 0.26793787
INFO:root:At the start of the epoch: mem (CPU python)=19053.8515625MB; mem (CPU total)=33382.0234375MB
INFO:root:[  206] Training loss: 0.35226871, Validation loss: 0.35407801, Gradient norm: 0.28127262
INFO:root:At the start of the epoch: mem (CPU python)=19075.015625MB; mem (CPU total)=33490.32421875MB
INFO:root:[  207] Training loss: 0.35152479, Validation loss: 0.35369817, Gradient norm: 0.26893159
INFO:root:At the start of the epoch: mem (CPU python)=19096.1796875MB; mem (CPU total)=33596.91796875MB
INFO:root:[  208] Training loss: 0.35297382, Validation loss: 0.35364772, Gradient norm: 0.27964714
INFO:root:At the start of the epoch: mem (CPU python)=19117.34375MB; mem (CPU total)=33708.65234375MB
INFO:root:[  209] Training loss: 0.35256572, Validation loss: 0.35338494, Gradient norm: 0.27992234
INFO:root:At the start of the epoch: mem (CPU python)=19138.5078125MB; mem (CPU total)=33818.4296875MB
INFO:root:[  210] Training loss: 0.35164668, Validation loss: 0.35347155, Gradient norm: 0.29411386
INFO:root:At the start of the epoch: mem (CPU python)=19159.671875MB; mem (CPU total)=33928.171875MB
INFO:root:[  211] Training loss: 0.35193826, Validation loss: 0.35353623, Gradient norm: 0.27622115
INFO:root:At the start of the epoch: mem (CPU python)=19180.83984375MB; mem (CPU total)=34038.1796875MB
INFO:root:[  212] Training loss: 0.35103241, Validation loss: 0.35312667, Gradient norm: 0.26970193
INFO:root:At the start of the epoch: mem (CPU python)=19202.00390625MB; mem (CPU total)=34147.3359375MB
INFO:root:[  213] Training loss: 0.35201664, Validation loss: 0.35337794, Gradient norm: 0.26817372
INFO:root:At the start of the epoch: mem (CPU python)=19223.1640625MB; mem (CPU total)=34254.8671875MB
INFO:root:[  214] Training loss: 0.35144188, Validation loss: 0.35315486, Gradient norm: 0.26805688
INFO:root:At the start of the epoch: mem (CPU python)=19244.328125MB; mem (CPU total)=34364.1484375MB
INFO:root:[  215] Training loss: 0.35177136, Validation loss: 0.35338676, Gradient norm: 0.27902265
INFO:root:At the start of the epoch: mem (CPU python)=19265.4921875MB; mem (CPU total)=34473.33984375MB
INFO:root:[  216] Training loss: 0.35100136, Validation loss: 0.35299701, Gradient norm: 0.25931480
INFO:root:At the start of the epoch: mem (CPU python)=19286.66015625MB; mem (CPU total)=34582.98828125MB
INFO:root:[  217] Training loss: 0.35158794, Validation loss: 0.35324133, Gradient norm: 0.27132436
INFO:root:At the start of the epoch: mem (CPU python)=19307.82421875MB; mem (CPU total)=34692.78125MB
INFO:root:[  218] Training loss: 0.35141082, Validation loss: 0.35296006, Gradient norm: 0.27768625
INFO:root:At the start of the epoch: mem (CPU python)=19328.98828125MB; mem (CPU total)=34802.50390625MB
INFO:root:[  219] Training loss: 0.35140023, Validation loss: 0.35284995, Gradient norm: 0.25682706
INFO:root:At the start of the epoch: mem (CPU python)=19350.15234375MB; mem (CPU total)=34909.265625MB
INFO:root:[  220] Training loss: 0.35093393, Validation loss: 0.35292507, Gradient norm: 0.26285605
INFO:root:At the start of the epoch: mem (CPU python)=19371.3125MB; mem (CPU total)=35015.8046875MB
INFO:root:[  221] Training loss: 0.35199095, Validation loss: 0.35327701, Gradient norm: 0.28111141
INFO:root:At the start of the epoch: mem (CPU python)=19392.4765625MB; mem (CPU total)=35122.3203125MB
INFO:root:[  222] Training loss: 0.35144793, Validation loss: 0.35315132, Gradient norm: 0.26797417
INFO:root:At the start of the epoch: mem (CPU python)=19413.64453125MB; mem (CPU total)=35230.5MB
INFO:root:[  223] Training loss: 0.35089061, Validation loss: 0.35285881, Gradient norm: 0.26627520
INFO:root:At the start of the epoch: mem (CPU python)=19434.8046875MB; mem (CPU total)=35337.01953125MB
INFO:root:[  224] Training loss: 0.35104359, Validation loss: 0.35327260, Gradient norm: 0.26718977
INFO:root:At the start of the epoch: mem (CPU python)=19455.96875MB; mem (CPU total)=35445.82421875MB
INFO:root:[  225] Training loss: 0.35074488, Validation loss: 0.35268968, Gradient norm: 0.26190323
INFO:root:At the start of the epoch: mem (CPU python)=19477.13671875MB; mem (CPU total)=35552.40625MB
INFO:root:[  226] Training loss: 0.35106288, Validation loss: 0.35274738, Gradient norm: 0.31296479
INFO:root:At the start of the epoch: mem (CPU python)=19498.296875MB; mem (CPU total)=35658.1953125MB
INFO:root:[  227] Training loss: 0.35111063, Validation loss: 0.35295892, Gradient norm: 0.27492240
INFO:root:At the start of the epoch: mem (CPU python)=19519.46484375MB; mem (CPU total)=35763.99609375MB
INFO:root:[  228] Training loss: 0.35019322, Validation loss: 0.35258721, Gradient norm: 0.25480728
INFO:root:At the start of the epoch: mem (CPU python)=19540.6328125MB; mem (CPU total)=35872.21875MB
INFO:root:[  229] Training loss: 0.35042108, Validation loss: 0.35250225, Gradient norm: 0.26280886
INFO:root:At the start of the epoch: mem (CPU python)=19561.796875MB; mem (CPU total)=35980.49609375MB
INFO:root:[  230] Training loss: 0.35040373, Validation loss: 0.35243873, Gradient norm: 0.28359415
INFO:root:At the start of the epoch: mem (CPU python)=19582.9609375MB; mem (CPU total)=36090.41796875MB
INFO:root:[  231] Training loss: 0.35081301, Validation loss: 0.35306639, Gradient norm: 0.27587220
INFO:root:At the start of the epoch: mem (CPU python)=19604.125MB; mem (CPU total)=36201.87890625MB
INFO:root:[  232] Training loss: 0.35106062, Validation loss: 0.35268149, Gradient norm: 0.28138951
INFO:root:At the start of the epoch: mem (CPU python)=19625.28515625MB; mem (CPU total)=36305.0078125MB
INFO:root:[  233] Training loss: 0.35104815, Validation loss: 0.35297351, Gradient norm: 0.28169457
INFO:root:At the start of the epoch: mem (CPU python)=19646.44921875MB; mem (CPU total)=36410.53515625MB
INFO:root:[  234] Training loss: 0.35134529, Validation loss: 0.35270317, Gradient norm: 0.26098525
INFO:root:At the start of the epoch: mem (CPU python)=19667.6171875MB; mem (CPU total)=36518.03125MB
INFO:root:[  235] Training loss: 0.35042511, Validation loss: 0.35243350, Gradient norm: 0.28742583
INFO:root:At the start of the epoch: mem (CPU python)=19688.78125MB; mem (CPU total)=36626.265625MB
INFO:root:[  236] Training loss: 0.35095368, Validation loss: 0.35249346, Gradient norm: 0.28948237
INFO:root:At the start of the epoch: mem (CPU python)=19709.94140625MB; mem (CPU total)=36732.40234375MB
INFO:root:[  237] Training loss: 0.35061459, Validation loss: 0.35246190, Gradient norm: 0.28699919
INFO:root:At the start of the epoch: mem (CPU python)=19731.10546875MB; mem (CPU total)=36837.97265625MB
INFO:root:[  238] Training loss: 0.35057336, Validation loss: 0.35243476, Gradient norm: 0.28148542
INFO:root:At the start of the epoch: mem (CPU python)=19752.2734375MB; mem (CPU total)=36943.52734375MB
INFO:root:[  239] Training loss: 0.35029557, Validation loss: 0.35219569, Gradient norm: 0.24536151
INFO:root:At the start of the epoch: mem (CPU python)=19773.4375MB; mem (CPU total)=37053.71484375MB
INFO:root:[  240] Training loss: 0.35092884, Validation loss: 0.35223970, Gradient norm: 0.26285107
INFO:root:At the start of the epoch: mem (CPU python)=19794.6015625MB; mem (CPU total)=37163.671875MB
INFO:root:[  241] Training loss: 0.35051774, Validation loss: 0.35216694, Gradient norm: 0.25576196
INFO:root:At the start of the epoch: mem (CPU python)=19815.765625MB; mem (CPU total)=37271.73828125MB
INFO:root:[  242] Training loss: 0.35049580, Validation loss: 0.35250878, Gradient norm: 0.28098180
INFO:root:At the start of the epoch: mem (CPU python)=19836.92578125MB; mem (CPU total)=37357.3984375MB
INFO:root:[  243] Training loss: 0.35001492, Validation loss: 0.35257431, Gradient norm: 0.26700081
INFO:root:At the start of the epoch: mem (CPU python)=19858.08984375MB; mem (CPU total)=37450.60546875MB
INFO:root:[  244] Training loss: 0.35018981, Validation loss: 0.35218338, Gradient norm: 0.25926636
INFO:root:At the start of the epoch: mem (CPU python)=19879.25390625MB; mem (CPU total)=37545.53125MB
INFO:root:[  245] Training loss: 0.35081442, Validation loss: 0.35227904, Gradient norm: 0.26900619
INFO:root:At the start of the epoch: mem (CPU python)=19900.421875MB; mem (CPU total)=37616.2734375MB
INFO:root:[  246] Training loss: 0.35005331, Validation loss: 0.35189694, Gradient norm: 0.26272386
INFO:root:At the start of the epoch: mem (CPU python)=19921.5859375MB; mem (CPU total)=37693.140625MB
INFO:root:[  247] Training loss: 0.34927555, Validation loss: 0.35207481, Gradient norm: 0.25513361
INFO:root:At the start of the epoch: mem (CPU python)=19942.75MB; mem (CPU total)=37768.2578125MB
INFO:root:[  248] Training loss: 0.35043932, Validation loss: 0.35221384, Gradient norm: 0.26633748
INFO:root:At the start of the epoch: mem (CPU python)=19963.9140625MB; mem (CPU total)=37844.99609375MB
INFO:root:[  249] Training loss: 0.35057629, Validation loss: 0.35283549, Gradient norm: 0.27567390
INFO:root:At the start of the epoch: mem (CPU python)=19985.078125MB; mem (CPU total)=37920.46875MB
INFO:root:[  250] Training loss: 0.35040744, Validation loss: 0.35210483, Gradient norm: 0.27165954
INFO:root:At the start of the epoch: mem (CPU python)=20006.24609375MB; mem (CPU total)=37996.30859375MB
INFO:root:[  251] Training loss: 0.34975873, Validation loss: 0.35201598, Gradient norm: 0.26086995
INFO:root:At the start of the epoch: mem (CPU python)=20027.40625MB; mem (CPU total)=38070.125MB
INFO:root:[  252] Training loss: 0.35038323, Validation loss: 0.35205024, Gradient norm: 0.26841905
INFO:root:At the start of the epoch: mem (CPU python)=20048.5703125MB; mem (CPU total)=38144.875MB
INFO:root:[  253] Training loss: 0.35041021, Validation loss: 0.35203884, Gradient norm: 0.27695043
INFO:root:At the start of the epoch: mem (CPU python)=20069.73046875MB; mem (CPU total)=38219.953125MB
INFO:root:[  254] Training loss: 0.34969858, Validation loss: 0.35170546, Gradient norm: 0.24921089
INFO:root:At the start of the epoch: mem (CPU python)=20090.9140625MB; mem (CPU total)=38296.9765625MB
INFO:root:[  255] Training loss: 0.34998161, Validation loss: 0.35204875, Gradient norm: 0.26789785
INFO:root:At the start of the epoch: mem (CPU python)=20112.0703125MB; mem (CPU total)=38371.8125MB
INFO:root:[  256] Training loss: 0.35023858, Validation loss: 0.35206222, Gradient norm: 0.28595042
INFO:root:At the start of the epoch: mem (CPU python)=20133.23828125MB; mem (CPU total)=38446.375MB
INFO:root:[  257] Training loss: 0.34962467, Validation loss: 0.35199726, Gradient norm: 0.26214956
INFO:root:At the start of the epoch: mem (CPU python)=20154.40234375MB; mem (CPU total)=38522.69140625MB
INFO:root:[  258] Training loss: 0.34933915, Validation loss: 0.35159718, Gradient norm: 0.27040587
INFO:root:At the start of the epoch: mem (CPU python)=20175.56640625MB; mem (CPU total)=38601.71875MB
INFO:root:[  259] Training loss: 0.34997449, Validation loss: 0.35186753, Gradient norm: 0.28306477
INFO:root:At the start of the epoch: mem (CPU python)=20196.73046875MB; mem (CPU total)=38675.359375MB
INFO:root:[  260] Training loss: 0.34986261, Validation loss: 0.35188125, Gradient norm: 0.26798032
INFO:root:At the start of the epoch: mem (CPU python)=20217.890625MB; mem (CPU total)=38751.2734375MB
INFO:root:[  261] Training loss: 0.34984703, Validation loss: 0.35200028, Gradient norm: 0.25443289
INFO:root:At the start of the epoch: mem (CPU python)=20239.05859375MB; mem (CPU total)=38830.4453125MB
INFO:root:[  262] Training loss: 0.34922465, Validation loss: 0.35210541, Gradient norm: 0.29547973
INFO:root:At the start of the epoch: mem (CPU python)=20260.22265625MB; mem (CPU total)=38904.3984375MB
INFO:root:[  263] Training loss: 0.34932531, Validation loss: 0.35178803, Gradient norm: 0.25175471
INFO:root:At the start of the epoch: mem (CPU python)=20281.38671875MB; mem (CPU total)=38980.69921875MB
INFO:root:[  264] Training loss: 0.35001487, Validation loss: 0.35170907, Gradient norm: 0.27443229
INFO:root:At the start of the epoch: mem (CPU python)=20302.55078125MB; mem (CPU total)=39059.2421875MB
INFO:root:[  265] Training loss: 0.34974040, Validation loss: 0.35175919, Gradient norm: 0.27998272
INFO:root:At the start of the epoch: mem (CPU python)=20323.71484375MB; mem (CPU total)=39138.1171875MB
INFO:root:[  266] Training loss: 0.34964412, Validation loss: 0.35172580, Gradient norm: 0.26008583
INFO:root:At the start of the epoch: mem (CPU python)=20344.8828125MB; mem (CPU total)=39211.02734375MB
INFO:root:[  267] Training loss: 0.34929443, Validation loss: 0.35172629, Gradient norm: 0.26089523
INFO:root:At the start of the epoch: mem (CPU python)=20366.046875MB; mem (CPU total)=39288.08203125MB
INFO:root:[  268] Training loss: 0.35001783, Validation loss: 0.35146684, Gradient norm: 0.26797155
INFO:root:At the start of the epoch: mem (CPU python)=20387.2109375MB; mem (CPU total)=39360.40625MB
INFO:root:[  269] Training loss: 0.34964406, Validation loss: 0.35150990, Gradient norm: 0.28693199
INFO:root:At the start of the epoch: mem (CPU python)=20408.375MB; mem (CPU total)=39409.41015625MB
INFO:root:[  270] Training loss: 0.34920882, Validation loss: 0.35197307, Gradient norm: 0.27349992
INFO:root:At the start of the epoch: mem (CPU python)=20429.53515625MB; mem (CPU total)=39456.28125MB
INFO:root:[  271] Training loss: 0.34942852, Validation loss: 0.35162101, Gradient norm: 0.28170843
INFO:root:At the start of the epoch: mem (CPU python)=20450.69921875MB; mem (CPU total)=39505.70703125MB
INFO:root:[  272] Training loss: 0.34925667, Validation loss: 0.35148240, Gradient norm: 0.24915277
INFO:root:At the start of the epoch: mem (CPU python)=20471.8671875MB; mem (CPU total)=39554.40234375MB
INFO:root:[  273] Training loss: 0.34959007, Validation loss: 0.35131259, Gradient norm: 0.26709930
INFO:root:At the start of the epoch: mem (CPU python)=20493.03125MB; mem (CPU total)=39601.8984375MB
INFO:root:[  274] Training loss: 0.34939727, Validation loss: 0.35179503, Gradient norm: 0.26894637
INFO:root:At the start of the epoch: mem (CPU python)=20514.1953125MB; mem (CPU total)=39653.1328125MB
INFO:root:[  275] Training loss: 0.34954709, Validation loss: 0.35215322, Gradient norm: 0.26977696
INFO:root:At the start of the epoch: mem (CPU python)=20535.359375MB; mem (CPU total)=39707.8515625MB
INFO:root:[  276] Training loss: 0.34929046, Validation loss: 0.35144861, Gradient norm: 0.27835740
INFO:root:At the start of the epoch: mem (CPU python)=20556.5234375MB; mem (CPU total)=39761.6953125MB
INFO:root:[  277] Training loss: 0.34970921, Validation loss: 0.35152977, Gradient norm: 0.27399739
INFO:root:At the start of the epoch: mem (CPU python)=20577.69140625MB; mem (CPU total)=39852.01171875MB
INFO:root:[  278] Training loss: 0.34920144, Validation loss: 0.35129124, Gradient norm: 0.27174749
INFO:root:At the start of the epoch: mem (CPU python)=20598.85546875MB; mem (CPU total)=39944.32421875MB
INFO:root:[  279] Training loss: 0.34947303, Validation loss: 0.35173378, Gradient norm: 0.26002821
INFO:root:At the start of the epoch: mem (CPU python)=20620.015625MB; mem (CPU total)=40039.5546875MB
INFO:root:[  280] Training loss: 0.35007016, Validation loss: 0.35126538, Gradient norm: 0.25702314
INFO:root:At the start of the epoch: mem (CPU python)=20641.1796875MB; mem (CPU total)=40133.71875MB
INFO:root:[  281] Training loss: 0.34932535, Validation loss: 0.35131729, Gradient norm: 0.28053780
INFO:root:At the start of the epoch: mem (CPU python)=20662.34375MB; mem (CPU total)=40222.1015625MB
INFO:root:[  282] Training loss: 0.34942044, Validation loss: 0.35134080, Gradient norm: 0.27203184
INFO:root:At the start of the epoch: mem (CPU python)=20683.5078125MB; mem (CPU total)=40313.41796875MB
INFO:root:[  283] Training loss: 0.34925383, Validation loss: 0.35189437, Gradient norm: 0.26097065
INFO:root:At the start of the epoch: mem (CPU python)=20704.67578125MB; mem (CPU total)=40406.68359375MB
INFO:root:[  284] Training loss: 0.34946382, Validation loss: 0.35139919, Gradient norm: 0.28932530
INFO:root:At the start of the epoch: mem (CPU python)=20725.83984375MB; mem (CPU total)=40502.9296875MB
INFO:root:[  285] Training loss: 0.34952857, Validation loss: 0.35152696, Gradient norm: 0.27941129
INFO:root:At the start of the epoch: mem (CPU python)=20747.00390625MB; mem (CPU total)=40590.59765625MB
INFO:root:[  286] Training loss: 0.34935999, Validation loss: 0.35157653, Gradient norm: 0.27008377
INFO:root:At the start of the epoch: mem (CPU python)=20768.16796875MB; mem (CPU total)=40682.40625MB
INFO:root:[  287] Training loss: 0.34850619, Validation loss: 0.35136597, Gradient norm: 0.25059542
INFO:root:At the start of the epoch: mem (CPU python)=20789.328125MB; mem (CPU total)=40774.90625MB
INFO:root:[  288] Training loss: 0.34903449, Validation loss: 0.35115324, Gradient norm: 0.25326923
INFO:root:At the start of the epoch: mem (CPU python)=20810.5MB; mem (CPU total)=40867.11328125MB
INFO:root:[  289] Training loss: 0.34964622, Validation loss: 0.35133135, Gradient norm: 0.24924864
INFO:root:At the start of the epoch: mem (CPU python)=20831.65625MB; mem (CPU total)=40955.921875MB
INFO:root:[  290] Training loss: 0.34882654, Validation loss: 0.35119481, Gradient norm: 0.27130013
INFO:root:At the start of the epoch: mem (CPU python)=20852.8203125MB; mem (CPU total)=41048.75MB
INFO:root:[  291] Training loss: 0.34881371, Validation loss: 0.35093319, Gradient norm: 0.23535140
INFO:root:At the start of the epoch: mem (CPU python)=20873.984375MB; mem (CPU total)=41140.10546875MB
INFO:root:[  292] Training loss: 0.34885434, Validation loss: 0.35091452, Gradient norm: 0.26223442
INFO:root:At the start of the epoch: mem (CPU python)=20895.15234375MB; mem (CPU total)=41232.8828125MB
INFO:root:[  293] Training loss: 0.34944634, Validation loss: 0.35120524, Gradient norm: 0.29354672
INFO:root:At the start of the epoch: mem (CPU python)=20916.3125MB; mem (CPU total)=41323.65234375MB
INFO:root:[  294] Training loss: 0.34894427, Validation loss: 0.35124157, Gradient norm: 0.26238934
INFO:root:At the start of the epoch: mem (CPU python)=20937.48046875MB; mem (CPU total)=41412.953125MB
INFO:root:[  295] Training loss: 0.34870247, Validation loss: 0.35133637, Gradient norm: 0.26968681
INFO:root:At the start of the epoch: mem (CPU python)=20958.64453125MB; mem (CPU total)=41505.9765625MB
INFO:root:[  296] Training loss: 0.34839896, Validation loss: 0.35096192, Gradient norm: 0.25840686
INFO:root:At the start of the epoch: mem (CPU python)=20979.80859375MB; mem (CPU total)=41598.76953125MB
INFO:root:[  297] Training loss: 0.34863266, Validation loss: 0.35087712, Gradient norm: 0.25653298
INFO:root:At the start of the epoch: mem (CPU python)=21000.97265625MB; mem (CPU total)=41692.99609375MB
INFO:root:[  298] Training loss: 0.34915295, Validation loss: 0.35117513, Gradient norm: 0.25482399
INFO:root:At the start of the epoch: mem (CPU python)=21022.13671875MB; mem (CPU total)=41781.55859375MB
INFO:root:[  299] Training loss: 0.34848655, Validation loss: 0.35095849, Gradient norm: 0.27393358
INFO:root:At the start of the epoch: mem (CPU python)=21043.3046875MB; mem (CPU total)=41872.30859375MB
INFO:root:[  300] Training loss: 0.34832448, Validation loss: 0.35128036, Gradient norm: 0.26179984
INFO:root:At the start of the epoch: mem (CPU python)=21064.46875MB; mem (CPU total)=41966.5625MB
INFO:root:[  301] Training loss: 0.34896427, Validation loss: 0.35099624, Gradient norm: 0.26086868
INFO:root:At the start of the epoch: mem (CPU python)=21085.6328125MB; mem (CPU total)=42060.08984375MB
INFO:root:[  302] Training loss: 0.34863808, Validation loss: 0.35065655, Gradient norm: 0.26220338
INFO:root:At the start of the epoch: mem (CPU python)=21106.796875MB; mem (CPU total)=42153.65234375MB
INFO:root:[  303] Training loss: 0.34885255, Validation loss: 0.35098600, Gradient norm: 0.25983795
INFO:root:At the start of the epoch: mem (CPU python)=21127.9609375MB; mem (CPU total)=42247.37890625MB
INFO:root:[  304] Training loss: 0.34870361, Validation loss: 0.35118935, Gradient norm: 0.30266398
INFO:root:At the start of the epoch: mem (CPU python)=21149.12109375MB; mem (CPU total)=42340.88671875MB
INFO:root:[  305] Training loss: 0.34860066, Validation loss: 0.35058892, Gradient norm: 0.26326084
INFO:root:At the start of the epoch: mem (CPU python)=21170.29296875MB; mem (CPU total)=42434.52734375MB
INFO:root:[  306] Training loss: 0.34893533, Validation loss: 0.35080580, Gradient norm: 0.27453584
INFO:root:At the start of the epoch: mem (CPU python)=21191.453125MB; mem (CPU total)=42528.60546875MB
INFO:root:[  307] Training loss: 0.34871001, Validation loss: 0.35042873, Gradient norm: 0.27368399
INFO:root:At the start of the epoch: mem (CPU python)=21212.6171875MB; mem (CPU total)=42623.1796875MB
INFO:root:[  308] Training loss: 0.34815365, Validation loss: 0.35116488, Gradient norm: 0.24685922
INFO:root:At the start of the epoch: mem (CPU python)=21233.77734375MB; mem (CPU total)=42715.25MB
INFO:root:[  309] Training loss: 0.34861094, Validation loss: 0.35125368, Gradient norm: 0.25027836
INFO:root:At the start of the epoch: mem (CPU python)=21254.94140625MB; mem (CPU total)=42803.08984375MB
INFO:root:[  310] Training loss: 0.34861294, Validation loss: 0.35067042, Gradient norm: 0.25678654
INFO:root:At the start of the epoch: mem (CPU python)=21276.109375MB; mem (CPU total)=42894.8984375MB
INFO:root:[  311] Training loss: 0.34830293, Validation loss: 0.35088166, Gradient norm: 0.24312543
INFO:root:At the start of the epoch: mem (CPU python)=21297.2734375MB; mem (CPU total)=42986.28125MB
INFO:root:[  312] Training loss: 0.34857888, Validation loss: 0.35113113, Gradient norm: 0.25609827
INFO:root:At the start of the epoch: mem (CPU python)=21318.4375MB; mem (CPU total)=43078.31640625MB
INFO:root:[  313] Training loss: 0.34910338, Validation loss: 0.35061718, Gradient norm: 0.27825080
INFO:root:At the start of the epoch: mem (CPU python)=21339.6015625MB; mem (CPU total)=43167.45703125MB
INFO:root:[  314] Training loss: 0.34872304, Validation loss: 0.35086460, Gradient norm: 0.27291933
INFO:root:At the start of the epoch: mem (CPU python)=21360.765625MB; mem (CPU total)=43261.41796875MB
INFO:root:[  315] Training loss: 0.34800050, Validation loss: 0.35060760, Gradient norm: 0.26095155
INFO:root:At the start of the epoch: mem (CPU python)=21381.93359375MB; mem (CPU total)=43354.921875MB
INFO:root:[  316] Training loss: 0.34868568, Validation loss: 0.35067403, Gradient norm: 0.28945677
INFO:root:At the start of the epoch: mem (CPU python)=21403.09765625MB; mem (CPU total)=43449.63671875MB
INFO:root:EP 316: Early stopping
INFO:root:After finishing all epochs: mem (CPU python)=21424.2578125MB; mem (CPU total)=43519.58984375MB
INFO:root:Training the model took 17689.826s.
INFO:root:Emptying the cuda cache took 0.015s.
INFO:root:Starting evaluation: model SFNO & uncertainty quantification laplace
INFO:root:Evaluating the model on Validation data.
INFO:root:MSEValidation: 0.40746
INFO:root:EnergyScoreValidation: 0.31758
INFO:root:CRPSValidation: 0.14267
INFO:root:Gaussian NLLValidation: 0.18557
INFO:root:CoverageValidation: 0.983
INFO:root:IntervalWidthValidation: 1.55207
INFO:root:Evaluating the model on Test data.
INFO:root:MSETest: 0.31961
INFO:root:EnergyScoreTest: 0.22871
INFO:root:CRPSTest: 0.10094
INFO:root:Gaussian NLLTest: -0.19642
INFO:root:CoverageTest: 0.93596
INFO:root:IntervalWidthTest: 0.82051
INFO:root:After validation: mem (CPU python)=21483.63671875MB; mem (CPU total)=45352.1328125MB
